seed,proxy,budget,policy,arm,actual_predictions,stop_reason,model_id,seconds,prediction_seconds,prediction_calls,proposed,scored_children,feasibility,n_groups,archive,best_pred_gbsa,best_candidate_id,diversity_top50,ood_fraction_top50,min_train_hamming_top50,n_exportable
401,xgb,1024,matched_seed_random_walk,main,1024,budget_exhausted,xgb_boot5_sklearn_gbm_a231449414854022,1.0016052999999374,0.45031839999137446,9,1008,1008,1.0,2,subruns\s401_xgb_1024_matched_seed_random_walk_main,6.19883377847227,48d4b67ec2ac2731,6.0587755102040814,0.0,1.88,1016
401,xgb,1024,multi_start_hill_climb,main,1024,budget_exhausted,xgb_boot5_sklearn_gbm_a231449414854022,0.924135000037495,0.4348761001601815,30,1131,1008,0.8912466843501327,2,subruns\s401_xgb_1024_multi_start_hill_climb_main,3.172505806275601,bce657ec369e6438,3.0979591836734692,0.0,4.7,1016
401,xgb,1024,multi_start_beam,main,1024,budget_exhausted,xgb_boot5_sklearn_gbm_a231449414854022,0.9003293000278063,0.4437701999559067,4,1035,1008,0.9739130434782609,2,subruns\s401_xgb_1024_multi_start_beam_main,5.7853690630550485,b362f7705f79287a,6.28,0.0,2.1,1016
401,xgb,1024,mutation_only_ga,main,1022,stagnation,xgb_boot5_sklearn_gbm_a231449414854022,1.9173849999788217,0.45282269991002977,12,1139,1006,0.8832309043020193,2,subruns\s401_xgb_1024_mutation_only_ga_main,5.340318548591118,a2e1af6175a81980,4.559183673469388,0.0,3.42,1014
401,xgb,4096,matched_seed_random_walk,main,4096,budget_exhausted,xgb_boot5_sklearn_gbm_a231449414854022,5.751702199981082,1.8698494999553077,33,4080,4080,1.0,2,subruns\s401_xgb_4096_matched_seed_random_walk_main,5.7853690630550485,b362f7705f79287a,5.969795918367347,0.0,2.36,4088
401,xgb,4096,multi_start_hill_climb,main,2680,max_generations,xgb_boot5_sklearn_gbm_a231449414854022,2.9385271999635734,1.1875952996779233,76,2921,2664,0.9120164327285176,2,subruns\s401_xgb_4096_multi_start_hill_climb_main,3.172505806275601,bce657ec369e6438,3.496326530612245,0.0,4.68,2672
401,xgb,4096,multi_start_beam,main,4090,stagnation,xgb_boot5_sklearn_gbm_a231449414854022,3.669142600032501,1.7498585000284947,8,4550,4074,0.8953846153846153,2,subruns\s401_xgb_4096_multi_start_beam_main,3.172505806275601,bce657ec369e6438,3.906122448979592,0.0,4.5,4082
401,xgb,4096,mutation_only_ga,main,2100,stagnation,xgb_boot5_sklearn_gbm_a231449414854022,4.34045649995096,1.0047093001776375,21,2560,2084,0.8140625,2,subruns\s401_xgb_4096_mutation_only_ga_main,3.172505806275601,bce657ec369e6438,3.733061224489796,0.0,4.64,2092
401,xgb,8192,matched_seed_random_walk,main,8192,budget_exhausted,xgb_boot5_sklearn_gbm_a231449414854022,15.88774989999365,3.6543367998092435,65,8176,8176,1.0,2,subruns\s401_xgb_8192_matched_seed_random_walk_main,5.7853690630550485,b362f7705f79287a,6.079183673469387,0.0,2.5,8184
401,xgb,8192,multi_start_hill_climb,main,2680,max_generations,xgb_boot5_sklearn_gbm_a231449414854022,3.030195100000128,1.1999491999158636,76,2921,2664,0.9120164327285176,2,subruns\s401_xgb_8192_multi_start_hill_climb_main,3.172505806275601,bce657ec369e6438,3.496326530612245,0.0,4.68,2672
401,xgb,8192,multi_start_beam,main,5648,stagnation,xgb_boot5_sklearn_gbm_a231449414854022,5.043535400007386,2.4707237000693567,8,6656,5632,0.8461538461538461,2,subruns\s401_xgb_8192_multi_start_beam_main,3.172505806275601,bce657ec369e6438,3.36734693877551,0.0,4.74,5640
401,xgb,8192,mutation_only_ga,main,2100,stagnation,xgb_boot5_sklearn_gbm_a231449414854022,4.203819799993653,1.006243400159292,21,2560,2084,0.8140625,2,subruns\s401_xgb_8192_mutation_only_ga_main,3.172505806275601,bce657ec369e6438,3.733061224489796,0.0,4.64,2092
401,xgb,1024,matched_seed_random_walk,refit,1024,budget_exhausted,xgb_boot5_sklearn_gbm_9286bfb4c84056aa,1.1030795000260696,0.4619178000721149,9,1008,1008,1.0,2,subruns\s401_xgb_1024_matched_seed_random_walk_refit,11.270975660694555,1c764d87d7495f93,7.843265306122449,0.0,2.12,1016
401,xgb,1024,multi_start_hill_climb,refit,1024,budget_exhausted,xgb_boot5_sklearn_gbm_9286bfb4c84056aa,1.0343500999733806,0.4992504000547342,30,1131,1008,0.8912466843501327,2,subruns\s401_xgb_1024_multi_start_hill_climb_refit,3.709689618656305,15ce071179b5804e,2.84734693877551,0.0,4.86,1016
401,xgb,1024,multi_start_beam,refit,1024,budget_exhausted,xgb_boot5_sklearn_gbm_9286bfb4c84056aa,0.9540481999865733,0.46335820003878325,5,1035,1008,0.9739130434782609,2,subruns\s401_xgb_1024_multi_start_beam_refit,7.246254642186967,04ae7e5467b292d9,7.541224489795918,0.0,2.04,1016
401,xgb,1024,mutation_only_ga,refit,1024,budget_exhausted,xgb_boot5_sklearn_gbm_9286bfb4c84056aa,1.9228821999859065,0.4566895999596454,12,1121,1008,0.8991971454058876,2,subruns\s401_xgb_1024_mutation_only_ga_refit,3.2592922166855574,f5f6a936267137e9,4.220408163265306,0.0,4.8,1016
401,xgb,1024,ga_tournament1,ablation,839,stagnation,xgb_boot5_sklearn_gbm_a231449414854022,1.7071533999987878,0.4219137000036426,8,896,823,0.9185267857142857,2,subruns\s401_xgb_1024_ga_tournament1_ablation,5.7853690630550485,b362f7705f79287a,6.667755102040816,0.0,3.04,831
401,xgb,1024,ga_tournament4,ablation,1024,stagnation,xgb_boot5_sklearn_gbm_a231449414854022,2.4421176000032574,0.5506977999466471,13,1222,1008,0.8248772504091653,2,subruns\s401_xgb_1024_ga_tournament4_ablation,3.282270469038012,636e87cd43d200d2,4.103673469387755,0.0,4.52,1016
401,xgb,1024,ga_single_hop,ablation,1023,stagnation,xgb_boot5_sklearn_gbm_a231449414854022,1.3149611999979243,0.5100793000310659,12,1156,1007,0.8711072664359861,2,subruns\s401_xgb_1024_ga_single_hop_ablation,3.282270469038012,636e87cd43d200d2,3.023673469387755,0.0,5.02,1015
401,rf,1024,matched_seed_random_walk,main,1024,budget_exhausted,rf300_seq303_eba7bd6a21aa08af,1.2698962000431493,0.7005698998691514,9,1008,1008,1.0,2,subruns\s401_rf_1024_matched_seed_random_walk_main,18.01937758599099,be2ee54b55e7b9d4,7.25795918367347,0.0,1.82,1016
401,rf,1024,multi_start_hill_climb,main,1024,budget_exhausted,rf300_seq303_eba7bd6a21aa08af,1.7026454999577254,1.1883766001556069,30,1131,1008,0.8912466843501327,2,subruns\s401_rf_1024_multi_start_hill_climb_main,16.654173695556405,02b2c3a58b38ce98,4.582040816326531,0.0,4.12,1016
401,rf,1024,multi_start_beam,main,1023,stagnation,rf300_seq303_eba7bd6a21aa08af,1.1128701000125147,0.5932883999776095,5,1037,1007,0.9710703953712633,2,subruns\s401_rf_1024_multi_start_beam_main,17.770773717671524,a119eed8afeab0f1,4.778775510204081,0.0,2.0,1015
401,rf,1024,mutation_only_ga,main,1024,budget_exhausted,rf300_seq303_eba7bd6a21aa08af,2.114367999951355,0.7543867001659237,12,1154,1008,0.8734835355285961,2,subruns\s401_rf_1024_mutation_only_ga_main,16.845986484171856,15ce071179b5804e,3.746122448979592,0.0,4.24,1016
401,rf,4096,matched_seed_random_walk,main,4096,budget_exhausted,rf300_seq303_eba7bd6a21aa08af,7.242676499998197,2.937229000031948,33,4080,4080,1.0,2,subruns\s401_rf_4096_matched_seed_random_walk_main,18.01937758599099,be2ee54b55e7b9d4,6.902857142857143,0.0,2.46,4088
401,rf,4096,multi_start_hill_climb,main,2547,max_generations,rf300_seq303_eba7bd6a21aa08af,4.936034300015308,3.1027046999079175,73,2804,2531,0.9026390870185449,2,subruns\s401_rf_4096_multi_start_hill_climb_main,16.654173695556405,02b2c3a58b38ce98,3.4808163265306122,0.0,4.68,2539
401,rf,4096,multi_start_beam,main,4093,stagnation,rf300_seq303_eba7bd6a21aa08af,4.117786100017838,2.1286069001071155,8,4621,4077,0.8822765635143909,2,subruns\s401_rf_4096_multi_start_beam_main,16.772390541933568,f3c358aa3388a6bb,3.890612244897959,0.0,4.48,4085
401,rf,4096,mutation_only_ga,main,1725,stagnation,rf300_seq303_eba7bd6a21aa08af,3.8914265999919735,1.2334794002817944,17,2048,1709,0.83447265625,2,subruns\s401_rf_4096_mutation_only_ga_main,16.772390541933568,f3c358aa3388a6bb,3.8220408163265307,0.0,4.44,1717
401,rf,8192,matched_seed_random_walk,main,8192,budget_exhausted,rf300_seq303_eba7bd6a21aa08af,18.34024789999239,5.305994800059125,65,8176,8176,1.0,2,subruns\s401_rf_8192_matched_seed_random_walk_main,17.650616313579008,737584f9c20bfa29,6.86204081632653,0.0,2.78,8184
401,rf,8192,multi_start_hill_climb,main,2547,max_generations,rf300_seq303_eba7bd6a21aa08af,4.85986819997197,3.1229649003362283,73,2804,2531,0.9026390870185449,2,subruns\s401_rf_8192_multi_start_hill_climb_main,16.654173695556405,02b2c3a58b38ce98,3.4808163265306122,0.0,4.68,2539
401,rf,8192,multi_start_beam,main,5611,stagnation,rf300_seq303_eba7bd6a21aa08af,5.158228299987968,2.706905600032769,8,6656,5595,0.8405949519230769,2,subruns\s401_rf_8192_multi_start_beam_main,16.772390541933568,f3c358aa3388a6bb,3.4204081632653063,0.0,4.62,5603
401,rf,8192,mutation_only_ga,main,1725,stagnation,rf300_seq303_eba7bd6a21aa08af,3.796185699990019,1.1865510000498034,17,2048,1709,0.83447265625,2,subruns\s401_rf_8192_mutation_only_ga_main,16.772390541933568,f3c358aa3388a6bb,3.8220408163265307,0.0,4.44,1717
401,rf,1024,matched_seed_random_walk,refit,1024,budget_exhausted,rf300_seq303_e2ced2b99837e6ef,1.315408899972681,0.7047296000528149,9,1008,1008,1.0,2,subruns\s401_rf_1024_matched_seed_random_walk_refit,17.759618618828622,c2e8b89806be2fe1,6.839183673469388,0.0,1.94,1016
401,rf,1024,multi_start_hill_climb,refit,1024,budget_exhausted,rf300_seq303_e2ced2b99837e6ef,1.7574493999709375,1.2486814001458697,30,1131,1008,0.8912466843501327,2,subruns\s401_rf_1024_multi_start_hill_climb_refit,16.284411866922866,a41ed00e05fc83a6,3.193469387755102,0.0,4.28,1016
401,rf,1024,multi_start_beam,refit,1024,stagnation,rf300_seq303_e2ced2b99837e6ef,1.2146948999725282,0.6144068000139669,5,1040,1008,0.9692307692307692,2,subruns\s401_rf_1024_multi_start_beam_refit,17.54314554892635,4f4472c86c8a5053,6.319183673469388,0.0,2.26,1016
401,rf,1024,mutation_only_ga,refit,1024,budget_exhausted,rf300_seq303_e2ced2b99837e6ef,2.1839828999945894,0.7700435999431647,11,1123,1008,0.8975957257346393,2,subruns\s401_rf_1024_mutation_only_ga_refit,16.70001965931992,9259364c98e2033c,3.9551020408163264,0.0,4.48,1016
401,rf,1024,ga_tournament1,ablation,1024,budget_exhausted,rf300_seq303_eba7bd6a21aa08af,2.3809049000265077,0.7716304000350647,12,1095,1008,0.9205479452054794,2,subruns\s401_rf_1024_ga_tournament1_ablation,16.995782534790504,f82245f550a35ea8,5.882448979591837,0.0,4.08,1016
401,rf,1024,ga_tournament4,ablation,1024,stagnation,rf300_seq303_eba7bd6a21aa08af,2.4398550000041723,0.8776460000080988,13,1175,1008,0.857872340425532,2,subruns\s401_rf_1024_ga_tournament4_ablation,16.893094049914463,215adec29864ebd5,3.8702040816326533,0.0,4.44,1016
401,rf,1024,ga_single_hop,ablation,1020,stagnation,rf300_seq303_eba7bd6a21aa08af,1.4440779000287876,0.7996551999240182,11,1176,1004,0.8537414965986394,2,subruns\s401_rf_1024_ga_single_hop_ablation,16.83388359410999,03aaaffe080dbc66,3.783673469387755,0.0,4.36,1012
402,xgb,1024,matched_seed_random_walk,main,1024,budget_exhausted,xgb_boot5_sklearn_gbm_c31b26bfa1d2b0d0,1.0096667999750935,0.43217409995850176,9,1008,1008,1.0,2,subruns\s402_xgb_1024_matched_seed_random_walk_main,9.20441462431906,7b190310dcf7df6a,6.773061224489796,0.0,1.76,1016
402,xgb,1024,multi_start_hill_climb,main,1024,budget_exhausted,xgb_boot5_sklearn_gbm_c31b26bfa1d2b0d0,0.9197317999787629,0.4360229001031257,30,1131,1008,0.8912466843501327,2,subruns\s402_xgb_1024_multi_start_hill_climb_main,4.602582666628853,6385f9e257c80e7c,4.670204081632653,0.0,2.66,1016
402,xgb,1024,multi_start_beam,main,1017,stagnation,xgb_boot5_sklearn_gbm_c31b26bfa1d2b0d0,0.8944718000129797,0.4291372000006959,4,1041,1001,0.9615754082612872,2,subruns\s402_xgb_1024_multi_start_beam_main,4.602582666628853,6385f9e257c80e7c,6.0253061224489795,0.0,1.84,1009
402,xgb,1024,mutation_only_ga,main,687,stagnation,xgb_boot5_sklearn_gbm_c31b26bfa1d2b0d0,1.3503424000227824,0.32687150000128895,7,768,671,0.8736979166666666,2,subruns\s402_xgb_1024_mutation_only_ga_main,4.602582666628853,6385f9e257c80e7c,3.8922448979591837,0.0,2.64,679
402,xgb,4096,matched_seed_random_walk,main,4096,budget_exhausted,xgb_boot5_sklearn_gbm_c31b26bfa1d2b0d0,5.705144400009885,1.8489413998322561,33,4080,4080,1.0,2,subruns\s402_xgb_4096_matched_seed_random_walk_main,7.75399369859669,79f9fb01079a4e1d,5.769795918367347,0.0,2.38,4088
402,xgb,4096,multi_start_hill_climb,main,2628,max_generations,xgb_boot5_sklearn_gbm_c31b26bfa1d2b0d0,2.8988047000020742,1.189732700411696,75,2874,2612,0.9088378566457899,2,subruns\s402_xgb_4096_multi_start_hill_climb_main,3.6784164716019725,6be23d58a636d716,4.96734693877551,0.0,3.58,2620
402,xgb,4096,multi_start_beam,main,2370,stagnation,xgb_boot5_sklearn_gbm_c31b26bfa1d2b0d0,1.9865908000501804,1.0563068999326788,4,2560,2354,0.91953125,2,subruns\s402_xgb_4096_multi_start_beam_main,4.602582666628853,6385f9e257c80e7c,4.9714285714285715,0.0,2.72,2362
402,xgb,4096,mutation_only_ga,main,687,stagnation,xgb_boot5_sklearn_gbm_c31b26bfa1d2b0d0,1.3106160999741405,0.3359706000192091,7,768,671,0.8736979166666666,2,subruns\s402_xgb_4096_mutation_only_ga_main,4.602582666628853,6385f9e257c80e7c,3.8922448979591837,0.0,2.64,679
402,xgb,8192,matched_seed_random_walk,main,8192,budget_exhausted,xgb_boot5_sklearn_gbm_c31b26bfa1d2b0d0,16.162618900008965,3.797877299657557,65,8176,8176,1.0,2,subruns\s402_xgb_8192_matched_seed_random_walk_main,6.779268360655038,d9f17aeb40387c17,5.8742857142857146,0.0,2.7,8184
402,xgb,8192,multi_start_hill_climb,main,2628,max_generations,xgb_boot5_sklearn_gbm_c31b26bfa1d2b0d0,2.9398970999754965,1.1931069002021104,75,2874,2612,0.9088378566457899,2,subruns\s402_xgb_8192_multi_start_hill_climb_main,3.6784164716019725,6be23d58a636d716,4.96734693877551,0.0,3.58,2620
402,xgb,8192,multi_start_beam,main,2370,stagnation,xgb_boot5_sklearn_gbm_c31b26bfa1d2b0d0,1.92160880001029,0.9838955000159331,4,2560,2354,0.91953125,2,subruns\s402_xgb_8192_multi_start_beam_main,4.602582666628853,6385f9e257c80e7c,4.9714285714285715,0.0,2.72,2362
402,xgb,8192,mutation_only_ga,main,687,stagnation,xgb_boot5_sklearn_gbm_c31b26bfa1d2b0d0,1.3108792999992147,0.31639329995959997,7,768,671,0.8736979166666666,2,subruns\s402_xgb_8192_mutation_only_ga_main,4.602582666628853,6385f9e257c80e7c,3.8922448979591837,0.0,2.64,679
402,xgb,1024,matched_seed_random_walk,refit,1024,budget_exhausted,xgb_boot5_sklearn_gbm_acb7d67937f66364,1.1023161999764852,0.4588314999709837,9,1008,1008,1.0,2,subruns\s402_xgb_1024_matched_seed_random_walk_refit,7.305468373479819,b786acd29355e502,6.778775510204081,0.0,1.96,1016
402,xgb,1024,multi_start_hill_climb,refit,1024,budget_exhausted,xgb_boot5_sklearn_gbm_acb7d67937f66364,0.9619151999941096,0.4802889000857249,29,1092,1008,0.9230769230769231,2,subruns\s402_xgb_1024_multi_start_hill_climb_refit,5.163071929831027,eb45635bca458a00,5.3028571428571425,0.0,3.28,1016
402,xgb,1024,multi_start_beam,refit,1024,stagnation,xgb_boot5_sklearn_gbm_acb7d67937f66364,0.9478214000118896,0.4567566000041552,5,1036,1008,0.972972972972973,2,subruns\s402_xgb_1024_multi_start_beam_refit,6.9175510636235105,e92fc4531a797568,6.218775510204082,0.0,2.3,1016
402,xgb,1024,mutation_only_ga,refit,916,stagnation,xgb_boot5_sklearn_gbm_acb7d67937f66364,1.9634604000020772,0.45642489998135716,9,1024,900,0.87890625,2,subruns\s402_xgb_1024_mutation_only_ga_refit,5.6393668489354365,81be29e7715919fc,3.9746938775510205,0.0,3.94,908
402,xgb,1024,ga_tournament1,ablation,844,stagnation,xgb_boot5_sklearn_gbm_c31b26bfa1d2b0d0,1.5439641999546438,0.41779019992100075,8,896,828,0.9241071428571429,2,subruns\s402_xgb_1024_ga_tournament1_ablation,4.602582666628853,6385f9e257c80e7c,4.8946938775510205,0.0,2.76,836
402,xgb,1024,ga_tournament4,ablation,541,stagnation,xgb_boot5_sklearn_gbm_c31b26bfa1d2b0d0,0.99361730000237,0.23779969988390803,6,640,525,0.8203125,2,subruns\s402_xgb_1024_ga_tournament4_ablation,4.602582666628853,6385f9e257c80e7c,3.1020408163265305,0.0,2.78,533
402,xgb,1024,ga_single_hop,ablation,1016,stagnation,xgb_boot5_sklearn_gbm_c31b26bfa1d2b0d0,1.1833187000011094,0.48876029992243275,11,1208,1000,0.8278145695364238,2,subruns\s402_xgb_1024_ga_single_hop_ablation,4.602582666628853,6385f9e257c80e7c,4.372244897959184,0.0,3.26,1008
402,rf,1024,matched_seed_random_walk,main,1024,budget_exhausted,rf300_seq303_8af642ca3061f310,1.5747855000081472,0.924900499987416,9,1008,1008,1.0,2,subruns\s402_rf_1024_matched_seed_random_walk_main,18.827619615819884,b93108168939cb9f,6.983673469387755,0.0,1.7,1016
402,rf,1024,multi_start_hill_climb,main,1024,budget_exhausted,rf300_seq303_8af642ca3061f310,1.782020399987232,1.2568356998381205,30,1131,1008,0.8912466843501327,2,subruns\s402_rf_1024_multi_start_hill_climb_main,18.13825761943164,4d2ef224b894baf0,3.1379591836734693,0.0,2.78,1016
402,rf,1024,multi_start_beam,main,1024,stagnation,rf300_seq303_8af642ca3061f310,1.1400138000026345,0.6014612001017667,5,1047,1008,0.9627507163323782,2,subruns\s402_rf_1024_multi_start_beam_main,18.13825761943164,4d2ef224b894baf0,3.5975510204081633,0.0,2.02,1016
402,rf,1024,mutation_only_ga,main,1024,budget_exhausted,rf300_seq303_8af642ca3061f310,2.369914399983827,0.8140611000708304,13,1144,1008,0.8811188811188811,2,subruns\s402_rf_1024_mutation_only_ga_main,18.13825761943164,4d2ef224b894baf0,3.8179591836734694,0.0,2.96,1016
402,rf,4096,matched_seed_random_walk,main,4096,budget_exhausted,rf300_seq303_8af642ca3061f310,7.579774499987252,3.0725669000530615,33,4080,4080,1.0,2,subruns\s402_rf_4096_matched_seed_random_walk_main,18.727927909600556,7112a8a52984c8d0,6.198367346938776,0.0,2.26,4088
402,rf,4096,multi_start_hill_climb,main,2598,max_generations,rf300_seq303_8af642ca3061f310,4.734506699955091,3.030211400007829,74,2839,2582,0.9094751673124339,2,subruns\s402_rf_4096_multi_start_hill_climb_main,18.13825761943164,4d2ef224b894baf0,3.16,0.0,3.02,2590
402,rf,4096,multi_start_beam,main,3177,stagnation,rf300_seq303_8af642ca3061f310,3.274502400017809,1.7414024999598041,5,3584,3161,0.8819754464285714,2,subruns\s402_rf_4096_multi_start_beam_main,18.13825761943164,4d2ef224b894baf0,3.186122448979592,0.0,2.86,3169
402,rf,4096,mutation_only_ga,main,1134,stagnation,rf300_seq303_8af642ca3061f310,2.561072000011336,0.8064150001155213,11,1280,1118,0.8734375,2,subruns\s402_rf_4096_mutation_only_ga_main,18.141067944621856,0ea7e06ef97bc623,3.6563265306122448,0.0,2.88,1126
402,rf,8192,matched_seed_random_walk,main,8192,budget_exhausted,rf300_seq303_8af642ca3061f310,18.579926200036425,5.540287600189913,65,8176,8176,1.0,2,subruns\s402_rf_8192_matched_seed_random_walk_main,18.459086522294694,2551e31575b13d77,5.240816326530612,0.0,2.56,8184
402,rf,8192,multi_start_hill_climb,main,2598,max_generations,rf300_seq303_8af642ca3061f310,4.789506300003268,3.0683135997969657,74,2839,2582,0.9094751673124339,2,subruns\s402_rf_8192_multi_start_hill_climb_main,18.13825761943164,4d2ef224b894baf0,3.16,0.0,3.02,2590
402,rf,8192,multi_start_beam,main,3177,stagnation,rf300_seq303_8af642ca3061f310,2.9638116999994963,1.577663299976848,5,3584,3161,0.8819754464285714,2,subruns\s402_rf_8192_multi_start_beam_main,18.13825761943164,4d2ef224b894baf0,3.186122448979592,0.0,2.86,3169
402,rf,8192,mutation_only_ga,main,1134,stagnation,rf300_seq303_8af642ca3061f310,2.476359100022819,0.7644742999691516,11,1280,1118,0.8734375,2,subruns\s402_rf_8192_mutation_only_ga_main,18.141067944621856,0ea7e06ef97bc623,3.6563265306122448,0.0,2.88,1126
402,rf,1024,matched_seed_random_walk,refit,1024,budget_exhausted,rf300_seq303_83a8fcd14e1f7041,1.278581899998244,0.688625099894125,9,1008,1008,1.0,2,subruns\s402_rf_1024_matched_seed_random_walk_refit,18.608537310058008,e0b0cbda4a55daab,6.6204081632653065,0.0,1.66,1016
402,rf,1024,multi_start_hill_climb,refit,1024,budget_exhausted,rf300_seq303_83a8fcd14e1f7041,1.8000028999522328,1.2655382999219,30,1131,1008,0.8912466843501327,2,subruns\s402_rf_1024_multi_start_hill_climb_refit,18.234666385298326,5972fb520a237301,3.8383673469387753,0.0,2.36,1016
402,rf,1024,multi_start_beam,refit,1019,stagnation,rf300_seq303_83a8fcd14e1f7041,1.0260219000047073,0.5478753000497818,4,1039,1003,0.9653512993262753,2,subruns\s402_rf_1024_multi_start_beam_refit,18.234666385298326,5972fb520a237301,4.158367346938776,0.0,1.82,1011
402,rf,1024,mutation_only_ga,refit,993,stagnation,rf300_seq303_83a8fcd14e1f7041,2.235100199992303,0.7451014000107534,10,1152,977,0.8480902777777778,2,subruns\s402_rf_1024_mutation_only_ga_refit,18.234666385298326,5972fb520a237301,3.623673469387755,0.0,2.24,985
402,rf,1024,ga_tournament1,ablation,608,stagnation,rf300_seq303_8af642ca3061f310,1.3791506999987178,0.45160229987232015,6,640,592,0.925,2,subruns\s402_rf_1024_ga_tournament1_ablation,18.155168232594697,5972fb520a237301,4.090612244897959,0.0,2.58,600
402,rf,1024,ga_tournament4,ablation,859,stagnation,rf300_seq303_8af642ca3061f310,2.012110300012864,0.6379211000166833,9,1024,843,0.8232421875,2,subruns\s402_rf_1024_ga_tournament4_ablation,18.13825761943164,4d2ef224b894baf0,3.337142857142857,0.0,3.02,851
402,rf,1024,ga_single_hop,ablation,657,stagnation,rf300_seq303_8af642ca3061f310,0.8873645999701694,0.48926259990548715,7,768,641,0.8346354166666666,2,subruns\s402_rf_1024_ga_single_hop_ablation,18.2952782319887,3c01781e00c4eccc,3.477551020408163,0.0,2.52,649
403,xgb,1024,matched_seed_random_walk,main,1024,budget_exhausted,xgb_boot5_sklearn_gbm_a03b7eb235312656,1.085500699991826,0.4552729999413714,9,1008,1008,1.0,2,subruns\s403_xgb_1024_matched_seed_random_walk_main,8.881908310035561,061bd8278321ce64,4.994285714285715,0.02,1.98,1016
403,xgb,1024,multi_start_hill_climb,main,1024,budget_exhausted,xgb_boot5_sklearn_gbm_a03b7eb235312656,0.9889596000430174,0.4667510998551734,30,1123,1008,0.8975957257346393,2,subruns\s403_xgb_1024_multi_start_hill_climb_main,5.390055174078462,24389a35766d42c0,3.326530612244898,0.0,4.2,1016
403,xgb,1024,multi_start_beam,main,1024,stagnation,xgb_boot5_sklearn_gbm_a03b7eb235312656,0.996418500028085,0.46940890001133084,6,1039,1008,0.9701636188642926,2,subruns\s403_xgb_1024_multi_start_beam_main,7.252939275079446,0a37636c7307fbf1,3.7934693877551022,0.02,1.96,1016
403,xgb,1024,mutation_only_ga,main,1018,stagnation,xgb_boot5_sklearn_gbm_a03b7eb235312656,1.9575364999473095,0.4861695999861695,11,1153,1002,0.8690372940156115,2,subruns\s403_xgb_1024_mutation_only_ga_main,5.457975786212103,df05e7c9d67ede92,3.2514285714285713,0.16,4.0,1010
403,xgb,4096,matched_seed_random_walk,main,4096,budget_exhausted,xgb_boot5_sklearn_gbm_a03b7eb235312656,5.938376800040714,1.9037856999202631,33,4080,4080,1.0,2,subruns\s403_xgb_4096_matched_seed_random_walk_main,8.836440370276105,9d5de478fdd0c8ad,4.679183673469388,0.0,2.44,4088
403,xgb,4096,multi_start_hill_climb,main,2662,max_generations,xgb_boot5_sklearn_gbm_a03b7eb235312656,3.1396117999684066,1.2451071999385022,76,2913,2646,0.9083419155509783,2,subruns\s403_xgb_4096_multi_start_hill_climb_main,5.390055174078462,24389a35766d42c0,3.493061224489796,0.0,4.12,2654
403,xgb,4096,multi_start_beam,main,4076,stagnation,xgb_boot5_sklearn_gbm_a03b7eb235312656,3.737019299995154,1.7981617000186816,8,4672,4060,0.8690068493150684,2,subruns\s403_xgb_4096_multi_start_beam_main,5.457975786212103,df05e7c9d67ede92,3.1387755102040815,0.04,3.82,4068
403,xgb,4096,mutation_only_ga,main,1111,stagnation,xgb_boot5_sklearn_gbm_a03b7eb235312656,2.0660647000186145,0.5153759000240825,11,1280,1095,0.85546875,2,subruns\s403_xgb_4096_mutation_only_ga_main,5.457975786212103,df05e7c9d67ede92,3.270204081632653,0.08,4.06,1103
403,xgb,8192,matched_seed_random_walk,main,8192,budget_exhausted,xgb_boot5_sklearn_gbm_a03b7eb235312656,16.608009000017773,3.7813907001400366,65,8176,8176,1.0,2,subruns\s403_xgb_8192_matched_seed_random_walk_main,8.836440370276105,9d5de478fdd0c8ad,4.693061224489796,0.0,2.62,8184
403,xgb,8192,multi_start_hill_climb,main,2662,max_generations,xgb_boot5_sklearn_gbm_a03b7eb235312656,3.0682705999934115,1.2234492999268696,76,2913,2646,0.9083419155509783,2,subruns\s403_xgb_8192_multi_start_hill_climb_main,5.390055174078462,24389a35766d42c0,3.493061224489796,0.0,4.12,2654
403,xgb,8192,multi_start_beam,main,6087,stagnation,xgb_boot5_sklearn_gbm_a03b7eb235312656,5.482849200023338,2.6281493999413215,9,7680,6071,0.7904947916666667,2,subruns\s403_xgb_8192_multi_start_beam_main,5.390055174078462,24389a35766d42c0,3.533061224489796,0.02,4.24,6079
403,xgb,8192,mutation_only_ga,main,1111,stagnation,xgb_boot5_sklearn_gbm_a03b7eb235312656,2.051944100006949,0.4902304000570439,11,1280,1095,0.85546875,2,subruns\s403_xgb_8192_mutation_only_ga_main,5.457975786212103,df05e7c9d67ede92,3.270204081632653,0.08,4.06,1103
403,xgb,1024,matched_seed_random_walk,refit,1024,budget_exhausted,xgb_boot5_sklearn_gbm_560ce3f6b36aeabc,1.1371258999570273,0.47910370002500713,9,1008,1008,1.0,2,subruns\s403_xgb_1024_matched_seed_random_walk_refit,13.274376614864996,0ad852c0539ed9cf,7.533061224489796,0.1,2.38,1016
403,xgb,1024,multi_start_hill_climb,refit,1024,budget_exhausted,xgb_boot5_sklearn_gbm_560ce3f6b36aeabc,0.9875485000084154,0.49162439996143803,30,1131,1008,0.8912466843501327,2,subruns\s403_xgb_1024_multi_start_hill_climb_refit,7.097421833873042,e58e9bf7162c2f6e,3.7885714285714287,0.0,5.08,1016
403,xgb,1024,multi_start_beam,refit,1024,budget_exhausted,xgb_boot5_sklearn_gbm_560ce3f6b36aeabc,1.1319321999908425,0.5089376000105403,5,1038,1008,0.9710982658959537,2,subruns\s403_xgb_1024_multi_start_beam_refit,7.302942455402681,c1cda66a9041e346,5.121632653061225,0.04,2.56,1016
403,xgb,1024,mutation_only_ga,refit,1024,budget_exhausted,xgb_boot5_sklearn_gbm_560ce3f6b36aeabc,1.80567939998582,0.4604445999721065,12,1099,1008,0.9171974522292994,2,subruns\s403_xgb_1024_mutation_only_ga_refit,8.511871105626776,c226b0e1d2e80d67,5.568979591836735,0.0,4.6,1016
403,xgb,1024,ga_tournament1,ablation,743,stagnation,xgb_boot5_sklearn_gbm_a03b7eb235312656,1.3566903000464663,0.34119829995324835,7,768,727,0.9466145833333334,2,subruns\s403_xgb_1024_ga_tournament1_ablation,8.164769739378189,452cf3f1277f7d74,6.146938775510204,0.02,2.92,735
403,xgb,1024,ga_tournament4,ablation,1023,stagnation,xgb_boot5_sklearn_gbm_a03b7eb235312656,1.9952076000045054,0.4589771998580545,13,1253,1007,0.8036711891460495,2,subruns\s403_xgb_1024_ga_tournament4_ablation,5.390055174078462,24389a35766d42c0,3.1346938775510202,0.06,3.86,1015
403,xgb,1024,ga_single_hop,ablation,1024,stagnation,xgb_boot5_sklearn_gbm_a03b7eb235312656,1.1751316000008956,0.47408729983726516,14,1251,1008,0.8057553956834532,2,subruns\s403_xgb_1024_ga_single_hop_ablation,5.526755039956643,1d76fb14723b9d09,3.076734693877551,0.06,3.6,1016
403,rf,1024,matched_seed_random_walk,main,1024,budget_exhausted,rf300_seq303_88ae0a8a49cbf284,1.3515153999906033,0.7255392000661232,9,1008,1008,1.0,2,subruns\s403_rf_1024_matched_seed_random_walk_main,18.589950834377397,63463a57a9fb5559,6.3028571428571425,0.06,2.0,1016
403,rf,1024,multi_start_hill_climb,main,1024,budget_exhausted,rf300_seq303_88ae0a8a49cbf284,1.7448441999731585,1.2426153001724742,30,1131,1008,0.8912466843501327,2,subruns\s403_rf_1024_multi_start_hill_climb_main,17.437849988206846,d22333c0f377131c,3.2889795918367346,0.0,4.36,1016
403,rf,1024,multi_start_beam,main,1024,stagnation,rf300_seq303_88ae0a8a49cbf284,1.1742432999890298,0.594362799951341,5,1036,1008,0.972972972972973,2,subruns\s403_rf_1024_multi_start_beam_main,17.703812496356196,057627f6da5710b9,3.8416326530612244,0.02,2.28,1016
403,rf,1024,mutation_only_ga,main,1023,stagnation,rf300_seq303_88ae0a8a49cbf284,2.314626200008206,0.8426334000541829,12,1108,1007,0.9088447653429603,2,subruns\s403_rf_1024_mutation_only_ga_main,17.46393658275894,3ed49251e698fe6e,3.2481632653061223,0.0,4.04,1015
403,rf,4096,matched_seed_random_walk,main,4096,budget_exhausted,rf300_seq303_88ae0a8a49cbf284,6.885986700013746,2.7561999001773074,33,4080,4080,1.0,2,subruns\s403_rf_4096_matched_seed_random_walk_main,18.589950834377397,63463a57a9fb5559,5.22530612244898,0.0,2.34,4088
403,rf,4096,multi_start_hill_climb,main,2572,max_generations,rf300_seq303_88ae0a8a49cbf284,4.892471400031354,3.1797025995329022,74,2839,2556,0.900317013032758,2,subruns\s403_rf_4096_multi_start_hill_climb_main,17.437849988206846,d22333c0f377131c,3.444081632653061,0.0,3.96,2564
403,rf,4096,multi_start_beam,main,4075,stagnation,rf300_seq303_88ae0a8a49cbf284,4.1028312999987975,2.048511699947994,8,4622,4059,0.8781912591951536,2,subruns\s403_rf_4096_multi_start_beam_main,17.437849988206846,d22333c0f377131c,3.5706122448979594,0.02,3.96,4067
403,rf,4096,mutation_only_ga,main,1671,stagnation,rf300_seq303_88ae0a8a49cbf284,3.536780699971132,1.194033199979458,16,1920,1655,0.8619791666666666,2,subruns\s403_rf_4096_mutation_only_ga_main,17.437849988206846,d22333c0f377131c,3.20734693877551,0.0,4.04,1663
403,rf,8192,matched_seed_random_walk,main,8192,budget_exhausted,rf300_seq303_88ae0a8a49cbf284,18.61503280000761,5.506808099977206,65,8176,8176,1.0,2,subruns\s403_rf_8192_matched_seed_random_walk_main,18.552225800166234,34c7662290429415,4.813877551020409,0.02,2.78,8184
403,rf,8192,multi_start_hill_climb,main,2572,max_generations,rf300_seq303_88ae0a8a49cbf284,5.0039795999764465,3.125637599849142,74,2839,2556,0.900317013032758,2,subruns\s403_rf_8192_multi_start_hill_climb_main,17.437849988206846,d22333c0f377131c,3.444081632653061,0.0,3.96,2564
403,rf,8192,multi_start_beam,main,5402,stagnation,rf300_seq303_88ae0a8a49cbf284,5.236097100016195,2.7367259999155067,8,6656,5386,0.8091947115384616,2,subruns\s403_rf_8192_multi_start_beam_main,17.437849988206846,d22333c0f377131c,3.406530612244898,0.0,3.84,5394
403,rf,8192,mutation_only_ga,main,1671,stagnation,rf300_seq303_88ae0a8a49cbf284,3.5000431999797,1.1451831000158563,16,1920,1655,0.8619791666666666,2,subruns\s403_rf_8192_mutation_only_ga_main,17.437849988206846,d22333c0f377131c,3.20734693877551,0.0,4.04,1663
403,rf,1024,matched_seed_random_walk,refit,1024,budget_exhausted,rf300_seq303_ce32be2fc53988f2,1.2890783000038937,0.6764250000705943,9,1008,1008,1.0,2,subruns\s403_rf_1024_matched_seed_random_walk_refit,19.164773029767186,63463a57a9fb5559,7.192653061224489,0.06,1.84,1016
403,rf,1024,multi_start_hill_climb,refit,1024,budget_exhausted,rf300_seq303_ce32be2fc53988f2,1.687948199978564,1.195320300059393,29,1092,1008,0.9230769230769231,2,subruns\s403_rf_1024_multi_start_hill_climb_refit,18.295244558116636,63a2b7e42538695f,4.738775510204082,0.12,3.98,1016
403,rf,1024,multi_start_beam,refit,1024,budget_exhausted,rf300_seq303_ce32be2fc53988f2,1.1432516999775544,0.603715099976398,5,1055,1008,0.9554502369668246,2,subruns\s403_rf_1024_multi_start_beam_refit,18.709173572411288,ca7fda7f9d0a8e56,6.849795918367347,0.08,1.8,1016
403,rf,1024,mutation_only_ga,refit,1023,stagnation,rf300_seq303_ce32be2fc53988f2,2.271812599967234,0.7596256000106223,12,1150,1007,0.8756521739130435,2,subruns\s403_rf_1024_mutation_only_ga_refit,18.310935156341955,454bbb7add6c7e66,4.426938775510204,0.0,3.66,1015
403,rf,1024,ga_tournament1,ablation,1024,budget_exhausted,rf300_seq303_88ae0a8a49cbf284,2.14897610002663,0.7737071998999454,11,1100,1008,0.9163636363636364,2,subruns\s403_rf_1024_ga_tournament1_ablation,17.665183517180647,73da022d84660303,4.035918367346939,0.0,3.38,1016
403,rf,1024,ga_tournament4,ablation,1020,stagnation,rf300_seq303_88ae0a8a49cbf284,2.2714842000277713,0.7960278998943977,13,1251,1004,0.8025579536370904,2,subruns\s403_rf_1024_ga_tournament4_ablation,17.46393658275894,4861bd370a55d809,3.493061224489796,0.0,3.78,1012
403,rf,1024,ga_single_hop,ablation,1024,budget_exhausted,rf300_seq303_88ae0a8a49cbf284,1.4169415999785997,0.7913880000123754,13,1180,1008,0.8542372881355932,2,subruns\s403_rf_1024_ga_single_hop_ablation,17.58390322557071,7ab49cb8c55a6b15,3.6889795918367345,0.0,3.76,1016
404,xgb,1024,matched_seed_random_walk,main,1024,budget_exhausted,xgb_boot5_sklearn_gbm_401d4fc617779439,1.0805167999933474,0.45462259999476373,9,1008,1008,1.0,2,subruns\s404_xgb_1024_matched_seed_random_walk_main,8.871183967710405,16fe8cdbc964e4d1,7.511836734693878,0.0,1.9,1016
404,xgb,1024,multi_start_hill_climb,main,1024,budget_exhausted,xgb_boot5_sklearn_gbm_401d4fc617779439,1.0170898000360467,0.4822645999956876,30,1131,1008,0.8912466843501327,2,subruns\s404_xgb_1024_multi_start_hill_climb_main,7.473360746174161,2e012cce88b0b763,5.0751020408163265,0.0,3.62,1016
404,xgb,1024,multi_start_beam,main,1024,budget_exhausted,xgb_boot5_sklearn_gbm_401d4fc617779439,0.9558287999825552,0.4585536000668071,4,1038,1008,0.9710982658959537,2,subruns\s404_xgb_1024_multi_start_beam_main,7.943265731203175,456b819c9b06ebc5,4.284081632653061,0.0,1.94,1016
404,xgb,1024,mutation_only_ga,main,1024,stagnation,xgb_boot5_sklearn_gbm_401d4fc617779439,1.978741800005082,0.4828873999649659,12,1157,1008,0.8712186689714779,2,subruns\s404_xgb_1024_mutation_only_ga_main,7.720295237659954,d99687aab4fa14fe,4.485714285714286,0.0,2.88,1016
404,xgb,4096,matched_seed_random_walk,main,4096,budget_exhausted,xgb_boot5_sklearn_gbm_401d4fc617779439,6.008166700019501,1.8432108999695629,33,4080,4080,1.0,2,subruns\s404_xgb_4096_matched_seed_random_walk_main,7.982655634749037,5c228a987656011f,6.02204081632653,0.0,2.28,4088
404,xgb,4096,multi_start_hill_climb,main,2726,max_generations,xgb_boot5_sklearn_gbm_401d4fc617779439,3.485369699948933,1.417003599810414,77,2956,2710,0.9167794316644113,2,subruns\s404_xgb_4096_multi_start_hill_climb_main,6.527146101270205,d6f2fc4c97df0e3b,5.100408163265306,0.0,4.36,2718
404,xgb,4096,multi_start_beam,main,3779,stagnation,xgb_boot5_sklearn_gbm_401d4fc617779439,3.1967108999961056,1.5801670998916961,6,4526,3763,0.8314184710561202,2,subruns\s404_xgb_4096_multi_start_beam_main,7.198467611027326,b3c4ba46d2430158,3.917551020408163,0.0,2.8,3771
404,xgb,4096,mutation_only_ga,main,1224,stagnation,xgb_boot5_sklearn_gbm_401d4fc617779439,2.3461781999794766,0.5460296999663115,12,1408,1208,0.8579545454545454,2,subruns\s404_xgb_4096_mutation_only_ga_main,7.720295237659954,d99687aab4fa14fe,4.509387755102041,0.0,2.84,1216
404,xgb,8192,matched_seed_random_walk,main,8192,budget_exhausted,xgb_boot5_sklearn_gbm_401d4fc617779439,16.205830400052946,3.7204110004240647,65,8176,8176,1.0,2,subruns\s404_xgb_8192_matched_seed_random_walk_main,7.982655634749037,5c228a987656011f,5.452244897959184,0.0,2.4,8184
404,xgb,8192,multi_start_hill_climb,main,2726,max_generations,xgb_boot5_sklearn_gbm_401d4fc617779439,3.1459075000020675,1.2697223001741804,77,2956,2710,0.9167794316644113,2,subruns\s404_xgb_8192_multi_start_hill_climb_main,6.527146101270205,d6f2fc4c97df0e3b,5.100408163265306,0.0,4.36,2718
404,xgb,8192,multi_start_beam,main,3839,stagnation,xgb_boot5_sklearn_gbm_401d4fc617779439,3.3375634000403807,1.643916800036095,6,4608,3823,0.8296440972222222,2,subruns\s404_xgb_8192_multi_start_beam_main,7.198467611027326,b3c4ba46d2430158,4.07265306122449,0.0,2.82,3831
404,xgb,8192,mutation_only_ga,main,1224,stagnation,xgb_boot5_sklearn_gbm_401d4fc617779439,2.4477755000116304,0.5702652000472881,12,1408,1208,0.8579545454545454,2,subruns\s404_xgb_8192_mutation_only_ga_main,7.720295237659954,d99687aab4fa14fe,4.509387755102041,0.0,2.84,1216
404,xgb,1024,matched_seed_random_walk,refit,1024,budget_exhausted,xgb_boot5_sklearn_gbm_bd256eab8b44229b,1.1227960000396706,0.49349629995413125,9,1008,1008,1.0,2,subruns\s404_xgb_1024_matched_seed_random_walk_refit,7.876963163277614,16fe8cdbc964e4d1,7.48,0.0,1.7,1016
404,xgb,1024,multi_start_hill_climb,refit,1024,budget_exhausted,xgb_boot5_sklearn_gbm_bd256eab8b44229b,1.0263020999846049,0.4933163002715446,30,1131,1008,0.8912466843501327,2,subruns\s404_xgb_1024_multi_start_hill_climb_refit,5.778168392696714,5c6da58f617a0b8a,3.8759183673469386,0.0,4.66,1016
404,xgb,1024,multi_start_beam,refit,1022,stagnation,xgb_boot5_sklearn_gbm_bd256eab8b44229b,0.9753192000207491,0.4677865999401547,5,1049,1006,0.9590085795996187,2,subruns\s404_xgb_1024_multi_start_beam_refit,6.820442991192695,456b819c9b06ebc5,5.932244897959183,0.0,1.78,1014
404,xgb,1024,mutation_only_ga,refit,1024,budget_exhausted,xgb_boot5_sklearn_gbm_bd256eab8b44229b,2.0200152000179514,0.49588539998512715,13,1175,1008,0.857872340425532,2,subruns\s404_xgb_1024_mutation_only_ga_refit,6.24557718177999,4dcb8fa42c96007e,4.969795918367347,0.0,2.92,1016
404,xgb,1024,ga_tournament1,ablation,613,stagnation,xgb_boot5_sklearn_gbm_401d4fc617779439,1.080655800004024,0.2853114000754431,6,640,597,0.9328125,2,subruns\s404_xgb_1024_ga_tournament1_ablation,8.266222369803168,0acd941de1e6f239,5.514285714285714,0.0,2.48,605
404,xgb,1024,ga_tournament4,ablation,910,stagnation,xgb_boot5_sklearn_gbm_401d4fc617779439,1.8598219000268728,0.42748760007089004,10,1152,894,0.7760416666666666,2,subruns\s404_xgb_1024_ga_tournament4_ablation,6.360116409351859,b77f9b5400dace62,4.074285714285714,0.0,3.46,902
404,xgb,1024,ga_single_hop,ablation,870,stagnation,xgb_boot5_sklearn_gbm_401d4fc617779439,0.9967371000093408,0.4097705999738537,9,1024,854,0.833984375,2,subruns\s404_xgb_1024_ga_single_hop_ablation,8.206919649927734,cfec72eb34fa5285,3.7714285714285714,0.0,2.3,862
404,rf,1024,matched_seed_random_walk,main,1024,budget_exhausted,rf300_seq303_6d4e6ab791ae1ca2,1.3450004999758676,0.6801689998246729,9,1008,1008,1.0,2,subruns\s404_rf_1024_matched_seed_random_walk_main,15.904128875170002,16fe8cdbc964e4d1,7.542857142857143,0.0,1.98,1016
404,rf,1024,multi_start_hill_climb,main,1024,budget_exhausted,rf300_seq303_6d4e6ab791ae1ca2,1.7654361000168137,1.2293062001117505,30,1131,1008,0.8912466843501327,2,subruns\s404_rf_1024_multi_start_hill_climb_main,15.523015464703558,a335a181c34c35d4,3.760816326530612,0.0,3.56,1016
404,rf,1024,multi_start_beam,main,1023,stagnation,rf300_seq303_6d4e6ab791ae1ca2,1.1424763000104576,0.6148946000030264,5,1049,1007,0.9599618684461392,2,subruns\s404_rf_1024_multi_start_beam_main,15.699916931410156,df7adcd87e8c8b83,3.8489795918367347,0.0,1.88,1015
404,rf,1024,mutation_only_ga,main,1023,stagnation,rf300_seq303_6d4e6ab791ae1ca2,2.224571200029459,0.7787877000519074,12,1147,1007,0.8779424585876199,2,subruns\s404_rf_1024_mutation_only_ga_main,15.572443500864416,454f3634c991f7b1,3.990204081632653,0.0,2.84,1015
404,rf,4096,matched_seed_random_walk,main,4096,budget_exhausted,rf300_seq303_6d4e6ab791ae1ca2,6.896863600006327,2.7398815000778995,33,4080,4080,1.0,2,subruns\s404_rf_4096_matched_seed_random_walk_main,15.874457393612511,5c228a987656011f,6.911020408163266,0.0,2.48,4088
404,rf,4096,multi_start_hill_climb,main,2601,max_generations,rf300_seq303_6d4e6ab791ae1ca2,4.917465300008189,3.0578848000150174,74,2839,2585,0.9105318774216273,2,subruns\s404_rf_4096_multi_start_hill_climb_main,15.523015464703558,a335a181c34c35d4,3.9379591836734695,0.0,3.66,2593
404,rf,4096,multi_start_beam,main,4040,stagnation,rf300_seq303_6d4e6ab791ae1ca2,3.9311643000110053,1.9779678999329917,7,4605,4024,0.8738327904451683,2,subruns\s404_rf_4096_multi_start_beam_main,15.523015464703558,a335a181c34c35d4,3.8522448979591837,0.0,3.56,4032
404,rf,4096,mutation_only_ga,main,1227,stagnation,rf300_seq303_6d4e6ab791ae1ca2,2.680462299962528,0.8394375999341719,12,1408,1211,0.8600852272727273,2,subruns\s404_rf_4096_mutation_only_ga_main,15.572443500864416,454f3634c991f7b1,4.070204081632653,0.0,3.12,1219
404,rf,8192,matched_seed_random_walk,main,8192,budget_exhausted,rf300_seq303_6d4e6ab791ae1ca2,18.490297099982854,5.553908699657768,65,8176,8176,1.0,2,subruns\s404_rf_8192_matched_seed_random_walk_main,15.804473499255703,50e3859ee80a1b90,6.322448979591837,0.0,2.46,8184
404,rf,8192,multi_start_hill_climb,main,2601,max_generations,rf300_seq303_6d4e6ab791ae1ca2,4.812050200009253,3.0598584996769205,74,2839,2585,0.9105318774216273,2,subruns\s404_rf_8192_multi_start_hill_climb_main,15.523015464703558,a335a181c34c35d4,3.9379591836734695,0.0,3.66,2593
404,rf,8192,multi_start_beam,main,4738,stagnation,rf300_seq303_6d4e6ab791ae1ca2,4.3605820999946445,2.2834396000253037,7,5632,4722,0.8384232954545454,2,subruns\s404_rf_8192_multi_start_beam_main,15.523015464703558,a335a181c34c35d4,3.766530612244898,0.0,3.66,4730
404,rf,8192,mutation_only_ga,main,1227,stagnation,rf300_seq303_6d4e6ab791ae1ca2,2.6015136999776587,0.8398166000260971,12,1408,1211,0.8600852272727273,2,subruns\s404_rf_8192_mutation_only_ga_main,15.572443500864416,454f3634c991f7b1,4.070204081632653,0.0,3.12,1219
404,rf,1024,matched_seed_random_walk,refit,1024,budget_exhausted,rf300_seq303_0546ed0d865994ea,1.5168002999853343,0.8222128000343218,9,1008,1008,1.0,2,subruns\s404_rf_1024_matched_seed_random_walk_refit,16.372976551325088,16fe8cdbc964e4d1,7.146122448979592,0.0,1.96,1016
404,rf,1024,multi_start_hill_climb,refit,1024,budget_exhausted,rf300_seq303_0546ed0d865994ea,1.8837506000418216,1.331765400012955,30,1131,1008,0.8912466843501327,2,subruns\s404_rf_1024_multi_start_hill_climb_refit,15.753576631537168,cd8ffb3d5b3aeafb,4.201632653061225,0.0,3.78,1016
404,rf,1024,multi_start_beam,refit,1021,stagnation,rf300_seq303_0546ed0d865994ea,1.2807769000064582,0.6716030999086797,4,1038,1005,0.9682080924855492,2,subruns\s404_rf_1024_multi_start_beam_refit,15.966933421732305,cfec72eb34fa5285,5.355102040816327,0.0,1.9,1013
404,rf,1024,mutation_only_ga,refit,825,stagnation,rf300_seq303_0546ed0d865994ea,2.1443724000127986,0.7091450000880286,8,896,809,0.9029017857142857,2,subruns\s404_rf_1024_mutation_only_ga_refit,15.83153109297608,b89e613f46d11c0b,4.648979591836735,0.0,3.0,817
404,rf,1024,ga_tournament1,ablation,1024,budget_exhausted,rf300_seq303_6d4e6ab791ae1ca2,2.4393873999943025,0.8187347998609766,12,1091,1008,0.923923006416132,2,subruns\s404_rf_1024_ga_tournament1_ablation,15.572443500864416,454f3634c991f7b1,4.609795918367347,0.0,2.78,1016
404,rf,1024,ga_tournament4,ablation,992,stagnation,rf300_seq303_6d4e6ab791ae1ca2,2.298217800038401,0.7568264000001363,11,1253,976,0.7789305666400639,2,subruns\s404_rf_1024_ga_tournament4_ablation,15.572443500864416,454f3634c991f7b1,3.333061224489796,0.0,3.44,984
404,rf,1024,ga_single_hop,ablation,783,stagnation,rf300_seq303_6d4e6ab791ae1ca2,1.1777656999765895,0.6403650000574999,8,896,767,0.8560267857142857,2,subruns\s404_rf_1024_ga_single_hop_ablation,15.572443500864416,454f3634c991f7b1,4.973877551020408,0.0,3.06,775
405,xgb,1024,matched_seed_random_walk,main,1024,budget_exhausted,xgb_boot5_sklearn_gbm_7ccec0067a90ea25,1.1220329999923706,0.46795119997113943,9,1008,1008,1.0,2,subruns\s405_xgb_1024_matched_seed_random_walk_main,9.041900049498446,a18f98a8c442704f,7.516734693877551,0.0,2.42,1016
405,xgb,1024,multi_start_hill_climb,main,1024,budget_exhausted,xgb_boot5_sklearn_gbm_7ccec0067a90ea25,1.1449102000333369,0.5612512000952847,30,1131,1008,0.8912466843501327,2,subruns\s405_xgb_1024_multi_start_hill_climb_main,7.6986719489905395,3c37e0f6dedd8bd5,5.288163265306123,0.0,4.2,1016
405,xgb,1024,multi_start_beam,main,1024,stagnation,xgb_boot5_sklearn_gbm_7ccec0067a90ea25,1.2353371999925002,0.5847290000529028,6,1034,1008,0.9748549323017408,2,subruns\s405_xgb_1024_multi_start_beam_main,8.872309011233403,206bd5c85d55a1ca,5.987755102040817,0.0,2.12,1016
405,xgb,1024,mutation_only_ga,main,1024,stagnation,xgb_boot5_sklearn_gbm_7ccec0067a90ea25,2.2408161000348628,0.5205794999492355,12,1113,1008,0.9056603773584906,2,subruns\s405_xgb_1024_mutation_only_ga_main,7.544462456967447,7e27463c897552e2,6.368979591836735,0.0,4.2,1016
405,xgb,4096,matched_seed_random_walk,main,4096,budget_exhausted,xgb_boot5_sklearn_gbm_7ccec0067a90ea25,6.192485200008377,1.9087788999895565,33,4080,4080,1.0,2,subruns\s405_xgb_4096_matched_seed_random_walk_main,9.041900049498446,a18f98a8c442704f,7.738775510204082,0.0,3.12,4088
405,xgb,4096,multi_start_hill_climb,main,2674,max_generations,xgb_boot5_sklearn_gbm_7ccec0067a90ea25,3.141898600035347,1.2974804001278244,76,2909,2658,0.9137160536266759,2,subruns\s405_xgb_4096_multi_start_hill_climb_main,6.306848795640704,7b3f44b5e1cef14a,5.109387755102041,0.0,4.8,2666
405,xgb,4096,multi_start_beam,main,4068,stagnation,xgb_boot5_sklearn_gbm_7ccec0067a90ea25,3.5976912999758497,1.7742784000583924,7,4546,4052,0.8913330400351958,2,subruns\s405_xgb_4096_multi_start_beam_main,7.103420074427959,1ab0bff6f9e22de9,5.801632653061224,0.0,4.48,4060
405,xgb,4096,mutation_only_ga,main,1563,stagnation,xgb_boot5_sklearn_gbm_7ccec0067a90ea25,2.9469325999962166,0.7049271999276243,15,1792,1547,0.86328125,2,subruns\s405_xgb_4096_mutation_only_ga_main,6.837378409376481,57eb1c54a2cd5c7d,6.106938775510204,0.0,4.28,1555
405,xgb,8192,matched_seed_random_walk,main,8192,budget_exhausted,xgb_boot5_sklearn_gbm_7ccec0067a90ea25,16.121225300012156,3.69334789988352,65,8176,8176,1.0,2,subruns\s405_xgb_8192_matched_seed_random_walk_main,9.041900049498446,a18f98a8c442704f,7.548571428571429,0.0,3.18,8184
405,xgb,8192,multi_start_hill_climb,main,2674,max_generations,xgb_boot5_sklearn_gbm_7ccec0067a90ea25,3.063577599998098,1.2459205001359805,76,2909,2658,0.9137160536266759,2,subruns\s405_xgb_8192_multi_start_hill_climb_main,6.306848795640704,7b3f44b5e1cef14a,5.109387755102041,0.0,4.8,2666
405,xgb,8192,multi_start_beam,main,7068,stagnation,xgb_boot5_sklearn_gbm_7ccec0067a90ea25,6.676353199989535,3.4109221000107937,10,8704,7052,0.8102022058823529,2,subruns\s405_xgb_8192_multi_start_beam_main,6.1399258223926205,97bb3551c6a07d0e,4.34530612244898,0.0,5.2,7060
405,xgb,8192,mutation_only_ga,main,1563,stagnation,xgb_boot5_sklearn_gbm_7ccec0067a90ea25,3.0346415999811143,0.7012610998935997,15,1792,1547,0.86328125,2,subruns\s405_xgb_8192_mutation_only_ga_main,6.837378409376481,57eb1c54a2cd5c7d,6.106938775510204,0.0,4.28,1555
405,xgb,1024,matched_seed_random_walk,refit,1024,budget_exhausted,xgb_boot5_sklearn_gbm_2a6080bab2dd435a,1.0737709000241011,0.46526750014163554,9,1008,1008,1.0,2,subruns\s405_xgb_1024_matched_seed_random_walk_refit,10.62951533618891,3a8578ce1018c020,7.371428571428571,0.12,3.38,1016
405,xgb,1024,multi_start_hill_climb,refit,1024,budget_exhausted,xgb_boot5_sklearn_gbm_2a6080bab2dd435a,1.0332421000348404,0.4476298001827672,30,1131,1008,0.8912466843501327,2,subruns\s405_xgb_1024_multi_start_hill_climb_refit,9.08337119097912,0621ddcf3fd504fe,6.86204081632653,0.06,4.78,1016
405,xgb,1024,multi_start_beam,refit,1024,stagnation,xgb_boot5_sklearn_gbm_2a6080bab2dd435a,0.9550042999908328,0.45313689997419715,5,1039,1008,0.9701636188642926,2,subruns\s405_xgb_1024_multi_start_beam_refit,11.555005150340516,9a2090f0a5544de9,8.051428571428572,0.2,3.48,1016
405,xgb,1024,mutation_only_ga,refit,923,stagnation,xgb_boot5_sklearn_gbm_2a6080bab2dd435a,1.6196453000302427,0.4088824999053031,9,1024,907,0.8857421875,2,subruns\s405_xgb_1024_mutation_only_ga_refit,10.328255992598262,3b1eef1da798a170,6.997551020408164,0.08,4.3,915
405,xgb,1024,ga_tournament1,ablation,1014,stagnation,xgb_boot5_sklearn_gbm_7ccec0067a90ea25,1.9160744000109844,0.4884803000604734,10,1094,998,0.9122486288848263,2,subruns\s405_xgb_1024_ga_tournament1_ablation,8.020944040424883,9183b5645b7814e3,5.362448979591837,0.0,3.84,1006
405,xgb,1024,ga_tournament4,ablation,1024,budget_exhausted,xgb_boot5_sklearn_gbm_7ccec0067a90ea25,1.997086199990008,0.47412560001248494,13,1184,1008,0.8513513513513513,2,subruns\s405_xgb_1024_ga_tournament4_ablation,7.210168962020866,33ae495a0ad19f02,5.7306122448979595,0.0,3.94,1016
405,xgb,1024,ga_single_hop,ablation,1019,stagnation,xgb_boot5_sklearn_gbm_7ccec0067a90ea25,1.083719500049483,0.4528850000933744,11,1175,1003,0.8536170212765958,2,subruns\s405_xgb_1024_ga_single_hop_ablation,7.544462456967447,7e27463c897552e2,6.387755102040816,0.0,4.38,1011
405,rf,1024,matched_seed_random_walk,main,1024,budget_exhausted,rf300_seq303_ab942b172c3178cf,1.3088690000004135,0.6682509999955073,9,1008,1008,1.0,2,subruns\s405_rf_1024_matched_seed_random_walk_main,17.900156227924846,7621d6f7c465ecfa,5.732244897959184,0.0,1.96,1016
405,rf,1024,multi_start_hill_climb,main,1024,budget_exhausted,rf300_seq303_ab942b172c3178cf,1.7705481000011787,1.218791299907025,30,1131,1008,0.8912466843501327,2,subruns\s405_rf_1024_multi_start_hill_climb_main,17.807948666270086,17fe1b0c79d6b33c,3.471020408163265,0.0,2.72,1016
405,rf,1024,multi_start_beam,main,1023,stagnation,rf300_seq303_ab942b172c3178cf,1.203933999990113,0.6081321000237949,5,1043,1007,0.965484180249281,2,subruns\s405_rf_1024_multi_start_beam_main,17.807948666270086,17fe1b0c79d6b33c,4.501224489795918,0.0,1.74,1015
405,rf,1024,mutation_only_ga,main,1024,stagnation,rf300_seq303_ab942b172c3178cf,2.3077936000190675,0.7516995000187308,11,1143,1008,0.8818897637795275,2,subruns\s405_rf_1024_mutation_only_ga_main,17.807948666270086,17fe1b0c79d6b33c,3.84,0.0,2.5,1016
405,rf,4096,matched_seed_random_walk,main,4096,budget_exhausted,rf300_seq303_ab942b172c3178cf,6.971789600036573,2.766750699840486,33,4080,4080,1.0,2,subruns\s405_rf_4096_matched_seed_random_walk_main,17.900156227924846,7621d6f7c465ecfa,5.736326530612245,0.0,2.12,4088
405,rf,4096,multi_start_hill_climb,main,2635,max_generations,rf300_seq303_ab942b172c3178cf,4.984616100031417,3.1808951000566594,75,2878,2619,0.9100069492703267,2,subruns\s405_rf_4096_multi_start_hill_climb_main,17.807948666270086,17fe1b0c79d6b33c,4.059591836734694,0.0,2.8,2627
405,rf,4096,multi_start_beam,main,3114,stagnation,rf300_seq303_ab942b172c3178cf,2.887120799976401,1.4859628000413068,5,3584,3098,0.8643973214285714,2,subruns\s405_rf_4096_multi_start_beam_main,17.807948666270086,17fe1b0c79d6b33c,3.0016326530612245,0.0,2.4,3106
405,rf,4096,mutation_only_ga,main,1117,stagnation,rf300_seq303_ab942b172c3178cf,2.487703800026793,0.7880606998805888,11,1280,1101,0.86015625,2,subruns\s405_rf_4096_mutation_only_ga_main,17.807948666270086,17fe1b0c79d6b33c,3.464489795918367,0.0,2.54,1109
405,rf,8192,matched_seed_random_walk,main,8192,budget_exhausted,rf300_seq303_ab942b172c3178cf,18.913364999985788,5.68590509990463,65,8176,8176,1.0,2,subruns\s405_rf_8192_matched_seed_random_walk_main,17.900156227924846,7621d6f7c465ecfa,5.462040816326531,0.0,2.1,8184
405,rf,8192,multi_start_hill_climb,main,2635,max_generations,rf300_seq303_ab942b172c3178cf,5.449787300021853,3.5592573005123995,75,2878,2619,0.9100069492703267,2,subruns\s405_rf_8192_multi_start_hill_climb_main,17.807948666270086,17fe1b0c79d6b33c,4.059591836734694,0.0,2.8,2627
405,rf,8192,multi_start_beam,main,3114,stagnation,rf300_seq303_ab942b172c3178cf,2.9317149000125937,1.54172620002646,5,3584,3098,0.8643973214285714,2,subruns\s405_rf_8192_multi_start_beam_main,17.807948666270086,17fe1b0c79d6b33c,3.0016326530612245,0.0,2.4,3106
405,rf,8192,mutation_only_ga,main,1117,stagnation,rf300_seq303_ab942b172c3178cf,2.398582900001202,0.7792770999949425,11,1280,1101,0.86015625,2,subruns\s405_rf_8192_mutation_only_ga_main,17.807948666270086,17fe1b0c79d6b33c,3.464489795918367,0.0,2.54,1109
405,rf,1024,matched_seed_random_walk,refit,1024,budget_exhausted,rf300_seq303_0e8a7db4f703b391,1.321870400046464,0.6810799998347647,9,1008,1008,1.0,2,subruns\s405_rf_1024_matched_seed_random_walk_refit,17.992877625473433,a17d211685cb3144,5.9583673469387755,0.0,1.84,1016
405,rf,1024,multi_start_hill_climb,refit,1024,budget_exhausted,rf300_seq303_0e8a7db4f703b391,1.8051974999834783,1.292825700249523,30,1131,1008,0.8912466843501327,2,subruns\s405_rf_1024_multi_start_hill_climb_refit,17.940540475970252,8aa1c5dab2a9566d,3.871020408163265,0.0,3.2,1016
405,rf,1024,multi_start_beam,refit,1021,stagnation,rf300_seq303_0e8a7db4f703b391,1.055778400041163,0.5702233000192791,5,1052,1005,0.9553231939163498,2,subruns\s405_rf_1024_multi_start_beam_refit,18.04039613516506,1ca385def0616d43,4.3363265306122445,0.0,1.64,1013
405,rf,1024,mutation_only_ga,refit,938,stagnation,rf300_seq303_0e8a7db4f703b391,2.0199293000041507,0.6336804000311531,9,1024,922,0.900390625,2,subruns\s405_rf_1024_mutation_only_ga_refit,17.926267174056452,16f777766823fc29,3.803265306122449,0.0,2.8,930
405,rf,1024,ga_tournament1,ablation,730,stagnation,rf300_seq303_ab942b172c3178cf,1.4678644000086933,0.512951000011526,7,768,714,0.9296875,2,subruns\s405_rf_1024_ga_tournament1_ablation,17.829992810856126,457b685fa4dd5c8b,4.455510204081633,0.0,2.3,722
405,rf,1024,ga_tournament4,ablation,986,stagnation,rf300_seq303_ab942b172c3178cf,2.3783959000138566,0.7501331999665126,11,1256,970,0.7722929936305732,2,subruns\s405_rf_1024_ga_tournament4_ablation,17.807948666270086,17fe1b0c79d6b33c,3.106938775510204,0.0,2.48,978
405,rf,1024,ga_single_hop,ablation,762,stagnation,rf300_seq303_ab942b172c3178cf,1.0236949999816716,0.567778599972371,8,896,746,0.8325892857142857,2,subruns\s405_rf_1024_ga_single_hop_ablation,17.829992810856126,457b685fa4dd5c8b,4.555918367346939,0.0,2.06,754
406,xgb,1024,matched_seed_random_walk,main,1024,budget_exhausted,xgb_boot5_sklearn_gbm_2b059001792d6dcc,1.05496320000384,0.47167330008232966,9,1008,1008,1.0,2,subruns\s406_xgb_1024_matched_seed_random_walk_main,9.544028948412734,935f3ee73e732549,6.28,0.0,2.0,1016
406,xgb,1024,multi_start_hill_climb,main,1024,budget_exhausted,xgb_boot5_sklearn_gbm_2b059001792d6dcc,0.9671275999862701,0.4830952000338584,30,1131,1008,0.8912466843501327,2,subruns\s406_xgb_1024_multi_start_hill_climb_main,8.121843456916809,8caab08e5c96d524,4.706122448979592,0.0,4.38,1016
406,xgb,1024,multi_start_beam,main,1024,budget_exhausted,xgb_boot5_sklearn_gbm_2b059001792d6dcc,0.9285317999892868,0.45201320003252476,4,1036,1008,0.972972972972973,2,subruns\s406_xgb_1024_multi_start_beam_main,8.989333538141441,28452e50cb4ecbbc,5.6971428571428575,0.0,2.32,1016
406,xgb,1024,mutation_only_ga,main,1023,neighbors_exhausted,xgb_boot5_sklearn_gbm_2b059001792d6dcc,1.9098277000011876,0.454026400053408,12,1140,1007,0.8833333333333333,2,subruns\s406_xgb_1024_mutation_only_ga_main,8.743358779971567,ed77f0c5392b02c6,5.106938775510204,0.0,3.8,1015
406,xgb,4096,matched_seed_random_walk,main,4096,budget_exhausted,xgb_boot5_sklearn_gbm_2b059001792d6dcc,5.718680999998469,1.8442238000570796,33,4080,4080,1.0,2,subruns\s406_xgb_4096_matched_seed_random_walk_main,8.668531372417219,762478ee85efea0a,6.325714285714286,0.0,2.6,4088
406,xgb,4096,multi_start_hill_climb,main,2684,max_generations,xgb_boot5_sklearn_gbm_2b059001792d6dcc,3.081958799972199,1.2362367000896484,76,2921,2668,0.9133858267716536,2,subruns\s406_xgb_4096_multi_start_hill_climb_main,7.2451320588547246,6e0b7de22b370bc7,5.046530612244898,0.0,4.7,2676
406,xgb,4096,multi_start_beam,main,4079,stagnation,xgb_boot5_sklearn_gbm_2b059001792d6dcc,3.59248499997193,1.7414540998870507,8,4604,4063,0.88249348392702,2,subruns\s406_xgb_4096_multi_start_beam_main,6.863610006075641,df6aa31be7e1601c,4.6604081632653065,0.0,4.48,4071
406,xgb,4096,mutation_only_ga,main,2858,stagnation,xgb_boot5_sklearn_gbm_2b059001792d6dcc,5.873963499965612,1.329602899728343,28,3456,2842,0.8223379629629629,2,subruns\s406_xgb_4096_mutation_only_ga_main,5.069154703521936,47e4f26f68c9cfde,3.1722448979591835,0.0,4.74,2850
406,xgb,8192,matched_seed_random_walk,main,8192,budget_exhausted,xgb_boot5_sklearn_gbm_2b059001792d6dcc,16.6244294999633,3.8462233996833675,65,8176,8176,1.0,2,subruns\s406_xgb_8192_matched_seed_random_walk_main,8.538336010266944,3b2051888a775882,6.303673469387755,0.0,2.86,8184
406,xgb,8192,multi_start_hill_climb,main,2684,max_generations,xgb_boot5_sklearn_gbm_2b059001792d6dcc,3.083154000050854,1.2725231999647804,76,2921,2668,0.9133858267716536,2,subruns\s406_xgb_8192_multi_start_hill_climb_main,7.2451320588547246,6e0b7de22b370bc7,5.046530612244898,0.0,4.7,2676
406,xgb,8192,multi_start_beam,main,5513,stagnation,xgb_boot5_sklearn_gbm_2b059001792d6dcc,4.775971099967137,2.410070700047072,8,6656,5497,0.8258713942307693,2,subruns\s406_xgb_8192_multi_start_beam_main,6.863610006075641,df6aa31be7e1601c,4.87265306122449,0.0,4.8,5505
406,xgb,8192,mutation_only_ga,main,2858,stagnation,xgb_boot5_sklearn_gbm_2b059001792d6dcc,5.746389499981888,1.2892722997930832,28,3456,2842,0.8223379629629629,2,subruns\s406_xgb_8192_mutation_only_ga_main,5.069154703521936,47e4f26f68c9cfde,3.1722448979591835,0.0,4.74,2850
406,xgb,1024,matched_seed_random_walk,refit,1024,budget_exhausted,xgb_boot5_sklearn_gbm_e3857f122bbe2b94,1.1271324999979697,0.4727809999603778,9,1008,1008,1.0,2,subruns\s406_xgb_1024_matched_seed_random_walk_refit,8.970684051814507,26f9c59ceb90e4a7,7.293877551020408,0.0,1.84,1016
406,xgb,1024,multi_start_hill_climb,refit,1024,budget_exhausted,xgb_boot5_sklearn_gbm_e3857f122bbe2b94,0.990735900006257,0.4782541999593377,30,1131,1008,0.8912466843501327,2,subruns\s406_xgb_1024_multi_start_hill_climb_refit,5.838668470304317,77df971b0d76ea8a,3.027755102040816,0.0,3.84,1016
406,xgb,1024,multi_start_beam,refit,1024,budget_exhausted,xgb_boot5_sklearn_gbm_e3857f122bbe2b94,1.0576933000120334,0.4706113000283949,4,1036,1008,0.972972972972973,2,subruns\s406_xgb_1024_multi_start_beam_refit,7.469008703672031,dd66a8f62ffc0687,5.8375510204081635,0.0,1.88,1016
406,xgb,1024,mutation_only_ga,refit,1017,stagnation,xgb_boot5_sklearn_gbm_e3857f122bbe2b94,1.9386686000507325,0.49337490007746965,11,1142,1001,0.8765323992994746,2,subruns\s406_xgb_1024_mutation_only_ga_refit,5.838668470304317,77df971b0d76ea8a,3.436734693877551,0.0,3.94,1009
406,xgb,1024,ga_tournament1,ablation,1024,budget_exhausted,xgb_boot5_sklearn_gbm_2b059001792d6dcc,1.8187003000057302,0.48949870001524687,11,1088,1008,0.9264705882352942,2,subruns\s406_xgb_1024_ga_tournament1_ablation,8.032034409409263,9ad1f62d1f59f044,5.893061224489796,0.0,3.98,1016
406,xgb,1024,ga_tournament4,ablation,1024,stagnation,xgb_boot5_sklearn_gbm_2b059001792d6dcc,2.11858690000372,0.4665881999535486,14,1243,1008,0.8109412711182623,2,subruns\s406_xgb_1024_ga_tournament4_ablation,7.2451320588547246,6e0b7de22b370bc7,4.671836734693877,0.0,4.38,1016
406,xgb,1024,ga_single_hop,ablation,1024,budget_exhausted,xgb_boot5_sklearn_gbm_2b059001792d6dcc,1.1281793999951333,0.46423140016850084,13,1174,1008,0.858603066439523,2,subruns\s406_xgb_1024_ga_single_hop_ablation,7.335866564954841,9f2a44f650edf56e,5.514285714285714,0.0,4.12,1016
406,rf,1024,matched_seed_random_walk,main,1024,budget_exhausted,rf300_seq303_f8d2b9b691076859,1.32632500003092,0.719727799994871,9,1008,1008,1.0,2,subruns\s406_rf_1024_matched_seed_random_walk_main,17.443975074991247,b9b143e1f2f0520f,5.893877551020408,0.0,2.46,1016
406,rf,1024,multi_start_hill_climb,main,1024,budget_exhausted,rf300_seq303_f8d2b9b691076859,1.843514000007417,1.2398553997045383,30,1131,1008,0.8912466843501327,2,subruns\s406_rf_1024_multi_start_hill_climb_main,16.458764493523326,4a7a87bd95de0c54,3.5942857142857143,0.0,4.4,1016
406,rf,1024,multi_start_beam,main,1024,stagnation,rf300_seq303_f8d2b9b691076859,1.0548362000263296,0.5720062999753281,5,1029,1008,0.9795918367346939,2,subruns\s406_rf_1024_multi_start_beam_main,17.229650791625396,216c145ac2ac07e0,3.5755102040816324,0.0,2.16,1016
406,rf,1024,mutation_only_ga,main,1024,budget_exhausted,rf300_seq303_f8d2b9b691076859,2.393215899995994,0.8079158999607898,11,1103,1008,0.9138712601994561,2,subruns\s406_rf_1024_mutation_only_ga_main,16.66842317982535,783a2957059b067a,3.8669387755102043,0.0,3.76,1016
406,rf,4096,matched_seed_random_walk,main,4096,budget_exhausted,rf300_seq303_f8d2b9b691076859,7.007737600011751,2.8203605999588035,33,4080,4080,1.0,2,subruns\s406_rf_4096_matched_seed_random_walk_main,16.857439177989335,4942de7a9ca6e312,5.502857142857143,0.0,3.04,4088
406,rf,4096,multi_start_hill_climb,main,2588,max_generations,rf300_seq303_f8d2b9b691076859,4.860867200011853,3.1190398994949646,74,2843,2572,0.9046781568765389,2,subruns\s406_rf_4096_multi_start_hill_climb_main,16.458764493523326,2db63e9ca528cf72,3.353469387755102,0.0,4.22,2580
406,rf,4096,multi_start_beam,main,3943,stagnation,rf300_seq303_f8d2b9b691076859,3.7247091999743134,2.0293772000586614,6,4417,3927,0.8890649762282092,2,subruns\s406_rf_4096_multi_start_beam_main,16.458764493523326,2db63e9ca528cf72,3.4351020408163264,0.0,4.04,3935
406,rf,4096,mutation_only_ga,main,1281,stagnation,rf300_seq303_f8d2b9b691076859,3.1570253999670967,1.016172599978745,12,1408,1265,0.8984375,2,subruns\s406_rf_4096_mutation_only_ga_main,16.66842317982535,783a2957059b067a,4.081632653061225,0.0,4.0,1273
406,rf,8192,matched_seed_random_walk,main,8192,budget_exhausted,rf300_seq303_f8d2b9b691076859,18.54179849999491,5.521032000193372,65,8176,8176,1.0,2,subruns\s406_rf_8192_matched_seed_random_walk_main,16.857439177989335,4942de7a9ca6e312,5.111836734693878,0.0,2.96,8184
406,rf,8192,multi_start_hill_climb,main,2588,max_generations,rf300_seq303_f8d2b9b691076859,4.969274800037965,3.2134192998637445,74,2843,2572,0.9046781568765389,2,subruns\s406_rf_8192_multi_start_hill_climb_main,16.458764493523326,2db63e9ca528cf72,3.353469387755102,0.0,4.22,2580
406,rf,8192,multi_start_beam,main,4094,stagnation,rf300_seq303_f8d2b9b691076859,3.7916542000020854,1.996618600038346,6,4608,4078,0.8849826388888888,2,subruns\s406_rf_8192_multi_start_beam_main,16.458764493523326,2db63e9ca528cf72,3.4,0.0,4.04,4086
406,rf,8192,mutation_only_ga,main,1281,stagnation,rf300_seq303_f8d2b9b691076859,2.8074609999894165,0.9145502999890596,12,1408,1265,0.8984375,2,subruns\s406_rf_8192_mutation_only_ga_main,16.66842317982535,783a2957059b067a,4.081632653061225,0.0,4.0,1273
406,rf,1024,matched_seed_random_walk,refit,1024,budget_exhausted,rf300_seq303_451f248a2ee3227e,1.3554067999939434,0.7047989998827688,9,1008,1008,1.0,2,subruns\s406_rf_1024_matched_seed_random_walk_refit,17.98323974165038,b9b143e1f2f0520f,5.603265306122449,0.0,2.5,1016
406,rf,1024,multi_start_hill_climb,refit,1024,budget_exhausted,rf300_seq303_451f248a2ee3227e,1.7875826000235975,1.245820899901446,30,1131,1008,0.8912466843501327,2,subruns\s406_rf_1024_multi_start_hill_climb_refit,17.188029460394254,b85bd7ac68ffd153,4.508571428571429,0.0,4.74,1016
406,rf,1024,multi_start_beam,refit,1024,budget_exhausted,rf300_seq303_451f248a2ee3227e,1.0793927000486292,0.5932628000155091,5,1046,1008,0.9636711281070746,2,subruns\s406_rf_1024_multi_start_beam_refit,17.473130683961482,538ff90cf6dbc870,3.7722448979591836,0.0,2.06,1016
406,rf,1024,mutation_only_ga,refit,1024,stagnation,rf300_seq303_451f248a2ee3227e,2.263042400008999,0.7716730999527499,12,1110,1008,0.9081081081081082,2,subruns\s406_rf_1024_mutation_only_ga_refit,17.027067114074324,a662f94328af65dc,3.9371428571428573,0.0,4.26,1016
406,rf,1024,ga_tournament1,ablation,1024,stagnation,rf300_seq303_f8d2b9b691076859,2.284012900025118,0.7709506000392139,12,1090,1008,0.9247706422018349,2,subruns\s406_rf_1024_ga_tournament1_ablation,16.458764493523326,2db63e9ca528cf72,4.295510204081633,0.0,3.58,1016
406,rf,1024,ga_tournament4,ablation,1018,stagnation,rf300_seq303_f8d2b9b691076859,2.401751899975352,0.797263800050132,11,1172,1002,0.8549488054607508,2,subruns\s406_rf_1024_ga_tournament4_ablation,16.458764493523326,2db63e9ca528cf72,3.3502040816326533,0.0,3.98,1010
406,rf,1024,ga_single_hop,ablation,1016,stagnation,rf300_seq303_f8d2b9b691076859,1.548790699976962,0.8715902999392711,11,1170,1000,0.8547008547008547,2,subruns\s406_rf_1024_ga_single_hop_ablation,16.458764493523326,2db63e9ca528cf72,3.8555102040816327,0.0,4.22,1008
407,xgb,1024,matched_seed_random_walk,main,1024,budget_exhausted,xgb_boot5_sklearn_gbm_534080530f698dd9,1.157265699992422,0.4918106000404805,9,1008,1008,1.0,2,subruns\s407_xgb_1024_matched_seed_random_walk_main,10.096270533640872,ed1766af91cfb68c,8.045714285714286,0.0,1.8,1016
407,xgb,1024,multi_start_hill_climb,main,1024,budget_exhausted,xgb_boot5_sklearn_gbm_534080530f698dd9,0.9662466000299901,0.459600500005763,30,1131,1008,0.8912466843501327,2,subruns\s407_xgb_1024_multi_start_hill_climb_main,8.339252256458995,5c6dab321f1442ad,3.543673469387755,0.0,4.36,1016
407,xgb,1024,multi_start_beam,main,1024,stagnation,xgb_boot5_sklearn_gbm_534080530f698dd9,1.046541600022465,0.49538999993819743,5,1036,1008,0.972972972972973,2,subruns\s407_xgb_1024_multi_start_beam_main,8.558772353981198,01f187fbd7486e4c,6.101224489795919,0.0,2.0,1016
407,xgb,1024,mutation_only_ga,main,1024,budget_exhausted,xgb_boot5_sklearn_gbm_534080530f698dd9,1.8959083000081591,0.4641539000440389,13,1127,1008,0.8944099378881988,2,subruns\s407_xgb_1024_mutation_only_ga_main,7.996729899552061,47cf963289d55303,4.161632653061225,0.0,3.76,1016
407,xgb,4096,matched_seed_random_walk,main,4096,budget_exhausted,xgb_boot5_sklearn_gbm_534080530f698dd9,5.860657400044147,1.8415309001575224,33,4080,4080,1.0,2,subruns\s407_xgb_4096_matched_seed_random_walk_main,9.962744377316643,34cc4ff2a13c0295,7.380408163265306,0.0,2.1,4088
407,xgb,4096,multi_start_hill_climb,main,2729,max_generations,xgb_boot5_sklearn_gbm_534080530f698dd9,3.2038893999997526,1.3161049998598173,77,2960,2713,0.9165540540540541,2,subruns\s407_xgb_4096_multi_start_hill_climb_main,7.297407319194062,a07d12f00188e92b,4.148571428571429,0.0,4.5,2721
407,xgb,4096,multi_start_beam,main,4088,stagnation,xgb_boot5_sklearn_gbm_534080530f698dd9,4.0288159000338055,1.9822355000069365,8,4574,4072,0.890249234805422,2,subruns\s407_xgb_4096_multi_start_beam_main,7.297407319194062,a07d12f00188e92b,4.504489795918367,0.0,4.14,4080
407,xgb,4096,mutation_only_ga,main,1460,stagnation,xgb_boot5_sklearn_gbm_534080530f698dd9,2.8400627999799326,0.663482200121507,14,1664,1444,0.8677884615384616,2,subruns\s407_xgb_4096_mutation_only_ga_main,7.996729899552061,47cf963289d55303,4.063673469387755,0.0,4.12,1452
407,xgb,8192,matched_seed_random_walk,main,8192,budget_exhausted,xgb_boot5_sklearn_gbm_534080530f698dd9,16.275691199989524,3.6944952998892404,65,8176,8176,1.0,2,subruns\s407_xgb_8192_matched_seed_random_walk_main,8.842983334629052,d78391b80178ebd1,7.373877551020408,0.0,2.46,8184
407,xgb,8192,multi_start_hill_climb,main,2729,max_generations,xgb_boot5_sklearn_gbm_534080530f698dd9,4.575458400009666,1.7513992000021972,77,2960,2713,0.9165540540540541,2,subruns\s407_xgb_8192_multi_start_hill_climb_main,7.297407319194062,a07d12f00188e92b,4.148571428571429,0.0,4.5,2721
407,xgb,8192,multi_start_beam,main,5588,stagnation,xgb_boot5_sklearn_gbm_534080530f698dd9,5.427315799985081,2.6754842000082135,8,6656,5572,0.8371394230769231,2,subruns\s407_xgb_8192_multi_start_beam_main,7.297407319194062,a07d12f00188e92b,4.582857142857143,0.0,4.4,5580
407,xgb,8192,mutation_only_ga,main,1460,stagnation,xgb_boot5_sklearn_gbm_534080530f698dd9,2.7862806000048295,0.6566153998719528,14,1664,1444,0.8677884615384616,2,subruns\s407_xgb_8192_mutation_only_ga_main,7.996729899552061,47cf963289d55303,4.063673469387755,0.0,4.12,1452
407,xgb,1024,matched_seed_random_walk,refit,1024,budget_exhausted,xgb_boot5_sklearn_gbm_228d510cc6f3a0f0,1.061543999996502,0.4589364998973906,9,1008,1008,1.0,2,subruns\s407_xgb_1024_matched_seed_random_walk_refit,4.617659049073238,0acd353820423d8e,7.08,0.0,2.12,1016
407,xgb,1024,multi_start_hill_climb,refit,1024,budget_exhausted,xgb_boot5_sklearn_gbm_228d510cc6f3a0f0,0.9993757000193,0.482326400000602,30,1131,1008,0.8912466843501327,2,subruns\s407_xgb_1024_multi_start_hill_climb_refit,5.238299308846179,60a9a06211587669,4.608163265306122,0.0,4.66,1016
407,xgb,1024,multi_start_beam,refit,1023,stagnation,xgb_boot5_sklearn_gbm_228d510cc6f3a0f0,0.9242567000328563,0.4255473000812344,5,1046,1007,0.9627151051625239,2,subruns\s407_xgb_1024_multi_start_beam_refit,3.856784046169095,9e0910e98874ac82,6.539591836734694,0.0,2.04,1015
407,xgb,1024,mutation_only_ga,refit,1008,stagnation,xgb_boot5_sklearn_gbm_228d510cc6f3a0f0,1.9594411999569274,0.4917833000072278,10,1119,992,0.8865058087578195,2,subruns\s407_xgb_1024_mutation_only_ga_refit,2.5390066589317706,c75ee1e60e99ef5b,6.631836734693877,0.0,3.58,1000
407,xgb,1024,ga_tournament1,ablation,1024,budget_exhausted,xgb_boot5_sklearn_gbm_534080530f698dd9,1.8275681000086479,0.4539575999369845,11,1081,1008,0.9324699352451434,2,subruns\s407_xgb_1024_ga_tournament1_ablation,9.185841357374604,28f30d9c0f1eae7b,5.346938775510204,0.0,4.1,1016
407,xgb,1024,ga_tournament4,ablation,1024,stagnation,xgb_boot5_sklearn_gbm_534080530f698dd9,2.1667665999848396,0.5443895000498742,13,1193,1008,0.8449287510477788,2,subruns\s407_xgb_1024_ga_tournament4_ablation,8.233071853889452,4e96afdb1b5403a4,3.9918367346938775,0.0,4.24,1016
407,xgb,1024,ga_single_hop,ablation,1024,stagnation,xgb_boot5_sklearn_gbm_534080530f698dd9,1.300819700001739,0.47310250002192333,12,1197,1008,0.8421052631578947,2,subruns\s407_xgb_1024_ga_single_hop_ablation,8.475477802243173,8b102ffc4047b683,5.386938775510204,0.0,4.06,1016
407,rf,1024,matched_seed_random_walk,main,1024,budget_exhausted,rf300_seq303_e61ab67431cd323f,1.2930715999682434,0.6906802000012249,9,1008,1008,1.0,2,subruns\s407_rf_1024_matched_seed_random_walk_main,17.670054676925623,90676c812ba6e024,6.82204081632653,0.0,2.16,1016
407,rf,1024,multi_start_hill_climb,main,1024,budget_exhausted,rf300_seq303_e61ab67431cd323f,1.796994399977848,1.2057584997965023,30,1131,1008,0.8912466843501327,2,subruns\s407_rf_1024_multi_start_hill_climb_main,17.0571561755489,94dde92ed63e12df,3.498775510204082,0.0,4.84,1016
407,rf,1024,multi_start_beam,main,1023,stagnation,rf300_seq303_e61ab67431cd323f,1.0812333999783732,0.5975765000912361,5,1038,1007,0.9701348747591522,2,subruns\s407_rf_1024_multi_start_beam_main,16.861919144097243,3ec2031e4de6f33e,4.743673469387755,0.0,2.04,1015
407,rf,1024,mutation_only_ga,main,942,stagnation,rf300_seq303_e61ab67431cd323f,1.8978953000041656,0.6501634999876842,9,1024,926,0.904296875,2,subruns\s407_rf_1024_mutation_only_ga_main,16.861919144097243,15de9ea4d6e75e6d,3.729795918367347,0.0,3.2,934
407,rf,4096,matched_seed_random_walk,main,4096,budget_exhausted,rf300_seq303_e61ab67431cd323f,6.864366299996618,2.7859785999753512,33,4080,4080,1.0,2,subruns\s407_rf_4096_matched_seed_random_walk_main,16.861919144097243,ed52991c2173783f,5.779591836734694,0.0,2.68,4088
407,rf,4096,multi_start_hill_climb,main,2544,max_generations,rf300_seq303_e61ab67431cd323f,4.836203199985903,3.045444199757185,73,2796,2528,0.9041487839771102,2,subruns\s407_rf_4096_multi_start_hill_climb_main,16.861919144097243,15de9ea4d6e75e6d,4.420408163265306,0.0,4.18,2536
407,rf,4096,multi_start_beam,main,3282,stagnation,rf300_seq303_e61ab67431cd323f,3.0246856000158004,1.675304199976381,5,3584,3266,0.9112723214285714,2,subruns\s407_rf_4096_multi_start_beam_main,16.861919144097243,15de9ea4d6e75e6d,3.8269387755102042,0.0,3.22,3274
407,rf,4096,mutation_only_ga,main,942,stagnation,rf300_seq303_e61ab67431cd323f,1.958167799981311,0.6663200000766665,9,1024,926,0.904296875,2,subruns\s407_rf_4096_mutation_only_ga_main,16.861919144097243,15de9ea4d6e75e6d,3.729795918367347,0.0,3.2,934
407,rf,8192,matched_seed_random_walk,main,8192,budget_exhausted,rf300_seq303_e61ab67431cd323f,18.574509500002023,5.473747099633329,65,8176,8176,1.0,2,subruns\s407_rf_8192_matched_seed_random_walk_main,16.861919144097243,ed52991c2173783f,5.581224489795918,0.0,2.92,8184
407,rf,8192,multi_start_hill_climb,main,2544,max_generations,rf300_seq303_e61ab67431cd323f,4.850124399992637,3.0497733000083826,73,2796,2528,0.9041487839771102,2,subruns\s407_rf_8192_multi_start_hill_climb_main,16.861919144097243,15de9ea4d6e75e6d,4.420408163265306,0.0,4.18,2536
407,rf,8192,multi_start_beam,main,3282,stagnation,rf300_seq303_e61ab67431cd323f,2.848159699991811,1.5996484000934288,5,3584,3266,0.9112723214285714,2,subruns\s407_rf_8192_multi_start_beam_main,16.861919144097243,15de9ea4d6e75e6d,3.8269387755102042,0.0,3.22,3274
407,rf,8192,mutation_only_ga,main,942,stagnation,rf300_seq303_e61ab67431cd323f,1.9800617000437342,0.6617076999973506,9,1024,926,0.904296875,2,subruns\s407_rf_8192_mutation_only_ga_main,16.861919144097243,15de9ea4d6e75e6d,3.729795918367347,0.0,3.2,934
407,rf,1024,matched_seed_random_walk,refit,1024,budget_exhausted,rf300_seq303_49e6cf32fb3e3ecf,1.3194751999690197,0.7268622000701725,9,1008,1008,1.0,2,subruns\s407_rf_1024_matched_seed_random_walk_refit,16.982106324607713,518f54c56b77e23c,6.708571428571428,0.0,2.22,1016
407,rf,1024,multi_start_hill_climb,refit,1024,budget_exhausted,rf300_seq303_49e6cf32fb3e3ecf,1.7766508999629878,1.2551709000836127,30,1131,1008,0.8912466843501327,2,subruns\s407_rf_1024_multi_start_hill_climb_refit,16.580735532006514,b5857ee0575a2cb1,3.289795918367347,0.0,4.12,1016
407,rf,1024,multi_start_beam,refit,1023,stagnation,rf300_seq303_49e6cf32fb3e3ecf,1.0831493999576196,0.5589036000310443,4,1038,1007,0.9701348747591522,2,subruns\s407_rf_1024_multi_start_beam_refit,16.94846827383016,3ec2031e4de6f33e,4.966530612244898,0.0,2.06,1015
407,rf,1024,mutation_only_ga,refit,1024,stagnation,rf300_seq303_49e6cf32fb3e3ecf,2.253663300012704,0.7934703998616897,12,1120,1008,0.9,2,subruns\s407_rf_1024_mutation_only_ga_refit,16.425260496332495,c8a79473cc1d95c7,4.2122448979591836,0.0,3.36,1016
407,rf,1024,ga_tournament1,ablation,1023,stagnation,rf300_seq303_e61ab67431cd323f,2.230730000010226,0.767841600056272,12,1088,1007,0.9255514705882353,2,subruns\s407_rf_1024_ga_tournament1_ablation,16.861919144097243,3ec2031e4de6f33e,3.8612244897959185,0.0,3.66,1015
407,rf,1024,ga_tournament4,ablation,663,stagnation,rf300_seq303_e61ab67431cd323f,1.4653917999821715,0.5099741999874823,7,768,647,0.8424479166666666,2,subruns\s407_rf_1024_ga_tournament4_ablation,16.861919144097243,15de9ea4d6e75e6d,3.8685714285714288,0.0,3.36,655
407,rf,1024,ga_single_hop,ablation,1023,stagnation,rf300_seq303_e61ab67431cd323f,1.403637500014156,0.7692109001218341,12,1179,1007,0.8541136556403732,2,subruns\s407_rf_1024_ga_single_hop_ablation,16.861919144097243,15de9ea4d6e75e6d,3.623673469387755,0.0,3.32,1015
408,xgb,1024,matched_seed_random_walk,main,1024,budget_exhausted,xgb_boot5_sklearn_gbm_0e72b05e7894841c,1.1489944000495598,0.49902319989632815,9,1008,1008,1.0,2,subruns\s408_xgb_1024_matched_seed_random_walk_main,10.531257822989406,7f574e6df9893f37,8.071836734693878,0.0,2.16,1016
408,xgb,1024,multi_start_hill_climb,main,1024,budget_exhausted,xgb_boot5_sklearn_gbm_0e72b05e7894841c,1.0213410999858752,0.4916096999659203,30,1127,1008,0.8944099378881988,2,subruns\s408_xgb_1024_multi_start_hill_climb_main,2.0167404647450766,85dfe9bc6e64857b,5.304489795918367,0.0,4.88,1016
408,xgb,1024,multi_start_beam,main,1023,stagnation,xgb_boot5_sklearn_gbm_0e72b05e7894841c,0.963967900024727,0.44518070010235533,5,1042,1007,0.9664107485604606,2,subruns\s408_xgb_1024_multi_start_beam_main,6.645929362640745,085ddc1df40673b6,8.30938775510204,0.0,2.54,1015
408,xgb,1024,mutation_only_ga,main,1024,stagnation,xgb_boot5_sklearn_gbm_0e72b05e7894841c,1.9225508000236005,0.44476569996913895,11,1115,1008,0.9040358744394619,2,subruns\s408_xgb_1024_mutation_only_ga_main,2.0167404647450766,85dfe9bc6e64857b,6.502040816326531,0.0,4.58,1016
408,xgb,4096,matched_seed_random_walk,main,4096,budget_exhausted,xgb_boot5_sklearn_gbm_0e72b05e7894841c,5.77042590000201,1.8372175003169104,33,4080,4080,1.0,2,subruns\s408_xgb_4096_matched_seed_random_walk_main,9.200092094906704,134f329be4ab0c60,8.61061224489796,0.0,3.04,4088
408,xgb,4096,multi_start_hill_climb,main,2593,max_generations,xgb_boot5_sklearn_gbm_0e72b05e7894841c,2.972210699983407,1.1947994001675397,74,2819,2577,0.914153955303299,2,subruns\s408_xgb_4096_multi_start_hill_climb_main,2.0167404647450766,85dfe9bc6e64857b,6.489795918367347,0.0,4.84,2585
408,xgb,4096,multi_start_beam,main,4093,stagnation,xgb_boot5_sklearn_gbm_0e72b05e7894841c,4.876685400027782,2.335064599988982,8,4470,4077,0.9120805369127517,2,subruns\s408_xgb_4096_multi_start_beam_main,2.449273656180432,87f33d31c3cb77b5,6.7004081632653065,0.0,4.94,4085
408,xgb,4096,mutation_only_ga,main,1165,stagnation,xgb_boot5_sklearn_gbm_0e72b05e7894841c,3.0188107000431046,0.7385060001397505,11,1280,1149,0.89765625,2,subruns\s408_xgb_4096_mutation_only_ga_main,2.0167404647450766,85dfe9bc6e64857b,5.676734693877551,0.0,4.68,1157
408,xgb,8192,matched_seed_random_walk,main,8192,budget_exhausted,xgb_boot5_sklearn_gbm_0e72b05e7894841c,16.42693199997302,3.780234900128562,65,8176,8176,1.0,2,subruns\s408_xgb_8192_matched_seed_random_walk_main,7.253016288054807,efc5d0993d00efd2,8.717551020408163,0.0,3.52,8184
408,xgb,8192,multi_start_hill_climb,main,2593,max_generations,xgb_boot5_sklearn_gbm_0e72b05e7894841c,3.166390699974727,1.27494799986016,74,2819,2577,0.914153955303299,2,subruns\s408_xgb_8192_multi_start_hill_climb_main,2.0167404647450766,85dfe9bc6e64857b,6.489795918367347,0.0,4.84,2585
408,xgb,8192,multi_start_beam,main,5838,stagnation,xgb_boot5_sklearn_gbm_0e72b05e7894841c,4.83348680002382,2.443794800026808,8,6656,5822,0.8746995192307693,2,subruns\s408_xgb_8192_multi_start_beam_main,2.449273656180432,87f33d31c3cb77b5,6.307755102040816,0.0,5.14,5830
408,xgb,8192,mutation_only_ga,main,1165,stagnation,xgb_boot5_sklearn_gbm_0e72b05e7894841c,2.195787200005725,0.5406769998953678,11,1280,1149,0.89765625,2,subruns\s408_xgb_8192_mutation_only_ga_main,2.0167404647450766,85dfe9bc6e64857b,5.676734693877551,0.0,4.68,1157
408,xgb,1024,matched_seed_random_walk,refit,1024,budget_exhausted,xgb_boot5_sklearn_gbm_9c1098bf814bb17e,1.0555003000190482,0.4333327999920584,9,1008,1008,1.0,2,subruns\s408_xgb_1024_matched_seed_random_walk_refit,8.86585493979363,749e5b87257fd80f,8.235918367346938,0.0,2.26,1016
408,xgb,1024,multi_start_hill_climb,refit,1024,budget_exhausted,xgb_boot5_sklearn_gbm_9c1098bf814bb17e,1.0105136000202037,0.521204300050158,30,1131,1008,0.8912466843501327,2,subruns\s408_xgb_1024_multi_start_hill_climb_refit,1.327741243925241,4a7689ce23f393c8,4.817959183673469,0.0,4.48,1016
408,xgb,1024,multi_start_beam,refit,1023,stagnation,xgb_boot5_sklearn_gbm_9c1098bf814bb17e,0.9904658999876119,0.4771799999871291,5,1034,1007,0.9738878143133463,2,subruns\s408_xgb_1024_multi_start_beam_refit,6.0919808632479615,085ddc1df40673b6,6.538775510204082,0.0,2.2,1015
408,xgb,1024,mutation_only_ga,refit,1024,budget_exhausted,xgb_boot5_sklearn_gbm_9c1098bf814bb17e,1.9541285999584943,0.4896988999680616,11,1112,1008,0.9064748201438849,2,subruns\s408_xgb_1024_mutation_only_ga_refit,4.830988857286249,e100b1bf83784685,5.939591836734694,0.0,4.18,1016
408,xgb,1024,ga_tournament1,ablation,1024,budget_exhausted,xgb_boot5_sklearn_gbm_0e72b05e7894841c,1.8036871000076644,0.4739546000491828,12,1089,1008,0.9256198347107438,2,subruns\s408_xgb_1024_ga_tournament1_ablation,4.857149622416953,3885971be5b2059e,5.301224489795918,0.02,5.12,1016
408,xgb,1024,ga_tournament4,ablation,1024,budget_exhausted,xgb_boot5_sklearn_gbm_0e72b05e7894841c,2.120838399976492,0.465773300093133,12,1161,1008,0.8682170542635659,2,subruns\s408_xgb_1024_ga_tournament4_ablation,2.7871923723047076,7c8000af38436e89,4.462040816326531,0.0,5.16,1016
408,xgb,1024,ga_single_hop,ablation,1024,budget_exhausted,xgb_boot5_sklearn_gbm_0e72b05e7894841c,1.2142327000037767,0.5231687999330461,13,1172,1008,0.8600682593856656,2,subruns\s408_xgb_1024_ga_single_hop_ablation,2.5413751305565206,2ac099b950d516b4,5.469387755102041,0.0,4.86,1016
408,rf,1024,matched_seed_random_walk,main,1024,budget_exhausted,rf300_seq303_b5b4bff6b97e35c4,1.3629429999855347,0.7456401000381447,9,1008,1008,1.0,2,subruns\s408_rf_1024_matched_seed_random_walk_main,18.347203328900523,52361458c1d6e018,6.778775510204081,0.0,2.38,1016
408,rf,1024,multi_start_hill_climb,main,1024,budget_exhausted,rf300_seq303_b5b4bff6b97e35c4,1.7188613000325859,1.2241159998811781,30,1131,1008,0.8912466843501327,2,subruns\s408_rf_1024_multi_start_hill_climb_main,17.340119361855297,54b6cdbefb7f7c3c,5.237551020408163,0.0,4.1,1016
408,rf,1024,multi_start_beam,main,1024,budget_exhausted,rf300_seq303_b5b4bff6b97e35c4,1.0139098999788985,0.5619615000323392,4,1033,1008,0.9757986447241046,2,subruns\s408_rf_1024_multi_start_beam_main,17.727926533626416,4adeba3f7aeef9a6,4.538775510204082,0.0,2.18,1016
408,rf,1024,mutation_only_ga,main,914,stagnation,rf300_seq303_b5b4bff6b97e35c4,1.9536622000159696,0.6832684999681078,9,1024,898,0.876953125,2,subruns\s408_rf_1024_mutation_only_ga_main,17.71870428050646,91d202575f7e7902,6.076734693877551,0.0,3.12,906
408,rf,4096,matched_seed_random_walk,main,4096,budget_exhausted,rf300_seq303_b5b4bff6b97e35c4,6.915291999990586,2.7833566001500003,33,4080,4080,1.0,2,subruns\s408_rf_4096_matched_seed_random_walk_main,17.72085079414078,9e14aab47f568103,6.3730612244897955,0.0,3.08,4088
408,rf,4096,multi_start_hill_climb,main,2499,max_generations,rf300_seq303_b5b4bff6b97e35c4,4.833045299979858,3.0846720999106765,71,2730,2483,0.9095238095238095,2,subruns\s408_rf_4096_multi_start_hill_climb_main,17.161903734506165,1a05200fc878cb66,4.40734693877551,0.0,4.56,2491
408,rf,4096,multi_start_beam,main,4096,budget_exhausted,rf300_seq303_b5b4bff6b97e35c4,4.072779000038281,2.0864529001992196,9,4672,4080,0.8732876712328768,2,subruns\s408_rf_4096_multi_start_beam_main,17.24274851825355,2a182a5057c08012,4.831836734693877,0.0,4.42,4088
408,rf,4096,mutation_only_ga,main,914,stagnation,rf300_seq303_b5b4bff6b97e35c4,1.9197144999634475,0.6694401999702677,9,1024,898,0.876953125,2,subruns\s408_rf_4096_mutation_only_ga_main,17.71870428050646,91d202575f7e7902,6.076734693877551,0.0,3.12,906
408,rf,8192,matched_seed_random_walk,main,8192,budget_exhausted,rf300_seq303_b5b4bff6b97e35c4,18.224170700006653,5.459853599895723,65,8176,8176,1.0,2,subruns\s408_rf_8192_matched_seed_random_walk_main,17.72085079414078,9e14aab47f568103,6.0383673469387755,0.0,2.86,8184
408,rf,8192,multi_start_hill_climb,main,2499,max_generations,rf300_seq303_b5b4bff6b97e35c4,4.487903900037054,2.8924806001596153,71,2730,2483,0.9095238095238095,2,subruns\s408_rf_8192_multi_start_hill_climb_main,17.161903734506165,1a05200fc878cb66,4.40734693877551,0.0,4.56,2491
408,rf,8192,multi_start_beam,main,7405,stagnation,rf300_seq303_b5b4bff6b97e35c4,7.444164999993518,3.9886421000701375,11,9728,7389,0.7595600328947368,2,subruns\s408_rf_8192_multi_start_beam_main,17.161903734506165,1a05200fc878cb66,4.268571428571429,0.0,5.0,7397
408,rf,8192,mutation_only_ga,main,914,stagnation,rf300_seq303_b5b4bff6b97e35c4,1.9872465000371449,0.6486378000699915,9,1024,898,0.876953125,2,subruns\s408_rf_8192_mutation_only_ga_main,17.71870428050646,91d202575f7e7902,6.076734693877551,0.0,3.12,906
408,rf,1024,matched_seed_random_walk,refit,1024,budget_exhausted,rf300_seq303_653850522ff02542,1.414812000002712,0.7470306000905111,9,1008,1008,1.0,2,subruns\s408_rf_1024_matched_seed_random_walk_refit,17.862197172562954,7a1e8d4217c560f8,7.234285714285714,0.0,2.56,1016
408,rf,1024,multi_start_hill_climb,refit,1024,budget_exhausted,rf300_seq303_653850522ff02542,1.8483765000128187,1.3033913001418114,30,1131,1008,0.8912466843501327,2,subruns\s408_rf_1024_multi_start_hill_climb_refit,17.445851836163232,dfc60e82e5b481d7,4.3461224489795915,0.0,4.42,1016
408,rf,1024,multi_start_beam,refit,1021,stagnation,rf300_seq303_653850522ff02542,1.1662580000120215,0.5521621999214403,4,1030,1005,0.9757281553398058,2,subruns\s408_rf_1024_multi_start_beam_refit,17.790002291516277,86fb47b833ecd04a,4.377959183673469,0.0,2.08,1013
408,rf,1024,mutation_only_ga,refit,1024,stagnation,rf300_seq303_653850522ff02542,2.313105800014455,0.7688197999377735,12,1123,1008,0.8975957257346393,2,subruns\s408_rf_1024_mutation_only_ga_refit,17.602356974243204,ba86299052c1719b,5.935510204081632,0.0,3.08,1016
408,rf,1024,ga_tournament1,ablation,1024,budget_exhausted,rf300_seq303_b5b4bff6b97e35c4,2.136957199953031,0.7704950000043027,12,1096,1008,0.9197080291970803,2,subruns\s408_rf_1024_ga_tournament1_ablation,17.716766385884323,e57fb5d8c0c18800,5.9714285714285715,0.0,3.28,1016
408,rf,1024,ga_tournament4,ablation,1024,budget_exhausted,rf300_seq303_b5b4bff6b97e35c4,2.3323221000027843,0.8085351000772789,13,1182,1008,0.8527918781725888,2,subruns\s408_rf_1024_ga_tournament4_ablation,17.505429381843143,eee865019d1d54d6,4.164897959183674,0.0,4.2,1016
408,rf,1024,ga_single_hop,ablation,1024,stagnation,rf300_seq303_b5b4bff6b97e35c4,1.4630793000105768,0.805717800045386,13,1177,1008,0.8564146134239592,2,subruns\s408_rf_1024_ga_single_hop_ablation,17.55313114872232,2bedad6d48efa835,3.7885714285714287,0.0,4.16,1016
409,xgb,1024,matched_seed_random_walk,main,1024,budget_exhausted,xgb_boot5_sklearn_gbm_c5a0c39fc06380af,1.1349015000159852,0.49343700002646074,9,1008,1008,1.0,2,subruns\s409_xgb_1024_matched_seed_random_walk_main,9.861766758176449,35f4d905aae82907,7.718367346938775,0.02,2.86,1016
409,xgb,1024,multi_start_hill_climb,main,1024,budget_exhausted,xgb_boot5_sklearn_gbm_c5a0c39fc06380af,1.2736329000326805,0.6349296998232603,30,1131,1008,0.8912466843501327,2,subruns\s409_xgb_1024_multi_start_hill_climb_main,4.626087157824513,0227edd9dd025d8d,3.660408163265306,0.0,5.08,1016
409,xgb,1024,multi_start_beam,main,1024,budget_exhausted,xgb_boot5_sklearn_gbm_c5a0c39fc06380af,0.9938914999947883,0.45216660003643483,5,1029,1008,0.9795918367346939,2,subruns\s409_xgb_1024_multi_start_beam_main,6.917966569084948,377d542f62b5861a,7.288163265306123,0.08,2.9,1016
409,xgb,1024,mutation_only_ga,main,1024,budget_exhausted,xgb_boot5_sklearn_gbm_c5a0c39fc06380af,1.9770713999751024,0.5061937001300976,11,1081,1008,0.9324699352451434,2,subruns\s409_xgb_1024_mutation_only_ga_main,5.542988402109335,7719db99649d92be,5.519183673469388,0.0,4.8,1016
409,xgb,4096,matched_seed_random_walk,main,4096,budget_exhausted,xgb_boot5_sklearn_gbm_c5a0c39fc06380af,5.983851600030903,1.8898548003053293,33,4080,4080,1.0,2,subruns\s409_xgb_4096_matched_seed_random_walk_main,9.092977039084706,f95fd8b2285a413e,7.249795918367347,0.0,3.7,4088
409,xgb,4096,multi_start_hill_climb,main,2601,max_generations,xgb_boot5_sklearn_gbm_c5a0c39fc06380af,3.054750100011006,1.2740454006707296,74,2839,2585,0.9105318774216273,2,subruns\s409_xgb_4096_multi_start_hill_climb_main,4.617619101722072,0912e34a1c8d31ce,3.6587755102040815,0.0,5.08,2593
409,xgb,4096,multi_start_beam,main,4094,stagnation,xgb_boot5_sklearn_gbm_c5a0c39fc06380af,3.5028889999957755,1.7867615000577644,8,4399,4078,0.9270288701977722,2,subruns\s409_xgb_4096_multi_start_beam_main,4.719617447135192,e14f50d4bec11705,4.78204081632653,0.0,5.1,4086
409,xgb,4096,mutation_only_ga,main,2090,stagnation,xgb_boot5_sklearn_gbm_c5a0c39fc06380af,4.08367989998078,0.9558744000969455,20,2432,2074,0.852796052631579,2,subruns\s409_xgb_4096_mutation_only_ga_main,4.626087157824513,0227edd9dd025d8d,3.8391836734693876,0.0,5.16,2082
409,xgb,8192,matched_seed_random_walk,main,8192,budget_exhausted,xgb_boot5_sklearn_gbm_c5a0c39fc06380af,15.979242900037207,3.68482500029495,65,8176,8176,1.0,2,subruns\s409_xgb_8192_matched_seed_random_walk_main,9.092977039084706,f95fd8b2285a413e,7.337142857142857,0.0,3.84,8184
409,xgb,8192,multi_start_hill_climb,main,2601,max_generations,xgb_boot5_sklearn_gbm_c5a0c39fc06380af,3.0229315999895334,1.2353532002307475,74,2839,2585,0.9105318774216273,2,subruns\s409_xgb_8192_multi_start_hill_climb_main,4.617619101722072,0912e34a1c8d31ce,3.6587755102040815,0.0,5.08,2593
409,xgb,8192,multi_start_beam,main,7085,stagnation,xgb_boot5_sklearn_gbm_c5a0c39fc06380af,6.2372866999940015,3.1290339999832213,10,8704,7069,0.8121553308823529,2,subruns\s409_xgb_8192_multi_start_beam_main,4.617619101722072,0912e34a1c8d31ce,3.783673469387755,0.0,5.06,7077
409,xgb,8192,mutation_only_ga,main,2090,stagnation,xgb_boot5_sklearn_gbm_c5a0c39fc06380af,4.154277699999511,0.9684969000518322,20,2432,2074,0.852796052631579,2,subruns\s409_xgb_8192_mutation_only_ga_main,4.626087157824513,0227edd9dd025d8d,3.8391836734693876,0.0,5.16,2082
409,xgb,1024,matched_seed_random_walk,refit,1024,budget_exhausted,xgb_boot5_sklearn_gbm_f63d45258bcad349,1.1399961999850348,0.503011999942828,9,1008,1008,1.0,2,subruns\s409_xgb_1024_matched_seed_random_walk_refit,10.915802042096448,efa75cf76d7be656,7.589387755102041,0.0,2.32,1016
409,xgb,1024,multi_start_hill_climb,refit,1024,budget_exhausted,xgb_boot5_sklearn_gbm_f63d45258bcad349,1.021584999980405,0.49402320000808686,30,1131,1008,0.8912466843501327,2,subruns\s409_xgb_1024_multi_start_hill_climb_refit,7.119125758194642,273144e0eccc4464,3.3526530612244896,0.0,3.7,1016
409,xgb,1024,multi_start_beam,refit,1024,budget_exhausted,xgb_boot5_sklearn_gbm_f63d45258bcad349,1.0187648000428453,0.47527729999274015,4,1021,1008,0.9872673849167483,2,subruns\s409_xgb_1024_multi_start_beam_refit,9.84555999798954,58ed47ed7c4e7501,7.2424489795918365,0.0,2.78,1016
409,xgb,1024,mutation_only_ga,refit,1024,budget_exhausted,xgb_boot5_sklearn_gbm_f63d45258bcad349,1.9163853999925777,0.44618639984400943,11,1112,1008,0.9064748201438849,2,subruns\s409_xgb_1024_mutation_only_ga_refit,8.321743641219582,b7e84c934bf1c3a5,5.2089795918367345,0.0,4.14,1016
409,xgb,1024,ga_tournament1,ablation,1024,budget_exhausted,xgb_boot5_sklearn_gbm_c5a0c39fc06380af,1.9447607999900356,0.4668402001261711,10,1065,1008,0.9464788732394366,2,subruns\s409_xgb_1024_ga_tournament1_ablation,6.5026572725316285,a45ea2b0b62b2479,5.043265306122449,0.0,5.26,1016
409,xgb,1024,ga_tournament4,ablation,1024,budget_exhausted,xgb_boot5_sklearn_gbm_c5a0c39fc06380af,1.9053162999916822,0.4523085000109859,12,1130,1008,0.8920353982300885,2,subruns\s409_xgb_1024_ga_tournament4_ablation,4.687093166984779,ba0191edb7a23881,3.532244897959184,0.0,5.12,1016
409,xgb,1024,ga_single_hop,ablation,1024,budget_exhausted,xgb_boot5_sklearn_gbm_c5a0c39fc06380af,1.165366500033997,0.47817679995205253,12,1177,1008,0.8564146134239592,2,subruns\s409_xgb_1024_ga_single_hop_ablation,4.617619101722072,0912e34a1c8d31ce,4.559183673469388,0.0,4.92,1016
409,rf,1024,matched_seed_random_walk,main,1024,budget_exhausted,rf300_seq303_c9c2e07efd3709e6,1.843360600003507,1.0072730000247248,9,1008,1008,1.0,2,subruns\s409_rf_1024_matched_seed_random_walk_main,18.27614283784552,3c3828634a2bea86,6.68,0.0,2.1,1016
409,rf,1024,multi_start_hill_climb,main,1024,budget_exhausted,rf300_seq303_c9c2e07efd3709e6,2.174966399965342,1.5821017998969182,30,1131,1008,0.8912466843501327,2,subruns\s409_rf_1024_multi_start_hill_climb_main,18.229728982331018,ef5aa2acc29ac091,3.810612244897959,0.0,2.92,1016
409,rf,1024,multi_start_beam,main,1017,stagnation,rf300_seq303_c9c2e07efd3709e6,1.0984923000214621,0.6031885000411421,4,1057,1001,0.9470198675496688,2,subruns\s409_rf_1024_multi_start_beam_main,18.255941130757318,721bff910e09e786,4.076734693877551,0.0,2.16,1009
409,rf,1024,mutation_only_ga,main,929,stagnation,rf300_seq303_c9c2e07efd3709e6,2.0500825999770314,0.7286812999518588,9,1024,913,0.8916015625,2,subruns\s409_rf_1024_mutation_only_ga_main,18.255941130757318,721bff910e09e786,3.716734693877551,0.0,2.6,921
409,rf,4096,matched_seed_random_walk,main,4096,budget_exhausted,rf300_seq303_c9c2e07efd3709e6,6.9718541000038385,2.741000999987591,33,4080,4080,1.0,2,subruns\s409_rf_4096_matched_seed_random_walk_main,18.27614283784552,3c3828634a2bea86,4.495510204081633,0.0,2.24,4088
409,rf,4096,multi_start_hill_climb,main,2604,max_generations,rf300_seq303_c9c2e07efd3709e6,5.843249499972444,3.7356096998555586,74,2839,2588,0.9115885875308207,2,subruns\s409_rf_4096_multi_start_hill_climb_main,18.210842882769704,17a9497251dead5d,4.684081632653061,0.0,3.12,2596
409,rf,4096,multi_start_beam,main,3945,stagnation,rf300_seq303_c9c2e07efd3709e6,3.7192502000252716,1.9198159000370651,6,4398,3929,0.8933606184629377,2,subruns\s409_rf_4096_multi_start_beam_main,18.229728982331018,ef5aa2acc29ac091,3.462857142857143,0.0,2.56,3937
409,rf,4096,mutation_only_ga,main,929,stagnation,rf300_seq303_c9c2e07efd3709e6,2.108587200054899,0.7768251999514177,9,1024,913,0.8916015625,2,subruns\s409_rf_4096_mutation_only_ga_main,18.255941130757318,721bff910e09e786,3.716734693877551,0.0,2.6,921
409,rf,8192,matched_seed_random_walk,main,8192,budget_exhausted,rf300_seq303_c9c2e07efd3709e6,18.652291300008073,5.542018800566439,65,8176,8176,1.0,2,subruns\s409_rf_8192_matched_seed_random_walk_main,18.255941130757318,721bff910e09e786,3.7755102040816326,0.0,2.22,8184
409,rf,8192,multi_start_hill_climb,main,2604,max_generations,rf300_seq303_c9c2e07efd3709e6,4.87874539999757,3.100889600114897,74,2839,2588,0.9115885875308207,2,subruns\s409_rf_8192_multi_start_hill_climb_main,18.210842882769704,17a9497251dead5d,4.684081632653061,0.0,3.12,2596
409,rf,8192,multi_start_beam,main,4119,stagnation,rf300_seq303_c9c2e07efd3709e6,3.9226928999996744,2.1449170999694616,6,4608,4103,0.8904079861111112,2,subruns\s409_rf_8192_multi_start_beam_main,18.229728982331018,ef5aa2acc29ac091,3.4293877551020406,0.0,2.64,4111
409,rf,8192,mutation_only_ga,main,929,stagnation,rf300_seq303_c9c2e07efd3709e6,1.9202102999552153,0.6924288999871351,9,1024,913,0.8916015625,2,subruns\s409_rf_8192_mutation_only_ga_main,18.255941130757318,721bff910e09e786,3.716734693877551,0.0,2.6,921
409,rf,1024,matched_seed_random_walk,refit,1024,budget_exhausted,rf300_seq303_9be16d73a3590b75,1.3680236000218429,0.7336180999409407,9,1008,1008,1.0,2,subruns\s409_rf_1024_matched_seed_random_walk_refit,17.73253413230646,3c3828634a2bea86,6.9281632653061225,0.0,2.06,1016
409,rf,1024,multi_start_hill_climb,refit,1024,budget_exhausted,rf300_seq303_9be16d73a3590b75,1.783171399962157,1.2521869001793675,30,1131,1008,0.8912466843501327,2,subruns\s409_rf_1024_multi_start_hill_climb_refit,17.73253413230646,3c3828634a2bea86,4.775510204081633,0.0,3.18,1016
409,rf,1024,multi_start_beam,refit,1023,stagnation,rf300_seq303_9be16d73a3590b75,1.1421304999967106,0.636687999998685,5,1048,1007,0.9608778625954199,2,subruns\s409_rf_1024_multi_start_beam_refit,17.87421726162178,bc6dbe03b28b497e,3.5420408163265305,0.0,2.08,1015
409,rf,1024,mutation_only_ga,refit,688,stagnation,rf300_seq303_9be16d73a3590b75,1.4139044999610633,0.512088299903553,7,768,672,0.875,2,subruns\s409_rf_1024_mutation_only_ga_refit,17.73253413230646,3c3828634a2bea86,3.3771428571428572,0.0,2.1,680
409,rf,1024,ga_tournament1,ablation,1024,budget_exhausted,rf300_seq303_c9c2e07efd3709e6,2.194898599991575,0.7242362998658791,11,1073,1008,0.9394221808014911,2,subruns\s409_rf_1024_ga_tournament1_ablation,18.27077438406788,2948314f389a53c9,4.448979591836735,0.0,3.26,1016
409,rf,1024,ga_tournament4,ablation,716,stagnation,rf300_seq303_c9c2e07efd3709e6,1.7604734000051394,0.5539538998855278,8,896,700,0.78125,2,subruns\s409_rf_1024_ga_tournament4_ablation,18.229728982331018,ef5aa2acc29ac091,3.159183673469388,0.0,2.26,708
409,rf,1024,ga_single_hop,ablation,770,stagnation,rf300_seq303_c9c2e07efd3709e6,1.1812318000011146,0.6483207000419497,8,896,754,0.8415178571428571,2,subruns\s409_rf_1024_ga_single_hop_ablation,18.26399303378749,8b60fb4901777243,3.386122448979592,0.0,2.62,762
410,xgb,1024,matched_seed_random_walk,main,1024,budget_exhausted,xgb_boot5_sklearn_gbm_033535545f4e4e8f,1.097983399988152,0.47284110012697056,9,1008,1008,1.0,2,subruns\s410_xgb_1024_matched_seed_random_walk_main,10.914425660027499,4201fa97974bb860,6.142857142857143,0.0,2.1,1016
410,xgb,1024,multi_start_hill_climb,main,1024,budget_exhausted,xgb_boot5_sklearn_gbm_033535545f4e4e8f,0.9745405999710783,0.47864000021945685,30,1131,1008,0.8912466843501327,2,subruns\s410_xgb_1024_multi_start_hill_climb_main,6.467881627395835,fa22e8992b269139,4.399183673469388,0.0,4.96,1016
410,xgb,1024,multi_start_beam,main,1023,stagnation,xgb_boot5_sklearn_gbm_033535545f4e4e8f,0.9665980999707244,0.4621319000143558,5,1038,1007,0.9701348747591522,2,subruns\s410_xgb_1024_multi_start_beam_main,9.390454644019886,b26be65d84ff3d9b,5.688979591836735,0.02,2.48,1015
410,xgb,1024,mutation_only_ga,main,1024,budget_exhausted,xgb_boot5_sklearn_gbm_033535545f4e4e8f,1.7379884999827482,0.45974319986999035,11,1096,1008,0.9197080291970803,2,subruns\s410_xgb_1024_mutation_only_ga_main,6.696302906010535,69bd318c5c1a4f58,4.782857142857143,0.0,4.48,1016
410,xgb,4096,matched_seed_random_walk,main,4096,budget_exhausted,xgb_boot5_sklearn_gbm_033535545f4e4e8f,5.858872299955692,1.8498351000598632,33,4080,4080,1.0,2,subruns\s410_xgb_4096_matched_seed_random_walk_main,10.914425660027499,4201fa97974bb860,6.112653061224489,0.0,2.64,4088
410,xgb,4096,multi_start_hill_climb,main,2657,max_generations,xgb_boot5_sklearn_gbm_033535545f4e4e8f,3.0361900000134483,1.2167961999657564,75,2882,2641,0.9163775156141568,2,subruns\s410_xgb_4096_multi_start_hill_climb_main,6.467881627395835,fa22e8992b269139,5.266938775510204,0.0,4.62,2649
410,xgb,4096,multi_start_beam,main,4074,stagnation,xgb_boot5_sklearn_gbm_033535545f4e4e8f,3.696904100012034,1.8002104000770487,7,4491,4058,0.903584947673124,2,subruns\s410_xgb_4096_multi_start_beam_main,6.467881627395835,fa22e8992b269139,3.9151020408163264,0.0,4.56,4066
410,xgb,4096,mutation_only_ga,main,1272,stagnation,xgb_boot5_sklearn_gbm_033535545f4e4e8f,2.188183000020217,0.5701191000989638,12,1408,1256,0.8920454545454546,2,subruns\s410_xgb_4096_mutation_only_ga_main,6.696302906010535,69bd318c5c1a4f58,4.25795918367347,0.0,4.44,1264
410,xgb,8192,matched_seed_random_walk,main,8192,budget_exhausted,xgb_boot5_sklearn_gbm_033535545f4e4e8f,16.238488400005735,3.7788539998582564,65,8176,8176,1.0,2,subruns\s410_xgb_8192_matched_seed_random_walk_main,10.535834499558272,e673e7d4758206e4,6.2791836734693875,0.0,3.04,8184
410,xgb,8192,multi_start_hill_climb,main,2657,max_generations,xgb_boot5_sklearn_gbm_033535545f4e4e8f,3.591368099965621,1.4348353003733791,75,2882,2641,0.9163775156141568,2,subruns\s410_xgb_8192_multi_start_hill_climb_main,6.467881627395835,fa22e8992b269139,5.266938775510204,0.0,4.62,2649
410,xgb,8192,multi_start_beam,main,4992,stagnation,xgb_boot5_sklearn_gbm_033535545f4e4e8f,4.819436500023585,2.4002637999947183,7,5632,4976,0.8835227272727273,2,subruns\s410_xgb_8192_multi_start_beam_main,6.467881627395835,fa22e8992b269139,3.3779591836734695,0.0,4.74,4984
410,xgb,8192,mutation_only_ga,main,1272,stagnation,xgb_boot5_sklearn_gbm_033535545f4e4e8f,2.2271307000191882,0.572474300104659,12,1408,1256,0.8920454545454546,2,subruns\s410_xgb_8192_mutation_only_ga_main,6.696302906010535,69bd318c5c1a4f58,4.25795918367347,0.0,4.44,1264
410,xgb,1024,matched_seed_random_walk,refit,1024,budget_exhausted,xgb_boot5_sklearn_gbm_27b9893b56b09aa4,1.0596783999935724,0.45667489990592003,9,1008,1008,1.0,2,subruns\s410_xgb_1024_matched_seed_random_walk_refit,11.160444173049285,7e9013bd8fcf2409,6.44734693877551,0.0,1.94,1016
410,xgb,1024,multi_start_hill_climb,refit,1024,budget_exhausted,xgb_boot5_sklearn_gbm_27b9893b56b09aa4,1.0227642999961972,0.5068273001234047,30,1131,1008,0.8912466843501327,2,subruns\s410_xgb_1024_multi_start_hill_climb_refit,7.974935213926278,26632b0626939bf7,3.1853061224489796,0.0,4.54,1016
410,xgb,1024,multi_start_beam,refit,1024,budget_exhausted,xgb_boot5_sklearn_gbm_27b9893b56b09aa4,0.9683434999897145,0.46571530000073835,5,1044,1008,0.9655172413793104,2,subruns\s410_xgb_1024_multi_start_beam_refit,9.593019251077646,d43bbda70579b5f0,6.85469387755102,0.0,2.3,1016
410,xgb,1024,mutation_only_ga,refit,1024,budget_exhausted,xgb_boot5_sklearn_gbm_27b9893b56b09aa4,2.2604827000177465,0.5677468999056146,12,1155,1008,0.8727272727272727,2,subruns\s410_xgb_1024_mutation_only_ga_refit,8.491043734740694,7fe3d8d2840d8206,3.9853061224489794,0.0,4.46,1016
410,xgb,1024,ga_tournament1,ablation,1024,budget_exhausted,xgb_boot5_sklearn_gbm_033535545f4e4e8f,2.3418296999880113,0.5669017000473104,11,1079,1008,0.9341983317886933,2,subruns\s410_xgb_1024_ga_tournament1_ablation,6.930667993379532,3cb153195182cb3f,5.169795918367347,0.0,4.54,1016
410,xgb,1024,ga_tournament4,ablation,869,stagnation,xgb_boot5_sklearn_gbm_033535545f4e4e8f,1.8227333999820985,0.4292737999930978,9,1024,853,0.8330078125,2,subruns\s410_xgb_1024_ga_tournament4_ablation,8.2174703737008,d05b31877555c9c7,3.559183673469388,0.0,3.8,861
410,xgb,1024,ga_single_hop,ablation,1022,stagnation,xgb_boot5_sklearn_gbm_033535545f4e4e8f,1.1260538000497036,0.49847559991758317,12,1178,1006,0.8539898132427843,2,subruns\s410_xgb_1024_ga_single_hop_ablation,7.721010106171294,1dfd0af7ba61485d,4.696326530612245,0.0,3.88,1014
410,rf,1024,matched_seed_random_walk,main,1024,budget_exhausted,rf300_seq303_50322197f9f416d1,1.4286651999573223,0.718044999986887,9,1008,1008,1.0,2,subruns\s410_rf_1024_matched_seed_random_walk_main,18.697880486854675,38dfed4d7eb8a963,7.18938775510204,0.0,1.9,1016
410,rf,1024,multi_start_hill_climb,main,1024,budget_exhausted,rf300_seq303_50322197f9f416d1,2.071291000000201,1.4632624000660144,30,1131,1008,0.8912466843501327,2,subruns\s410_rf_1024_multi_start_hill_climb_main,18.105887965822625,31c0b13a40fd5a1a,4.254693877551021,0.0,3.28,1016
410,rf,1024,multi_start_beam,main,1024,stagnation,rf300_seq303_50322197f9f416d1,1.1283136999700218,0.6003164999419823,5,1041,1008,0.968299711815562,2,subruns\s410_rf_1024_multi_start_beam_main,18.316551686449415,0a5cb199407de6ca,5.070204081632653,0.0,2.6,1016
410,rf,1024,mutation_only_ga,main,925,stagnation,rf300_seq303_50322197f9f416d1,1.8536979000200517,0.6876238999539055,9,1024,909,0.8876953125,2,subruns\s410_rf_1024_mutation_only_ga_main,18.105887965822625,31c0b13a40fd5a1a,3.739591836734694,0.0,3.32,917
410,rf,4096,matched_seed_random_walk,main,4096,budget_exhausted,rf300_seq303_50322197f9f416d1,6.845919199986383,2.7512619998306036,33,4080,4080,1.0,2,subruns\s410_rf_4096_matched_seed_random_walk_main,18.697880486854675,38dfed4d7eb8a963,7.126530612244898,0.0,3.1,4088
410,rf,4096,multi_start_hill_climb,main,2562,max_generations,rf300_seq303_50322197f9f416d1,4.977619599958416,3.1200315996538848,73,2804,2546,0.9079885877318117,2,subruns\s410_rf_4096_multi_start_hill_climb_main,18.011945655569306,88d263c7598774c5,4.533877551020408,0.0,4.02,2554
410,rf,4096,multi_start_beam,main,4091,stagnation,rf300_seq303_50322197f9f416d1,3.888772299978882,2.002556299965363,8,4545,4075,0.8965896589658966,2,subruns\s410_rf_4096_multi_start_beam_main,18.011945655569306,88d263c7598774c5,4.0922448979591834,0.0,3.34,4083
410,rf,4096,mutation_only_ga,main,925,stagnation,rf300_seq303_50322197f9f416d1,1.8276537000201643,0.6798791000619531,9,1024,909,0.8876953125,2,subruns\s410_rf_4096_mutation_only_ga_main,18.105887965822625,31c0b13a40fd5a1a,3.739591836734694,0.0,3.32,917
410,rf,8192,matched_seed_random_walk,main,8192,budget_exhausted,rf300_seq303_50322197f9f416d1,18.856102299992926,5.630245800013654,65,8176,8176,1.0,2,subruns\s410_rf_8192_matched_seed_random_walk_main,18.697880486854675,38dfed4d7eb8a963,7.43265306122449,0.0,3.12,8184
410,rf,8192,multi_start_hill_climb,main,2562,max_generations,rf300_seq303_50322197f9f416d1,5.123787599964999,3.3445484999683686,73,2804,2546,0.9079885877318117,2,subruns\s410_rf_8192_multi_start_hill_climb_main,18.011945655569306,88d263c7598774c5,4.533877551020408,0.0,4.02,2554
410,rf,8192,multi_start_beam,main,5647,stagnation,rf300_seq303_50322197f9f416d1,6.304268200008664,3.462494100094773,8,6656,5631,0.8460036057692307,2,subruns\s410_rf_8192_multi_start_beam_main,18.011945655569306,88d263c7598774c5,4.42530612244898,0.0,3.92,5639
410,rf,8192,mutation_only_ga,main,925,stagnation,rf300_seq303_50322197f9f416d1,2.4709530000109226,0.8492633999558166,9,1024,909,0.8876953125,2,subruns\s410_rf_8192_mutation_only_ga_main,18.105887965822625,31c0b13a40fd5a1a,3.739591836734694,0.0,3.32,917
410,rf,1024,matched_seed_random_walk,refit,1024,budget_exhausted,rf300_seq303_fbfa8a607ccd4234,1.3017667999956757,0.7035248999600299,9,1008,1008,1.0,2,subruns\s410_rf_1024_matched_seed_random_walk_refit,19.5498090955751,38dfed4d7eb8a963,7.55265306122449,0.0,2.04,1016
410,rf,1024,multi_start_hill_climb,refit,1024,budget_exhausted,rf300_seq303_fbfa8a607ccd4234,2.0640990000101738,1.4960340998368338,30,1131,1008,0.8912466843501327,2,subruns\s410_rf_1024_multi_start_hill_climb_refit,18.650762793009758,2236f631df2c4b73,3.1844897959183673,0.0,4.56,1016
410,rf,1024,multi_start_beam,refit,1024,budget_exhausted,rf300_seq303_fbfa8a607ccd4234,1.0831603999831714,0.5512379000429064,4,1033,1008,0.9757986447241046,2,subruns\s410_rf_1024_multi_start_beam_refit,19.25118017279023,142adf42a22d629f,7.486530612244898,0.0,2.06,1016
410,rf,1024,mutation_only_ga,refit,1024,budget_exhausted,rf300_seq303_fbfa8a607ccd4234,2.0715893000015058,0.7280151000013575,11,1116,1008,0.9032258064516129,2,subruns\s410_rf_1024_mutation_only_ga_refit,19.031264245243822,5cfb038099000bcf,7.13795918367347,0.0,4.38,1016
410,rf,1024,ga_tournament1,ablation,842,stagnation,rf300_seq303_50322197f9f416d1,1.8002715000184253,0.5793298999778926,8,896,826,0.921875,2,subruns\s410_rf_1024_ga_tournament1_ablation,18.462536813054996,31f19c2a0a54a23b,6.302040816326531,0.0,3.28,834
410,rf,1024,ga_tournament4,ablation,883,stagnation,rf300_seq303_50322197f9f416d1,1.903173400030937,0.611757599923294,9,1024,867,0.8466796875,2,subruns\s410_rf_1024_ga_tournament4_ablation,18.011945655569306,88d263c7598774c5,3.902857142857143,0.0,4.0,875
410,rf,1024,ga_single_hop,ablation,1024,budget_exhausted,rf300_seq303_50322197f9f416d1,1.427823800011538,0.7954405001946725,13,1168,1008,0.863013698630137,2,subruns\s410_rf_1024_ga_single_hop_ablation,18.108402188137426,7fe3d8d2840d8206,4.702040816326531,0.0,3.76,1016
411,xgb,1024,matched_seed_random_walk,main,1024,budget_exhausted,xgb_boot5_sklearn_gbm_3b31addbd7c62be4,1.2456675000139512,0.5290614000405185,9,1008,1008,1.0,2,subruns\s411_xgb_1024_matched_seed_random_walk_main,9.518097530205466,22187438397f59de,8.0,0.0,1.78,1016
411,xgb,1024,multi_start_hill_climb,main,1024,budget_exhausted,xgb_boot5_sklearn_gbm_3b31addbd7c62be4,1.2355284999939613,0.5920636999071576,30,1131,1008,0.8912466843501327,2,subruns\s411_xgb_1024_multi_start_hill_climb_main,5.700384117896148,4dec56d5013be3ff,3.0742857142857143,0.0,4.52,1016
411,xgb,1024,multi_start_beam,main,1024,stagnation,xgb_boot5_sklearn_gbm_3b31addbd7c62be4,1.4567616999847814,0.6382869000080973,5,1049,1008,0.9609151572926596,2,subruns\s411_xgb_1024_multi_start_beam_main,8.704664231313853,de719bbd88b3fb2d,6.288163265306123,0.0,2.1,1016
411,xgb,1024,mutation_only_ga,main,1024,stagnation,xgb_boot5_sklearn_gbm_3b31addbd7c62be4,2.385593799990602,0.5800503999344073,12,1124,1008,0.896797153024911,2,subruns\s411_xgb_1024_mutation_only_ga_main,6.9916703627688435,72113e78362701cc,4.715102040816326,0.0,4.04,1016
411,xgb,4096,matched_seed_random_walk,main,4096,budget_exhausted,xgb_boot5_sklearn_gbm_3b31addbd7c62be4,6.301293199998327,2.0504890996962786,33,4080,4080,1.0,2,subruns\s411_xgb_4096_matched_seed_random_walk_main,9.366953583676004,2e6e8a542df9f1be,7.318367346938776,0.0,2.42,4088
411,xgb,4096,multi_start_hill_climb,main,2647,max_generations,xgb_boot5_sklearn_gbm_3b31addbd7c62be4,3.0249424999929033,1.2212717999354936,75,2874,2631,0.9154488517745303,2,subruns\s411_xgb_4096_multi_start_hill_climb_main,5.700384117896148,4dec56d5013be3ff,3.577959183673469,0.0,4.52,2639
411,xgb,4096,multi_start_beam,main,4096,stagnation,xgb_boot5_sklearn_gbm_3b31addbd7c62be4,3.6556049999780953,1.8290534999687225,9,4516,4080,0.9034543844109831,2,subruns\s411_xgb_4096_multi_start_beam_main,6.1616498804381035,0f274e8e56c34aca,4.482448979591837,0.0,4.24,4088
411,xgb,4096,mutation_only_ga,main,1264,stagnation,xgb_boot5_sklearn_gbm_3b31addbd7c62be4,2.407101899967529,0.601439299993217,12,1408,1248,0.8863636363636364,2,subruns\s411_xgb_4096_mutation_only_ga_main,6.9916703627688435,72113e78362701cc,4.192653061224489,0.0,4.18,1256
411,xgb,8192,matched_seed_random_walk,main,8192,budget_exhausted,xgb_boot5_sklearn_gbm_3b31addbd7c62be4,16.21284699998796,3.71048059995519,65,8176,8176,1.0,2,subruns\s411_xgb_8192_matched_seed_random_walk_main,9.07053106550391,5b80a8882a5bf50d,6.803265306122449,0.0,2.74,8184
411,xgb,8192,multi_start_hill_climb,main,2647,max_generations,xgb_boot5_sklearn_gbm_3b31addbd7c62be4,3.12147879996337,1.2615878001088277,75,2874,2631,0.9154488517745303,2,subruns\s411_xgb_8192_multi_start_hill_climb_main,5.700384117896148,4dec56d5013be3ff,3.577959183673469,0.0,4.52,2639
411,xgb,8192,multi_start_beam,main,6339,stagnation,xgb_boot5_sklearn_gbm_3b31addbd7c62be4,5.564305800013244,2.667111200047657,9,7680,6323,0.8233072916666667,2,subruns\s411_xgb_8192_multi_start_beam_main,5.700384117896148,4dec56d5013be3ff,3.994285714285714,0.0,4.3,6331
411,xgb,8192,mutation_only_ga,main,1264,stagnation,xgb_boot5_sklearn_gbm_3b31addbd7c62be4,2.454415100044571,0.570752699917648,12,1408,1248,0.8863636363636364,2,subruns\s411_xgb_8192_mutation_only_ga_main,6.9916703627688435,72113e78362701cc,4.192653061224489,0.0,4.18,1256
411,xgb,1024,matched_seed_random_walk,refit,1024,budget_exhausted,xgb_boot5_sklearn_gbm_af399ef5dc1853cb,1.0235620000166818,0.43046899989712983,9,1008,1008,1.0,2,subruns\s411_xgb_1024_matched_seed_random_walk_refit,8.334412419896083,7a9f80eade57baa7,7.160816326530612,0.0,1.72,1016
411,xgb,1024,multi_start_hill_climb,refit,1024,budget_exhausted,xgb_boot5_sklearn_gbm_af399ef5dc1853cb,0.9977108000312,0.49647229991387576,30,1131,1008,0.8912466843501327,2,subruns\s411_xgb_1024_multi_start_hill_climb_refit,2.8326431644705274,170c7839693d5935,3.354285714285714,0.0,4.46,1016
411,xgb,1024,multi_start_beam,refit,1024,budget_exhausted,xgb_boot5_sklearn_gbm_af399ef5dc1853cb,0.9842640999704599,0.45179259998258203,5,1043,1008,0.9664429530201343,2,subruns\s411_xgb_1024_multi_start_beam_refit,5.183370930474113,2f7dd6d3531dd490,5.330612244897959,0.0,2.04,1016
411,xgb,1024,mutation_only_ga,refit,1024,stagnation,xgb_boot5_sklearn_gbm_af399ef5dc1853cb,2.0825118999928236,0.4806279000476934,12,1144,1008,0.8811188811188811,2,subruns\s411_xgb_1024_mutation_only_ga_refit,4.217515109127108,a0dca66152da165e,4.361632653061225,0.0,4.46,1016
411,xgb,1024,ga_tournament1,ablation,1024,stagnation,xgb_boot5_sklearn_gbm_3b31addbd7c62be4,1.9067915999912657,0.45763649995205924,12,1093,1008,0.9222323879231473,2,subruns\s411_xgb_1024_ga_tournament1_ablation,6.1616498804381035,0f274e8e56c34aca,4.990204081632653,0.0,3.86,1016
411,xgb,1024,ga_tournament4,ablation,1024,budget_exhausted,xgb_boot5_sklearn_gbm_3b31addbd7c62be4,1.9422441000351682,0.44971250009257346,12,1165,1008,0.8652360515021459,2,subruns\s411_xgb_1024_ga_tournament4_ablation,6.1616498804381035,0f274e8e56c34aca,4.462040816326531,0.0,4.42,1016
411,xgb,1024,ga_single_hop,ablation,1022,stagnation,xgb_boot5_sklearn_gbm_3b31addbd7c62be4,1.106519200024195,0.4865023999591358,12,1158,1006,0.8687392055267703,2,subruns\s411_xgb_1024_ga_single_hop_ablation,6.0215915734532235,b1125bcffe0763f9,5.142857142857143,0.0,4.1,1014
411,rf,1024,matched_seed_random_walk,main,1024,budget_exhausted,rf300_seq303_01ae45c11f1ce456,1.4447342000203207,0.723249000031501,9,1008,1008,1.0,2,subruns\s411_rf_1024_matched_seed_random_walk_main,17.060578215352464,2f05e06b5f48a907,7.284081632653061,0.0,1.78,1016
411,rf,1024,multi_start_hill_climb,main,1024,budget_exhausted,rf300_seq303_01ae45c11f1ce456,1.825097499997355,1.3028891999856569,30,1131,1008,0.8912466843501327,2,subruns\s411_rf_1024_multi_start_hill_climb_main,16.121556136693837,a6dfe3facc94621d,4.44734693877551,0.0,3.94,1016
411,rf,1024,multi_start_beam,main,1024,budget_exhausted,rf300_seq303_01ae45c11f1ce456,1.1138768000528216,0.6019728999817744,5,1056,1008,0.9545454545454546,2,subruns\s411_rf_1024_multi_start_beam_main,16.374270576519322,a3f2c2ab6fedfc22,6.633469387755102,0.0,2.22,1016
411,rf,1024,mutation_only_ga,main,818,stagnation,rf300_seq303_01ae45c11f1ce456,1.7765055000199936,0.5942738999146968,8,896,802,0.8950892857142857,2,subruns\s411_rf_1024_mutation_only_ga_main,16.121556136693837,a6dfe3facc94621d,3.5918367346938775,0.0,3.58,810
411,rf,4096,matched_seed_random_walk,main,4096,budget_exhausted,rf300_seq303_01ae45c11f1ce456,6.780581200029701,2.7012685999507084,33,4080,4080,1.0,2,subruns\s411_rf_4096_matched_seed_random_walk_main,16.815554975339204,2e6e8a542df9f1be,7.294693877551021,0.0,2.38,4088
411,rf,4096,multi_start_hill_climb,main,2604,max_generations,rf300_seq303_01ae45c11f1ce456,5.010194799979217,3.2007835003896616,74,2839,2588,0.9115885875308207,2,subruns\s411_rf_4096_multi_start_hill_climb_main,16.121556136693837,a6dfe3facc94621d,4.573061224489796,0.0,3.8,2596
411,rf,4096,multi_start_beam,main,4086,stagnation,rf300_seq303_01ae45c11f1ce456,3.8883223000448197,2.046667800110299,8,4674,4070,0.8707744972186564,2,subruns\s411_rf_4096_multi_start_beam_main,16.171822859777837,372ccc96b3706c8a,3.917551020408163,0.0,3.76,4078
411,rf,4096,mutation_only_ga,main,818,stagnation,rf300_seq303_01ae45c11f1ce456,1.8033614000305533,0.5940410000039265,8,896,802,0.8950892857142857,2,subruns\s411_rf_4096_mutation_only_ga_main,16.121556136693837,a6dfe3facc94621d,3.5918367346938775,0.0,3.58,810
411,rf,8192,matched_seed_random_walk,main,8192,budget_exhausted,rf300_seq303_01ae45c11f1ce456,18.70662520005135,5.647489600058179,65,8176,8176,1.0,2,subruns\s411_rf_8192_matched_seed_random_walk_main,16.815554975339204,2e6e8a542df9f1be,7.1420408163265305,0.0,2.92,8184
411,rf,8192,multi_start_hill_climb,main,2604,max_generations,rf300_seq303_01ae45c11f1ce456,5.1195668000145815,3.212741899944376,74,2839,2588,0.9115885875308207,2,subruns\s411_rf_8192_multi_start_hill_climb_main,16.121556136693837,a6dfe3facc94621d,4.573061224489796,0.0,3.8,2596
411,rf,8192,multi_start_beam,main,6043,stagnation,rf300_seq303_01ae45c11f1ce456,5.93573040002957,3.0464988999883644,9,7680,6027,0.784765625,2,subruns\s411_rf_8192_multi_start_beam_main,16.121556136693837,a6dfe3facc94621d,3.8310204081632655,0.0,3.82,6035
411,rf,8192,mutation_only_ga,main,818,stagnation,rf300_seq303_01ae45c11f1ce456,1.8956226999871433,0.6646910000126809,8,896,802,0.8950892857142857,2,subruns\s411_rf_8192_mutation_only_ga_main,16.121556136693837,a6dfe3facc94621d,3.5918367346938775,0.0,3.58,810
411,rf,1024,matched_seed_random_walk,refit,1024,budget_exhausted,rf300_seq303_bc1ae38f4386cfa0,1.4172665000078268,0.7737148999003693,9,1008,1008,1.0,2,subruns\s411_rf_1024_matched_seed_random_walk_refit,16.89898379170893,bb9af7f91372bf7a,7.947755102040817,0.0,1.84,1016
411,rf,1024,multi_start_hill_climb,refit,1024,budget_exhausted,rf300_seq303_bc1ae38f4386cfa0,2.6240429999888875,1.8598209000192583,30,1131,1008,0.8912466843501327,2,subruns\s411_rf_1024_multi_start_hill_climb_refit,16.15723716592866,5ddcc8be3fdef9cc,4.5902040816326535,0.0,3.74,1016
411,rf,1024,multi_start_beam,refit,1024,stagnation,rf300_seq303_bc1ae38f4386cfa0,1.3938946000416763,0.7768993000499904,5,1047,1008,0.9627507163323782,2,subruns\s411_rf_1024_multi_start_beam_refit,16.43091047618119,44f5144a139fe821,6.464489795918367,0.0,2.0,1016
411,rf,1024,mutation_only_ga,refit,1023,stagnation,rf300_seq303_bc1ae38f4386cfa0,2.395990199991502,0.8104201998794451,11,1160,1007,0.868103448275862,2,subruns\s411_rf_1024_mutation_only_ga_refit,16.200238415506742,c05b4adf67a317e1,5.453061224489796,0.0,3.4,1015
411,rf,1024,ga_tournament1,ablation,946,stagnation,rf300_seq303_01ae45c11f1ce456,1.987520799972117,0.7047611000598408,9,1024,930,0.908203125,2,subruns\s411_rf_1024_ga_tournament1_ablation,16.38782824125857,b8e3c81430d69b11,5.71265306122449,0.0,3.58,938
411,rf,1024,ga_tournament4,ablation,853,stagnation,rf300_seq303_01ae45c11f1ce456,2.0853149999747984,0.6635873999330215,9,1024,837,0.8173828125,2,subruns\s411_rf_1024_ga_tournament4_ablation,16.121556136693837,a6dfe3facc94621d,4.1053061224489795,0.0,3.66,845
411,rf,1024,ga_single_hop,ablation,1024,stagnation,rf300_seq303_01ae45c11f1ce456,1.7434980999678373,0.9750409999978729,13,1209,1008,0.8337468982630273,2,subruns\s411_rf_1024_ga_single_hop_ablation,16.345640122045147,9de03895bcfa2df4,4.187755102040816,0.0,3.94,1016
412,xgb,1024,matched_seed_random_walk,main,1024,budget_exhausted,xgb_boot5_sklearn_gbm_6c0f870bbc2fb077,1.108225800038781,0.512700300081633,9,1008,1008,1.0,2,subruns\s412_xgb_1024_matched_seed_random_walk_main,7.026857093313612,8f98c5d4651e5b26,8.324897959183673,0.02,2.12,1016
412,xgb,1024,multi_start_hill_climb,main,1024,budget_exhausted,xgb_boot5_sklearn_gbm_6c0f870bbc2fb077,0.972436900017783,0.4722044001100585,30,1123,1008,0.8975957257346393,2,subruns\s412_xgb_1024_multi_start_hill_climb_main,5.501324677681109,321ee4503003bdbd,3.739591836734694,0.18,2.92,1016
412,xgb,1024,multi_start_beam,main,1024,stagnation,xgb_boot5_sklearn_gbm_6c0f870bbc2fb077,1.0131585000199266,0.4711088999174535,5,1041,1008,0.968299711815562,2,subruns\s412_xgb_1024_multi_start_beam_main,6.795904676172555,b33ce30a24e8354c,6.581224489795918,0.02,1.68,1016
412,xgb,1024,mutation_only_ga,main,700,stagnation,xgb_boot5_sklearn_gbm_6c0f870bbc2fb077,1.425072799960617,0.2965278999763541,7,768,684,0.890625,2,subruns\s412_xgb_1024_mutation_only_ga_main,6.795904676172555,b33ce30a24e8354c,4.302040816326531,0.14,2.28,692
412,xgb,4096,matched_seed_random_walk,main,4096,budget_exhausted,xgb_boot5_sklearn_gbm_6c0f870bbc2fb077,5.847197299997788,1.8645584000041708,33,4080,4080,1.0,2,subruns\s412_xgb_4096_matched_seed_random_walk_main,7.026857093313612,8f98c5d4651e5b26,8.249795918367347,0.0,2.4,4088
412,xgb,4096,multi_start_hill_climb,main,2730,max_generations,xgb_boot5_sklearn_gbm_6c0f870bbc2fb077,3.1805520999478176,1.2734361999901012,77,2952,2714,0.9193766937669376,2,subruns\s412_xgb_4096_multi_start_hill_climb_main,5.414387744279205,811c80b036f5a081,7.580408163265306,0.06,3.46,2722
412,xgb,4096,multi_start_beam,main,4075,stagnation,xgb_boot5_sklearn_gbm_6c0f870bbc2fb077,3.716629999980796,1.8613731000223197,8,4840,4059,0.8386363636363636,2,subruns\s412_xgb_4096_multi_start_beam_main,4.827368221346129,1b5909c5c3e3d3af,5.008979591836734,0.08,3.44,4067
412,xgb,4096,mutation_only_ga,main,700,stagnation,xgb_boot5_sklearn_gbm_6c0f870bbc2fb077,1.3584604000207037,0.32244490005541593,7,768,684,0.890625,2,subruns\s412_xgb_4096_mutation_only_ga_main,6.795904676172555,b33ce30a24e8354c,4.302040816326531,0.14,2.28,692
412,xgb,8192,matched_seed_random_walk,main,8192,budget_exhausted,xgb_boot5_sklearn_gbm_6c0f870bbc2fb077,16.39899359998526,3.8056376998429187,65,8176,8176,1.0,2,subruns\s412_xgb_8192_matched_seed_random_walk_main,7.026857093313612,8f98c5d4651e5b26,7.635102040816326,0.0,2.46,8184
412,xgb,8192,multi_start_hill_climb,main,2730,max_generations,xgb_boot5_sklearn_gbm_6c0f870bbc2fb077,3.1593375999946147,1.295109800004866,77,2952,2714,0.9193766937669376,2,subruns\s412_xgb_8192_multi_start_hill_climb_main,5.414387744279205,811c80b036f5a081,7.580408163265306,0.06,3.46,2722
412,xgb,8192,multi_start_beam,main,5174,stagnation,xgb_boot5_sklearn_gbm_6c0f870bbc2fb077,4.6650272000115365,2.3259120000875555,8,6656,5158,0.7749399038461539,2,subruns\s412_xgb_8192_multi_start_beam_main,4.827368221346129,1b5909c5c3e3d3af,4.9412244897959186,0.12,3.8,5166
412,xgb,8192,mutation_only_ga,main,700,stagnation,xgb_boot5_sklearn_gbm_6c0f870bbc2fb077,1.436037799983751,0.29638120002346113,7,768,684,0.890625,2,subruns\s412_xgb_8192_mutation_only_ga_main,6.795904676172555,b33ce30a24e8354c,4.302040816326531,0.14,2.28,692
412,xgb,1024,matched_seed_random_walk,refit,1024,budget_exhausted,xgb_boot5_sklearn_gbm_4dde6261524d55b3,1.0541264000348747,0.46070490014972165,9,1008,1008,1.0,2,subruns\s412_xgb_1024_matched_seed_random_walk_refit,7.69384681234745,8f98c5d4651e5b26,7.077551020408163,0.16,2.58,1016
412,xgb,1024,multi_start_hill_climb,refit,1024,budget_exhausted,xgb_boot5_sklearn_gbm_4dde6261524d55b3,0.9703144999803044,0.46323830005712807,30,1115,1008,0.9040358744394619,2,subruns\s412_xgb_1024_multi_start_hill_climb_refit,2.8605938441218837,dfca02a646bb7ec8,4.044897959183674,0.28,3.06,1016
412,xgb,1024,multi_start_beam,refit,1024,stagnation,xgb_boot5_sklearn_gbm_4dde6261524d55b3,0.9825591000262648,0.4647477000253275,5,1037,1008,0.9720347155255545,2,subruns\s412_xgb_1024_multi_start_beam_refit,3.942181794434023,1117feecd05aeb15,4.382857142857143,0.16,2.06,1016
412,xgb,1024,mutation_only_ga,refit,1024,budget_exhausted,xgb_boot5_sklearn_gbm_4dde6261524d55b3,1.9655813000281341,0.4760954999946989,12,1147,1008,0.8788142981691369,2,subruns\s412_xgb_1024_mutation_only_ga_refit,1.6496971587087228,aa6916eb445226b4,3.3469387755102042,0.4,3.2,1016
412,xgb,1024,ga_tournament1,ablation,1024,budget_exhausted,xgb_boot5_sklearn_gbm_6c0f870bbc2fb077,1.9077509000198916,0.46663249999983236,11,1085,1008,0.9290322580645162,2,subruns\s412_xgb_1024_ga_tournament1_ablation,5.5538053988972695,ba8e4350d10f45bd,6.603265306122449,0.08,3.18,1016
412,xgb,1024,ga_tournament4,ablation,912,stagnation,xgb_boot5_sklearn_gbm_6c0f870bbc2fb077,1.8769551999866962,0.42553559999214485,10,1152,896,0.7777777777777778,2,subruns\s412_xgb_1024_ga_tournament4_ablation,4.827368221346129,1b5909c5c3e3d3af,3.7877551020408164,0.06,3.06,904
412,xgb,1024,ga_single_hop,ablation,575,stagnation,xgb_boot5_sklearn_gbm_6c0f870bbc2fb077,0.6190329000237398,0.2593861000495963,6,640,559,0.8734375,2,subruns\s412_xgb_1024_ga_single_hop_ablation,7.026857093313612,8f98c5d4651e5b26,7.362448979591837,0.0,2.82,567
412,rf,1024,matched_seed_random_walk,main,1024,budget_exhausted,rf300_seq303_08d9b60bf1f1f253,1.337172500032466,0.6868856000946835,9,1008,1008,1.0,2,subruns\s412_rf_1024_matched_seed_random_walk_main,18.167744273798043,85be790165b44847,7.9012244897959185,0.0,2.06,1016
412,rf,1024,multi_start_hill_climb,main,1024,budget_exhausted,rf300_seq303_08d9b60bf1f1f253,1.742064099991694,1.207013699808158,30,1119,1008,0.900804289544236,2,subruns\s412_rf_1024_multi_start_hill_climb_main,17.39669353530968,b334b32d071084be,2.936326530612245,0.02,3.36,1016
412,rf,1024,multi_start_beam,main,1024,budget_exhausted,rf300_seq303_08d9b60bf1f1f253,1.1510405000299215,0.6141967999865301,5,1039,1008,0.9701636188642926,2,subruns\s412_rf_1024_multi_start_beam_main,17.65225995963176,bdace88771ef6e5f,4.572244897959184,0.0,2.04,1016
412,rf,1024,mutation_only_ga,main,1024,stagnation,rf300_seq303_08d9b60bf1f1f253,2.4093775000073947,0.8632206000038423,13,1125,1008,0.896,2,subruns\s412_rf_1024_mutation_only_ga_main,17.457178568709647,f3fae5736f8fe463,3.3959183673469386,0.0,3.78,1016
412,rf,4096,matched_seed_random_walk,main,4096,budget_exhausted,rf300_seq303_08d9b60bf1f1f253,6.950656400003936,2.77113399974769,33,4080,4080,1.0,2,subruns\s412_rf_4096_matched_seed_random_walk_main,18.167744273798043,85be790165b44847,6.696326530612245,0.0,2.38,4088
412,rf,4096,multi_start_hill_climb,main,2636,max_generations,rf300_seq303_08d9b60bf1f1f253,5.001112999976613,3.1155264998669736,75,2866,2620,0.9141660851360781,2,subruns\s412_rf_4096_multi_start_hill_climb_main,17.39669353530968,b334b32d071084be,3.68,0.0,3.92,2628
412,rf,4096,multi_start_beam,main,4086,stagnation,rf300_seq303_08d9b60bf1f1f253,3.889710900024511,2.0960412000422366,8,4662,4070,0.873015873015873,2,subruns\s412_rf_4096_multi_start_beam_main,17.418795520092498,a9702211ce542978,3.2285714285714286,0.0,3.88,4078
412,rf,4096,mutation_only_ga,main,1655,stagnation,rf300_seq303_08d9b60bf1f1f253,3.7075082999654114,1.186766499944497,16,1920,1639,0.8536458333333333,2,subruns\s412_rf_4096_mutation_only_ga_main,17.39669353530968,b334b32d071084be,3.3191836734693876,0.0,3.96,1647
412,rf,8192,matched_seed_random_walk,main,8192,budget_exhausted,rf300_seq303_08d9b60bf1f1f253,20.298044299997855,5.972651699848939,65,8176,8176,1.0,2,subruns\s412_rf_8192_matched_seed_random_walk_main,18.167744273798043,85be790165b44847,6.593469387755102,0.0,2.56,8184
412,rf,8192,multi_start_hill_climb,main,2636,max_generations,rf300_seq303_08d9b60bf1f1f253,5.2739095000433736,3.3528825000394136,75,2866,2620,0.9141660851360781,2,subruns\s412_rf_8192_multi_start_hill_climb_main,17.39669353530968,b334b32d071084be,3.68,0.0,3.92,2628
412,rf,8192,multi_start_beam,main,6185,stagnation,rf300_seq303_08d9b60bf1f1f253,5.785584500001278,3.0134190999669954,9,7680,6169,0.8032552083333333,2,subruns\s412_rf_8192_multi_start_beam_main,17.39669353530968,b334b32d071084be,3.7518367346938777,0.0,4.04,6177
412,rf,8192,mutation_only_ga,main,1655,stagnation,rf300_seq303_08d9b60bf1f1f253,3.7577347999904305,1.2066847998648882,16,1920,1639,0.8536458333333333,2,subruns\s412_rf_8192_mutation_only_ga_main,17.39669353530968,b334b32d071084be,3.3191836734693876,0.0,3.96,1647
412,rf,1024,matched_seed_random_walk,refit,1024,budget_exhausted,rf300_seq303_bb81b498f22756da,1.3579239000100642,0.7042324001085944,9,1008,1008,1.0,2,subruns\s412_rf_1024_matched_seed_random_walk_refit,18.359177307817887,85be790165b44847,7.962448979591837,0.0,2.04,1016
412,rf,1024,multi_start_hill_climb,refit,1024,budget_exhausted,rf300_seq303_bb81b498f22756da,1.800176199991256,1.2931256999145262,30,1123,1008,0.8975957257346393,2,subruns\s412_rf_1024_multi_start_hill_climb_refit,17.90043967797691,ea6d61c133902737,4.506122448979592,0.0,3.66,1016
412,rf,1024,multi_start_beam,refit,1024,budget_exhausted,rf300_seq303_bb81b498f22756da,1.2864238999900408,0.6251904001110233,5,1036,1008,0.972972972972973,2,subruns\s412_rf_1024_multi_start_beam_refit,18.27409835850991,96b74df004b9ce5e,3.75265306122449,0.0,1.92,1016
412,rf,1024,mutation_only_ga,refit,1005,stagnation,rf300_seq303_bb81b498f22756da,2.176465399970766,0.732705700036604,10,1128,989,0.87677304964539,2,subruns\s412_rf_1024_mutation_only_ga_refit,18.01508353156562,0c07754394f721cd,3.6718367346938776,0.0,3.38,997
412,rf,1024,ga_tournament1,ablation,1024,budget_exhausted,rf300_seq303_08d9b60bf1f1f253,2.2766739000217058,0.7954520000494085,11,1070,1008,0.9420560747663551,2,subruns\s412_rf_1024_ga_tournament1_ablation,17.65389629961443,9b652411c623789c,4.786938775510204,0.02,3.54,1016
412,rf,1024,ga_tournament4,ablation,1024,stagnation,rf300_seq303_08d9b60bf1f1f253,2.3438974000164308,0.7806254000752233,12,1193,1008,0.8449287510477788,2,subruns\s412_rf_1024_ga_tournament4_ablation,17.418795520092498,a9702211ce542978,2.986938775510204,0.0,3.78,1016
412,rf,1024,ga_single_hop,ablation,969,stagnation,rf300_seq303_08d9b60bf1f1f253,1.3129113999893889,0.7161551000899635,10,1152,953,0.8272569444444444,2,subruns\s412_rf_1024_ga_single_hop_ablation,17.418795520092498,a9702211ce542978,3.012244897959184,0.0,3.46,961
413,xgb,1024,matched_seed_random_walk,main,1024,budget_exhausted,xgb_boot5_sklearn_gbm_30b2b209735b017e,1.1148987999767996,0.5069748000241816,9,1008,1008,1.0,2,subruns\s413_xgb_1024_matched_seed_random_walk_main,10.17242790655437,80bb385cc11b1c30,6.63265306122449,0.0,1.98,1016
413,xgb,1024,multi_start_hill_climb,main,1024,budget_exhausted,xgb_boot5_sklearn_gbm_30b2b209735b017e,0.9864637000137009,0.46866029989905655,29,1092,1008,0.9230769230769231,2,subruns\s413_xgb_1024_multi_start_hill_climb_main,8.196163624926985,9e64e2c9703971b4,5.601632653061224,0.0,3.48,1016
413,xgb,1024,multi_start_beam,main,1023,stagnation,xgb_boot5_sklearn_gbm_30b2b209735b017e,1.0062489000265487,0.45945359993493184,4,1040,1007,0.9682692307692308,2,subruns\s413_xgb_1024_multi_start_beam_main,10.677595577839707,2a1e6ec8e04cc547,6.320816326530612,0.0,1.68,1015
413,xgb,1024,mutation_only_ga,main,1023,stagnation,xgb_boot5_sklearn_gbm_30b2b209735b017e,2.1557549000135623,0.47342310001840815,12,1153,1007,0.8733738074588031,2,subruns\s413_xgb_1024_mutation_only_ga_main,9.86072971256137,47aba6405d8c5da0,6.510204081632653,0.0,3.52,1015
413,xgb,4096,matched_seed_random_walk,main,4096,budget_exhausted,xgb_boot5_sklearn_gbm_30b2b209735b017e,5.9210021999897435,1.8699788998928852,33,4080,4080,1.0,2,subruns\s413_xgb_4096_matched_seed_random_walk_main,9.831930602838229,411bea6e440d5397,6.086530612244898,0.0,2.28,4088
413,xgb,4096,multi_start_hill_climb,main,2689,max_generations,xgb_boot5_sklearn_gbm_30b2b209735b017e,3.158160399994813,1.2879315997706726,76,2921,2673,0.9150975693255734,2,subruns\s413_xgb_4096_multi_start_hill_climb_main,8.196163624926985,9e64e2c9703971b4,6.085714285714285,0.0,3.7,2681
413,xgb,4096,multi_start_beam,main,3890,stagnation,xgb_boot5_sklearn_gbm_30b2b209735b017e,3.397228400048334,1.7676194999949075,6,4461,3874,0.868415153553015,2,subruns\s413_xgb_4096_multi_start_beam_main,9.831930602838229,411bea6e440d5397,6.188571428571429,0.0,3.06,3882
413,xgb,4096,mutation_only_ga,main,1213,stagnation,xgb_boot5_sklearn_gbm_30b2b209735b017e,2.4395185000030324,0.5486402998794802,12,1408,1197,0.8501420454545454,2,subruns\s413_xgb_4096_mutation_only_ga_main,9.86072971256137,47aba6405d8c5da0,6.391836734693878,0.0,3.8,1205
413,xgb,8192,matched_seed_random_walk,main,8192,budget_exhausted,xgb_boot5_sklearn_gbm_30b2b209735b017e,16.258683599997312,3.716453899804037,65,8176,8176,1.0,2,subruns\s413_xgb_8192_matched_seed_random_walk_main,9.831930602838229,411bea6e440d5397,6.329795918367347,0.0,2.32,8184
413,xgb,8192,multi_start_hill_climb,main,2689,max_generations,xgb_boot5_sklearn_gbm_30b2b209735b017e,3.5552304000011645,1.4219542000209913,76,2921,2673,0.9150975693255734,2,subruns\s413_xgb_8192_multi_start_hill_climb_main,8.196163624926985,9e64e2c9703971b4,6.085714285714285,0.0,3.7,2681
413,xgb,8192,multi_start_beam,main,4009,stagnation,xgb_boot5_sklearn_gbm_30b2b209735b017e,4.7962595000281,2.433035300055053,6,4608,3993,0.8665364583333334,2,subruns\s413_xgb_8192_multi_start_beam_main,9.831930602838229,411bea6e440d5397,6.188571428571429,0.0,3.06,4001
413,xgb,8192,mutation_only_ga,main,1213,stagnation,xgb_boot5_sklearn_gbm_30b2b209735b017e,2.582790299959015,0.6161815999657847,12,1408,1197,0.8501420454545454,2,subruns\s413_xgb_8192_mutation_only_ga_main,9.86072971256137,47aba6405d8c5da0,6.391836734693878,0.0,3.8,1205
413,xgb,1024,matched_seed_random_walk,refit,1024,budget_exhausted,xgb_boot5_sklearn_gbm_ac7f408a7969753f,1.0989337000064552,0.4822979000164196,9,1008,1008,1.0,2,subruns\s413_xgb_1024_matched_seed_random_walk_refit,12.29198786673947,06614cdc43756332,7.945306122448979,0.0,2.48,1016
413,xgb,1024,multi_start_hill_climb,refit,1024,budget_exhausted,xgb_boot5_sklearn_gbm_ac7f408a7969753f,1.0649419999681413,0.47456109995255247,30,1131,1008,0.8912466843501327,2,subruns\s413_xgb_1024_multi_start_hill_climb_refit,9.09192181874052,eedb7f6b1b8ec751,3.2857142857142856,0.0,4.02,1016
413,xgb,1024,multi_start_beam,refit,1024,stagnation,xgb_boot5_sklearn_gbm_ac7f408a7969753f,0.9712412999942899,0.4448887999751605,5,1037,1008,0.9720347155255545,2,subruns\s413_xgb_1024_multi_start_beam_refit,10.83197963807297,4f009fec71441c2e,7.256326530612245,0.0,2.2,1016
413,xgb,1024,mutation_only_ga,refit,1023,neighbors_exhausted,xgb_boot5_sklearn_gbm_ac7f408a7969753f,2.0016701000276953,0.44587239995598793,12,1178,1007,0.8548387096774194,2,subruns\s413_xgb_1024_mutation_only_ga_refit,9.852101750439136,d258a2ee02c47094,5.470204081632653,0.0,3.74,1015
413,xgb,1024,ga_tournament1,ablation,1024,stagnation,xgb_boot5_sklearn_gbm_30b2b209735b017e,1.9952471000142395,0.5166212001349777,12,1098,1008,0.9180327868852459,2,subruns\s413_xgb_1024_ga_tournament1_ablation,10.17242790655437,80bb385cc11b1c30,6.264489795918367,0.0,2.98,1016
413,xgb,1024,ga_tournament4,ablation,1010,stagnation,xgb_boot5_sklearn_gbm_30b2b209735b017e,2.1548069000127725,0.47557040001265705,12,1332,994,0.7462462462462462,2,subruns\s413_xgb_1024_ga_tournament4_ablation,8.62665714742923,ea333def4fe69906,4.977142857142857,0.0,3.58,1002
413,xgb,1024,ga_single_hop,ablation,935,stagnation,xgb_boot5_sklearn_gbm_30b2b209735b017e,0.9594399000052363,0.3914459000225179,10,1152,919,0.7977430555555556,2,subruns\s413_xgb_1024_ga_single_hop_ablation,8.868400144885223,138cac52efc6cea5,4.615510204081633,0.0,2.92,927
413,rf,1024,matched_seed_random_walk,main,1024,budget_exhausted,rf300_seq303_a02913630468f487,1.4224292999715544,0.7237677999655716,9,1008,1008,1.0,2,subruns\s413_rf_1024_matched_seed_random_walk_main,19.522670261524446,e51fdffbba8a4fb4,7.918367346938775,0.0,2.52,1016
413,rf,1024,multi_start_hill_climb,main,1024,budget_exhausted,rf300_seq303_a02913630468f487,1.787585999991279,1.2528774999664165,30,1131,1008,0.8912466843501327,2,subruns\s413_rf_1024_multi_start_hill_climb_main,18.424518147084974,0a188efb4ca43777,2.856326530612245,0.0,3.34,1016
413,rf,1024,multi_start_beam,main,1024,budget_exhausted,rf300_seq303_a02913630468f487,1.1287289999891073,0.6029711000155658,5,1041,1008,0.968299711815562,2,subruns\s413_rf_1024_multi_start_beam_main,18.49467217735383,7e54fb26069f05a5,3.4481632653061225,0.0,2.28,1016
413,rf,1024,mutation_only_ga,main,1024,stagnation,rf300_seq303_a02913630468f487,2.268790500005707,0.7361866000574082,12,1116,1008,0.9032258064516129,2,subruns\s413_rf_1024_mutation_only_ga_main,18.45660581557893,01f19ccd55ba50c3,3.5346938775510206,0.0,3.52,1016
413,rf,4096,matched_seed_random_walk,main,4096,budget_exhausted,rf300_seq303_a02913630468f487,7.398723299964331,2.875931900111027,33,4080,4080,1.0,2,subruns\s413_rf_4096_matched_seed_random_walk_main,19.522670261524446,e51fdffbba8a4fb4,7.53469387755102,0.0,3.22,4088
413,rf,4096,multi_start_hill_climb,main,2594,max_generations,rf300_seq303_a02913630468f487,5.064635899965651,3.181795199692715,74,2839,2578,0.9080662205001762,2,subruns\s413_rf_4096_multi_start_hill_climb_main,18.424518147084974,0a188efb4ca43777,3.511020408163265,0.0,3.58,2586
413,rf,4096,multi_start_beam,main,4034,stagnation,rf300_seq303_a02913630468f487,3.880237900011707,2.0255506000248715,7,4623,4018,0.8691325978801644,2,subruns\s413_rf_4096_multi_start_beam_main,18.424518147084974,0a188efb4ca43777,2.883265306122449,0.0,3.46,4026
413,rf,4096,mutation_only_ga,main,1259,stagnation,rf300_seq303_a02913630468f487,2.851462199992966,0.9764239999931306,12,1408,1243,0.8828125,2,subruns\s413_rf_4096_mutation_only_ga_main,18.45660581557893,01f19ccd55ba50c3,3.222857142857143,0.0,3.34,1251
413,rf,8192,matched_seed_random_walk,main,8192,budget_exhausted,rf300_seq303_a02913630468f487,18.605709399969783,5.507560799946077,65,8176,8176,1.0,2,subruns\s413_rf_8192_matched_seed_random_walk_main,18.77930975078746,320d70ed6c0e358c,6.976326530612245,0.0,3.18,8184
413,rf,8192,multi_start_hill_climb,main,2594,max_generations,rf300_seq303_a02913630468f487,4.850536599988118,3.129530199803412,74,2839,2578,0.9080662205001762,2,subruns\s413_rf_8192_multi_start_hill_climb_main,18.424518147084974,0a188efb4ca43777,3.511020408163265,0.0,3.58,2586
413,rf,8192,multi_start_beam,main,4739,stagnation,rf300_seq303_a02913630468f487,4.378169299976435,2.258013700018637,7,5632,4723,0.8386008522727273,2,subruns\s413_rf_8192_multi_start_beam_main,18.424518147084974,0a188efb4ca43777,3.015510204081633,0.0,3.58,4731
413,rf,8192,mutation_only_ga,main,1259,stagnation,rf300_seq303_a02913630468f487,2.7572921999963,0.8729623999097385,12,1408,1243,0.8828125,2,subruns\s413_rf_8192_mutation_only_ga_main,18.45660581557893,01f19ccd55ba50c3,3.222857142857143,0.0,3.34,1251
413,rf,1024,matched_seed_random_walk,refit,1024,budget_exhausted,rf300_seq303_efa324362af84e12,1.3225295000011101,0.6865294998860918,9,1008,1008,1.0,2,subruns\s413_rf_1024_matched_seed_random_walk_refit,19.33604239067041,06614cdc43756332,7.671836734693877,0.0,2.22,1016
413,rf,1024,multi_start_hill_climb,refit,1024,budget_exhausted,rf300_seq303_efa324362af84e12,1.9654606999829412,1.401310799701605,30,1131,1008,0.8912466843501327,2,subruns\s413_rf_1024_multi_start_hill_climb_refit,18.451240924404427,fc6cd12012a473f6,3.6146938775510202,0.0,3.5,1016
413,rf,1024,multi_start_beam,refit,1024,budget_exhausted,rf300_seq303_efa324362af84e12,1.1379928000387736,0.5891628000536002,5,1034,1008,0.9748549323017408,2,subruns\s413_rf_1024_multi_start_beam_refit,18.721663344787608,05546a0537e0180f,4.676734693877551,0.0,2.22,1016
413,rf,1024,mutation_only_ga,refit,1024,stagnation,rf300_seq303_efa324362af84e12,3.031043700000737,1.0167348999530077,13,1108,1008,0.9097472924187726,2,subruns\s413_rf_1024_mutation_only_ga_refit,18.515551599807434,2a1e6ec8e04cc547,4.146122448979592,0.0,4.06,1016
413,rf,1024,ga_tournament1,ablation,1024,budget_exhausted,rf300_seq303_a02913630468f487,2.201326800044626,0.7970450999564491,11,1080,1008,0.9333333333333333,2,subruns\s413_rf_1024_ga_tournament1_ablation,18.424518147084974,0a188efb4ca43777,4.111836734693878,0.0,3.34,1016
413,rf,1024,ga_tournament4,ablation,1024,budget_exhausted,rf300_seq303_a02913630468f487,2.5468723999802023,0.8828044998808764,14,1270,1008,0.7937007874015748,2,subruns\s413_rf_1024_ga_tournament4_ablation,18.424518147084974,0a188efb4ca43777,2.9338775510204083,0.0,3.38,1016
413,rf,1024,ga_single_hop,ablation,998,stagnation,rf300_seq303_a02913630468f487,1.414120500034187,0.6891658001113683,10,1145,982,0.8576419213973799,2,subruns\s413_rf_1024_ga_single_hop_ablation,18.49467217735383,7e54fb26069f05a5,3.68734693877551,0.0,3.54,990
414,xgb,1024,matched_seed_random_walk,main,1024,budget_exhausted,xgb_boot5_sklearn_gbm_15a9c011ce90f53d,1.1074968000175431,0.47345759999006987,9,1008,1008,1.0,2,subruns\s414_xgb_1024_matched_seed_random_walk_main,9.675472672159573,f4a9fcc98141bb84,7.689795918367347,0.0,1.78,1016
414,xgb,1024,multi_start_hill_climb,main,1024,budget_exhausted,xgb_boot5_sklearn_gbm_15a9c011ce90f53d,0.9998319000005722,0.4827963998541236,30,1131,1008,0.8912466843501327,2,subruns\s414_xgb_1024_multi_start_hill_climb_main,9.27640542922506,8224f85638368584,4.983673469387755,0.0,3.46,1016
414,xgb,1024,multi_start_beam,main,1024,stagnation,xgb_boot5_sklearn_gbm_15a9c011ce90f53d,0.9639697999809869,0.4346462999819778,5,1036,1008,0.972972972972973,2,subruns\s414_xgb_1024_multi_start_beam_main,9.527664379482156,15890ef4804131be,6.066938775510204,0.0,1.9,1016
414,xgb,1024,mutation_only_ga,main,1002,stagnation,xgb_boot5_sklearn_gbm_15a9c011ce90f53d,1.8899286999949254,0.45452729996759444,10,1130,986,0.8725663716814159,2,subruns\s414_xgb_1024_mutation_only_ga_main,7.6132111202932595,8f0f1c5f43791ca4,3.6987755102040816,0.0,3.88,994
414,xgb,4096,matched_seed_random_walk,main,4096,budget_exhausted,xgb_boot5_sklearn_gbm_15a9c011ce90f53d,5.995929000026081,1.9074653999414295,33,4080,4080,1.0,2,subruns\s414_xgb_4096_matched_seed_random_walk_main,9.675472672159573,f4a9fcc98141bb84,7.436734693877551,0.0,2.3,4088
414,xgb,4096,multi_start_hill_climb,main,2687,max_generations,xgb_boot5_sklearn_gbm_15a9c011ce90f53d,3.188704400032293,1.2952460001106374,76,2917,2671,0.9156667809393212,2,subruns\s414_xgb_4096_multi_start_hill_climb_main,6.848276341738364,4aff56ef4cbab9b5,5.728979591836735,0.0,4.12,2679
414,xgb,4096,multi_start_beam,main,4081,stagnation,xgb_boot5_sklearn_gbm_15a9c011ce90f53d,4.717950300022494,2.2399395999964327,8,4715,4065,0.8621420996818664,2,subruns\s414_xgb_4096_multi_start_beam_main,7.6132111202932595,8f0f1c5f43791ca4,5.853877551020408,0.0,3.78,4073
414,xgb,4096,mutation_only_ga,main,1021,stagnation,xgb_boot5_sklearn_gbm_15a9c011ce90f53d,2.710013300005812,0.6267306000227109,10,1152,1005,0.8723958333333334,2,subruns\s414_xgb_4096_mutation_only_ga_main,7.6132111202932595,8f0f1c5f43791ca4,3.6514285714285712,0.0,3.94,1013
414,xgb,8192,matched_seed_random_walk,main,8192,budget_exhausted,xgb_boot5_sklearn_gbm_15a9c011ce90f53d,16.200873400026467,3.873063099978026,65,8176,8176,1.0,2,subruns\s414_xgb_8192_matched_seed_random_walk_main,9.675472672159573,f4a9fcc98141bb84,7.482448979591837,0.0,2.56,8184
414,xgb,8192,multi_start_hill_climb,main,2687,max_generations,xgb_boot5_sklearn_gbm_15a9c011ce90f53d,3.194429199967999,1.2890764000476338,76,2917,2671,0.9156667809393212,2,subruns\s414_xgb_8192_multi_start_hill_climb_main,6.848276341738364,4aff56ef4cbab9b5,5.728979591836735,0.0,4.12,2679
414,xgb,8192,multi_start_beam,main,6669,stagnation,xgb_boot5_sklearn_gbm_15a9c011ce90f53d,6.201948799949605,3.00793669995619,10,8704,6653,0.7643612132352942,2,subruns\s414_xgb_8192_multi_start_beam_main,6.848276341738364,4aff56ef4cbab9b5,5.356734693877551,0.0,4.7,6661
414,xgb,8192,mutation_only_ga,main,1021,stagnation,xgb_boot5_sklearn_gbm_15a9c011ce90f53d,1.8445786999654956,0.43547589995432645,10,1152,1005,0.8723958333333334,2,subruns\s414_xgb_8192_mutation_only_ga_main,7.6132111202932595,8f0f1c5f43791ca4,3.6514285714285712,0.0,3.94,1013
414,xgb,1024,matched_seed_random_walk,refit,1024,budget_exhausted,xgb_boot5_sklearn_gbm_380e101923d0091b,1.1167166999657638,0.4745811999309808,9,1008,1008,1.0,2,subruns\s414_xgb_1024_matched_seed_random_walk_refit,7.2659636445778775,2e0214ee35d96c11,6.083265306122449,0.0,1.9,1016
414,xgb,1024,multi_start_hill_climb,refit,1024,budget_exhausted,xgb_boot5_sklearn_gbm_380e101923d0091b,0.9665087999892421,0.46925760013982654,30,1131,1008,0.8912466843501327,2,subruns\s414_xgb_1024_multi_start_hill_climb_refit,7.031914579547889,a370c50a7e9d46a1,2.6881632653061223,0.0,2.84,1016
414,xgb,1024,multi_start_beam,refit,1024,stagnation,xgb_boot5_sklearn_gbm_380e101923d0091b,0.9773836000240408,0.4356702000950463,5,1040,1008,0.9692307692307692,2,subruns\s414_xgb_1024_multi_start_beam_refit,7.224620386467485,a69a131f459bcbc5,3.8669387755102043,0.0,1.9,1016
414,xgb,1024,mutation_only_ga,refit,814,stagnation,xgb_boot5_sklearn_gbm_380e101923d0091b,1.4222561999922618,0.3769120999495499,8,896,798,0.890625,2,subruns\s414_xgb_1024_mutation_only_ga_refit,7.224620386467485,a69a131f459bcbc5,3.9012244897959185,0.0,3.48,806
414,xgb,1024,ga_tournament1,ablation,1024,stagnation,xgb_boot5_sklearn_gbm_15a9c011ce90f53d,1.8840428999974392,0.47304300003452227,11,1088,1008,0.9264705882352942,2,subruns\s414_xgb_1024_ga_tournament1_ablation,7.6132111202932595,8f0f1c5f43791ca4,6.7036734693877555,0.0,3.12,1016
414,xgb,1024,ga_tournament4,ablation,834,stagnation,xgb_boot5_sklearn_gbm_15a9c011ce90f53d,1.7691247999900952,0.39650600001914427,9,1024,818,0.798828125,2,subruns\s414_xgb_1024_ga_tournament4_ablation,7.6132111202932595,8f0f1c5f43791ca4,3.8522448979591837,0.0,3.76,826
414,xgb,1024,ga_single_hop,ablation,1024,stagnation,xgb_boot5_sklearn_gbm_15a9c011ce90f53d,1.1287564999656752,0.4637890999438241,14,1225,1008,0.8228571428571428,2,subruns\s414_xgb_1024_ga_single_hop_ablation,7.934529391610633,c472f452b6580b68,6.218775510204082,0.0,3.44,1016
414,rf,1024,matched_seed_random_walk,main,1024,budget_exhausted,rf300_seq303_8238324bdc167371,1.4557881000218913,0.8212590000475757,9,1008,1008,1.0,2,subruns\s414_rf_1024_matched_seed_random_walk_main,17.17042210930682,f4a9fcc98141bb84,6.458775510204082,0.0,1.84,1016
414,rf,1024,multi_start_hill_climb,main,1024,budget_exhausted,rf300_seq303_8238324bdc167371,1.8276181999826804,1.2160710996831767,29,1092,1008,0.9230769230769231,2,subruns\s414_rf_1024_multi_start_hill_climb_main,16.476449072016504,7fcf31d40bc1b48a,3.1420408163265305,0.0,2.88,1016
414,rf,1024,multi_start_beam,main,1024,budget_exhausted,rf300_seq303_8238324bdc167371,1.167963800020516,0.6133254999876954,5,1051,1008,0.9590865842055185,2,subruns\s414_rf_1024_multi_start_beam_main,16.731720135785938,7e88212359522dc9,3.8751020408163264,0.0,1.9,1016
414,rf,1024,mutation_only_ga,main,1024,stagnation,rf300_seq303_8238324bdc167371,2.2653688000282273,0.7968576999846846,13,1148,1008,0.8780487804878049,2,subruns\s414_rf_1024_mutation_only_ga_main,16.599655641950488,36ae53409b1ac766,3.8922448979591837,0.0,2.92,1016
414,rf,4096,matched_seed_random_walk,main,4096,budget_exhausted,rf300_seq303_8238324bdc167371,7.010771000001114,2.7400853000581264,33,4080,4080,1.0,2,subruns\s414_rf_4096_matched_seed_random_walk_main,17.17042210930682,f4a9fcc98141bb84,4.593469387755102,0.0,2.38,4088
414,rf,4096,multi_start_hill_climb,main,2658,max_generations,rf300_seq303_8238324bdc167371,4.983424299978651,3.1762561997165903,76,2921,2642,0.9044847654912701,2,subruns\s414_rf_4096_multi_start_hill_climb_main,16.476449072016504,7fcf31d40bc1b48a,3.2979591836734694,0.0,3.0,2650
414,rf,4096,multi_start_beam,main,4009,stagnation,rf300_seq303_8238324bdc167371,3.737641099956818,1.9584730999777094,7,4681,3993,0.8530228583635975,2,subruns\s414_rf_4096_multi_start_beam_main,16.476449072016504,7fcf31d40bc1b48a,3.0848979591836736,0.0,3.08,4001
414,rf,4096,mutation_only_ga,main,1334,stagnation,rf300_seq303_8238324bdc167371,2.884874600043986,0.9437414999702014,13,1536,1318,0.8580729166666666,2,subruns\s414_rf_4096_mutation_only_ga_main,16.599655641950488,36ae53409b1ac766,3.603265306122449,0.0,3.08,1326
414,rf,8192,matched_seed_random_walk,main,8192,budget_exhausted,rf300_seq303_8238324bdc167371,19.492408099991735,5.768469999660738,65,8176,8176,1.0,2,subruns\s414_rf_8192_matched_seed_random_walk_main,16.939374151645794,00aafe60c8e83e72,4.091428571428572,0.0,2.28,8184
414,rf,8192,multi_start_hill_climb,main,2658,max_generations,rf300_seq303_8238324bdc167371,4.900348299997859,3.115788700117264,76,2921,2642,0.9044847654912701,2,subruns\s414_rf_8192_multi_start_hill_climb_main,16.476449072016504,7fcf31d40bc1b48a,3.2979591836734694,0.0,3.0,2650
414,rf,8192,multi_start_beam,main,4651,stagnation,rf300_seq303_8238324bdc167371,4.335508599993773,2.2564206000533886,7,5632,4635,0.8229758522727273,2,subruns\s414_rf_8192_multi_start_beam_main,16.476449072016504,7fcf31d40bc1b48a,2.886530612244898,0.0,3.32,4643
414,rf,8192,mutation_only_ga,main,1334,stagnation,rf300_seq303_8238324bdc167371,2.9313645999645814,1.0039848000160418,13,1536,1318,0.8580729166666666,2,subruns\s414_rf_8192_mutation_only_ga_main,16.599655641950488,36ae53409b1ac766,3.603265306122449,0.0,3.08,1326
414,rf,1024,matched_seed_random_walk,refit,1024,budget_exhausted,rf300_seq303_3243ac7067f15321,1.5851138000143692,0.7971149000804871,9,1008,1008,1.0,2,subruns\s414_rf_1024_matched_seed_random_walk_refit,17.478465760137674,f4a9fcc98141bb84,6.716734693877551,0.0,1.74,1016
414,rf,1024,multi_start_hill_climb,refit,1024,budget_exhausted,rf300_seq303_3243ac7067f15321,1.785889999999199,1.2622048000921495,30,1131,1008,0.8912466843501327,2,subruns\s414_rf_1024_multi_start_hill_climb_refit,16.875103467379553,16ef6c095ef6160f,2.9918367346938775,0.0,3.08,1016
414,rf,1024,multi_start_beam,refit,1024,stagnation,rf300_seq303_3243ac7067f15321,1.1377881999942474,0.5985455000773072,6,1059,1008,0.9518413597733711,2,subruns\s414_rf_1024_multi_start_beam_refit,16.98245014004001,7e88212359522dc9,4.748571428571428,0.0,1.94,1016
414,rf,1024,mutation_only_ga,refit,1023,neighbors_exhausted,rf300_seq303_3243ac7067f15321,2.1952562000369653,0.7098075999529101,11,1129,1007,0.8919397697077059,2,subruns\s414_rf_1024_mutation_only_ga_refit,16.877623272890162,c1bdc1ac3100cd5f,4.371428571428571,0.0,3.18,1015
414,rf,1024,ga_tournament1,ablation,1024,budget_exhausted,rf300_seq303_8238324bdc167371,2.3441465999931097,0.7903904000995681,11,1092,1008,0.9230769230769231,2,subruns\s414_rf_1024_ga_tournament1_ablation,16.91510981228236,ecf7ba3dcf6c3b80,4.109387755102041,0.0,2.88,1016
414,rf,1024,ga_tournament4,ablation,1024,budget_exhausted,rf300_seq303_8238324bdc167371,2.4471991000464186,0.8382876999094151,14,1243,1008,0.8109412711182623,2,subruns\s414_rf_1024_ga_tournament4_ablation,16.476449072016504,7fcf31d40bc1b48a,3.0048979591836735,0.0,2.84,1016
414,rf,1024,ga_single_hop,ablation,651,stagnation,rf300_seq303_8238324bdc167371,0.8853513000067323,0.49799150007311255,7,768,635,0.8268229166666666,2,subruns\s414_rf_1024_ga_single_hop_ablation,16.812327817517712,f2237a0e9d417381,3.2048979591836733,0.0,2.24,643
415,xgb,1024,matched_seed_random_walk,main,1024,budget_exhausted,xgb_boot5_sklearn_gbm_2baea0b766e1c5a4,1.0628918000147678,0.48070649994770065,9,1008,1008,1.0,2,subruns\s415_xgb_1024_matched_seed_random_walk_main,11.479800206593861,872e1486d18b2a1f,8.368163265306123,0.0,2.08,1016
415,xgb,1024,multi_start_hill_climb,main,1024,budget_exhausted,xgb_boot5_sklearn_gbm_2baea0b766e1c5a4,0.9766946000163443,0.47147300001233816,30,1131,1008,0.8912466843501327,2,subruns\s415_xgb_1024_multi_start_hill_climb_main,7.148410452413981,4176f3afbf6517bb,5.642448979591837,0.0,4.56,1016
415,xgb,1024,multi_start_beam,main,1024,stagnation,xgb_boot5_sklearn_gbm_2baea0b766e1c5a4,0.957820100011304,0.4624671000055969,5,1037,1008,0.9720347155255545,2,subruns\s415_xgb_1024_multi_start_beam_main,10.571883193641522,2ad137d428156480,7.372244897959184,0.0,2.1,1016
415,xgb,1024,mutation_only_ga,main,1024,budget_exhausted,xgb_boot5_sklearn_gbm_2baea0b766e1c5a4,2.0334643000387587,0.4873561999411322,12,1128,1008,0.8936170212765957,2,subruns\s415_xgb_1024_mutation_only_ga_main,8.204309432388275,2edf3ed2e6006c5b,5.284897959183674,0.0,4.42,1016
415,xgb,4096,matched_seed_random_walk,main,4096,budget_exhausted,xgb_boot5_sklearn_gbm_2baea0b766e1c5a4,5.9347503000171855,1.9133305000141263,33,4080,4080,1.0,2,subruns\s415_xgb_4096_matched_seed_random_walk_main,10.441367008970746,caf00d685f4f9c2d,8.147755102040817,0.0,2.86,4088
415,xgb,4096,multi_start_hill_climb,main,2649,max_generations,xgb_boot5_sklearn_gbm_2baea0b766e1c5a4,3.01843589998316,1.2100789998658001,75,2882,2633,0.9136016655100625,2,subruns\s415_xgb_4096_multi_start_hill_climb_main,2.3103305730130854,bbbeed79a0809863,2.67265306122449,0.0,5.1,2641
415,xgb,4096,multi_start_beam,main,4095,stagnation,xgb_boot5_sklearn_gbm_2baea0b766e1c5a4,3.7162324999808334,1.8719665000680834,8,4437,4079,0.9193148523777327,2,subruns\s415_xgb_4096_multi_start_beam_main,2.6869707882163127,c7124c0f7b760012,4.6873469387755105,0.0,4.7,4087
415,xgb,4096,mutation_only_ga,main,2511,stagnation,xgb_boot5_sklearn_gbm_2baea0b766e1c5a4,4.990922299970407,1.1457892999751493,24,2944,2495,0.8474864130434783,2,subruns\s415_xgb_4096_mutation_only_ga_main,2.0041988389970387,22190ad6a822cd65,3.719183673469388,0.0,5.08,2503
415,xgb,8192,matched_seed_random_walk,main,8192,budget_exhausted,xgb_boot5_sklearn_gbm_2baea0b766e1c5a4,16.15476939996006,3.6765762000577524,65,8176,8176,1.0,2,subruns\s415_xgb_8192_matched_seed_random_walk_main,10.174397631801424,2e6c523c4ec28048,7.771428571428571,0.0,3.22,8184
415,xgb,8192,multi_start_hill_climb,main,2649,max_generations,xgb_boot5_sklearn_gbm_2baea0b766e1c5a4,3.1158167999819852,1.260394000215456,75,2882,2633,0.9136016655100625,2,subruns\s415_xgb_8192_multi_start_hill_climb_main,2.3103305730130854,bbbeed79a0809863,2.67265306122449,0.0,5.1,2641
415,xgb,8192,multi_start_beam,main,7910,stagnation,xgb_boot5_sklearn_gbm_2baea0b766e1c5a4,7.3585886000073515,3.5594610999687575,12,9889,7894,0.7982606937000708,2,subruns\s415_xgb_8192_multi_start_beam_main,1.5302012323420164,e2aee8a80f05b623,3.83265306122449,0.0,5.12,7902
415,xgb,8192,mutation_only_ga,main,2511,stagnation,xgb_boot5_sklearn_gbm_2baea0b766e1c5a4,4.9559533999999985,1.1107908998965286,24,2944,2495,0.8474864130434783,2,subruns\s415_xgb_8192_mutation_only_ga_main,2.0041988389970387,22190ad6a822cd65,3.719183673469388,0.0,5.08,2503
415,xgb,1024,matched_seed_random_walk,refit,1024,budget_exhausted,xgb_boot5_sklearn_gbm_8e1713f202d5f8f0,1.1009355000569485,0.45417499996256083,9,1008,1008,1.0,2,subruns\s415_xgb_1024_matched_seed_random_walk_refit,6.169241414444626,872e1486d18b2a1f,6.678367346938775,0.0,1.92,1016
415,xgb,1024,multi_start_hill_climb,refit,1024,budget_exhausted,xgb_boot5_sklearn_gbm_8e1713f202d5f8f0,0.9771483999793418,0.46209939988330007,30,1131,1008,0.8912466843501327,2,subruns\s415_xgb_1024_multi_start_hill_climb_refit,4.325553480676458,18665d9ecee953e8,5.133061224489796,0.0,3.6,1016
415,xgb,1024,multi_start_beam,refit,1024,stagnation,xgb_boot5_sklearn_gbm_8e1713f202d5f8f0,1.1088381999870762,0.4753292000386864,5,1047,1008,0.9627507163323782,2,subruns\s415_xgb_1024_multi_start_beam_refit,4.981107951308059,caf00d685f4f9c2d,6.011428571428572,0.0,2.0,1016
415,xgb,1024,mutation_only_ga,refit,938,stagnation,xgb_boot5_sklearn_gbm_8e1713f202d5f8f0,1.7606044000131078,0.40520709997508675,9,1024,922,0.900390625,2,subruns\s415_xgb_1024_mutation_only_ga_refit,4.325553480676458,18665d9ecee953e8,3.8791836734693876,0.0,3.82,930
415,xgb,1024,ga_tournament1,ablation,1024,budget_exhausted,xgb_boot5_sklearn_gbm_2baea0b766e1c5a4,1.9910246999934316,0.5141755999648012,12,1071,1008,0.9411764705882353,2,subruns\s415_xgb_1024_ga_tournament1_ablation,8.204309432388275,2edf3ed2e6006c5b,5.910204081632653,0.0,4.56,1016
415,xgb,1024,ga_tournament4,ablation,1024,budget_exhausted,xgb_boot5_sklearn_gbm_2baea0b766e1c5a4,2.017060099984519,0.4552419999963604,12,1139,1008,0.8849868305531168,2,subruns\s415_xgb_1024_ga_tournament4_ablation,2.5332273398712486,761099de7fdb6ddf,4.359183673469388,0.0,5.26,1016
415,xgb,1024,ga_single_hop,ablation,1024,budget_exhausted,xgb_boot5_sklearn_gbm_2baea0b766e1c5a4,1.1112274999613874,0.45915029995376244,12,1147,1008,0.8788142981691369,2,subruns\s415_xgb_1024_ga_single_hop_ablation,6.344038620678175,0bd34924f39fa3c9,4.637551020408163,0.0,4.56,1016
415,rf,1024,matched_seed_random_walk,main,1024,budget_exhausted,rf300_seq303_02eb1245eefcc92b,1.3356276000267826,0.7104618998710066,9,1008,1008,1.0,2,subruns\s415_rf_1024_matched_seed_random_walk_main,18.32574339672358,0d308f5370f6cac2,6.2057142857142855,0.0,1.78,1016
415,rf,1024,multi_start_hill_climb,main,1024,budget_exhausted,rf300_seq303_02eb1245eefcc92b,1.7234495999873616,1.2245889999321662,30,1131,1008,0.8912466843501327,2,subruns\s415_rf_1024_multi_start_hill_climb_main,17.803882695885413,c281d93ec96ef95d,3.079183673469388,0.0,3.94,1016
415,rf,1024,multi_start_beam,main,1024,budget_exhausted,rf300_seq303_02eb1245eefcc92b,1.0464763999916613,0.5656617000349797,4,1036,1008,0.972972972972973,2,subruns\s415_rf_1024_multi_start_beam_main,17.637114754453567,6995fb83e24e0e35,5.331428571428572,0.0,1.9,1016
415,rf,1024,mutation_only_ga,main,1006,stagnation,rf300_seq303_02eb1245eefcc92b,2.2102164000389166,0.6873296000994742,10,1122,990,0.8823529411764706,2,subruns\s415_rf_1024_mutation_only_ga_main,17.637114754453567,6995fb83e24e0e35,3.636734693877551,0.0,3.36,998
415,rf,4096,matched_seed_random_walk,main,4096,budget_exhausted,rf300_seq303_02eb1245eefcc92b,7.23634550004499,2.913771400344558,33,4080,4080,1.0,2,subruns\s415_rf_4096_matched_seed_random_walk_main,18.32574339672358,0d308f5370f6cac2,5.475918367346939,0.0,2.28,4088
415,rf,4096,multi_start_hill_climb,main,2621,max_generations,rf300_seq303_02eb1245eefcc92b,5.030157100001816,3.2270004999591038,75,2882,2605,0.9038861901457321,2,subruns\s415_rf_4096_multi_start_hill_climb_main,17.637114754453567,6995fb83e24e0e35,3.573061224489796,0.0,3.8,2613
415,rf,4096,multi_start_beam,main,3846,stagnation,rf300_seq303_02eb1245eefcc92b,3.530317400000058,1.8302321999217384,6,4442,3830,0.8622242233228276,2,subruns\s415_rf_4096_multi_start_beam_main,17.637114754453567,6995fb83e24e0e35,3.4106122448979592,0.0,3.46,3838
415,rf,4096,mutation_only_ga,main,1032,stagnation,rf300_seq303_02eb1245eefcc92b,2.2852204000228085,0.7740052000735886,10,1152,1016,0.8819444444444444,2,subruns\s415_rf_4096_mutation_only_ga_main,17.637114754453567,6995fb83e24e0e35,3.7077551020408164,0.0,3.46,1024
415,rf,8192,matched_seed_random_walk,main,8192,budget_exhausted,rf300_seq303_02eb1245eefcc92b,18.254304000001866,5.465248699765652,65,8176,8176,1.0,2,subruns\s415_rf_8192_matched_seed_random_walk_main,18.32574339672358,0d308f5370f6cac2,5.332244897959184,0.0,2.34,8184
415,rf,8192,multi_start_hill_climb,main,2621,max_generations,rf300_seq303_02eb1245eefcc92b,5.026220900006592,3.2344340000418015,75,2882,2605,0.9038861901457321,2,subruns\s415_rf_8192_multi_start_hill_climb_main,17.637114754453567,6995fb83e24e0e35,3.573061224489796,0.0,3.8,2613
415,rf,8192,multi_start_beam,main,3976,stagnation,rf300_seq303_02eb1245eefcc92b,3.5587886000284925,1.8730833000154234,6,4608,3960,0.859375,2,subruns\s415_rf_8192_multi_start_beam_main,17.637114754453567,6995fb83e24e0e35,3.4106122448979592,0.0,3.46,3968
415,rf,8192,mutation_only_ga,main,1032,stagnation,rf300_seq303_02eb1245eefcc92b,2.1779703999636695,0.7299018000485376,10,1152,1016,0.8819444444444444,2,subruns\s415_rf_8192_mutation_only_ga_main,17.637114754453567,6995fb83e24e0e35,3.7077551020408164,0.0,3.46,1024
415,rf,1024,matched_seed_random_walk,refit,1024,budget_exhausted,rf300_seq303_6b84d76cd88e6713,1.3203849000274204,0.7184467000188306,9,1008,1008,1.0,2,subruns\s415_rf_1024_matched_seed_random_walk_refit,18.856961119089036,f78750b1537cdd08,6.293877551020408,0.0,1.82,1016
415,rf,1024,multi_start_hill_climb,refit,1024,budget_exhausted,rf300_seq303_6b84d76cd88e6713,1.7408241999801248,1.2271021999767981,30,1131,1008,0.8912466843501327,2,subruns\s415_rf_1024_multi_start_hill_climb_refit,17.97069368408398,311ac2ea990567a4,4.147755102040817,0.0,4.02,1016
415,rf,1024,multi_start_beam,refit,1024,budget_exhausted,rf300_seq303_6b84d76cd88e6713,1.0947599000064656,0.5866821000236087,5,1042,1008,0.9673704414587332,2,subruns\s415_rf_1024_multi_start_beam_refit,18.389005619703497,8508ebad5f668e29,5.852244897959183,0.0,1.94,1016
415,rf,1024,mutation_only_ga,refit,1024,budget_exhausted,rf300_seq303_6b84d76cd88e6713,2.341072100040037,0.7992526999441907,12,1148,1008,0.8780487804878049,2,subruns\s415_rf_1024_mutation_only_ga_refit,18.089913721760972,aecb306de794ed4c,3.920816326530612,0.0,3.42,1016
415,rf,1024,ga_tournament1,ablation,965,stagnation,rf300_seq303_02eb1245eefcc92b,1.976300699985586,0.6574823999544606,9,1024,949,0.9267578125,2,subruns\s415_rf_1024_ga_tournament1_ablation,18.32574339672358,0d308f5370f6cac2,5.756734693877551,0.0,3.08,957
415,rf,1024,ga_tournament4,ablation,1005,stagnation,rf300_seq303_02eb1245eefcc92b,2.336948099953588,0.7230485000181943,11,1228,989,0.8053745928338762,2,subruns\s415_rf_1024_ga_tournament4_ablation,17.637114754453567,6995fb83e24e0e35,3.3502040816326533,0.0,3.46,997
415,rf,1024,ga_single_hop,ablation,1024,budget_exhausted,rf300_seq303_02eb1245eefcc92b,1.4640901999664493,0.7916655999142677,13,1238,1008,0.81421647819063,2,subruns\s415_rf_1024_ga_single_hop_ablation,17.637114754453567,6995fb83e24e0e35,3.683265306122449,0.0,3.58,1016
416,xgb,1024,matched_seed_random_walk,main,1024,budget_exhausted,xgb_boot5_sklearn_gbm_788b6f4edd24f9a8,1.0847633000230417,0.4411485999589786,9,1008,1008,1.0,2,subruns\s416_xgb_1024_matched_seed_random_walk_main,7.047266394989878,2726d1c26ecadedf,6.795918367346939,0.0,2.18,1016
416,xgb,1024,multi_start_hill_climb,main,1024,budget_exhausted,xgb_boot5_sklearn_gbm_788b6f4edd24f9a8,0.9686862000380643,0.4799637000542134,30,1131,1008,0.8912466843501327,2,subruns\s416_xgb_1024_multi_start_hill_climb_main,2.72026450632458,57842da90396e286,4.027755102040817,0.0,5.04,1016
416,xgb,1024,multi_start_beam,main,1024,budget_exhausted,xgb_boot5_sklearn_gbm_788b6f4edd24f9a8,0.9717468000017107,0.47761699999682605,5,1046,1008,0.9636711281070746,2,subruns\s416_xgb_1024_multi_start_beam_main,6.260169842987954,60faeae5b253fc6f,5.577142857142857,0.0,2.16,1016
416,xgb,1024,mutation_only_ga,main,1024,budget_exhausted,xgb_boot5_sklearn_gbm_788b6f4edd24f9a8,2.0544922000262886,0.49253640009555966,12,1118,1008,0.9016100178890877,2,subruns\s416_xgb_1024_mutation_only_ga_main,2.925008140243324,6cffadd23579d91e,4.184489795918368,0.0,4.44,1016
416,xgb,4096,matched_seed_random_walk,main,4096,budget_exhausted,xgb_boot5_sklearn_gbm_788b6f4edd24f9a8,5.75596779998159,1.8210029000183567,33,4080,4080,1.0,2,subruns\s416_xgb_4096_matched_seed_random_walk_main,7.047266394989878,2726d1c26ecadedf,6.347755102040816,0.0,2.84,4088
416,xgb,4096,multi_start_hill_climb,main,2556,max_generations,xgb_boot5_sklearn_gbm_788b6f4edd24f9a8,2.900626500020735,1.1735184999997728,73,2804,2540,0.905848787446505,2,subruns\s416_xgb_4096_multi_start_hill_climb_main,2.0734549109361167,3d99745db15d8629,4.040816326530612,0.0,4.88,2548
416,xgb,4096,multi_start_beam,main,4095,stagnation,xgb_boot5_sklearn_gbm_788b6f4edd24f9a8,3.574690700042993,1.771091899892781,8,4487,4079,0.9090706485402273,2,subruns\s416_xgb_4096_multi_start_beam_main,2.72026450632458,f1c9d848aa0f2893,4.8579591836734695,0.0,4.62,4087
416,xgb,4096,mutation_only_ga,main,1621,stagnation,xgb_boot5_sklearn_gbm_788b6f4edd24f9a8,3.180629400012549,0.7415849000681192,16,1920,1605,0.8359375,2,subruns\s416_xgb_4096_mutation_only_ga_main,2.4362992634951635,b1732087756d8f43,3.6987755102040816,0.0,4.88,1613
416,xgb,8192,matched_seed_random_walk,main,8192,budget_exhausted,xgb_boot5_sklearn_gbm_788b6f4edd24f9a8,16.056140500004403,3.702584000013303,65,8176,8176,1.0,2,subruns\s416_xgb_8192_matched_seed_random_walk_main,7.047266394989878,2726d1c26ecadedf,6.441632653061225,0.0,3.16,8184
416,xgb,8192,multi_start_hill_climb,main,2556,max_generations,xgb_boot5_sklearn_gbm_788b6f4edd24f9a8,3.194348200049717,1.2923018996370956,73,2804,2540,0.905848787446505,2,subruns\s416_xgb_8192_multi_start_hill_climb_main,2.0734549109361167,3d99745db15d8629,4.040816326530612,0.0,4.88,2548
416,xgb,8192,multi_start_beam,main,7020,stagnation,xgb_boot5_sklearn_gbm_788b6f4edd24f9a8,6.166513999982271,3.0109464999986812,10,8704,7004,0.8046875,2,subruns\s416_xgb_8192_multi_start_beam_main,1.8032081807668061,a23b36d002130af7,4.2359183673469385,0.0,5.14,7012
416,xgb,8192,mutation_only_ga,main,1621,stagnation,xgb_boot5_sklearn_gbm_788b6f4edd24f9a8,3.2124778000288643,0.7320215000072494,16,1920,1605,0.8359375,2,subruns\s416_xgb_8192_mutation_only_ga_main,2.4362992634951635,b1732087756d8f43,3.6987755102040816,0.0,4.88,1613
416,xgb,1024,matched_seed_random_walk,refit,1024,budget_exhausted,xgb_boot5_sklearn_gbm_ea8c93700f04cc1b,1.1688868000055663,0.4916615000111051,9,1008,1008,1.0,2,subruns\s416_xgb_1024_matched_seed_random_walk_refit,9.556073953762438,2726d1c26ecadedf,7.2457142857142856,0.0,2.08,1016
416,xgb,1024,multi_start_hill_climb,refit,1024,budget_exhausted,xgb_boot5_sklearn_gbm_ea8c93700f04cc1b,0.993082000000868,0.4906715000397526,30,1131,1008,0.8912466843501327,2,subruns\s416_xgb_1024_multi_start_hill_climb_refit,4.292913481277855,3b5280072d84661e,2.6718367346938776,0.0,5.14,1016
416,xgb,1024,multi_start_beam,refit,1024,budget_exhausted,xgb_boot5_sklearn_gbm_ea8c93700f04cc1b,1.0001409000251442,0.4648853000253439,4,1027,1008,0.9814995131450828,2,subruns\s416_xgb_1024_multi_start_beam_refit,7.161797086052827,6f298b173fa8dd36,6.1624489795918365,0.0,2.56,1016
416,xgb,1024,mutation_only_ga,refit,1024,stagnation,xgb_boot5_sklearn_gbm_ea8c93700f04cc1b,2.0457156999618746,0.4932124998886138,11,1093,1008,0.9222323879231473,2,subruns\s416_xgb_1024_mutation_only_ga_refit,4.724157738376341,f07b6b02d80647f4,3.877551020408163,0.0,4.76,1016
416,xgb,1024,ga_tournament1,ablation,1024,stagnation,xgb_boot5_sklearn_gbm_788b6f4edd24f9a8,2.134080999996513,0.4933341001160443,12,1099,1008,0.9171974522292994,2,subruns\s416_xgb_1024_ga_tournament1_ablation,5.2006181404000476,843ba321333cf90b,4.817959183673469,0.0,4.12,1016
416,xgb,1024,ga_tournament4,ablation,1024,budget_exhausted,xgb_boot5_sklearn_gbm_788b6f4edd24f9a8,1.9126317000482231,0.4638476999825798,12,1136,1008,0.8873239436619719,2,subruns\s416_xgb_1024_ga_tournament4_ablation,2.925008140243324,6cffadd23579d91e,5.180408163265306,0.0,4.28,1016
416,xgb,1024,ga_single_hop,ablation,1023,stagnation,xgb_boot5_sklearn_gbm_788b6f4edd24f9a8,1.1298083000001498,0.48892080009682104,12,1132,1007,0.8895759717314488,2,subruns\s416_xgb_1024_ga_single_hop_ablation,2.352384304298515,019ce50b7092cb72,4.084081632653061,0.0,4.72,1015
416,rf,1024,matched_seed_random_walk,main,1024,budget_exhausted,rf300_seq303_8626f2220f8dab10,1.336757100012619,0.7047965000965632,9,1008,1008,1.0,2,subruns\s416_rf_1024_matched_seed_random_walk_main,17.521758606484052,11d4ec25b31dbc5a,6.9681632653061225,0.0,1.98,1016
416,rf,1024,multi_start_hill_climb,main,1024,budget_exhausted,rf300_seq303_8626f2220f8dab10,1.725562799954787,1.2054168999311514,30,1127,1008,0.8944099378881988,2,subruns\s416_rf_1024_multi_start_hill_climb_main,16.804583139116826,2a33b8e2a47d40ab,5.083265306122449,0.0,4.58,1016
416,rf,1024,multi_start_beam,main,1024,budget_exhausted,rf300_seq303_8626f2220f8dab10,1.1380528999725357,0.6195241000386886,5,1033,1008,0.9757986447241046,2,subruns\s416_rf_1024_multi_start_beam_main,16.735975349606388,26e5812e7d76d3dc,3.7412244897959184,0.0,2.26,1016
416,rf,1024,mutation_only_ga,main,1024,budget_exhausted,rf300_seq303_8626f2220f8dab10,2.217793799994979,0.7818959998548962,11,1101,1008,0.9155313351498637,2,subruns\s416_rf_1024_mutation_only_ga_main,16.741986966006397,3a28d9b89c84f7e3,3.52,0.0,4.38,1016
416,rf,4096,matched_seed_random_walk,main,4096,budget_exhausted,rf300_seq303_8626f2220f8dab10,6.953887699986808,2.752584000059869,33,4080,4080,1.0,2,subruns\s416_rf_4096_matched_seed_random_walk_main,17.479477609706727,d6f0f197134681df,6.1689795918367345,0.0,2.58,4088
416,rf,4096,multi_start_hill_climb,main,2552,max_generations,rf300_seq303_8626f2220f8dab10,4.713108600000851,3.0173013000166975,73,2800,2536,0.9057142857142857,2,subruns\s416_rf_4096_multi_start_hill_climb_main,16.735975349606388,26e5812e7d76d3dc,3.5608163265306123,0.0,4.2,2544
416,rf,4096,multi_start_beam,main,4090,stagnation,rf300_seq303_8626f2220f8dab10,3.829421399976127,1.9834385000285693,8,4543,4074,0.8967642526964561,2,subruns\s416_rf_4096_multi_start_beam_main,16.735975349606388,26e5812e7d76d3dc,3.6440816326530614,0.0,4.3,4082
416,rf,4096,mutation_only_ga,main,1939,stagnation,rf300_seq303_8626f2220f8dab10,4.2559507000260055,1.3141808999935165,19,2304,1923,0.8346354166666666,2,subruns\s416_rf_4096_mutation_only_ga_main,16.71904720826831,9391b2cfc4158ee2,3.1020408163265305,0.0,4.32,1931
416,rf,8192,matched_seed_random_walk,main,8192,budget_exhausted,rf300_seq303_8626f2220f8dab10,18.39735430001747,5.521160799777135,65,8176,8176,1.0,2,subruns\s416_rf_8192_matched_seed_random_walk_main,17.43128747408772,6bbb36a2b3022a90,5.893877551020408,0.0,2.84,8184
416,rf,8192,multi_start_hill_climb,main,2552,max_generations,rf300_seq303_8626f2220f8dab10,4.714289400028065,3.0421321998583153,73,2800,2536,0.9057142857142857,2,subruns\s416_rf_8192_multi_start_hill_climb_main,16.735975349606388,26e5812e7d76d3dc,3.5608163265306123,0.0,4.2,2544
416,rf,8192,multi_start_beam,main,6608,stagnation,rf300_seq303_8626f2220f8dab10,6.272756300051697,3.186989300069399,10,8704,6592,0.7573529411764706,2,subruns\s416_rf_8192_multi_start_beam_main,16.71904720826831,9391b2cfc4158ee2,3.3355102040816327,0.0,4.2,6600
416,rf,8192,mutation_only_ga,main,1939,stagnation,rf300_seq303_8626f2220f8dab10,4.621385400008876,1.4454757000203244,19,2304,1923,0.8346354166666666,2,subruns\s416_rf_8192_mutation_only_ga_main,16.71904720826831,9391b2cfc4158ee2,3.1020408163265305,0.0,4.32,1931
416,rf,1024,matched_seed_random_walk,refit,1024,budget_exhausted,rf300_seq303_62a3c8c3d0091bd3,1.3351774000329897,0.7279070998774841,9,1008,1008,1.0,2,subruns\s416_rf_1024_matched_seed_random_walk_refit,17.086317138373275,624f300e3ff6eb6d,6.8212244897959184,0.0,2.04,1016
416,rf,1024,multi_start_hill_climb,refit,1024,budget_exhausted,rf300_seq303_62a3c8c3d0091bd3,1.7650922000175342,1.2495112001197413,30,1131,1008,0.8912466843501327,2,subruns\s416_rf_1024_multi_start_hill_climb_refit,16.573677822862436,75677ce3ebe3a6da,3.015510204081633,0.0,4.36,1016
416,rf,1024,multi_start_beam,refit,1024,stagnation,rf300_seq303_62a3c8c3d0091bd3,1.2588455999502912,0.593555000028573,5,1035,1008,0.9739130434782609,2,subruns\s416_rf_1024_multi_start_beam_refit,16.905969937246823,be026c8da3efce0d,6.400816326530612,0.0,2.18,1016
416,rf,1024,mutation_only_ga,refit,1024,budget_exhausted,rf300_seq303_62a3c8c3d0091bd3,2.2703776999842376,0.7683556998381391,12,1109,1008,0.90892696122633,2,subruns\s416_rf_1024_mutation_only_ga_refit,16.615121889379374,849552c6b068fd67,3.363265306122449,0.0,3.58,1016
416,rf,1024,ga_tournament1,ablation,841,stagnation,rf300_seq303_8626f2220f8dab10,1.732640200003516,0.5990292999194935,8,896,825,0.9207589285714286,2,subruns\s416_rf_1024_ga_tournament1_ablation,16.735975349606388,26e5812e7d76d3dc,4.7608163265306125,0.0,3.32,833
416,rf,1024,ga_tournament4,ablation,983,stagnation,rf300_seq303_8626f2220f8dab10,2.235720199998468,0.7334205000079237,10,1152,967,0.8394097222222222,2,subruns\s416_rf_1024_ga_tournament4_ablation,16.735975349606388,26e5812e7d76d3dc,3.2751020408163267,0.0,4.02,975
416,rf,1024,ga_single_hop,ablation,1024,budget_exhausted,rf300_seq303_8626f2220f8dab10,1.4486351000377908,0.7785811999347061,12,1138,1008,0.8857644991212654,2,subruns\s416_rf_1024_ga_single_hop_ablation,16.735975349606388,26e5812e7d76d3dc,3.6612244897959183,0.0,4.24,1016
417,xgb,1024,matched_seed_random_walk,main,1024,budget_exhausted,xgb_boot5_sklearn_gbm_20890b1f53b3d61e,1.0388247999944724,0.45043900003656745,9,1008,1008,1.0,2,subruns\s417_xgb_1024_matched_seed_random_walk_main,8.788915800973752,8f73b60a2daa6207,7.060408163265306,0.0,2.28,1016
417,xgb,1024,multi_start_hill_climb,main,1024,budget_exhausted,xgb_boot5_sklearn_gbm_20890b1f53b3d61e,0.9854307000059634,0.4791083999443799,29,1092,1008,0.9230769230769231,2,subruns\s417_xgb_1024_multi_start_hill_climb_main,2.7692397776243607,4b786adbf8036662,3.476734693877551,0.0,3.52,1016
417,xgb,1024,multi_start_beam,main,1024,stagnation,xgb_boot5_sklearn_gbm_20890b1f53b3d61e,0.9488464000169188,0.44653670000843704,5,1040,1008,0.9692307692307692,2,subruns\s417_xgb_1024_multi_start_beam_main,4.5386700375602,c608ec8209389b25,5.9012244897959185,0.0,2.22,1016
417,xgb,1024,mutation_only_ga,main,1010,stagnation,xgb_boot5_sklearn_gbm_20890b1f53b3d61e,1.9033453000010923,0.46855659992434084,10,1111,994,0.8946894689468947,2,subruns\s417_xgb_1024_mutation_only_ga_main,3.5536037883240454,43a0a0b21731680d,4.699591836734694,0.0,3.82,1002
417,xgb,4096,matched_seed_random_walk,main,4096,budget_exhausted,xgb_boot5_sklearn_gbm_20890b1f53b3d61e,6.056660000002012,1.9579170999350026,33,4080,4080,1.0,2,subruns\s417_xgb_4096_matched_seed_random_walk_main,8.571147417406099,bb45023b9dd19b02,6.813061224489796,0.0,2.7,4088
417,xgb,4096,multi_start_hill_climb,main,2693,max_generations,xgb_boot5_sklearn_gbm_20890b1f53b3d61e,3.0734193999669515,1.254570799821522,76,2921,2677,0.9164669633687094,2,subruns\s417_xgb_4096_multi_start_hill_climb_main,2.5871460336974206,42075f677444d1dd,3.373061224489796,0.0,3.58,2685
417,xgb,4096,multi_start_beam,main,3898,stagnation,xgb_boot5_sklearn_gbm_20890b1f53b3d61e,3.2243649000301957,1.6613631999935023,6,4413,3882,0.8796736913664174,2,subruns\s417_xgb_4096_multi_start_beam_main,2.5871460336974206,42075f677444d1dd,3.6848979591836737,0.0,3.64,3890
417,xgb,4096,mutation_only_ga,main,1044,stagnation,xgb_boot5_sklearn_gbm_20890b1f53b3d61e,1.9813254000036977,0.5368457000004128,10,1152,1028,0.8923611111111112,2,subruns\s417_xgb_4096_mutation_only_ga_main,3.5536037883240454,43a0a0b21731680d,4.595918367346939,0.0,3.92,1036
417,xgb,8192,matched_seed_random_walk,main,8192,budget_exhausted,xgb_boot5_sklearn_gbm_20890b1f53b3d61e,16.86324760003481,3.8077441999921575,65,8176,8176,1.0,2,subruns\s417_xgb_8192_matched_seed_random_walk_main,8.318828969339751,c504a975053eff73,7.094693877551021,0.0,3.08,8184
417,xgb,8192,multi_start_hill_climb,main,2693,max_generations,xgb_boot5_sklearn_gbm_20890b1f53b3d61e,3.240369400009513,1.3006113996380009,76,2921,2677,0.9164669633687094,2,subruns\s417_xgb_8192_multi_start_hill_climb_main,2.5871460336974206,42075f677444d1dd,3.373061224489796,0.0,3.58,2685
417,xgb,8192,multi_start_beam,main,4040,stagnation,xgb_boot5_sklearn_gbm_20890b1f53b3d61e,3.763534300029278,1.908916899934411,6,4608,4024,0.8732638888888888,2,subruns\s417_xgb_8192_multi_start_beam_main,2.5871460336974206,42075f677444d1dd,3.690612244897959,0.0,3.7,4032
417,xgb,8192,mutation_only_ga,main,1044,stagnation,xgb_boot5_sklearn_gbm_20890b1f53b3d61e,1.9468166999868117,0.5064930999651551,10,1152,1028,0.8923611111111112,2,subruns\s417_xgb_8192_mutation_only_ga_main,3.5536037883240454,43a0a0b21731680d,4.595918367346939,0.0,3.92,1036
417,xgb,1024,matched_seed_random_walk,refit,1024,budget_exhausted,xgb_boot5_sklearn_gbm_6a0e4c28c42c425a,1.103129800001625,0.4686078000231646,9,1008,1008,1.0,2,subruns\s417_xgb_1024_matched_seed_random_walk_refit,7.252510334992801,d7a0e59bbd380769,6.928979591836734,0.0,2.38,1016
417,xgb,1024,multi_start_hill_climb,refit,1024,budget_exhausted,xgb_boot5_sklearn_gbm_6a0e4c28c42c425a,1.044309200020507,0.5000482000177726,30,1131,1008,0.8912466843501327,2,subruns\s417_xgb_1024_multi_start_hill_climb_refit,3.3820820866476273,2dfbb6d60848cb2c,4.2057142857142855,0.0,3.44,1016
417,xgb,1024,multi_start_beam,refit,1024,stagnation,xgb_boot5_sklearn_gbm_6a0e4c28c42c425a,1.0704159999731928,0.44549729995196685,5,1042,1008,0.9673704414587332,2,subruns\s417_xgb_1024_multi_start_beam_refit,6.276473517308363,f7bb1294459eb6bc,6.236734693877551,0.0,2.28,1016
417,xgb,1024,mutation_only_ga,refit,1024,budget_exhausted,xgb_boot5_sklearn_gbm_6a0e4c28c42c425a,1.9096500999876298,0.46100669988663867,12,1142,1008,0.882661996497373,2,subruns\s417_xgb_1024_mutation_only_ga_refit,3.2970016754768614,909189ffd57ec6ad,5.1355102040816325,0.0,4.04,1016
417,xgb,1024,ga_tournament1,ablation,1024,budget_exhausted,xgb_boot5_sklearn_gbm_20890b1f53b3d61e,1.8752939000260085,0.4525518998852931,11,1068,1008,0.9438202247191011,2,subruns\s417_xgb_1024_ga_tournament1_ablation,3.5983547107841005,1617c9bd631fd15f,6.148571428571429,0.0,3.58,1016
417,xgb,1024,ga_tournament4,ablation,988,stagnation,xgb_boot5_sklearn_gbm_20890b1f53b3d61e,1.8749503000290133,0.4084199000499211,10,1147,972,0.8474280732345248,2,subruns\s417_xgb_1024_ga_tournament4_ablation,2.5871460336974206,42075f677444d1dd,3.5877551020408163,0.0,3.8,980
417,xgb,1024,ga_single_hop,ablation,1023,stagnation,xgb_boot5_sklearn_gbm_20890b1f53b3d61e,1.0820555000100285,0.45113010006025434,12,1189,1007,0.8469301934398654,2,subruns\s417_xgb_1024_ga_single_hop_ablation,2.5871460336974206,42075f677444d1dd,4.6538775510204085,0.0,3.42,1015
417,rf,1024,matched_seed_random_walk,main,1024,budget_exhausted,rf300_seq303_a51655e80d741636,1.4322232999838889,0.6932716000592336,9,1008,1008,1.0,2,subruns\s417_rf_1024_matched_seed_random_walk_main,16.004556781920506,337775f4180b375a,6.3461224489795915,0.0,1.9,1016
417,rf,1024,multi_start_hill_climb,main,1024,budget_exhausted,rf300_seq303_a51655e80d741636,1.9560406999662519,1.3950828000088222,30,1131,1008,0.8912466843501327,2,subruns\s417_rf_1024_multi_start_hill_climb_main,15.303487741773257,544c49f82537aeb1,3.1363265306122448,0.0,3.26,1016
417,rf,1024,multi_start_beam,main,1024,stagnation,rf300_seq303_a51655e80d741636,1.1174984999815933,0.6034059000085108,5,1043,1008,0.9664429530201343,2,subruns\s417_rf_1024_multi_start_beam_main,15.501894636146487,7f06029231f5061f,3.9306122448979592,0.0,1.9,1016
417,rf,1024,mutation_only_ga,main,1024,stagnation,rf300_seq303_a51655e80d741636,2.3616252000210807,0.7867028000182472,12,1138,1008,0.8857644991212654,2,subruns\s417_rf_1024_mutation_only_ga_main,15.353897540416071,69279324ef069bd0,3.706122448979592,0.0,3.14,1016
417,rf,4096,matched_seed_random_walk,main,4096,budget_exhausted,rf300_seq303_a51655e80d741636,6.995047000003979,2.838257400027942,33,4080,4080,1.0,2,subruns\s417_rf_4096_matched_seed_random_walk_main,16.004556781920506,337775f4180b375a,5.885714285714286,0.0,2.48,4088
417,rf,4096,multi_start_hill_climb,main,2581,max_generations,rf300_seq303_a51655e80d741636,4.891877999994904,3.198045500437729,74,2843,2565,0.9022159690467816,2,subruns\s417_rf_4096_multi_start_hill_climb_main,15.303487741773257,544c49f82537aeb1,3.1330612244897957,0.0,3.26,2573
417,rf,4096,multi_start_beam,main,4062,stagnation,rf300_seq303_a51655e80d741636,3.9393714000470936,2.0222417999757454,7,4549,4046,0.889426247526929,2,subruns\s417_rf_4096_multi_start_beam_main,15.303487741773257,544c49f82537aeb1,3.290612244897959,0.0,3.14,4054
417,rf,4096,mutation_only_ga,main,1753,stagnation,rf300_seq303_a51655e80d741636,3.815784199978225,1.26722130010603,17,2048,1737,0.84814453125,2,subruns\s417_rf_4096_mutation_only_ga_main,15.303487741773257,544c49f82537aeb1,3.326530612244898,0.0,3.16,1745
417,rf,8192,matched_seed_random_walk,main,8192,budget_exhausted,rf300_seq303_a51655e80d741636,18.566667999955826,5.582773999776691,65,8176,8176,1.0,2,subruns\s417_rf_8192_matched_seed_random_walk_main,16.004556781920506,337775f4180b375a,4.627755102040816,0.0,2.6,8184
417,rf,8192,multi_start_hill_climb,main,2581,max_generations,rf300_seq303_a51655e80d741636,4.849715500022285,3.1162924001109786,74,2843,2565,0.9022159690467816,2,subruns\s417_rf_8192_multi_start_hill_climb_main,15.303487741773257,544c49f82537aeb1,3.1330612244897957,0.0,3.26,2573
417,rf,8192,multi_start_beam,main,4839,stagnation,rf300_seq303_a51655e80d741636,4.423315699968953,2.3080896000610664,7,5632,4823,0.8563565340909091,2,subruns\s417_rf_8192_multi_start_beam_main,15.303487741773257,544c49f82537aeb1,3.193469387755102,0.0,3.24,4831
417,rf,8192,mutation_only_ga,main,1753,stagnation,rf300_seq303_a51655e80d741636,3.9380326999817044,1.2612799000926316,17,2048,1737,0.84814453125,2,subruns\s417_rf_8192_mutation_only_ga_main,15.303487741773257,544c49f82537aeb1,3.326530612244898,0.0,3.16,1745
417,rf,1024,matched_seed_random_walk,refit,1024,budget_exhausted,rf300_seq303_2ecbad2c81e410c5,1.330191900022328,0.7139738000114448,9,1008,1008,1.0,2,subruns\s417_rf_1024_matched_seed_random_walk_refit,16.611748715830046,2a99fb946cc51092,6.638367346938775,0.0,2.04,1016
417,rf,1024,multi_start_hill_climb,refit,1024,budget_exhausted,rf300_seq303_2ecbad2c81e410c5,1.7770458000013605,1.2514160999562591,30,1131,1008,0.8912466843501327,2,subruns\s417_rf_1024_multi_start_hill_climb_refit,16.036575909037566,4d81d9df9cdf9215,3.56,0.0,2.9,1016
417,rf,1024,multi_start_beam,refit,1023,stagnation,rf300_seq303_2ecbad2c81e410c5,1.290059500024654,0.624988499970641,5,1041,1007,0.9673390970220941,2,subruns\s417_rf_1024_multi_start_beam_refit,16.37149065513934,bc986853ca1a6d63,3.6987755102040816,0.0,1.86,1015
417,rf,1024,mutation_only_ga,refit,1024,budget_exhausted,rf300_seq303_2ecbad2c81e410c5,2.3521344999899156,0.8218608999741264,12,1116,1008,0.9032258064516129,2,subruns\s417_rf_1024_mutation_only_ga_refit,16.16770920762239,b33ab573d0b7a6ab,3.56,0.0,3.3,1016
417,rf,1024,ga_tournament1,ablation,1014,stagnation,rf300_seq303_a51655e80d741636,2.1736146999755874,0.7217270000255667,10,1079,998,0.9249304911955515,2,subruns\s417_rf_1024_ga_tournament1_ablation,15.31658096016217,5c0af0775de11797,3.9461224489795916,0.0,3.0,1006
417,rf,1024,ga_tournament4,ablation,1024,stagnation,rf300_seq303_a51655e80d741636,2.4707547000143677,0.8064220999949612,13,1211,1008,0.8323699421965318,2,subruns\s417_rf_1024_ga_tournament4_ablation,15.303487741773257,544c49f82537aeb1,3.28734693877551,0.0,3.3,1016
417,rf,1024,ga_single_hop,ablation,1024,budget_exhausted,rf300_seq303_a51655e80d741636,1.4394668000168167,0.7982394998543896,13,1183,1008,0.8520710059171598,2,subruns\s417_rf_1024_ga_single_hop_ablation,15.337025478319644,4bf0ed3ef921079e,3.8383673469387753,0.0,3.42,1016
418,xgb,1024,matched_seed_random_walk,main,1024,budget_exhausted,xgb_boot5_sklearn_gbm_99794a8d0f9ae763,1.0453170000109822,0.45373980002477765,9,1008,1008,1.0,2,subruns\s418_xgb_1024_matched_seed_random_walk_main,6.889912711567109,270d021ad0b8fabc,7.956734693877551,0.0,1.8,1016
418,xgb,1024,multi_start_hill_climb,main,1024,budget_exhausted,xgb_boot5_sklearn_gbm_99794a8d0f9ae763,1.0112467000144534,0.5058158997562714,29,1092,1008,0.9230769230769231,2,subruns\s418_xgb_1024_multi_start_hill_climb_main,4.982582233639681,e645ac3c21d1e64c,5.349387755102041,0.0,3.34,1016
418,xgb,1024,multi_start_beam,main,1023,stagnation,xgb_boot5_sklearn_gbm_99794a8d0f9ae763,0.950668899982702,0.4456106999423355,5,1047,1007,0.9617956064947469,2,subruns\s418_xgb_1024_multi_start_beam_main,6.816435406847208,01b650ab038be8a4,7.129795918367347,0.0,1.82,1015
418,xgb,1024,mutation_only_ga,main,603,stagnation,xgb_boot5_sklearn_gbm_99794a8d0f9ae763,1.105509200016968,0.28662899998016655,6,640,587,0.9171875,2,subruns\s418_xgb_1024_mutation_only_ga_main,6.889912711567109,270d021ad0b8fabc,7.203265306122449,0.0,2.5,595
418,xgb,4096,matched_seed_random_walk,main,4096,budget_exhausted,xgb_boot5_sklearn_gbm_99794a8d0f9ae763,6.09332019998692,1.87829249992501,33,4080,4080,1.0,2,subruns\s418_xgb_4096_matched_seed_random_walk_main,6.889912711567109,270d021ad0b8fabc,7.884897959183673,0.0,2.18,4088
418,xgb,4096,multi_start_hill_climb,main,2796,max_generations,xgb_boot5_sklearn_gbm_99794a8d0f9ae763,3.3418988999910653,1.351582600036636,79,3014,2780,0.9223623092236231,2,subruns\s418_xgb_4096_multi_start_hill_climb_main,4.271056635388214,5b909bfd507d2aab,7.197551020408163,0.02,4.34,2788
418,xgb,4096,multi_start_beam,main,3217,stagnation,xgb_boot5_sklearn_gbm_99794a8d0f9ae763,2.9383582000155,1.5014134998782538,5,3584,3201,0.8931361607142857,2,subruns\s418_xgb_4096_multi_start_beam_main,4.6897588116718865,5868d0f660dcca52,5.7542857142857144,0.0,3.46,3209
418,xgb,4096,mutation_only_ga,main,603,stagnation,xgb_boot5_sklearn_gbm_99794a8d0f9ae763,1.1225575999706052,0.28669670008821413,6,640,587,0.9171875,2,subruns\s418_xgb_4096_mutation_only_ga_main,6.889912711567109,270d021ad0b8fabc,7.203265306122449,0.0,2.5,595
418,xgb,8192,matched_seed_random_walk,main,8192,budget_exhausted,xgb_boot5_sklearn_gbm_99794a8d0f9ae763,16.29113420000067,3.7519594999030232,65,8176,8176,1.0,2,subruns\s418_xgb_8192_matched_seed_random_walk_main,6.889912711567109,270d021ad0b8fabc,7.1289795918367345,0.0,2.34,8184
418,xgb,8192,multi_start_hill_climb,main,2796,max_generations,xgb_boot5_sklearn_gbm_99794a8d0f9ae763,3.285330899991095,1.3246083004050888,79,3014,2780,0.9223623092236231,2,subruns\s418_xgb_8192_multi_start_hill_climb_main,4.271056635388214,5b909bfd507d2aab,7.197551020408163,0.02,4.34,2788
418,xgb,8192,multi_start_beam,main,3217,stagnation,xgb_boot5_sklearn_gbm_99794a8d0f9ae763,2.8423466000240296,1.4393997999140993,5,3584,3201,0.8931361607142857,2,subruns\s418_xgb_8192_multi_start_beam_main,4.6897588116718865,5868d0f660dcca52,5.7542857142857144,0.0,3.46,3209
418,xgb,8192,mutation_only_ga,main,603,stagnation,xgb_boot5_sklearn_gbm_99794a8d0f9ae763,1.093725299986545,0.2700951001024805,6,640,587,0.9171875,2,subruns\s418_xgb_8192_mutation_only_ga_main,6.889912711567109,270d021ad0b8fabc,7.203265306122449,0.0,2.5,595
418,xgb,1024,matched_seed_random_walk,refit,1024,budget_exhausted,xgb_boot5_sklearn_gbm_d178f5860e9be17d,1.0650735999806784,0.4611905999481678,9,1008,1008,1.0,2,subruns\s418_xgb_1024_matched_seed_random_walk_refit,4.615943467353217,aa29c34c3db4cbed,7.9616326530612245,0.02,1.98,1016
418,xgb,1024,multi_start_hill_climb,refit,1024,budget_exhausted,xgb_boot5_sklearn_gbm_d178f5860e9be17d,0.9954199999920093,0.480955500039272,30,1131,1008,0.8912466843501327,2,subruns\s418_xgb_1024_multi_start_hill_climb_refit,2.621957975749227,00c03d1d96d49cee,3.896326530612245,0.02,4.58,1016
418,xgb,1024,multi_start_beam,refit,1024,budget_exhausted,xgb_boot5_sklearn_gbm_d178f5860e9be17d,1.0159113999688998,0.492196699953638,6,1049,1008,0.9609151572926596,2,subruns\s418_xgb_1024_multi_start_beam_refit,3.9508571337967218,4ae40c5c50ef4326,7.271020408163265,0.0,2.2,1016
418,xgb,1024,mutation_only_ga,refit,1024,budget_exhausted,xgb_boot5_sklearn_gbm_d178f5860e9be17d,1.8973619000171311,0.49063489999389276,11,1111,1008,0.9072907290729073,2,subruns\s418_xgb_1024_mutation_only_ga_refit,1.6926850193166048,82f1d2f8232e312d,5.915918367346939,0.0,4.4,1016
418,xgb,1024,ga_tournament1,ablation,1022,stagnation,xgb_boot5_sklearn_gbm_99794a8d0f9ae763,1.874763100000564,0.45787640009075403,11,1132,1006,0.8886925795053003,2,subruns\s418_xgb_1024_ga_tournament1_ablation,6.816435406847208,01b650ab038be8a4,5.170612244897959,0.0,2.98,1014
418,xgb,1024,ga_tournament4,ablation,1023,stagnation,xgb_boot5_sklearn_gbm_99794a8d0f9ae763,2.14569139998639,0.47567630000412464,14,1244,1007,0.8094855305466238,2,subruns\s418_xgb_1024_ga_tournament4_ablation,4.6766501562152865,d45e490e85408131,4.7706122448979595,0.0,3.68,1015
418,xgb,1024,ga_single_hop,ablation,654,stagnation,xgb_boot5_sklearn_gbm_99794a8d0f9ae763,0.6960677999886684,0.2858179000322707,7,768,638,0.8307291666666666,2,subruns\s418_xgb_1024_ga_single_hop_ablation,4.982582233639681,e645ac3c21d1e64c,5.3795918367346935,0.0,3.38,646
418,rf,1024,matched_seed_random_walk,main,1024,budget_exhausted,rf300_seq303_3b0512284f83fc99,1.2904310000012629,0.7052392999758013,9,1008,1008,1.0,2,subruns\s418_rf_1024_matched_seed_random_walk_main,17.231335345262558,8b93c755206ba464,7.488163265306122,0.0,1.84,1016
418,rf,1024,multi_start_hill_climb,main,1024,budget_exhausted,rf300_seq303_3b0512284f83fc99,1.776692199986428,1.261467999953311,30,1131,1008,0.8912466843501327,2,subruns\s418_rf_1024_multi_start_hill_climb_main,16.51988329826335,e64b6cfe113cfcac,4.92,0.0,3.76,1016
418,rf,1024,multi_start_beam,main,1024,stagnation,rf300_seq303_3b0512284f83fc99,1.0625330000184476,0.5676493999781087,5,1041,1008,0.968299711815562,2,subruns\s418_rf_1024_multi_start_beam_main,17.04443261153408,cb99b32d49762331,6.263673469387755,0.0,1.8,1016
418,rf,1024,mutation_only_ga,main,826,stagnation,rf300_seq303_3b0512284f83fc99,1.7060926999547519,0.5760274000349455,8,896,810,0.9040178571428571,2,subruns\s418_rf_1024_mutation_only_ga_main,16.51988329826335,e64b6cfe113cfcac,6.168163265306123,0.0,2.82,818
418,rf,4096,matched_seed_random_walk,main,4096,budget_exhausted,rf300_seq303_3b0512284f83fc99,6.891895600012504,2.8045045998878777,33,4080,4080,1.0,2,subruns\s418_rf_4096_matched_seed_random_walk_main,17.231335345262558,8b93c755206ba464,7.0351020408163265,0.0,2.22,4088
418,rf,4096,multi_start_hill_climb,main,2649,max_generations,rf300_seq303_3b0512284f83fc99,5.1061560999951325,3.1907087998115458,75,2882,2633,0.9136016655100625,2,subruns\s418_rf_4096_multi_start_hill_climb_main,16.364400960295068,9ecdfc7951d45d2c,4.426938775510204,0.0,4.0,2641
418,rf,4096,multi_start_beam,main,4094,stagnation,rf300_seq303_3b0512284f83fc99,3.9366555999731645,2.0013634999631904,8,4600,4078,0.8865217391304347,2,subruns\s418_rf_4096_multi_start_beam_main,16.436059262293725,daa01541302aea78,5.300408163265306,0.0,3.92,4086
418,rf,4096,mutation_only_ga,main,826,stagnation,rf300_seq303_3b0512284f83fc99,1.7360733000095934,0.5685249001253396,8,896,810,0.9040178571428571,2,subruns\s418_rf_4096_mutation_only_ga_main,16.51988329826335,e64b6cfe113cfcac,6.168163265306123,0.0,2.82,818
418,rf,8192,matched_seed_random_walk,main,8192,budget_exhausted,rf300_seq303_3b0512284f83fc99,18.497365699964575,5.479336199641693,65,8176,8176,1.0,2,subruns\s418_rf_8192_matched_seed_random_walk_main,17.185005597822997,8cc2127bb6a218e5,6.594285714285714,0.0,2.26,8184
418,rf,8192,multi_start_hill_climb,main,2649,max_generations,rf300_seq303_3b0512284f83fc99,4.984600699972361,3.192102200584486,75,2882,2633,0.9136016655100625,2,subruns\s418_rf_8192_multi_start_hill_climb_main,16.364400960295068,9ecdfc7951d45d2c,4.426938775510204,0.0,4.0,2641
418,rf,8192,multi_start_beam,main,5986,stagnation,rf300_seq303_3b0512284f83fc99,5.63649369997438,2.8826273999293335,9,7680,5970,0.77734375,2,subruns\s418_rf_8192_multi_start_beam_main,16.364400960295068,9ecdfc7951d45d2c,4.932244897959183,0.0,4.02,5978
418,rf,8192,mutation_only_ga,main,826,stagnation,rf300_seq303_3b0512284f83fc99,1.6955054000136442,0.5735227999393828,8,896,810,0.9040178571428571,2,subruns\s418_rf_8192_mutation_only_ga_main,16.51988329826335,e64b6cfe113cfcac,6.168163265306123,0.0,2.82,818
418,rf,1024,matched_seed_random_walk,refit,1024,budget_exhausted,rf300_seq303_1d4c628422ded16c,1.3048845999874175,0.6892987999599427,9,1008,1008,1.0,2,subruns\s418_rf_1024_matched_seed_random_walk_refit,17.153496696566236,ec4430809bd575a9,7.293061224489796,0.0,1.72,1016
418,rf,1024,multi_start_hill_climb,refit,1024,budget_exhausted,rf300_seq303_1d4c628422ded16c,1.7332138999481685,1.217340300034266,30,1131,1008,0.8912466843501327,2,subruns\s418_rf_1024_multi_start_hill_climb_refit,16.72237912228346,e98552c75a3a55c9,3.9159183673469387,0.0,3.3,1016
418,rf,1024,multi_start_beam,refit,1024,stagnation,rf300_seq303_1d4c628422ded16c,1.1050104000023566,0.6031702999025583,5,1048,1008,0.9618320610687023,2,subruns\s418_rf_1024_multi_start_beam_refit,16.81951795504916,74f22c1067f305f7,6.439183673469388,0.0,1.68,1016
418,rf,1024,mutation_only_ga,refit,1024,budget_exhausted,rf300_seq303_1d4c628422ded16c,2.353362100024242,0.8167484000441618,12,1155,1008,0.8727272727272727,2,subruns\s418_rf_1024_mutation_only_ga_refit,16.69364752913497,014fe791e368dac2,4.813877551020409,0.0,3.0,1016
418,rf,1024,ga_tournament1,ablation,1024,budget_exhausted,rf300_seq303_3b0512284f83fc99,2.1751254000118934,0.7925044000148773,11,1109,1008,0.90892696122633,2,subruns\s418_rf_1024_ga_tournament1_ablation,16.659624515915723,055b4d6bee2ed6cb,6.16734693877551,0.0,3.0,1016
418,rf,1024,ga_tournament4,ablation,1024,budget_exhausted,rf300_seq303_3b0512284f83fc99,2.60123480000766,0.80636880005477,12,1223,1008,0.8242027800490597,2,subruns\s418_rf_1024_ga_tournament4_ablation,16.364400960295068,9ecdfc7951d45d2c,5.037551020408163,0.0,3.3,1016
418,rf,1024,ga_single_hop,ablation,1002,stagnation,rf300_seq303_3b0512284f83fc99,1.3791551999747753,0.7307435999973677,11,1217,986,0.8101889893179951,2,subruns\s418_rf_1024_ga_single_hop_ablation,16.73837800217261,60c7faa9be2f25a6,5.474285714285714,0.0,3.26,994
419,xgb,1024,matched_seed_random_walk,main,1024,budget_exhausted,xgb_boot5_sklearn_gbm_30da3a608289f3a1,1.1280948999919929,0.47376630001235753,9,1008,1008,1.0,2,subruns\s419_xgb_1024_matched_seed_random_walk_main,6.914011442948896,d2a8f7630f125852,8.178775510204082,0.0,2.16,1016
419,xgb,1024,multi_start_hill_climb,main,1024,budget_exhausted,xgb_boot5_sklearn_gbm_30da3a608289f3a1,0.968720700009726,0.46886690001701936,30,1131,1008,0.8912466843501327,2,subruns\s419_xgb_1024_multi_start_hill_climb_main,4.303540306057774,6d85bad7bf783cc8,4.482448979591837,0.0,3.88,1016
419,xgb,1024,multi_start_beam,main,1024,stagnation,xgb_boot5_sklearn_gbm_30da3a608289f3a1,0.9561426999862306,0.4397007000516169,5,1041,1008,0.968299711815562,2,subruns\s419_xgb_1024_multi_start_beam_main,6.894972155830592,f317847c864b0bfe,6.7240816326530615,0.0,1.92,1016
419,xgb,1024,mutation_only_ga,main,1024,stagnation,xgb_boot5_sklearn_gbm_30da3a608289f3a1,1.8785420000203885,0.4524873000336811,12,1120,1008,0.9,2,subruns\s419_xgb_1024_mutation_only_ga_main,4.303540306057774,6d85bad7bf783cc8,4.480816326530612,0.0,3.8,1016
419,xgb,4096,matched_seed_random_walk,main,4096,budget_exhausted,xgb_boot5_sklearn_gbm_30da3a608289f3a1,5.848129999998491,1.8384594998788089,33,4080,4080,1.0,2,subruns\s419_xgb_4096_matched_seed_random_walk_main,6.914011442948896,d2a8f7630f125852,8.102857142857143,0.0,2.32,4088
419,xgb,4096,multi_start_hill_climb,main,2771,max_generations,xgb_boot5_sklearn_gbm_30da3a608289f3a1,3.423597799963318,1.413703800237272,78,2999,2755,0.9186395465155052,2,subruns\s419_xgb_4096_multi_start_hill_climb_main,4.303540306057774,6d85bad7bf783cc8,4.450612244897959,0.0,4.04,2763
419,xgb,4096,multi_start_beam,main,4087,stagnation,xgb_boot5_sklearn_gbm_30da3a608289f3a1,4.471189799951389,2.2899484000517987,8,4544,4071,0.8959066901408451,2,subruns\s419_xgb_4096_multi_start_beam_main,4.060592356907045,a2442f8a158d3638,3.9771428571428573,0.0,4.32,4079
419,xgb,4096,mutation_only_ga,main,1259,stagnation,xgb_boot5_sklearn_gbm_30da3a608289f3a1,2.3029022000264376,0.5804838000331074,12,1408,1243,0.8828125,2,subruns\s419_xgb_4096_mutation_only_ga_main,4.303540306057774,6d85bad7bf783cc8,4.1355102040816325,0.0,3.98,1251
419,xgb,8192,matched_seed_random_walk,main,8192,budget_exhausted,xgb_boot5_sklearn_gbm_30da3a608289f3a1,16.25144939997699,3.7155918002827093,65,8176,8176,1.0,2,subruns\s419_xgb_8192_matched_seed_random_walk_main,6.914011442948896,d2a8f7630f125852,8.088979591836734,0.02,2.62,8184
419,xgb,8192,multi_start_hill_climb,main,2771,max_generations,xgb_boot5_sklearn_gbm_30da3a608289f3a1,3.2172756000072695,1.266258500108961,78,2999,2755,0.9186395465155052,2,subruns\s419_xgb_8192_multi_start_hill_climb_main,4.303540306057774,6d85bad7bf783cc8,4.450612244897959,0.0,4.04,2763
419,xgb,8192,multi_start_beam,main,6390,stagnation,xgb_boot5_sklearn_gbm_30da3a608289f3a1,5.532026699976996,2.7914664001436904,9,7680,6374,0.8299479166666667,2,subruns\s419_xgb_8192_multi_start_beam_main,3.8022693455028396,7ceb98a94331206f,3.4579591836734695,0.0,4.68,6382
419,xgb,8192,mutation_only_ga,main,1259,stagnation,xgb_boot5_sklearn_gbm_30da3a608289f3a1,2.3016260000295006,0.5494380999589339,12,1408,1243,0.8828125,2,subruns\s419_xgb_8192_mutation_only_ga_main,4.303540306057774,6d85bad7bf783cc8,4.1355102040816325,0.0,3.98,1251
419,xgb,1024,matched_seed_random_walk,refit,1024,budget_exhausted,xgb_boot5_sklearn_gbm_856056ebe67e6545,1.203211999963969,0.5233045000932179,9,1008,1008,1.0,2,subruns\s419_xgb_1024_matched_seed_random_walk_refit,10.95843958293968,de84906895fbdebf,7.050612244897959,0.0,1.98,1016
419,xgb,1024,multi_start_hill_climb,refit,1024,budget_exhausted,xgb_boot5_sklearn_gbm_856056ebe67e6545,1.012928500014823,0.51148190011736,30,1131,1008,0.8912466843501327,2,subruns\s419_xgb_1024_multi_start_hill_climb_refit,8.97706849748086,c652e058640be854,5.156734693877551,0.0,4.86,1016
419,xgb,1024,multi_start_beam,refit,1024,stagnation,xgb_boot5_sklearn_gbm_856056ebe67e6545,0.9744316000142135,0.4622070000623353,5,1042,1008,0.9673704414587332,2,subruns\s419_xgb_1024_multi_start_beam_refit,10.993203538886272,b93da9e64b145d64,6.713469387755102,0.0,1.86,1016
419,xgb,1024,mutation_only_ga,refit,1024,budget_exhausted,xgb_boot5_sklearn_gbm_856056ebe67e6545,2.0017564999870956,0.49557259993162006,11,1119,1008,0.900804289544236,2,subruns\s419_xgb_1024_mutation_only_ga_refit,8.134404388628184,c3a09c8de5e94925,6.094693877551021,0.0,4.32,1016
419,xgb,1024,ga_tournament1,ablation,1024,stagnation,xgb_boot5_sklearn_gbm_30da3a608289f3a1,1.861631999956444,0.4590990000288002,11,1078,1008,0.935064935064935,2,subruns\s419_xgb_1024_ga_tournament1_ablation,6.1173195537376355,ec5e170db0e6c386,5.368163265306123,0.0,3.46,1016
419,xgb,1024,ga_tournament4,ablation,1005,stagnation,xgb_boot5_sklearn_gbm_30da3a608289f3a1,2.0313207999570295,0.46096070000203326,11,1215,989,0.8139917695473251,2,subruns\s419_xgb_1024_ga_tournament4_ablation,3.8022693455028396,7ceb98a94331206f,3.086530612244898,0.0,4.62,997
419,xgb,1024,ga_single_hop,ablation,1023,stagnation,xgb_boot5_sklearn_gbm_30da3a608289f3a1,1.1435198999824934,0.46109680010704324,13,1230,1007,0.8186991869918699,2,subruns\s419_xgb_1024_ga_single_hop_ablation,3.8022693455028396,7ceb98a94331206f,3.726530612244898,0.0,4.24,1015
419,rf,1024,matched_seed_random_walk,main,1024,budget_exhausted,rf300_seq303_61ad414551f11a8f,1.4022382000111975,0.7140533000929281,9,1008,1008,1.0,2,subruns\s419_rf_1024_matched_seed_random_walk_main,18.262361201642463,915fd209911a6903,8.165714285714285,0.0,1.98,1016
419,rf,1024,multi_start_hill_climb,main,1024,budget_exhausted,rf300_seq303_61ad414551f11a8f,1.7252293999772519,1.2183743000496179,30,1131,1008,0.8912466843501327,2,subruns\s419_rf_1024_multi_start_hill_climb_main,17.288456952160036,8232ccd1dca0e262,2.9559183673469387,0.0,4.14,1016
419,rf,1024,multi_start_beam,main,1023,stagnation,rf300_seq303_61ad414551f11a8f,1.0806500000180677,0.5823676000582054,5,1041,1007,0.9673390970220941,2,subruns\s419_rf_1024_multi_start_beam_main,18.192904779555302,9ddf6a4f0fa4d3df,7.658775510204082,0.0,2.18,1015
419,rf,1024,mutation_only_ga,main,1024,budget_exhausted,rf300_seq303_61ad414551f11a8f,2.352688200015109,0.7751053999527358,12,1122,1008,0.8983957219251337,2,subruns\s419_rf_1024_mutation_only_ga_main,17.32990505674877,3ef6dbab6b005327,4.646530612244898,0.0,4.52,1016
419,rf,4096,matched_seed_random_walk,main,4096,budget_exhausted,rf300_seq303_61ad414551f11a8f,6.925889500009362,2.7537115002633072,33,4080,4080,1.0,2,subruns\s419_rf_4096_matched_seed_random_walk_main,18.262361201642463,915fd209911a6903,7.936326530612245,0.0,2.46,4088
419,rf,4096,multi_start_hill_climb,main,2605,max_generations,rf300_seq303_61ad414551f11a8f,5.194298800022807,3.259377399866935,74,2843,2589,0.9106577558916638,2,subruns\s419_rf_4096_multi_start_hill_climb_main,17.288456952160036,8232ccd1dca0e262,3.5885714285714285,0.0,4.26,2597
419,rf,4096,multi_start_beam,main,4095,neighbors_exhausted,rf300_seq303_61ad414551f11a8f,3.767152799991891,2.0725981001742184,8,4481,4079,0.9102878821691587,2,subruns\s419_rf_4096_multi_start_beam_main,17.347576500818843,1b56b001fe0b5903,4.500408163265306,0.0,4.7,4087
419,rf,4096,mutation_only_ga,main,1383,stagnation,rf300_seq303_61ad414551f11a8f,3.0335027999826707,0.9668355001485907,13,1536,1367,0.8899739583333334,2,subruns\s419_rf_4096_mutation_only_ga_main,17.32990505674877,3ef6dbab6b005327,3.849795918367347,0.0,4.58,1375
419,rf,8192,matched_seed_random_walk,main,8192,budget_exhausted,rf300_seq303_61ad414551f11a8f,18.617722399998456,5.5350050998386,65,8176,8176,1.0,2,subruns\s419_rf_8192_matched_seed_random_walk_main,18.262361201642463,915fd209911a6903,7.369795918367347,0.0,2.68,8184
419,rf,8192,multi_start_hill_climb,main,2605,max_generations,rf300_seq303_61ad414551f11a8f,5.291464200010523,3.3375482000992633,74,2843,2589,0.9106577558916638,2,subruns\s419_rf_8192_multi_start_hill_climb_main,17.288456952160036,8232ccd1dca0e262,3.5885714285714285,0.0,4.26,2597
419,rf,8192,multi_start_beam,main,8047,stagnation,rf300_seq303_61ad414551f11a8f,7.8935802999767475,3.9009687999496236,13,10114,8031,0.7940478544591655,2,subruns\s419_rf_8192_multi_start_beam_main,17.288456952160036,8232ccd1dca0e262,3.5575510204081633,0.0,4.18,8039
419,rf,8192,mutation_only_ga,main,1383,stagnation,rf300_seq303_61ad414551f11a8f,2.8558102000388317,0.928533999947831,13,1536,1367,0.8899739583333334,2,subruns\s419_rf_8192_mutation_only_ga_main,17.32990505674877,3ef6dbab6b005327,3.849795918367347,0.0,4.58,1375
419,rf,1024,matched_seed_random_walk,refit,1024,budget_exhausted,rf300_seq303_dcce11481ce38171,1.2941809000330977,0.6975032999762334,9,1008,1008,1.0,2,subruns\s419_rf_1024_matched_seed_random_walk_refit,17.77234783347541,d2a8f7630f125852,7.6604081632653065,0.0,1.78,1016
419,rf,1024,multi_start_hill_climb,refit,1024,budget_exhausted,rf300_seq303_dcce11481ce38171,1.7256553000188433,1.215292800217867,30,1131,1008,0.8912466843501327,2,subruns\s419_rf_1024_multi_start_hill_climb_refit,17.229964318480643,4cd7b34f7354d2e7,3.4661224489795917,0.0,3.64,1016
419,rf,1024,multi_start_beam,refit,1023,stagnation,rf300_seq303_dcce11481ce38171,1.0265935999923386,0.548076500010211,4,1032,1007,0.9757751937984496,2,subruns\s419_rf_1024_multi_start_beam_refit,18.454526434833205,2394601bd1b636d1,7.176326530612245,0.0,2.06,1015
419,rf,1024,mutation_only_ga,refit,1024,budget_exhausted,rf300_seq303_dcce11481ce38171,2.2621351000270806,0.8265083999722265,13,1126,1008,0.8952042628774423,2,subruns\s419_rf_1024_mutation_only_ga_refit,17.229964318480643,4cd7b34f7354d2e7,5.057142857142857,0.0,3.76,1016
419,rf,1024,ga_tournament1,ablation,1024,budget_exhausted,rf300_seq303_61ad414551f11a8f,2.0657879000063986,0.7334088000934571,11,1083,1008,0.9307479224376731,2,subruns\s419_rf_1024_ga_tournament1_ablation,17.695798982511754,bdf7709ab0a05c64,5.484897959183673,0.0,3.62,1016
419,rf,1024,ga_tournament4,ablation,1012,stagnation,rf300_seq303_61ad414551f11a8f,2.2791527999797836,0.7536749999853782,11,1199,996,0.8306922435362802,2,subruns\s419_rf_1024_ga_tournament4_ablation,17.288456952160036,8232ccd1dca0e262,3.740408163265306,0.0,3.98,1004
419,rf,1024,ga_single_hop,ablation,1024,budget_exhausted,rf300_seq303_61ad414551f11a8f,1.4148230999708176,0.7828383999876678,12,1195,1008,0.8435146443514644,2,subruns\s419_rf_1024_ga_single_hop_ablation,17.347576500818843,1b56b001fe0b5903,4.735510204081633,0.0,4.6,1016
420,xgb,1024,matched_seed_random_walk,main,1024,budget_exhausted,xgb_boot5_sklearn_gbm_5404373c91cfbeba,1.0345534000080079,0.4481285999645479,9,1008,1008,1.0,2,subruns\s420_xgb_1024_matched_seed_random_walk_main,1.3324620947312864,9e2e1d431bba6fd7,7.495510204081633,0.0,2.26,1016
420,xgb,1024,multi_start_hill_climb,main,1024,budget_exhausted,xgb_boot5_sklearn_gbm_5404373c91cfbeba,0.9738053999608383,0.48422930017113686,30,1131,1008,0.8912466843501327,2,subruns\s420_xgb_1024_multi_start_hill_climb_main,0.18775969320775535,7fae4f44fd56a144,2.973061224489796,0.0,4.94,1016
420,xgb,1024,multi_start_beam,main,1024,stagnation,xgb_boot5_sklearn_gbm_5404373c91cfbeba,0.9541232000337914,0.46572450001258403,5,1028,1008,0.980544747081712,2,subruns\s420_xgb_1024_multi_start_beam_main,2.9314776304028762,2bfae9a1e6363eef,5.119183673469387,0.0,2.06,1016
420,xgb,1024,mutation_only_ga,main,1024,budget_exhausted,xgb_boot5_sklearn_gbm_5404373c91cfbeba,1.9058024999685585,0.4596883999183774,12,1118,1008,0.9016100178890877,2,subruns\s420_xgb_1024_mutation_only_ga_main,0.05185192074069541,b5165dc8876e1abe,4.542040816326531,0.0,4.54,1016
420,xgb,4096,matched_seed_random_walk,main,4096,budget_exhausted,xgb_boot5_sklearn_gbm_5404373c91cfbeba,5.7679726999485865,1.8388091996894218,33,4080,4080,1.0,2,subruns\s420_xgb_4096_matched_seed_random_walk_main,1.3324620947312864,9e2e1d431bba6fd7,6.849795918367347,0.0,2.76,4088
420,xgb,4096,multi_start_hill_climb,main,2597,max_generations,xgb_boot5_sklearn_gbm_5404373c91cfbeba,3.198622299998533,1.3447808001656085,74,2839,2581,0.9091229306093696,2,subruns\s420_xgb_4096_multi_start_hill_climb_main,-0.7279290429126288,668b62c08a4c9af0,3.516734693877551,0.0,4.8,2589
420,xgb,4096,multi_start_beam,main,4091,stagnation,xgb_boot5_sklearn_gbm_5404373c91cfbeba,3.662960799993016,1.7322214000741951,8,4514,4075,0.9027470093043863,2,subruns\s420_xgb_4096_multi_start_beam_main,-0.5990093846416252,2023a605e5350a56,3.1387755102040815,0.0,4.62,4083
420,xgb,4096,mutation_only_ga,main,2235,stagnation,xgb_boot5_sklearn_gbm_5404373c91cfbeba,4.318635399977211,1.0072275000275113,23,2816,2219,0.7879971590909091,2,subruns\s420_xgb_4096_mutation_only_ga_main,-0.7279290429126288,668b62c08a4c9af0,3.3053061224489797,0.0,4.78,2227
420,xgb,8192,matched_seed_random_walk,main,8192,budget_exhausted,xgb_boot5_sklearn_gbm_5404373c91cfbeba,16.36392789997626,3.7374660001369193,65,8176,8176,1.0,2,subruns\s420_xgb_8192_matched_seed_random_walk_main,1.3324620947312864,9e2e1d431bba6fd7,6.238367346938776,0.0,3.2,8184
420,xgb,8192,multi_start_hill_climb,main,2597,max_generations,xgb_boot5_sklearn_gbm_5404373c91cfbeba,3.0424038999481127,1.2270213001756929,74,2839,2581,0.9091229306093696,2,subruns\s420_xgb_8192_multi_start_hill_climb_main,-0.7279290429126288,668b62c08a4c9af0,3.516734693877551,0.0,4.8,2589
420,xgb,8192,multi_start_beam,main,6213,stagnation,xgb_boot5_sklearn_gbm_5404373c91cfbeba,5.417780900024809,2.7006894999649376,9,7680,6197,0.8069010416666667,2,subruns\s420_xgb_8192_multi_start_beam_main,-0.7279290429126288,668b62c08a4c9af0,3.360816326530612,0.0,4.74,6205
420,xgb,8192,mutation_only_ga,main,2235,stagnation,xgb_boot5_sklearn_gbm_5404373c91cfbeba,4.6054163000080734,1.0765766999684274,23,2816,2219,0.7879971590909091,2,subruns\s420_xgb_8192_mutation_only_ga_main,-0.7279290429126288,668b62c08a4c9af0,3.3053061224489797,0.0,4.78,2227
420,xgb,1024,matched_seed_random_walk,refit,1024,budget_exhausted,xgb_boot5_sklearn_gbm_d44ba1dc8085c5bd,1.1708196999970824,0.5115285000647418,9,1008,1008,1.0,2,subruns\s420_xgb_1024_matched_seed_random_walk_refit,5.706504185753334,0bfaa76463d0f91e,7.795102040816326,0.0,2.26,1016
420,xgb,1024,multi_start_hill_climb,refit,1024,budget_exhausted,xgb_boot5_sklearn_gbm_d44ba1dc8085c5bd,1.018311600026209,0.5083198999636807,30,1131,1008,0.8912466843501327,2,subruns\s420_xgb_1024_multi_start_hill_climb_refit,6.779799750260596,150b7d8c3504078d,5.213877551020408,0.0,4.54,1016
420,xgb,1024,multi_start_beam,refit,1024,budget_exhausted,xgb_boot5_sklearn_gbm_d44ba1dc8085c5bd,0.9687994999694638,0.4833488000440411,4,1043,1008,0.9664429530201343,2,subruns\s420_xgb_1024_multi_start_beam_refit,6.7045532508243655,6281fdd955e0ef7a,5.444897959183673,0.02,2.44,1016
420,xgb,1024,mutation_only_ga,refit,1024,budget_exhausted,xgb_boot5_sklearn_gbm_d44ba1dc8085c5bd,2.2038864999776706,0.531924000068102,11,1098,1008,0.9180327868852459,2,subruns\s420_xgb_1024_mutation_only_ga_refit,3.4550048308394943,222de3cf345d42d4,4.972244897959183,0.0,4.84,1016
420,xgb,1024,ga_tournament1,ablation,1024,budget_exhausted,xgb_boot5_sklearn_gbm_5404373c91cfbeba,1.8619691000203602,0.4554831000859849,11,1082,1008,0.9316081330868762,2,subruns\s420_xgb_1024_ga_tournament1_ablation,0.7585616718590174,7624b8affdb3654b,4.48734693877551,0.0,4.04,1016
420,xgb,1024,ga_tournament4,ablation,1024,budget_exhausted,xgb_boot5_sklearn_gbm_5404373c91cfbeba,1.9106638000230305,0.4487652999232523,12,1173,1008,0.8593350383631714,2,subruns\s420_xgb_1024_ga_tournament4_ablation,0.24588156769672861,dd2665a3c9df94dc,3.3142857142857145,0.0,4.68,1016
420,xgb,1024,ga_single_hop,ablation,1024,budget_exhausted,xgb_boot5_sklearn_gbm_5404373c91cfbeba,1.0824934999691322,0.45928599999751896,12,1168,1008,0.863013698630137,2,subruns\s420_xgb_1024_ga_single_hop_ablation,-0.07286851014057075,7235118896c925ed,3.376326530612245,0.0,4.3,1016
420,rf,1024,matched_seed_random_walk,main,1024,budget_exhausted,rf300_seq303_e0dc98e488aff7b1,1.2916400999529287,0.6942833000211976,9,1008,1008,1.0,2,subruns\s420_rf_1024_matched_seed_random_walk_main,16.780918835890958,9e2e1d431bba6fd7,7.986938775510204,0.0,2.32,1016
420,rf,1024,multi_start_hill_climb,main,1024,budget_exhausted,rf300_seq303_e0dc98e488aff7b1,1.7523390999995172,1.2469624000950716,30,1131,1008,0.8912466843501327,2,subruns\s420_rf_1024_multi_start_hill_climb_main,16.614012803851903,4154954694960daf,3.593469387755102,0.0,4.66,1016
420,rf,1024,multi_start_beam,main,1024,budget_exhausted,rf300_seq303_e0dc98e488aff7b1,1.0829549999907613,0.5813783999765292,5,1039,1008,0.9701636188642926,2,subruns\s420_rf_1024_multi_start_beam_main,17.53536238765956,7baf988d9ba2d87e,6.373877551020408,0.0,2.2,1016
420,rf,1024,mutation_only_ga,main,1024,budget_exhausted,rf300_seq303_e0dc98e488aff7b1,2.1729980000527576,0.7377086999476887,11,1110,1008,0.9081081081081082,2,subruns\s420_rf_1024_mutation_only_ga_main,16.68595387308633,b46d87856ba65778,5.566530612244898,0.0,4.16,1016
420,rf,4096,matched_seed_random_walk,main,4096,budget_exhausted,rf300_seq303_e0dc98e488aff7b1,7.038642400002573,2.8327059000730515,33,4080,4080,1.0,2,subruns\s420_rf_4096_matched_seed_random_walk_main,16.780918835890958,9e2e1d431bba6fd7,6.796734693877551,0.0,3.36,4088
420,rf,4096,multi_start_hill_climb,main,2609,max_generations,rf300_seq303_e0dc98e488aff7b1,4.885498100018594,3.124822500278242,74,2843,2593,0.9120647203658108,2,subruns\s420_rf_4096_multi_start_hill_climb_main,16.351597675684598,34eaa88caf1aa5a7,3.9706122448979593,0.0,4.2,2601
420,rf,4096,multi_start_beam,main,4095,stagnation,rf300_seq303_e0dc98e488aff7b1,3.910651800048072,2.072132200060878,8,4432,4079,0.9203519855595668,2,subruns\s420_rf_4096_multi_start_beam_main,16.563065322719044,fc5e9cdf946eec7c,4.905306122448979,0.0,4.34,4087
420,rf,4096,mutation_only_ga,main,2277,stagnation,rf300_seq303_e0dc98e488aff7b1,5.276757700019516,1.6869999999180436,22,2688,2261,0.8411458333333334,2,subruns\s420_rf_4096_mutation_only_ga_main,16.351597675684598,34eaa88caf1aa5a7,3.856326530612245,0.0,4.46,2269
420,rf,8192,matched_seed_random_walk,main,8192,budget_exhausted,rf300_seq303_e0dc98e488aff7b1,18.117559399979655,5.427220200363081,65,8176,8176,1.0,2,subruns\s420_rf_8192_matched_seed_random_walk_main,16.76375483342486,28b4ca4df08abe9a,5.87265306122449,0.0,3.82,8184
420,rf,8192,multi_start_hill_climb,main,2609,max_generations,rf300_seq303_e0dc98e488aff7b1,4.812934299989138,3.064481800014619,74,2843,2593,0.9120647203658108,2,subruns\s420_rf_8192_multi_start_hill_climb_main,16.351597675684598,34eaa88caf1aa5a7,3.9706122448979593,0.0,4.2,2601
420,rf,8192,multi_start_beam,main,7761,stagnation,rf300_seq303_e0dc98e488aff7b1,7.276529200025834,3.711368399905041,11,9459,7745,0.8187969129929168,2,subruns\s420_rf_8192_multi_start_beam_main,16.351597675684598,34eaa88caf1aa5a7,3.7877551020408164,0.0,4.2,7753
420,rf,8192,mutation_only_ga,main,2277,stagnation,rf300_seq303_e0dc98e488aff7b1,5.148516200017184,1.6826185999670997,22,2688,2261,0.8411458333333334,2,subruns\s420_rf_8192_mutation_only_ga_main,16.351597675684598,34eaa88caf1aa5a7,3.856326530612245,0.0,4.46,2269
420,rf,1024,matched_seed_random_walk,refit,1024,budget_exhausted,rf300_seq303_2b31cf9f9fbaaf40,1.961682099965401,0.9323420998989604,9,1008,1008,1.0,2,subruns\s420_rf_1024_matched_seed_random_walk_refit,17.180055242367928,9e2e1d431bba6fd7,7.744489795918367,0.0,2.24,1016
420,rf,1024,multi_start_hill_climb,refit,1024,budget_exhausted,rf300_seq303_2b31cf9f9fbaaf40,1.8934984999941662,1.3313916000770405,30,1131,1008,0.8912466843501327,2,subruns\s420_rf_1024_multi_start_hill_climb_refit,16.73654630466134,8a8e5440b5598f54,2.7812244897959184,0.0,3.9,1016
420,rf,1024,multi_start_beam,refit,1024,budget_exhausted,rf300_seq303_2b31cf9f9fbaaf40,1.276140000030864,0.6214791999664158,5,1044,1008,0.9655172413793104,2,subruns\s420_rf_1024_multi_start_beam_refit,17.23798084511123,3e8e83457e2f9dad,6.497142857142857,0.0,2.2,1016
420,rf,1024,mutation_only_ga,refit,1024,budget_exhausted,rf300_seq303_2b31cf9f9fbaaf40,2.2290344999637455,0.7726343001704663,12,1094,1008,0.9213893967093236,2,subruns\s420_rf_1024_mutation_only_ga_refit,16.748972810984874,47c1cb8963c1d0ef,3.63265306122449,0.0,4.24,1016
420,rf,1024,ga_tournament1,ablation,1024,budget_exhausted,rf300_seq303_e0dc98e488aff7b1,2.15227949997643,0.7416827001725323,11,1071,1008,0.9411764705882353,2,subruns\s420_rf_1024_ga_tournament1_ablation,16.82236841085311,76a39db6ef8fbef1,6.828571428571428,0.0,3.94,1016
420,rf,1024,ga_tournament4,ablation,1024,stagnation,rf300_seq303_e0dc98e488aff7b1,2.350035100011155,0.7868955001467839,13,1151,1008,0.8757602085143353,2,subruns\s420_rf_1024_ga_tournament4_ablation,16.351597675684598,34eaa88caf1aa5a7,3.4326530612244897,0.0,4.7,1016
420,rf,1024,ga_single_hop,ablation,1023,stagnation,rf300_seq303_e0dc98e488aff7b1,1.3900070000090636,0.7516735999379307,12,1182,1007,0.8519458544839256,2,subruns\s420_rf_1024_ga_single_hop_ablation,16.439102176150662,5643d4b028066753,3.1485714285714286,0.0,4.82,1015
421,xgb,1024,matched_seed_random_walk,main,1024,budget_exhausted,xgb_boot5_sklearn_gbm_df8db04c666b280b,1.0499812999623828,0.4760911999619566,9,1008,1008,1.0,2,subruns\s421_xgb_1024_matched_seed_random_walk_main,12.132043269028246,ac541e07c5d8e640,7.8,0.0,2.28,1016
421,xgb,1024,multi_start_hill_climb,main,1024,budget_exhausted,xgb_boot5_sklearn_gbm_df8db04c666b280b,1.009167099953629,0.4886426000157371,30,1131,1008,0.8912466843501327,2,subruns\s421_xgb_1024_multi_start_hill_climb_main,8.1753059130862,3911a737ac3de01b,4.18530612244898,0.0,4.34,1016
421,xgb,1024,multi_start_beam,main,1024,budget_exhausted,xgb_boot5_sklearn_gbm_df8db04c666b280b,0.9431605999707244,0.4444977000239305,5,1038,1008,0.9710982658959537,2,subruns\s421_xgb_1024_multi_start_beam_main,10.78551901609046,62bd51e06e261d88,5.372244897959184,0.0,2.0,1016
421,xgb,1024,mutation_only_ga,main,1024,stagnation,xgb_boot5_sklearn_gbm_df8db04c666b280b,2.107502500002738,0.47773019975284114,13,1138,1008,0.8857644991212654,2,subruns\s421_xgb_1024_mutation_only_ga_main,6.835235983170494,7fb30a4f5d533248,4.314285714285714,0.0,4.0,1016
421,xgb,4096,matched_seed_random_walk,main,4096,budget_exhausted,xgb_boot5_sklearn_gbm_df8db04c666b280b,6.548976799997035,2.0571514001931064,33,4080,4080,1.0,2,subruns\s421_xgb_4096_matched_seed_random_walk_main,11.438858247674517,6b63ece37e41759c,6.986122448979592,0.0,2.76,4088
421,xgb,4096,multi_start_hill_climb,main,2535,max_generations,xgb_boot5_sklearn_gbm_df8db04c666b280b,3.0220241000060923,1.2407638999866322,72,2769,2519,0.9097146984470929,2,subruns\s421_xgb_4096_multi_start_hill_climb_main,6.9473860264691485,2fcf5ca1b5040041,3.5861224489795918,0.0,4.42,2527
421,xgb,4096,multi_start_beam,main,4079,stagnation,xgb_boot5_sklearn_gbm_df8db04c666b280b,3.5409485999844037,1.781633700011298,7,4443,4063,0.9144722034661265,2,subruns\s421_xgb_4096_multi_start_beam_main,5.388010846710079,908959fb67176dad,4.2457142857142856,0.0,4.24,4071
421,xgb,4096,mutation_only_ga,main,1350,stagnation,xgb_boot5_sklearn_gbm_df8db04c666b280b,2.49760249996325,0.5859930000733584,13,1536,1334,0.8684895833333334,2,subruns\s421_xgb_4096_mutation_only_ga_main,6.835235983170494,7fb30a4f5d533248,3.573061224489796,0.0,4.18,1342
421,xgb,8192,matched_seed_random_walk,main,8192,budget_exhausted,xgb_boot5_sklearn_gbm_df8db04c666b280b,16.06975219998276,3.641053200000897,65,8176,8176,1.0,2,subruns\s421_xgb_8192_matched_seed_random_walk_main,11.272684791141117,5aa46fd029bca05f,7.008979591836734,0.0,3.24,8184
421,xgb,8192,multi_start_hill_climb,main,2535,max_generations,xgb_boot5_sklearn_gbm_df8db04c666b280b,3.3183029999490827,1.3042029000353068,72,2769,2519,0.9097146984470929,2,subruns\s421_xgb_8192_multi_start_hill_climb_main,6.9473860264691485,2fcf5ca1b5040041,3.5861224489795918,0.0,4.42,2527
421,xgb,8192,multi_start_beam,main,5065,stagnation,xgb_boot5_sklearn_gbm_df8db04c666b280b,4.409940999990795,2.2003649998805486,7,5632,5049,0.896484375,2,subruns\s421_xgb_8192_multi_start_beam_main,5.388010846710079,908959fb67176dad,3.6155102040816325,0.0,4.22,5057
421,xgb,8192,mutation_only_ga,main,1350,stagnation,xgb_boot5_sklearn_gbm_df8db04c666b280b,2.562176899984479,0.5954768001683988,13,1536,1334,0.8684895833333334,2,subruns\s421_xgb_8192_mutation_only_ga_main,6.835235983170494,7fb30a4f5d533248,3.573061224489796,0.0,4.18,1342
421,xgb,1024,matched_seed_random_walk,refit,1024,budget_exhausted,xgb_boot5_sklearn_gbm_b2dbe8cbf64e7673,1.1101459000492468,0.4862333999481052,9,1008,1008,1.0,2,subruns\s421_xgb_1024_matched_seed_random_walk_refit,10.057737980971945,bca4e76fbd919d52,7.973877551020408,0.0,1.78,1016
421,xgb,1024,multi_start_hill_climb,refit,1024,budget_exhausted,xgb_boot5_sklearn_gbm_b2dbe8cbf64e7673,1.03068720002193,0.4948789000627585,30,1131,1008,0.8912466843501327,2,subruns\s421_xgb_1024_multi_start_hill_climb_refit,7.865667288126683,e56b795ba55fa7ec,4.1355102040816325,0.0,4.0,1016
421,xgb,1024,multi_start_beam,refit,1021,stagnation,xgb_boot5_sklearn_gbm_b2dbe8cbf64e7673,0.8800161999533884,0.42859380011213943,4,1040,1005,0.9663461538461539,2,subruns\s421_xgb_1024_multi_start_beam_refit,9.371154666978828,66155526991a0aa1,6.377959183673469,0.0,1.88,1013
421,xgb,1024,mutation_only_ga,refit,1024,budget_exhausted,xgb_boot5_sklearn_gbm_b2dbe8cbf64e7673,1.9654851999948733,0.4596416999702342,13,1155,1008,0.8727272727272727,2,subruns\s421_xgb_1024_mutation_only_ga_refit,8.074218854603854,22692653d1dc9a61,5.182857142857143,0.0,3.4,1016
421,xgb,1024,ga_tournament1,ablation,1024,stagnation,xgb_boot5_sklearn_gbm_df8db04c666b280b,1.8903066999628209,0.46320460009155795,11,1090,1008,0.9247706422018349,2,subruns\s421_xgb_1024_ga_tournament1_ablation,6.8874259459123035,7fd3f7639ef9eb1d,4.582040816326531,0.0,3.88,1016
421,xgb,1024,ga_tournament4,ablation,1024,budget_exhausted,xgb_boot5_sklearn_gbm_df8db04c666b280b,1.8546135000069626,0.44814819999737665,12,1176,1008,0.8571428571428571,2,subruns\s421_xgb_1024_ga_tournament4_ablation,8.265943100324401,7a15690b4dd770cf,4.45469387755102,0.0,4.44,1016
421,xgb,1024,ga_single_hop,ablation,1024,budget_exhausted,xgb_boot5_sklearn_gbm_df8db04c666b280b,1.071387300034985,0.4482228999841027,12,1157,1008,0.8712186689714779,2,subruns\s421_xgb_1024_ga_single_hop_ablation,7.313111459333337,aad291529fbab43e,5.164897959183674,0.0,4.18,1016
421,rf,1024,matched_seed_random_walk,main,1024,budget_exhausted,rf300_seq303_3d5e00849fc84b35,1.3677806000341661,0.6763064999249764,9,1008,1008,1.0,2,subruns\s421_rf_1024_matched_seed_random_walk_main,17.759360789723708,0bf09f9dad0938cb,6.389387755102041,0.0,2.12,1016
421,rf,1024,multi_start_hill_climb,main,1024,budget_exhausted,rf300_seq303_3d5e00849fc84b35,1.7731770999962464,1.2377678998745978,30,1131,1008,0.8912466843501327,2,subruns\s421_rf_1024_multi_start_hill_climb_main,16.927483167746832,ddf33fa588cca934,3.3053061224489797,0.0,3.42,1016
421,rf,1024,multi_start_beam,main,1024,stagnation,rf300_seq303_3d5e00849fc84b35,1.0600991999963298,0.5807265000184998,5,1045,1008,0.9645933014354067,2,subruns\s421_rf_1024_multi_start_beam_main,17.302290460234882,3cae3316c1ff5f84,3.4236734693877553,0.0,2.08,1016
421,rf,1024,mutation_only_ga,main,803,stagnation,rf300_seq303_3d5e00849fc84b35,1.6934073000447825,0.594149699958507,8,896,787,0.8783482142857143,2,subruns\s421_rf_1024_mutation_only_ga_main,16.97548128265224,aecfb3f92f06eed2,3.5346938775510206,0.0,3.2,795
421,rf,4096,matched_seed_random_walk,main,4096,budget_exhausted,rf300_seq303_3d5e00849fc84b35,6.855799300014041,2.772490100178402,33,4080,4080,1.0,2,subruns\s421_rf_4096_matched_seed_random_walk_main,17.759360789723708,0bf09f9dad0938cb,5.572244897959184,0.0,2.68,4088
421,rf,4096,multi_start_hill_climb,main,2517,max_generations,rf300_seq303_3d5e00849fc84b35,4.8160248000058345,3.027952400036156,72,2769,2501,0.9032141567352835,2,subruns\s421_rf_4096_multi_start_hill_climb_main,16.927483167746832,ddf33fa588cca934,3.4457142857142857,0.0,3.6,2509
421,rf,4096,multi_start_beam,main,4067,stagnation,rf300_seq303_3d5e00849fc84b35,3.8690002000075765,1.9643448000424542,8,4808,4051,0.8425540765391015,2,subruns\s421_rf_4096_multi_start_beam_main,16.927483167746832,ddf33fa588cca934,3.4122448979591837,0.0,3.48,4059
421,rf,4096,mutation_only_ga,main,803,stagnation,rf300_seq303_3d5e00849fc84b35,1.6993902000249363,0.6145748000126332,8,896,787,0.8783482142857143,2,subruns\s421_rf_4096_mutation_only_ga_main,16.97548128265224,aecfb3f92f06eed2,3.5346938775510206,0.0,3.2,795
421,rf,8192,matched_seed_random_walk,main,8192,budget_exhausted,rf300_seq303_3d5e00849fc84b35,19.6368788999971,5.7911697999225,65,8176,8176,1.0,2,subruns\s421_rf_8192_matched_seed_random_walk_main,17.759360789723708,0bf09f9dad0938cb,4.713469387755102,0.0,2.86,8184
421,rf,8192,multi_start_hill_climb,main,2517,max_generations,rf300_seq303_3d5e00849fc84b35,4.88074079999933,3.0794757999829017,72,2769,2501,0.9032141567352835,2,subruns\s421_rf_8192_multi_start_hill_climb_main,16.927483167746832,ddf33fa588cca934,3.4457142857142857,0.0,3.6,2509
421,rf,8192,multi_start_beam,main,5211,stagnation,rf300_seq303_3d5e00849fc84b35,5.004328100010753,2.560282100108452,8,6656,5195,0.7804987980769231,2,subruns\s421_rf_8192_multi_start_beam_main,16.927483167746832,ddf33fa588cca934,3.2424489795918365,0.0,3.6,5203
421,rf,8192,mutation_only_ga,main,803,stagnation,rf300_seq303_3d5e00849fc84b35,1.6326494999811985,0.5740789000992663,8,896,787,0.8783482142857143,2,subruns\s421_rf_8192_mutation_only_ga_main,16.97548128265224,aecfb3f92f06eed2,3.5346938775510206,0.0,3.2,795
421,rf,1024,matched_seed_random_walk,refit,1024,budget_exhausted,rf300_seq303_0ce92234f468ae0f,1.3274611000088044,0.6967738000093959,9,1008,1008,1.0,2,subruns\s421_rf_1024_matched_seed_random_walk_refit,18.102314204491112,0bf09f9dad0938cb,7.116734693877551,0.0,2.16,1016
421,rf,1024,multi_start_hill_climb,refit,1024,budget_exhausted,rf300_seq303_0ce92234f468ae0f,1.7586221999954432,1.238495500118006,30,1131,1008,0.8912466843501327,2,subruns\s421_rf_1024_multi_start_hill_climb_refit,16.78031002405909,6a0deb244e7b5e10,3.8424489795918366,0.0,3.7,1016
421,rf,1024,multi_start_beam,refit,1024,stagnation,rf300_seq303_0ce92234f468ae0f,1.1669006000156514,0.6061410999391228,5,1045,1008,0.9645933014354067,2,subruns\s421_rf_1024_multi_start_beam_refit,17.790960912028996,3cae3316c1ff5f84,5.169795918367347,0.0,2.08,1016
421,rf,1024,mutation_only_ga,refit,1024,budget_exhausted,rf300_seq303_0ce92234f468ae0f,2.355553000001237,0.8121681000338867,12,1149,1008,0.8772845953002611,2,subruns\s421_rf_1024_mutation_only_ga_refit,17.090435551093407,413f1bb75ceb2932,3.6048979591836736,0.0,3.42,1016
421,rf,1024,ga_tournament1,ablation,844,stagnation,rf300_seq303_3d5e00849fc84b35,1.855992199969478,0.6098928999854252,8,896,828,0.9241071428571429,2,subruns\s421_rf_1024_ga_tournament1_ablation,17.0431786333655,c42d6815843e1aa3,3.9004081632653063,0.0,2.96,836
421,rf,1024,ga_tournament4,ablation,1024,stagnation,rf300_seq303_3d5e00849fc84b35,2.5084634000086226,0.8805220000213012,13,1208,1008,0.8344370860927153,2,subruns\s421_rf_1024_ga_tournament4_ablation,16.97548128265224,aecfb3f92f06eed2,3.422857142857143,0.0,3.3,1016
421,rf,1024,ga_single_hop,ablation,1023,neighbors_exhausted,rf300_seq303_3d5e00849fc84b35,1.4728472999995574,0.795257100078743,13,1227,1007,0.8207008964955175,2,subruns\s421_rf_1024_ga_single_hop_ablation,16.927483167746832,ddf33fa588cca934,3.59265306122449,0.0,3.42,1015
422,xgb,1024,matched_seed_random_walk,main,1024,budget_exhausted,xgb_boot5_sklearn_gbm_e4d15322b669ce08,1.0599994999938644,0.470333400007803,9,1008,1008,1.0,2,subruns\s422_xgb_1024_matched_seed_random_walk_main,10.146527174695958,a39631cb12feb830,7.582040816326531,0.0,2.16,1016
422,xgb,1024,multi_start_hill_climb,main,1024,budget_exhausted,xgb_boot5_sklearn_gbm_e4d15322b669ce08,0.9920967000070959,0.4553064001374878,30,1131,1008,0.8912466843501327,2,subruns\s422_xgb_1024_multi_start_hill_climb_main,6.0479011198640995,61da88aefd1f787d,5.393469387755102,0.0,4.28,1016
422,xgb,1024,multi_start_beam,main,1023,stagnation,xgb_boot5_sklearn_gbm_e4d15322b669ce08,0.9907598000136204,0.46605509996879846,5,1043,1007,0.965484180249281,2,subruns\s422_xgb_1024_multi_start_beam_main,8.78648986552582,76d7c8efd438247c,4.902857142857143,0.0,2.5,1015
422,xgb,1024,mutation_only_ga,main,1023,stagnation,xgb_boot5_sklearn_gbm_e4d15322b669ce08,1.9683413000311702,0.49583869986236095,12,1118,1007,0.9007155635062611,2,subruns\s422_xgb_1024_mutation_only_ga_main,5.875872331801313,c2ceb1b4b6cd476c,4.7542857142857144,0.0,4.16,1015
422,xgb,4096,matched_seed_random_walk,main,4096,budget_exhausted,xgb_boot5_sklearn_gbm_e4d15322b669ce08,5.884538299986161,1.8925256998627447,33,4080,4080,1.0,2,subruns\s422_xgb_4096_matched_seed_random_walk_main,10.146527174695958,a39631cb12feb830,7.319183673469388,0.0,3.16,4088
422,xgb,4096,multi_start_hill_climb,main,2679,max_generations,xgb_boot5_sklearn_gbm_e4d15322b669ce08,3.4636868000379764,1.3427148998016492,76,2917,2663,0.9129242372300308,2,subruns\s422_xgb_4096_multi_start_hill_climb_main,5.424550666135668,b5c3837e99a2c119,4.471020408163265,0.0,4.52,2671
422,xgb,4096,multi_start_beam,main,4095,stagnation,xgb_boot5_sklearn_gbm_e4d15322b669ce08,3.8112121000303887,1.8255298000294715,8,4487,4079,0.9090706485402273,2,subruns\s422_xgb_4096_multi_start_beam_main,4.686919026429203,75ba8839ee92a3ae,4.79265306122449,0.0,4.44,4087
422,xgb,4096,mutation_only_ga,main,2028,stagnation,xgb_boot5_sklearn_gbm_e4d15322b669ce08,4.0334777000243776,0.9116192000219598,20,2432,2012,0.8273026315789473,2,subruns\s422_xgb_4096_mutation_only_ga_main,4.686919026429203,75ba8839ee92a3ae,4.089795918367347,0.0,4.6,2020
422,xgb,8192,matched_seed_random_walk,main,8192,budget_exhausted,xgb_boot5_sklearn_gbm_e4d15322b669ce08,15.89487519999966,3.604736900073476,65,8176,8176,1.0,2,subruns\s422_xgb_8192_matched_seed_random_walk_main,8.865175514889149,5aa6437ce08108e3,7.281632653061225,0.0,3.28,8184
422,xgb,8192,multi_start_hill_climb,main,2679,max_generations,xgb_boot5_sklearn_gbm_e4d15322b669ce08,3.1123665999621153,1.293041100143455,76,2917,2663,0.9129242372300308,2,subruns\s422_xgb_8192_multi_start_hill_climb_main,5.424550666135668,b5c3837e99a2c119,4.471020408163265,0.0,4.52,2671
422,xgb,8192,multi_start_beam,main,6230,stagnation,xgb_boot5_sklearn_gbm_e4d15322b669ce08,5.440806599974167,2.6798060999135487,9,7680,6214,0.8091145833333333,2,subruns\s422_xgb_8192_multi_start_beam_main,4.640346524734003,fb026d812ca6562c,4.071020408163266,0.0,4.72,6222
422,xgb,8192,mutation_only_ga,main,2028,stagnation,xgb_boot5_sklearn_gbm_e4d15322b669ce08,4.078834399988409,0.9293075000168756,20,2432,2012,0.8273026315789473,2,subruns\s422_xgb_8192_mutation_only_ga_main,4.686919026429203,75ba8839ee92a3ae,4.089795918367347,0.0,4.6,2020
422,xgb,1024,matched_seed_random_walk,refit,1024,budget_exhausted,xgb_boot5_sklearn_gbm_7706bb5bf31accff,1.0377445999765769,0.45668420009315014,9,1008,1008,1.0,2,subruns\s422_xgb_1024_matched_seed_random_walk_refit,10.007399866768976,9d8beec47813ec87,7.282448979591837,0.0,1.94,1016
422,xgb,1024,multi_start_hill_climb,refit,1024,budget_exhausted,xgb_boot5_sklearn_gbm_7706bb5bf31accff,1.0191053000162356,0.5012807002640329,30,1131,1008,0.8912466843501327,2,subruns\s422_xgb_1024_multi_start_hill_climb_refit,5.780771202964992,5cbfb75391b21a98,4.569795918367347,0.0,4.72,1016
422,xgb,1024,multi_start_beam,refit,1024,budget_exhausted,xgb_boot5_sklearn_gbm_7706bb5bf31accff,0.9912850999971852,0.49370900000212714,5,1040,1008,0.9692307692307692,2,subruns\s422_xgb_1024_multi_start_beam_refit,7.874535673855554,7fc18ef838ad09fc,6.302040816326531,0.0,2.3,1016
422,xgb,1024,mutation_only_ga,refit,1023,stagnation,xgb_boot5_sklearn_gbm_7706bb5bf31accff,2.0730149000301026,0.4937526999274269,11,1122,1007,0.8975044563279857,2,subruns\s422_xgb_1024_mutation_only_ga_refit,5.335288579574344,74090a1b970fa362,4.204081632653061,0.0,4.74,1015
422,xgb,1024,ga_tournament1,ablation,1024,budget_exhausted,xgb_boot5_sklearn_gbm_e4d15322b669ce08,1.8206592000206,0.45887559989932925,11,1078,1008,0.935064935064935,2,subruns\s422_xgb_1024_ga_tournament1_ablation,6.497164383538933,56dce72a50c32d43,5.936326530612245,0.0,4.18,1016
422,xgb,1024,ga_tournament4,ablation,1023,stagnation,xgb_boot5_sklearn_gbm_e4d15322b669ce08,2.019068600027822,0.4494680000352673,12,1172,1007,0.8592150170648464,2,subruns\s422_xgb_1024_ga_tournament4_ablation,4.640346524734003,fb026d812ca6562c,3.6277551020408163,0.0,4.6,1015
422,xgb,1024,ga_single_hop,ablation,1024,stagnation,xgb_boot5_sklearn_gbm_e4d15322b669ce08,1.0791210000170395,0.43977559986524284,12,1179,1008,0.8549618320610687,2,subruns\s422_xgb_1024_ga_single_hop_ablation,6.643780181616999,ef2adc1423a25b13,4.655510204081633,0.0,4.32,1016
422,rf,1024,matched_seed_random_walk,main,1024,budget_exhausted,rf300_seq303_ec0015cde6faa23b,1.6123921999824233,0.7963049997924827,9,1008,1008,1.0,2,subruns\s422_rf_1024_matched_seed_random_walk_main,16.66030413330068,ed9318b520af0f23,6.174693877551021,0.0,2.34,1016
422,rf,1024,multi_start_hill_climb,main,1024,budget_exhausted,rf300_seq303_ec0015cde6faa23b,1.8957202000310645,1.3309679999947548,30,1131,1008,0.8912466843501327,2,subruns\s422_rf_1024_multi_start_hill_climb_main,16.07422991072756,0fb0823175e9a30a,3.483265306122449,0.0,4.3,1016
422,rf,1024,multi_start_beam,main,1024,budget_exhausted,rf300_seq303_ec0015cde6faa23b,1.1500716999871656,0.6024358000140637,5,1040,1008,0.9692307692307692,2,subruns\s422_rf_1024_multi_start_beam_main,16.82598735008542,165cfecfc3b219a3,4.719183673469388,0.0,2.2,1016
422,rf,1024,mutation_only_ga,main,1024,budget_exhausted,rf300_seq303_ec0015cde6faa23b,2.9849389999872074,1.0855200999649242,13,1151,1008,0.8757602085143353,2,subruns\s422_rf_1024_mutation_only_ga_main,16.41417887878902,d638258c67b24d18,4.337959183673469,0.0,4.02,1016
422,rf,4096,matched_seed_random_walk,main,4096,budget_exhausted,rf300_seq303_ec0015cde6faa23b,6.927342900016811,2.766701199754607,33,4080,4080,1.0,2,subruns\s422_rf_4096_matched_seed_random_walk_main,16.66030413330068,ed9318b520af0f23,5.644897959183673,0.0,2.48,4088
422,rf,4096,multi_start_hill_climb,main,2552,max_generations,rf300_seq303_ec0015cde6faa23b,4.809000600012951,3.113933000189718,73,2800,2536,0.9057142857142857,2,subruns\s422_rf_4096_multi_start_hill_climb_main,16.07422991072756,0fb0823175e9a30a,3.427755102040816,0.0,4.38,2544
422,rf,4096,multi_start_beam,main,4091,stagnation,rf300_seq303_ec0015cde6faa23b,3.9983441999647766,2.1082173999748193,8,4485,4075,0.9085841694537347,2,subruns\s422_rf_4096_multi_start_beam_main,16.0828304664882,8b4b6a76a7a702b5,3.9151020408163264,0.0,4.1,4083
422,rf,4096,mutation_only_ga,main,1724,stagnation,rf300_seq303_ec0015cde6faa23b,3.7114543999778107,1.1965242002625018,17,2048,1708,0.833984375,2,subruns\s422_rf_4096_mutation_only_ga_main,16.07422991072756,0fb0823175e9a30a,3.4187755102040818,0.0,4.52,1716
422,rf,8192,matched_seed_random_walk,main,8192,budget_exhausted,rf300_seq303_ec0015cde6faa23b,18.840767599991523,5.538767099904362,65,8176,8176,1.0,2,subruns\s422_rf_8192_matched_seed_random_walk_main,16.66030413330068,ed9318b520af0f23,5.442448979591837,0.0,2.56,8184
422,rf,8192,multi_start_hill_climb,main,2552,max_generations,rf300_seq303_ec0015cde6faa23b,4.858767300029285,3.044123800122179,73,2800,2536,0.9057142857142857,2,subruns\s422_rf_8192_multi_start_hill_climb_main,16.07422991072756,0fb0823175e9a30a,3.427755102040816,0.0,4.38,2544
422,rf,8192,multi_start_beam,main,6139,stagnation,rf300_seq303_ec0015cde6faa23b,5.77304900001036,2.985227299912367,9,7680,6123,0.797265625,2,subruns\s422_rf_8192_multi_start_beam_main,16.07422991072756,0fb0823175e9a30a,3.070204081632653,0.0,4.38,6131
422,rf,8192,mutation_only_ga,main,1724,stagnation,rf300_seq303_ec0015cde6faa23b,3.9618337000138126,1.317218000011053,17,2048,1708,0.833984375,2,subruns\s422_rf_8192_mutation_only_ga_main,16.07422991072756,0fb0823175e9a30a,3.4187755102040818,0.0,4.52,1716
422,rf,1024,matched_seed_random_walk,refit,1024,budget_exhausted,rf300_seq303_1c73986c8597d9ce,1.388532699958887,0.7336165999877267,9,1008,1008,1.0,2,subruns\s422_rf_1024_matched_seed_random_walk_refit,16.536777744726404,ed9318b520af0f23,6.635102040816326,0.0,2.26,1016
422,rf,1024,multi_start_hill_climb,refit,1024,budget_exhausted,rf300_seq303_1c73986c8597d9ce,1.8396771000116132,1.3141106999246404,30,1131,1008,0.8912466843501327,2,subruns\s422_rf_1024_multi_start_hill_climb_refit,15.55528095356226,83b82790e832f9a5,3.0677551020408163,0.0,4.1,1016
422,rf,1024,multi_start_beam,refit,1024,stagnation,rf300_seq303_1c73986c8597d9ce,1.1533900999929756,0.6343123000115156,5,1038,1008,0.9710982658959537,2,subruns\s422_rf_1024_multi_start_beam_refit,16.335774280243275,5f41add16e8cfb25,5.758367346938775,0.0,2.52,1016
422,rf,1024,mutation_only_ga,refit,1024,budget_exhausted,rf300_seq303_1c73986c8597d9ce,2.385079300031066,0.8676393999485299,11,1117,1008,0.9024171888988362,2,subruns\s422_rf_1024_mutation_only_ga_refit,15.55528095356226,ee26d41221905794,4.253877551020408,0.0,4.1,1016
422,rf,1024,ga_tournament1,ablation,1024,budget_exhausted,rf300_seq303_ec0015cde6faa23b,2.1239392000134103,0.7664348999387585,11,1090,1008,0.9247706422018349,2,subruns\s422_rf_1024_ga_tournament1_ablation,16.575304687102623,0f9455ce6cfc0c32,5.449795918367347,0.0,3.82,1016
422,rf,1024,ga_tournament4,ablation,1023,stagnation,rf300_seq303_ec0015cde6faa23b,2.2821790000307374,0.8040022001368925,13,1182,1007,0.8519458544839256,2,subruns\s422_rf_1024_ga_tournament4_ablation,16.07422991072756,0fb0823175e9a30a,3.636734693877551,0.0,4.32,1015
422,rf,1024,ga_single_hop,ablation,1024,budget_exhausted,rf300_seq303_ec0015cde6faa23b,1.5566417000372894,0.8438502999488264,12,1184,1008,0.8513513513513513,2,subruns\s422_rf_1024_ga_single_hop_ablation,16.0828304664882,8b4b6a76a7a702b5,3.9404081632653063,0.0,4.24,1016
423,xgb,1024,matched_seed_random_walk,main,1024,budget_exhausted,xgb_boot5_sklearn_gbm_f01a503a4103545a,1.072523300012108,0.46660000004339963,9,1008,1008,1.0,2,subruns\s423_xgb_1024_matched_seed_random_walk_main,8.316384400900684,75596e3d0e65a0af,7.699591836734694,0.0,2.56,1016
423,xgb,1024,multi_start_hill_climb,main,1024,budget_exhausted,xgb_boot5_sklearn_gbm_f01a503a4103545a,1.007994299987331,0.4699783998657949,30,1131,1008,0.8912466843501327,2,subruns\s423_xgb_1024_multi_start_hill_climb_main,0.35925734829701694,9e70fa36f94d5ddd,3.586938775510204,0.0,4.16,1016
423,xgb,1024,multi_start_beam,main,1024,budget_exhausted,xgb_boot5_sklearn_gbm_f01a503a4103545a,0.9558888000319712,0.4558481000130996,5,1037,1008,0.9720347155255545,2,subruns\s423_xgb_1024_multi_start_beam_main,8.077333430674035,f208421e14996589,6.14530612244898,0.0,2.24,1016
423,xgb,1024,mutation_only_ga,main,1024,stagnation,xgb_boot5_sklearn_gbm_f01a503a4103545a,1.909182699979283,0.4904313000733964,12,1107,1008,0.9105691056910569,2,subruns\s423_xgb_1024_mutation_only_ga_main,2.479289109026459,a52d0287541034ad,4.855510204081632,0.0,4.38,1016
423,xgb,4096,matched_seed_random_walk,main,4096,budget_exhausted,xgb_boot5_sklearn_gbm_f01a503a4103545a,5.867370899999514,1.833808700030204,33,4080,4080,1.0,2,subruns\s423_xgb_4096_matched_seed_random_walk_main,8.316384400900684,75596e3d0e65a0af,7.847346938775511,0.0,3.36,4088
423,xgb,4096,multi_start_hill_climb,main,2604,max_generations,xgb_boot5_sklearn_gbm_f01a503a4103545a,3.0046130000264384,1.1931190999457613,74,2839,2588,0.9115885875308207,2,subruns\s423_xgb_4096_multi_start_hill_climb_main,0.35925734829701694,9e70fa36f94d5ddd,3.646530612244898,0.0,4.18,2596
423,xgb,4096,multi_start_beam,main,4094,stagnation,xgb_boot5_sklearn_gbm_f01a503a4103545a,3.7084526999969967,1.8028008000110276,8,4484,4078,0.9094558429973238,2,subruns\s423_xgb_4096_multi_start_beam_main,0.9166812075294277,1c246815e287d997,4.933877551020408,0.0,4.4,4086
423,xgb,4096,mutation_only_ga,main,2050,stagnation,xgb_boot5_sklearn_gbm_f01a503a4103545a,4.234619199996814,0.9831598000018857,20,2432,2034,0.8363486842105263,2,subruns\s423_xgb_4096_mutation_only_ga_main,0.35925734829701694,9e70fa36f94d5ddd,3.256326530612245,0.0,4.06,2042
423,xgb,8192,matched_seed_random_walk,main,8192,budget_exhausted,xgb_boot5_sklearn_gbm_f01a503a4103545a,16.602810800017323,3.8393943999544717,65,8176,8176,1.0,2,subruns\s423_xgb_8192_matched_seed_random_walk_main,8.316384400900684,75596e3d0e65a0af,7.815510204081632,0.0,3.78,8184
423,xgb,8192,multi_start_hill_climb,main,2604,max_generations,xgb_boot5_sklearn_gbm_f01a503a4103545a,3.1139887000317685,1.2523048003204167,74,2839,2588,0.9115885875308207,2,subruns\s423_xgb_8192_multi_start_hill_climb_main,0.35925734829701694,9e70fa36f94d5ddd,3.646530612244898,0.0,4.18,2596
423,xgb,8192,multi_start_beam,main,6420,stagnation,xgb_boot5_sklearn_gbm_f01a503a4103545a,5.606706499995198,2.784216499887407,9,7680,6404,0.8338541666666667,2,subruns\s423_xgb_8192_multi_start_beam_main,0.35925734829701694,9e70fa36f94d5ddd,3.2751020408163267,0.0,3.9,6412
423,xgb,8192,mutation_only_ga,main,2050,stagnation,xgb_boot5_sklearn_gbm_f01a503a4103545a,4.200449700001627,0.9325833999319002,20,2432,2034,0.8363486842105263,2,subruns\s423_xgb_8192_mutation_only_ga_main,0.35925734829701694,9e70fa36f94d5ddd,3.256326530612245,0.0,4.06,2042
423,xgb,1024,matched_seed_random_walk,refit,1024,budget_exhausted,xgb_boot5_sklearn_gbm_7e0a95ea9c4197bb,1.0361707000411116,0.44183119997614995,9,1008,1008,1.0,2,subruns\s423_xgb_1024_matched_seed_random_walk_refit,8.233562288673117,b1efe774a4451181,7.3395918367346935,0.04,2.58,1016
423,xgb,1024,multi_start_hill_climb,refit,1024,budget_exhausted,xgb_boot5_sklearn_gbm_7e0a95ea9c4197bb,1.022288899985142,0.4903347999788821,30,1127,1008,0.8944099378881988,2,subruns\s423_xgb_1024_multi_start_hill_climb_refit,4.5171609953375995,e71c464ed28d5109,4.629387755102041,0.08,4.0,1016
423,xgb,1024,multi_start_beam,refit,1024,stagnation,xgb_boot5_sklearn_gbm_7e0a95ea9c4197bb,0.9262797000119463,0.4369107999955304,5,1035,1008,0.9739130434782609,2,subruns\s423_xgb_1024_multi_start_beam_refit,5.7845573042277945,2d07af9b05312692,4.348571428571429,0.18,2.1,1016
423,xgb,1024,mutation_only_ga,refit,898,stagnation,xgb_boot5_sklearn_gbm_7e0a95ea9c4197bb,1.7684700000099838,0.40772749995812774,9,1024,882,0.861328125,2,subruns\s423_xgb_1024_mutation_only_ga_refit,5.7845573042277945,2d07af9b05312692,4.153469387755102,0.24,2.64,890
423,xgb,1024,ga_tournament1,ablation,1019,stagnation,xgb_boot5_sklearn_gbm_f01a503a4103545a,1.894643499981612,0.4550117999315262,10,1080,1003,0.9287037037037037,2,subruns\s423_xgb_1024_ga_tournament1_ablation,5.733533066898049,2284515ada89253a,6.375510204081633,0.0,4.56,1011
423,xgb,1024,ga_tournament4,ablation,1024,stagnation,xgb_boot5_sklearn_gbm_f01a503a4103545a,1.9909909000271,0.46393269998952746,13,1202,1008,0.8386023294509152,2,subruns\s423_xgb_1024_ga_tournament4_ablation,4.42366402867199,ec24a9649adc5149,4.133877551020408,0.0,4.54,1016
423,xgb,1024,ga_single_hop,ablation,1024,budget_exhausted,xgb_boot5_sklearn_gbm_f01a503a4103545a,1.132641899981536,0.4677871000021696,13,1163,1008,0.8667239896818573,2,subruns\s423_xgb_1024_ga_single_hop_ablation,4.8662988118927135,d9ba5c90267c5ff0,5.254693877551021,0.0,4.22,1016
423,rf,1024,matched_seed_random_walk,main,1024,budget_exhausted,rf300_seq303_1f036ab042eb7694,1.3554875000263564,0.7052158000296913,9,1008,1008,1.0,2,subruns\s423_rf_1024_matched_seed_random_walk_main,17.3526600820035,c9919d975ce9f131,7.715918367346939,0.0,2.18,1016
423,rf,1024,multi_start_hill_climb,main,1024,budget_exhausted,rf300_seq303_1f036ab042eb7694,1.748868599999696,1.2319810999906622,30,1131,1008,0.8912466843501327,2,subruns\s423_rf_1024_multi_start_hill_climb_main,16.651067241382403,f1c3bdca89fb7e32,4.130612244897959,0.0,3.86,1016
423,rf,1024,multi_start_beam,main,1023,stagnation,rf300_seq303_1f036ab042eb7694,1.0785221999976784,0.5868632000056095,5,1048,1007,0.9608778625954199,2,subruns\s423_rf_1024_multi_start_beam_main,17.261481419997555,bbd20141962f40dd,5.684081632653061,0.0,2.14,1015
423,rf,1024,mutation_only_ga,main,1024,budget_exhausted,rf300_seq303_1f036ab042eb7694,2.27202670002589,0.7856394000700675,12,1163,1008,0.8667239896818573,2,subruns\s423_rf_1024_mutation_only_ga_main,16.313006892081216,8e4de02b5b6ade11,4.570612244897959,0.0,3.98,1016
423,rf,4096,matched_seed_random_walk,main,4096,budget_exhausted,rf300_seq303_1f036ab042eb7694,6.984143299981952,2.7574944999068975,33,4080,4080,1.0,2,subruns\s423_rf_4096_matched_seed_random_walk_main,17.3526600820035,c9919d975ce9f131,7.005714285714285,0.0,2.58,4088
423,rf,4096,multi_start_hill_climb,main,2588,max_generations,rf300_seq303_1f036ab042eb7694,5.689064500038512,3.663666199950967,74,2839,2572,0.9059528002817894,2,subruns\s423_rf_4096_multi_start_hill_climb_main,16.507107545792195,df31ab65df72ea6e,5.423673469387755,0.0,4.02,2580
423,rf,4096,multi_start_beam,main,4091,stagnation,rf300_seq303_1f036ab042eb7694,4.184045400004834,2.205717000120785,8,4570,4075,0.8916849015317286,2,subruns\s423_rf_4096_multi_start_beam_main,16.31170020298263,7daabf7e2aa1e5fc,4.511836734693878,0.0,3.96,4083
423,rf,4096,mutation_only_ga,main,1715,stagnation,rf300_seq303_1f036ab042eb7694,4.0625656000338495,1.219559299875982,17,2048,1699,0.82958984375,2,subruns\s423_rf_4096_mutation_only_ga_main,16.31170020298263,7daabf7e2aa1e5fc,4.085714285714285,0.0,4.54,1707
423,rf,8192,matched_seed_random_walk,main,8192,budget_exhausted,rf300_seq303_1f036ab042eb7694,18.515405900019687,5.404808199906256,65,8176,8176,1.0,2,subruns\s423_rf_8192_matched_seed_random_walk_main,17.3526600820035,c9919d975ce9f131,6.847346938775511,0.0,2.74,8184
423,rf,8192,multi_start_hill_climb,main,2588,max_generations,rf300_seq303_1f036ab042eb7694,5.10491529997671,3.1858845000970177,74,2839,2572,0.9059528002817894,2,subruns\s423_rf_8192_multi_start_hill_climb_main,16.507107545792195,df31ab65df72ea6e,5.423673469387755,0.0,4.02,2580
423,rf,8192,multi_start_beam,main,5694,stagnation,rf300_seq303_1f036ab042eb7694,5.218156400020234,2.7435185000067577,8,6656,5678,0.8530649038461539,2,subruns\s423_rf_8192_multi_start_beam_main,16.31170020298263,7daabf7e2aa1e5fc,4.133877551020408,0.0,4.46,5686
423,rf,8192,mutation_only_ga,main,1715,stagnation,rf300_seq303_1f036ab042eb7694,3.978255799971521,1.256354300014209,17,2048,1699,0.82958984375,2,subruns\s423_rf_8192_mutation_only_ga_main,16.31170020298263,7daabf7e2aa1e5fc,4.085714285714285,0.0,4.54,1707
423,rf,1024,matched_seed_random_walk,refit,1024,budget_exhausted,rf300_seq303_95054bdd6e8274b0,1.4225152000435628,0.7345186000457034,9,1008,1008,1.0,2,subruns\s423_rf_1024_matched_seed_random_walk_refit,17.710240395479367,c9919d975ce9f131,7.8277551020408165,0.0,2.16,1016
423,rf,1024,multi_start_hill_climb,refit,1024,budget_exhausted,rf300_seq303_95054bdd6e8274b0,1.7220327000250109,1.2245209999382496,30,1131,1008,0.8912466843501327,2,subruns\s423_rf_1024_multi_start_hill_climb_refit,16.534377809934426,0484fa84dabe49ef,3.36734693877551,0.0,4.26,1016
423,rf,1024,multi_start_beam,refit,1024,stagnation,rf300_seq303_95054bdd6e8274b0,1.224187699961476,0.6625696999835782,5,1044,1008,0.9655172413793104,2,subruns\s423_rf_1024_multi_start_beam_refit,17.45489151120134,4d99013ea11ecb9f,6.053061224489796,0.0,2.16,1016
423,rf,1024,mutation_only_ga,refit,1024,budget_exhausted,rf300_seq303_95054bdd6e8274b0,2.2997072999714874,0.8057518000132404,12,1129,1008,0.8928255093002657,2,subruns\s423_rf_1024_mutation_only_ga_refit,16.545541050665257,356a06d1bbdaef3c,4.088979591836734,0.0,4.1,1016
423,rf,1024,ga_tournament1,ablation,1024,budget_exhausted,rf300_seq303_1f036ab042eb7694,2.1163609999930486,0.7823287001228891,11,1066,1008,0.9455909943714822,2,subruns\s423_rf_1024_ga_tournament1_ablation,16.594438143114846,3945eec1dd88dc42,5.278367346938776,0.0,3.5,1016
423,rf,1024,ga_tournament4,ablation,681,stagnation,rf300_seq303_1f036ab042eb7694,1.4793721999740228,0.47902369999792427,7,768,665,0.8658854166666666,2,subruns\s423_rf_1024_ga_tournament4_ablation,16.783195380886195,20298162c42230da,3.755918367346939,0.0,3.26,673
423,rf,1024,ga_single_hop,ablation,1023,neighbors_exhausted,rf300_seq303_1f036ab042eb7694,1.4958936999901198,0.8034952000016347,12,1180,1007,0.8533898305084746,2,subruns\s423_rf_1024_ga_single_hop_ablation,16.507107545792195,df31ab65df72ea6e,4.772244897959184,0.0,4.22,1015
424,xgb,1024,matched_seed_random_walk,main,1024,budget_exhausted,xgb_boot5_sklearn_gbm_869e7078a80d1455,1.0368619000073522,0.45413629995891824,9,1008,1008,1.0,2,subruns\s424_xgb_1024_matched_seed_random_walk_main,9.407106219543483,14afe146ffc12da2,7.676734693877551,0.0,1.64,1016
424,xgb,1024,multi_start_hill_climb,main,1024,budget_exhausted,xgb_boot5_sklearn_gbm_869e7078a80d1455,1.0086470000096597,0.5037293998175301,30,1131,1008,0.8912466843501327,2,subruns\s424_xgb_1024_multi_start_hill_climb_main,6.321121601625202,e3eba1eedb4370f7,4.826122448979592,0.0,4.32,1016
424,xgb,1024,multi_start_beam,main,1024,budget_exhausted,xgb_boot5_sklearn_gbm_869e7078a80d1455,0.9370360000175424,0.42194119992200285,5,1041,1008,0.968299711815562,2,subruns\s424_xgb_1024_multi_start_beam_main,7.7054898768151405,1e0e5c41e0d87c38,7.164081632653061,0.0,2.42,1016
424,xgb,1024,mutation_only_ga,main,1024,budget_exhausted,xgb_boot5_sklearn_gbm_869e7078a80d1455,1.9142728000297211,0.49799410009291023,11,1133,1008,0.8896734333627537,2,subruns\s424_xgb_1024_mutation_only_ga_main,6.784918528847672,6dc9fb4370c2a13c,4.930612244897959,0.0,3.96,1016
424,xgb,4096,matched_seed_random_walk,main,4096,budget_exhausted,xgb_boot5_sklearn_gbm_869e7078a80d1455,5.893205400032457,1.8714834000566043,33,4080,4080,1.0,2,subruns\s424_xgb_4096_matched_seed_random_walk_main,8.453887647192051,94a2349ede00cb82,6.546122448979592,0.0,2.8,4088
424,xgb,4096,multi_start_hill_climb,main,2645,max_generations,xgb_boot5_sklearn_gbm_869e7078a80d1455,3.1155924000195228,1.2952388998819515,75,2870,2629,0.9160278745644599,2,subruns\s424_xgb_4096_multi_start_hill_climb_main,6.30440889314302,94efd41bedb0c0aa,5.124081632653061,0.0,4.3,2637
424,xgb,4096,multi_start_beam,main,4087,stagnation,xgb_boot5_sklearn_gbm_869e7078a80d1455,3.6474440000019968,1.754315400030464,8,4500,4071,0.9046666666666666,2,subruns\s424_xgb_4096_multi_start_beam_main,5.875839048013451,2601283836564189,4.801632653061224,0.0,4.34,4079
424,xgb,4096,mutation_only_ga,main,1652,stagnation,xgb_boot5_sklearn_gbm_869e7078a80d1455,3.0771913999924436,0.7214799001812935,16,1920,1636,0.8520833333333333,2,subruns\s424_xgb_4096_mutation_only_ga_main,5.875839048013451,2601283836564189,4.289795918367347,0.0,4.44,1644
424,xgb,8192,matched_seed_random_walk,main,8192,budget_exhausted,xgb_boot5_sklearn_gbm_869e7078a80d1455,16.17751780000981,3.729105500038713,65,8176,8176,1.0,2,subruns\s424_xgb_8192_matched_seed_random_walk_main,7.769791105791185,7a7f3779ef77807e,6.195102040816327,0.0,3.18,8184
424,xgb,8192,multi_start_hill_climb,main,2645,max_generations,xgb_boot5_sklearn_gbm_869e7078a80d1455,3.0931042000302114,1.2727274997741915,75,2870,2629,0.9160278745644599,2,subruns\s424_xgb_8192_multi_start_hill_climb_main,6.30440889314302,94efd41bedb0c0aa,5.124081632653061,0.0,4.3,2637
424,xgb,8192,multi_start_beam,main,5668,stagnation,xgb_boot5_sklearn_gbm_869e7078a80d1455,5.707754999981262,2.682968500012066,8,6656,5652,0.8491586538461539,2,subruns\s424_xgb_8192_multi_start_beam_main,5.875839048013451,2601283836564189,4.7208163265306125,0.0,4.48,5660
424,xgb,8192,mutation_only_ga,main,1652,stagnation,xgb_boot5_sklearn_gbm_869e7078a80d1455,3.6389078999636695,0.9215512999799103,16,1920,1636,0.8520833333333333,2,subruns\s424_xgb_8192_mutation_only_ga_main,5.875839048013451,2601283836564189,4.289795918367347,0.0,4.44,1644
424,xgb,1024,matched_seed_random_walk,refit,1024,budget_exhausted,xgb_boot5_sklearn_gbm_d332baf6be3f6b87,1.080782699980773,0.4873986999155022,9,1008,1008,1.0,2,subruns\s424_xgb_1024_matched_seed_random_walk_refit,5.967387418555026,3c090cf8ebd5739b,8.080816326530613,0.0,2.14,1016
424,xgb,1024,multi_start_hill_climb,refit,1024,budget_exhausted,xgb_boot5_sklearn_gbm_d332baf6be3f6b87,1.0104932999820448,0.4926983999321237,30,1131,1008,0.8912466843501327,2,subruns\s424_xgb_1024_multi_start_hill_climb_refit,1.028635266258005,49c30ce3a07065c1,4.222857142857142,0.0,4.38,1016
424,xgb,1024,multi_start_beam,refit,1024,stagnation,xgb_boot5_sklearn_gbm_d332baf6be3f6b87,0.9688785999896936,0.46381549997022375,5,1042,1008,0.9673704414587332,2,subruns\s424_xgb_1024_multi_start_beam_refit,4.262991713475033,b7a88c1920046030,7.0987755102040815,0.0,2.12,1016
424,xgb,1024,mutation_only_ga,refit,1024,stagnation,xgb_boot5_sklearn_gbm_d332baf6be3f6b87,2.1996707000071183,0.46356770006241277,13,1118,1008,0.9016100178890877,2,subruns\s424_xgb_1024_mutation_only_ga_refit,1.9407960739621912,fcd3edaa40ede0b4,3.483265306122449,0.0,4.3,1016
424,xgb,1024,ga_tournament1,ablation,1024,stagnation,xgb_boot5_sklearn_gbm_869e7078a80d1455,1.828535299981013,0.513364999787882,11,1093,1008,0.9222323879231473,2,subruns\s424_xgb_1024_ga_tournament1_ablation,7.310503610671925,abd36a510d4037e4,4.898775510204081,0.0,4.06,1016
424,xgb,1024,ga_tournament4,ablation,877,stagnation,xgb_boot5_sklearn_gbm_869e7078a80d1455,1.6172177999978885,0.3530152000603266,9,1024,861,0.8408203125,2,subruns\s424_xgb_1024_ga_tournament4_ablation,5.875839048013451,2601283836564189,3.6751020408163266,0.0,4.6,869
424,xgb,1024,ga_single_hop,ablation,1024,budget_exhausted,xgb_boot5_sklearn_gbm_869e7078a80d1455,1.0668034000555053,0.4486064999946393,12,1159,1008,0.8697152717860225,2,subruns\s424_xgb_1024_ga_single_hop_ablation,6.788540736331346,2ecf633809b83c55,5.067755102040817,0.0,4.18,1016
424,rf,1024,matched_seed_random_walk,main,1024,budget_exhausted,rf300_seq303_77b337c6526fa32e,1.2981360999983735,0.7066950998851098,9,1008,1008,1.0,2,subruns\s424_rf_1024_matched_seed_random_walk_main,18.218176083189885,f959d4afc6e1e08a,7.960816326530613,0.0,1.98,1016
424,rf,1024,multi_start_hill_climb,main,1024,budget_exhausted,rf300_seq303_77b337c6526fa32e,1.7713161000283435,1.2565320999128744,30,1131,1008,0.8912466843501327,2,subruns\s424_rf_1024_multi_start_hill_climb_main,17.07813894435294,91d202575f7e7902,6.133877551020408,0.0,3.28,1016
424,rf,1024,multi_start_beam,main,1024,budget_exhausted,rf300_seq303_77b337c6526fa32e,1.117023299972061,0.5930428000283428,5,1032,1008,0.9767441860465116,2,subruns\s424_rf_1024_multi_start_beam_main,17.171769523928095,7243801f55043a0b,5.317551020408163,0.0,2.22,1016
424,rf,1024,mutation_only_ga,main,1020,stagnation,rf300_seq303_77b337c6526fa32e,2.3009069999679923,0.7948338000569493,12,1165,1004,0.8618025751072962,2,subruns\s424_rf_1024_mutation_only_ga_main,17.076255677036052,c58da7ab27ab6c82,3.817142857142857,0.0,3.6,1012
424,rf,4096,matched_seed_random_walk,main,4096,budget_exhausted,rf300_seq303_77b337c6526fa32e,6.891693499987014,2.851798700168729,33,4080,4080,1.0,2,subruns\s424_rf_4096_matched_seed_random_walk_main,17.537129166751477,f20bdd89ecf873b6,7.3395918367346935,0.0,3.02,4088
424,rf,4096,multi_start_hill_climb,main,2591,max_generations,rf300_seq303_77b337c6526fa32e,4.9929486000328325,3.208358599804342,74,2835,2575,0.908289241622575,2,subruns\s424_rf_4096_multi_start_hill_climb_main,17.023801872271918,6ebf373b6c958eb6,5.823673469387755,0.0,4.08,2583
424,rf,4096,multi_start_beam,main,4087,stagnation,rf300_seq303_77b337c6526fa32e,3.8341555000515655,1.9995271999505349,8,4566,4071,0.8915900131406045,2,subruns\s424_rf_4096_multi_start_beam_main,17.076255677036052,c58da7ab27ab6c82,3.137142857142857,0.0,3.4,4079
424,rf,4096,mutation_only_ga,main,1208,stagnation,rf300_seq303_77b337c6526fa32e,2.643867999955546,0.8507203999324702,12,1408,1192,0.8465909090909091,2,subruns\s424_rf_4096_mutation_only_ga_main,17.076255677036052,c58da7ab27ab6c82,3.6195918367346938,0.0,3.8,1200
424,rf,8192,matched_seed_random_walk,main,8192,budget_exhausted,rf300_seq303_77b337c6526fa32e,18.813653799996246,5.547676599700935,65,8176,8176,1.0,2,subruns\s424_rf_8192_matched_seed_random_walk_main,17.49362586651032,fa0ce4b1067d67d5,6.895510204081632,0.0,3.38,8184
424,rf,8192,multi_start_hill_climb,main,2591,max_generations,rf300_seq303_77b337c6526fa32e,4.932876400009263,3.098102299729362,74,2835,2575,0.908289241622575,2,subruns\s424_rf_8192_multi_start_hill_climb_main,17.023801872271918,6ebf373b6c958eb6,5.823673469387755,0.0,4.08,2583
424,rf,8192,multi_start_beam,main,7674,stagnation,rf300_seq303_77b337c6526fa32e,7.5430590999894775,3.7914172999444418,12,10518,7658,0.7280851872979653,2,subruns\s424_rf_8192_multi_start_beam_main,16.92590888903127,10259ed94093eb40,4.947755102040817,0.0,4.32,7666
424,rf,8192,mutation_only_ga,main,1208,stagnation,rf300_seq303_77b337c6526fa32e,2.640609099995345,0.8775476998998784,12,1408,1192,0.8465909090909091,2,subruns\s424_rf_8192_mutation_only_ga_main,17.076255677036052,c58da7ab27ab6c82,3.6195918367346938,0.0,3.8,1200
424,rf,1024,matched_seed_random_walk,refit,1024,budget_exhausted,rf300_seq303_d4f8f2972b5a2e4f,1.3018444000044838,0.689674899855163,9,1008,1008,1.0,2,subruns\s424_rf_1024_matched_seed_random_walk_refit,17.564321667019108,4f5f07739434430d,8.146938775510204,0.0,2.06,1016
424,rf,1024,multi_start_hill_climb,refit,1024,budget_exhausted,rf300_seq303_d4f8f2972b5a2e4f,1.8012350999633782,1.2625603000051342,30,1131,1008,0.8912466843501327,2,subruns\s424_rf_1024_multi_start_hill_climb_refit,16.915155100527013,9614d51b3e66f69f,3.437551020408163,0.0,3.6,1016
424,rf,1024,multi_start_beam,refit,1024,stagnation,rf300_seq303_d4f8f2972b5a2e4f,1.1551896999590099,0.6352157000219449,6,1049,1008,0.9609151572926596,2,subruns\s424_rf_1024_multi_start_beam_refit,17.05530808241665,380042e41a1df9ed,7.333877551020408,0.0,2.16,1016
424,rf,1024,mutation_only_ga,refit,993,stagnation,rf300_seq303_d4f8f2972b5a2e4f,2.4215252000140026,0.7556891000131145,10,1126,977,0.8676731793960923,2,subruns\s424_rf_1024_mutation_only_ga_refit,17.001907198114957,9c448f0fd09e02ab,4.075918367346938,0.0,3.18,985
424,rf,1024,ga_tournament1,ablation,1024,budget_exhausted,rf300_seq303_77b337c6526fa32e,2.2117397999973036,0.7819510000990704,12,1097,1008,0.918869644484959,2,subruns\s424_rf_1024_ga_tournament1_ablation,17.07813894435294,91d202575f7e7902,6.495510204081633,0.0,3.52,1016
424,rf,1024,ga_tournament4,ablation,858,stagnation,rf300_seq303_77b337c6526fa32e,2.2802503999555483,0.7225604999694042,9,1024,842,0.822265625,2,subruns\s424_rf_1024_ga_tournament4_ablation,17.076255677036052,c58da7ab27ab6c82,3.7314285714285713,0.0,3.58,850
424,rf,1024,ga_single_hop,ablation,1022,stagnation,rf300_seq303_77b337c6526fa32e,1.421169799985364,0.7607558001182042,12,1188,1006,0.8468013468013468,2,subruns\s424_rf_1024_ga_single_hop_ablation,17.076255677036052,c58da7ab27ab6c82,4.855510204081632,0.0,3.18,1014
425,xgb,1024,matched_seed_random_walk,main,1024,budget_exhausted,xgb_boot5_sklearn_gbm_309c93bbdf7d475f,1.0657676000264473,0.4441048000007868,9,1008,1008,1.0,2,subruns\s425_xgb_1024_matched_seed_random_walk_main,7.658402349216284,8833912bb4449c0f,8.151020408163266,0.0,1.96,1016
425,xgb,1024,multi_start_hill_climb,main,1024,budget_exhausted,xgb_boot5_sklearn_gbm_309c93bbdf7d475f,0.9513418999849819,0.4677592000225559,29,1092,1008,0.9230769230769231,2,subruns\s425_xgb_1024_multi_start_hill_climb_main,5.88539220765532,d2b07b714caeef0f,6.0285714285714285,0.0,3.52,1016
425,xgb,1024,multi_start_beam,main,1024,stagnation,xgb_boot5_sklearn_gbm_309c93bbdf7d475f,0.9737422000034712,0.4602533999714069,5,1031,1008,0.9776915615906887,2,subruns\s425_xgb_1024_multi_start_beam_main,5.88539220765532,d2b07b714caeef0f,7.395918367346939,0.0,1.76,1016
425,xgb,1024,mutation_only_ga,main,1024,stagnation,xgb_boot5_sklearn_gbm_309c93bbdf7d475f,1.954476099985186,0.45401460002176464,12,1146,1008,0.8795811518324608,2,subruns\s425_xgb_1024_mutation_only_ga_main,6.440026682142379,752ba17dcaad1010,6.166530612244898,0.0,3.24,1016
425,xgb,4096,matched_seed_random_walk,main,4096,budget_exhausted,xgb_boot5_sklearn_gbm_309c93bbdf7d475f,5.8734838999807835,1.888403300079517,33,4080,4080,1.0,2,subruns\s425_xgb_4096_matched_seed_random_walk_main,5.88539220765532,d2b07b714caeef0f,7.2293877551020405,0.0,1.94,4088
425,xgb,4096,multi_start_hill_climb,main,2667,max_generations,xgb_boot5_sklearn_gbm_309c93bbdf7d475f,3.0782217999803834,1.227947999839671,76,2913,2651,0.9100583590799862,2,subruns\s425_xgb_4096_multi_start_hill_climb_main,5.88539220765532,d2b07b714caeef0f,5.475918367346939,0.0,4.14,2659
425,xgb,4096,multi_start_beam,main,3246,stagnation,xgb_boot5_sklearn_gbm_309c93bbdf7d475f,2.7311249999911524,1.4229664000449702,5,3584,3230,0.9012276785714286,2,subruns\s425_xgb_4096_multi_start_beam_main,5.88539220765532,d2b07b714caeef0f,6.753469387755102,0.0,3.36,3238
425,xgb,4096,mutation_only_ga,main,1520,stagnation,xgb_boot5_sklearn_gbm_309c93bbdf7d475f,2.9858482999843545,0.665036000078544,15,1792,1504,0.8392857142857143,2,subruns\s425_xgb_4096_mutation_only_ga_main,5.88539220765532,d2b07b714caeef0f,5.241632653061225,0.0,3.82,1512
425,xgb,8192,matched_seed_random_walk,main,8192,budget_exhausted,xgb_boot5_sklearn_gbm_309c93bbdf7d475f,16.366583600000013,3.790420300036203,65,8176,8176,1.0,2,subruns\s425_xgb_8192_matched_seed_random_walk_main,5.88539220765532,d2b07b714caeef0f,6.795102040816326,0.0,2.18,8184
425,xgb,8192,multi_start_hill_climb,main,2667,max_generations,xgb_boot5_sklearn_gbm_309c93bbdf7d475f,3.3457096000202,1.3251629999140278,76,2913,2651,0.9100583590799862,2,subruns\s425_xgb_8192_multi_start_hill_climb_main,5.88539220765532,d2b07b714caeef0f,5.475918367346939,0.0,4.14,2659
425,xgb,8192,multi_start_beam,main,3246,stagnation,xgb_boot5_sklearn_gbm_309c93bbdf7d475f,2.855123099987395,1.4501098999171518,5,3584,3230,0.9012276785714286,2,subruns\s425_xgb_8192_multi_start_beam_main,5.88539220765532,d2b07b714caeef0f,6.753469387755102,0.0,3.36,3238
425,xgb,8192,mutation_only_ga,main,1520,stagnation,xgb_boot5_sklearn_gbm_309c93bbdf7d475f,2.9382443000213243,0.6742509000468999,15,1792,1504,0.8392857142857143,2,subruns\s425_xgb_8192_mutation_only_ga_main,5.88539220765532,d2b07b714caeef0f,5.241632653061225,0.0,3.82,1512
425,xgb,1024,matched_seed_random_walk,refit,1024,budget_exhausted,xgb_boot5_sklearn_gbm_4bd3428f44835de5,1.2487570999655873,0.5344849999528378,9,1008,1008,1.0,2,subruns\s425_xgb_1024_matched_seed_random_walk_refit,5.189433268471948,066d1834227c45d3,5.949387755102041,0.0,1.82,1016
425,xgb,1024,multi_start_hill_climb,refit,1024,budget_exhausted,xgb_boot5_sklearn_gbm_4bd3428f44835de5,1.1733112999936566,0.5720813000225462,29,1092,1008,0.9230769230769231,2,subruns\s425_xgb_1024_multi_start_hill_climb_refit,2.0275686151932186,fa56348aefaf4e59,2.9526530612244897,0.0,3.74,1016
425,xgb,1024,multi_start_beam,refit,1024,stagnation,xgb_boot5_sklearn_gbm_4bd3428f44835de5,1.202736700011883,0.5743444999679923,5,1046,1008,0.9636711281070746,2,subruns\s425_xgb_1024_multi_start_beam_refit,3.4395908055726743,b71366d46d8dfc97,3.9159183673469387,0.0,1.92,1016
425,xgb,1024,mutation_only_ga,refit,1024,budget_exhausted,xgb_boot5_sklearn_gbm_4bd3428f44835de5,1.9899474999983795,0.48529100010637194,12,1133,1008,0.8896734333627537,2,subruns\s425_xgb_1024_mutation_only_ga_refit,2.639375971665415,ab08b97eb9ea26e2,4.2057142857142855,0.0,3.82,1016
425,xgb,1024,ga_tournament1,ablation,618,stagnation,xgb_boot5_sklearn_gbm_309c93bbdf7d475f,1.1713818000280298,0.2923491999390535,6,640,602,0.940625,2,subruns\s425_xgb_1024_ga_tournament1_ablation,8.142171595602475,429761da2939fa9d,8.097959183673469,0.0,2.6,610
425,xgb,1024,ga_tournament4,ablation,1019,stagnation,xgb_boot5_sklearn_gbm_309c93bbdf7d475f,2.198297199967783,0.4724547999794595,12,1232,1003,0.8141233766233766,2,subruns\s425_xgb_1024_ga_tournament4_ablation,5.88539220765532,d2b07b714caeef0f,6.353469387755102,0.0,3.46,1011
425,xgb,1024,ga_single_hop,ablation,847,stagnation,xgb_boot5_sklearn_gbm_309c93bbdf7d475f,0.9026582000078633,0.38792429986642674,9,1024,831,0.8115234375,2,subruns\s425_xgb_1024_ga_single_hop_ablation,7.40612065707162,102c2e406bfdd90f,7.346938775510204,0.0,2.66,839
425,rf,1024,matched_seed_random_walk,main,1024,budget_exhausted,rf300_seq303_1b647330ffd47455,1.4452794999815524,0.7448201000224799,9,1008,1008,1.0,2,subruns\s425_rf_1024_matched_seed_random_walk_main,17.21605653336733,9e784ad32ff7c3d0,6.026938775510204,0.0,2.12,1016
425,rf,1024,multi_start_hill_climb,main,1024,budget_exhausted,rf300_seq303_1b647330ffd47455,1.828616000013426,1.2805503000854515,30,1131,1008,0.8912466843501327,2,subruns\s425_rf_1024_multi_start_hill_climb_main,17.0888583837881,e70983d293fa23c2,4.214693877551021,0.0,4.22,1016
425,rf,1024,multi_start_beam,main,1019,stagnation,rf300_seq303_1b647330ffd47455,1.0940497000119649,0.6063306000432931,4,1038,1003,0.9662813102119461,2,subruns\s425_rf_1024_multi_start_beam_main,17.20242932201724,5ad5d62f7d7fcfc5,4.916734693877551,0.0,2.12,1011
425,rf,1024,mutation_only_ga,main,924,stagnation,rf300_seq303_1b647330ffd47455,1.9196808999986388,0.6324405001942068,9,1024,908,0.88671875,2,subruns\s425_rf_1024_mutation_only_ga_main,17.20275099022324,246f429821c2039e,4.124081632653061,0.0,2.88,916
425,rf,4096,matched_seed_random_walk,main,4096,budget_exhausted,rf300_seq303_1b647330ffd47455,6.797109099978115,2.699923600011971,33,4080,4080,1.0,2,subruns\s425_rf_4096_matched_seed_random_walk_main,17.20242932201724,5ad5d62f7d7fcfc5,4.799183673469388,0.0,2.38,4088
425,rf,4096,multi_start_hill_climb,main,2609,max_generations,rf300_seq303_1b647330ffd47455,4.940798800031189,3.0903064002050087,74,2835,2593,0.9146384479717813,2,subruns\s425_rf_4096_multi_start_hill_climb_main,17.0888583837881,e70983d293fa23c2,4.884897959183673,0.0,3.88,2601
425,rf,4096,multi_start_beam,main,3901,stagnation,rf300_seq303_1b647330ffd47455,3.661259800021071,1.974199699878227,6,4426,3885,0.877767736104835,2,subruns\s425_rf_4096_multi_start_beam_main,17.139843929924105,e5962b68fa774dca,5.173877551020408,0.0,3.32,3893
425,rf,4096,mutation_only_ga,main,924,stagnation,rf300_seq303_1b647330ffd47455,2.003336699970532,0.647585200087633,9,1024,908,0.88671875,2,subruns\s425_rf_4096_mutation_only_ga_main,17.20275099022324,246f429821c2039e,4.124081632653061,0.0,2.88,916
425,rf,8192,matched_seed_random_walk,main,8192,budget_exhausted,rf300_seq303_1b647330ffd47455,18.756266099982895,5.55877979984507,65,8176,8176,1.0,2,subruns\s425_rf_8192_matched_seed_random_walk_main,17.20242932201724,5ad5d62f7d7fcfc5,5.146938775510204,0.0,2.62,8184
425,rf,8192,multi_start_hill_climb,main,2609,max_generations,rf300_seq303_1b647330ffd47455,4.840793999959715,3.0856269999057986,74,2835,2593,0.9146384479717813,2,subruns\s425_rf_8192_multi_start_hill_climb_main,17.0888583837881,e70983d293fa23c2,4.884897959183673,0.0,3.88,2601
425,rf,8192,multi_start_beam,main,4048,stagnation,rf300_seq303_1b647330ffd47455,3.7285517000127584,2.018535300041549,6,4608,4032,0.875,2,subruns\s425_rf_8192_multi_start_beam_main,17.139843929924105,e5962b68fa774dca,5.220408163265306,0.0,3.36,4040
425,rf,8192,mutation_only_ga,main,924,stagnation,rf300_seq303_1b647330ffd47455,2.2617521000211127,0.7478088000789285,9,1024,908,0.88671875,2,subruns\s425_rf_8192_mutation_only_ga_main,17.20275099022324,246f429821c2039e,4.124081632653061,0.0,2.88,916
425,rf,1024,matched_seed_random_walk,refit,1024,budget_exhausted,rf300_seq303_170e8fe88118c325,1.3381656999699771,0.73935120011447,9,1008,1008,1.0,2,subruns\s425_rf_1024_matched_seed_random_walk_refit,17.128164949009562,d684faf685f0201a,6.568979591836735,0.0,2.3,1016
425,rf,1024,multi_start_hill_climb,refit,1024,budget_exhausted,rf300_seq303_170e8fe88118c325,1.7690909000230022,1.2486684999312274,30,1131,1008,0.8912466843501327,2,subruns\s425_rf_1024_multi_start_hill_climb_refit,17.061211355604154,22d5331f20362e94,3.2685714285714287,0.0,3.96,1016
425,rf,1024,multi_start_beam,refit,1021,stagnation,rf300_seq303_170e8fe88118c325,1.094970700039994,0.5758649000199512,4,1034,1005,0.971953578336557,2,subruns\s425_rf_1024_multi_start_beam_refit,17.128164949009562,d684faf685f0201a,4.284081632653061,0.0,2.14,1013
425,rf,1024,mutation_only_ga,refit,1024,budget_exhausted,rf300_seq303_170e8fe88118c325,2.2292560000205413,0.7474686999921687,11,1094,1008,0.9213893967093236,2,subruns\s425_rf_1024_mutation_only_ga_refit,17.086376900434527,cd631086d6e8fafb,4.115918367346938,0.0,3.46,1016
425,rf,1024,ga_tournament1,ablation,1024,stagnation,rf300_seq303_1b647330ffd47455,2.30875249998644,0.7838114999467507,11,1083,1008,0.9307479224376731,2,subruns\s425_rf_1024_ga_tournament1_ablation,17.20275099022324,3c954363892fd8ee,5.181224489795919,0.0,2.82,1016
425,rf,1024,ga_tournament4,ablation,539,stagnation,rf300_seq303_1b647330ffd47455,1.2090927999815904,0.4361413999577053,6,640,523,0.8171875,2,subruns\s425_rf_1024_ga_tournament4_ablation,17.20242932201724,5ad5d62f7d7fcfc5,3.464489795918367,0.0,2.44,531
425,rf,1024,ga_single_hop,ablation,571,stagnation,rf300_seq303_1b647330ffd47455,0.7688155000214465,0.42130950011778623,6,640,555,0.8671875,2,subruns\s425_rf_1024_ga_single_hop_ablation,17.20242932201724,5ad5d62f7d7fcfc5,4.0653061224489795,0.0,2.38,563
426,xgb,1024,matched_seed_random_walk,main,1024,budget_exhausted,xgb_boot5_sklearn_gbm_208c774142b505ad,1.0557219000183977,0.45228090009186417,9,1008,1008,1.0,2,subruns\s426_xgb_1024_matched_seed_random_walk_main,9.145335537861996,a72180d28f14e5c9,7.6236734693877555,0.0,2.2,1016
426,xgb,1024,multi_start_hill_climb,main,1024,budget_exhausted,xgb_boot5_sklearn_gbm_208c774142b505ad,0.995716099976562,0.4679850999964401,29,1092,1008,0.9230769230769231,2,subruns\s426_xgb_1024_multi_start_hill_climb_main,6.876775077118845,137e06c435167779,4.793469387755102,0.0,3.36,1016
426,xgb,1024,multi_start_beam,main,1024,stagnation,xgb_boot5_sklearn_gbm_208c774142b505ad,1.0118898999644443,0.5012674999888986,5,1043,1008,0.9664429530201343,2,subruns\s426_xgb_1024_multi_start_beam_main,9.521465762735314,ca540e55e84fe922,4.709387755102041,0.0,2.18,1016
426,xgb,1024,mutation_only_ga,main,934,stagnation,xgb_boot5_sklearn_gbm_208c774142b505ad,1.8342255000025034,0.44223009987035766,9,1024,918,0.896484375,2,subruns\s426_xgb_1024_mutation_only_ga_main,6.876775077118845,137e06c435167779,4.759183673469388,0.0,3.56,926
426,xgb,4096,matched_seed_random_walk,main,4096,budget_exhausted,xgb_boot5_sklearn_gbm_208c774142b505ad,6.102570099988952,1.965754400298465,33,4080,4080,1.0,2,subruns\s426_xgb_4096_matched_seed_random_walk_main,9.145335537861996,a72180d28f14e5c9,5.81061224489796,0.0,2.54,4088
426,xgb,4096,multi_start_hill_climb,main,2729,max_generations,xgb_boot5_sklearn_gbm_208c774142b505ad,3.2126383999711834,1.296273700252641,77,2960,2713,0.9165540540540541,2,subruns\s426_xgb_4096_multi_start_hill_climb_main,5.223024813938003,cf20674e98d7c6ac,4.468571428571429,0.0,4.54,2721
426,xgb,4096,multi_start_beam,main,4085,stagnation,xgb_boot5_sklearn_gbm_208c774142b505ad,4.304963400005363,1.9927538000047207,8,4568,4069,0.8907618213660246,2,subruns\s426_xgb_4096_multi_start_beam_main,5.708909745992566,ebf333044ff368bb,3.8244897959183675,0.0,3.86,4077
426,xgb,4096,mutation_only_ga,main,934,stagnation,xgb_boot5_sklearn_gbm_208c774142b505ad,1.8346901000477374,0.43780930002685636,9,1024,918,0.896484375,2,subruns\s426_xgb_4096_mutation_only_ga_main,6.876775077118845,137e06c435167779,4.759183673469388,0.0,3.56,926
426,xgb,8192,matched_seed_random_walk,main,8192,budget_exhausted,xgb_boot5_sklearn_gbm_208c774142b505ad,16.266286899975967,3.8286297998274677,65,8176,8176,1.0,2,subruns\s426_xgb_8192_matched_seed_random_walk_main,6.402819157822097,b10f1b585a2ede19,4.981224489795919,0.0,2.6,8184
426,xgb,8192,multi_start_hill_climb,main,2729,max_generations,xgb_boot5_sklearn_gbm_208c774142b505ad,3.2128633999964222,1.2779047000803985,77,2960,2713,0.9165540540540541,2,subruns\s426_xgb_8192_multi_start_hill_climb_main,5.223024813938003,cf20674e98d7c6ac,4.468571428571429,0.0,4.54,2721
426,xgb,8192,multi_start_beam,main,7644,stagnation,xgb_boot5_sklearn_gbm_208c774142b505ad,7.025401699997019,3.3046122000087053,12,10600,7628,0.719622641509434,2,subruns\s426_xgb_8192_multi_start_beam_main,5.223024813938003,cf20674e98d7c6ac,3.7289795918367346,0.0,4.66,7636
426,xgb,8192,mutation_only_ga,main,934,stagnation,xgb_boot5_sklearn_gbm_208c774142b505ad,1.8965644999989308,0.44808169995667413,9,1024,918,0.896484375,2,subruns\s426_xgb_8192_mutation_only_ga_main,6.876775077118845,137e06c435167779,4.759183673469388,0.0,3.56,926
426,xgb,1024,matched_seed_random_walk,refit,1024,budget_exhausted,xgb_boot5_sklearn_gbm_90476281c311ac02,1.1494363999809138,0.48662709997734055,9,1008,1008,1.0,2,subruns\s426_xgb_1024_matched_seed_random_walk_refit,11.740350201069022,2e74598853318f30,7.0351020408163265,0.0,1.9,1016
426,xgb,1024,multi_start_hill_climb,refit,1024,budget_exhausted,xgb_boot5_sklearn_gbm_90476281c311ac02,0.994328900007531,0.4716088001150638,30,1131,1008,0.8912466843501327,2,subruns\s426_xgb_1024_multi_start_hill_climb_refit,6.0398023479499825,2de6ef870711bb58,3.269387755102041,0.0,3.86,1016
426,xgb,1024,multi_start_beam,refit,1024,budget_exhausted,xgb_boot5_sklearn_gbm_90476281c311ac02,0.9719236000091769,0.4540491999941878,4,1037,1008,0.9720347155255545,2,subruns\s426_xgb_1024_multi_start_beam_refit,8.379429741239415,99acb9bdc023b286,5.745306122448979,0.0,1.92,1016
426,xgb,1024,mutation_only_ga,refit,1024,budget_exhausted,xgb_boot5_sklearn_gbm_90476281c311ac02,1.9457974000251852,0.4773018000414595,11,1092,1008,0.9230769230769231,2,subruns\s426_xgb_1024_mutation_only_ga_refit,7.129070871569563,36be2b38cc751c12,3.7812244897959184,0.0,3.52,1016
426,xgb,1024,ga_tournament1,ablation,1024,budget_exhausted,xgb_boot5_sklearn_gbm_208c774142b505ad,1.9239513999782503,0.47119110001949593,11,1084,1008,0.9298892988929889,2,subruns\s426_xgb_1024_ga_tournament1_ablation,7.757624780362501,8b712d2302977350,4.332244897959184,0.0,3.34,1016
426,xgb,1024,ga_tournament4,ablation,759,stagnation,xgb_boot5_sklearn_gbm_208c774142b505ad,1.5289054000168107,0.3390095000504516,8,896,743,0.8292410714285714,2,subruns\s426_xgb_1024_ga_tournament4_ablation,6.876775077118845,137e06c435167779,3.605714285714286,0.0,3.48,751
426,xgb,1024,ga_single_hop,ablation,886,stagnation,xgb_boot5_sklearn_gbm_208c774142b505ad,0.9118153000017628,0.3840667998883873,9,1024,870,0.849609375,2,subruns\s426_xgb_1024_ga_single_hop_ablation,6.876775077118845,137e06c435167779,4.013061224489796,0.0,3.34,878
426,rf,1024,matched_seed_random_walk,main,1024,budget_exhausted,rf300_seq303_3984e3edad6fb537,1.3013829999836162,0.699690300039947,9,1008,1008,1.0,2,subruns\s426_rf_1024_matched_seed_random_walk_main,18.576639997576823,c895ee2b3db409bf,7.3461224489795915,0.0,1.82,1016
426,rf,1024,multi_start_hill_climb,main,1024,budget_exhausted,rf300_seq303_3984e3edad6fb537,1.7986738000181504,1.2763721997034736,30,1131,1008,0.8912466843501327,2,subruns\s426_rf_1024_multi_start_hill_climb_main,18.576639997576823,c895ee2b3db409bf,5.187755102040816,0.0,3.62,1016
426,rf,1024,multi_start_beam,main,1024,stagnation,rf300_seq303_3984e3edad6fb537,1.1248749000369571,0.6055424000369385,5,1045,1008,0.9645933014354067,2,subruns\s426_rf_1024_multi_start_beam_main,18.576639997576823,c895ee2b3db409bf,7.444081632653061,0.0,1.64,1016
426,rf,1024,mutation_only_ga,main,591,stagnation,rf300_seq303_3984e3edad6fb537,1.3394447999889962,0.4398189000203274,6,640,575,0.8984375,2,subruns\s426_rf_1024_mutation_only_ga_main,18.576639997576823,c895ee2b3db409bf,5.539591836734694,0.0,2.32,583
426,rf,4096,matched_seed_random_walk,main,4096,budget_exhausted,rf300_seq303_3984e3edad6fb537,6.964753200009,2.806971200101543,33,4080,4080,1.0,2,subruns\s426_rf_4096_matched_seed_random_walk_main,18.576639997576823,c895ee2b3db409bf,6.317551020408163,0.0,2.36,4088
426,rf,4096,multi_start_hill_climb,main,2610,max_generations,rf300_seq303_3984e3edad6fb537,5.1563227999722585,3.2257388998405077,74,2843,2594,0.9124164614843475,2,subruns\s426_rf_4096_multi_start_hill_climb_main,18.576639997576823,c895ee2b3db409bf,4.702040816326531,0.0,4.16,2602
426,rf,4096,multi_start_beam,main,3303,stagnation,rf300_seq303_3984e3edad6fb537,2.8897911999956705,1.6174931999994442,5,3584,3287,0.9171316964285714,2,subruns\s426_rf_4096_multi_start_beam_main,18.576639997576823,c895ee2b3db409bf,6.0751020408163265,0.0,3.16,3295
426,rf,4096,mutation_only_ga,main,591,stagnation,rf300_seq303_3984e3edad6fb537,1.3443592000403441,0.4340278999879956,6,640,575,0.8984375,2,subruns\s426_rf_4096_mutation_only_ga_main,18.576639997576823,c895ee2b3db409bf,5.539591836734694,0.0,2.32,583
426,rf,8192,matched_seed_random_walk,main,8192,budget_exhausted,rf300_seq303_3984e3edad6fb537,18.849818899994716,5.629439199983608,65,8176,8176,1.0,2,subruns\s426_rf_8192_matched_seed_random_walk_main,18.576639997576823,c895ee2b3db409bf,5.751836734693877,0.0,2.62,8184
426,rf,8192,multi_start_hill_climb,main,2610,max_generations,rf300_seq303_3984e3edad6fb537,4.839799300010782,3.0947347001638263,74,2843,2594,0.9124164614843475,2,subruns\s426_rf_8192_multi_start_hill_climb_main,18.576639997576823,c895ee2b3db409bf,4.702040816326531,0.0,4.16,2602
426,rf,8192,multi_start_beam,main,3303,stagnation,rf300_seq303_3984e3edad6fb537,2.917104600055609,1.6561533999629319,5,3584,3287,0.9171316964285714,2,subruns\s426_rf_8192_multi_start_beam_main,18.576639997576823,c895ee2b3db409bf,6.0751020408163265,0.0,3.16,3295
426,rf,8192,mutation_only_ga,main,591,stagnation,rf300_seq303_3984e3edad6fb537,1.3013961999677122,0.4208384999074042,6,640,575,0.8984375,2,subruns\s426_rf_8192_mutation_only_ga_main,18.576639997576823,c895ee2b3db409bf,5.539591836734694,0.0,2.32,583
426,rf,1024,matched_seed_random_walk,refit,1024,budget_exhausted,rf300_seq303_c7f2860501d6d56e,1.43942920002155,0.6992348998901434,9,1008,1008,1.0,2,subruns\s426_rf_1024_matched_seed_random_walk_refit,19.131434208985745,4818963c902f5d8b,7.38530612244898,0.0,1.72,1016
426,rf,1024,multi_start_hill_climb,refit,1024,budget_exhausted,rf300_seq303_c7f2860501d6d56e,1.7359279000083916,1.2229324999498203,30,1131,1008,0.8912466843501327,2,subruns\s426_rf_1024_multi_start_hill_climb_refit,18.748369750948964,c9310e3d8f9cfe78,2.9706122448979593,0.0,3.96,1016
426,rf,1024,multi_start_beam,refit,1020,stagnation,rf300_seq303_c7f2860501d6d56e,1.0426411000080407,0.5516842000652105,4,1043,1004,0.962607861936721,2,subruns\s426_rf_1024_multi_start_beam_refit,19.131434208985745,4818963c902f5d8b,7.325714285714286,0.0,1.56,1012
426,rf,1024,mutation_only_ga,refit,598,stagnation,rf300_seq303_c7f2860501d6d56e,1.373615000047721,0.47064510005293414,6,640,582,0.909375,2,subruns\s426_rf_1024_mutation_only_ga_refit,19.131434208985745,4818963c902f5d8b,6.981224489795919,0.0,2.44,590
426,rf,1024,ga_tournament1,ablation,620,stagnation,rf300_seq303_3984e3edad6fb537,1.3015103000216186,0.44524140004068613,6,640,604,0.94375,2,subruns\s426_rf_1024_ga_tournament1_ablation,18.576639997576823,c895ee2b3db409bf,4.921632653061224,0.0,2.48,612
426,rf,1024,ga_tournament4,ablation,1020,stagnation,rf300_seq303_3984e3edad6fb537,2.445806000032462,0.8030370999476872,13,1302,1004,0.7711213517665131,2,subruns\s426_rf_1024_ga_tournament4_ablation,18.431136084323597,4c53862155e42db7,5.762448979591837,0.0,3.06,1012
426,rf,1024,ga_single_hop,ablation,830,stagnation,rf300_seq303_3984e3edad6fb537,1.124879700015299,0.6125326998881064,9,1024,814,0.794921875,2,subruns\s426_rf_1024_ga_single_hop_ablation,18.576639997576823,c895ee2b3db409bf,5.714285714285714,0.0,2.46,822
427,xgb,1024,matched_seed_random_walk,main,1024,budget_exhausted,xgb_boot5_sklearn_gbm_43eb7fa61cee61a7,1.1086052000173368,0.45771490008337423,9,1008,1008,1.0,2,subruns\s427_xgb_1024_matched_seed_random_walk_main,7.3650661561882345,03538afc081be199,7.860408163265306,0.0,1.78,1016
427,xgb,1024,multi_start_hill_climb,main,1024,budget_exhausted,xgb_boot5_sklearn_gbm_43eb7fa61cee61a7,0.9813450999790803,0.4705248001264408,29,1092,1008,0.9230769230769231,2,subruns\s427_xgb_1024_multi_start_hill_climb_main,3.0414170206695,d5676382c2b61bb6,3.924081632653061,0.0,3.78,1016
427,xgb,1024,multi_start_beam,main,1024,budget_exhausted,xgb_boot5_sklearn_gbm_43eb7fa61cee61a7,0.9262747000320815,0.42208549997303635,4,1040,1008,0.9692307692307692,2,subruns\s427_xgb_1024_multi_start_beam_main,4.823044922014551,063df5fa2a96cd7d,6.648163265306122,0.0,1.94,1016
427,xgb,1024,mutation_only_ga,main,1024,budget_exhausted,xgb_boot5_sklearn_gbm_43eb7fa61cee61a7,2.0085993999964558,0.4617821999127045,12,1128,1008,0.8936170212765957,2,subruns\s427_xgb_1024_mutation_only_ga_main,3.0414170206695,d5676382c2b61bb6,4.050612244897959,0.0,3.08,1016
427,xgb,4096,matched_seed_random_walk,main,4096,budget_exhausted,xgb_boot5_sklearn_gbm_43eb7fa61cee61a7,5.767977299983613,1.820524699985981,33,4080,4080,1.0,2,subruns\s427_xgb_4096_matched_seed_random_walk_main,7.3650661561882345,03538afc081be199,7.357551020408163,0.0,2.24,4088
427,xgb,4096,multi_start_hill_climb,main,2711,max_generations,xgb_boot5_sklearn_gbm_43eb7fa61cee61a7,3.252567999996245,1.3116742999991402,77,2956,2695,0.9117050067658998,2,subruns\s427_xgb_4096_multi_start_hill_climb_main,-0.05930030534946882,d008c25c575aedf3,3.317551020408163,0.0,4.9,2703
427,xgb,4096,multi_start_beam,main,4071,stagnation,xgb_boot5_sklearn_gbm_43eb7fa61cee61a7,3.676807400013786,1.7876522000296973,7,4546,4055,0.8919929608446986,2,subruns\s427_xgb_4096_multi_start_beam_main,1.618077641165279,415a44875ce6cd61,3.6179591836734692,0.0,4.12,4063
427,xgb,4096,mutation_only_ga,main,1605,stagnation,xgb_boot5_sklearn_gbm_43eb7fa61cee61a7,3.134836399985943,0.7435972999664955,16,1920,1589,0.8276041666666667,2,subruns\s427_xgb_4096_mutation_only_ga_main,3.0414170206695,d5676382c2b61bb6,4.193469387755102,0.0,3.58,1597
427,xgb,8192,matched_seed_random_walk,main,8192,budget_exhausted,xgb_boot5_sklearn_gbm_43eb7fa61cee61a7,16.09915299998829,3.720449800021015,65,8176,8176,1.0,2,subruns\s427_xgb_8192_matched_seed_random_walk_main,4.6760513809118205,11f59337d888202e,7.259591836734693,0.0,2.4,8184
427,xgb,8192,multi_start_hill_climb,main,2711,max_generations,xgb_boot5_sklearn_gbm_43eb7fa61cee61a7,3.262272500025574,1.3104936997988261,77,2956,2695,0.9117050067658998,2,subruns\s427_xgb_8192_multi_start_hill_climb_main,-0.05930030534946882,d008c25c575aedf3,3.317551020408163,0.0,4.9,2703
427,xgb,8192,multi_start_beam,main,4936,stagnation,xgb_boot5_sklearn_gbm_43eb7fa61cee61a7,4.257775599951856,2.1123515000217594,7,5632,4920,0.8735795454545454,2,subruns\s427_xgb_8192_multi_start_beam_main,1.618077641165279,415a44875ce6cd61,3.5387755102040814,0.0,4.74,4928
427,xgb,8192,mutation_only_ga,main,1605,stagnation,xgb_boot5_sklearn_gbm_43eb7fa61cee61a7,3.3019795999862254,0.7385045999544673,16,1920,1589,0.8276041666666667,2,subruns\s427_xgb_8192_mutation_only_ga_main,3.0414170206695,d5676382c2b61bb6,4.193469387755102,0.0,3.58,1597
427,xgb,1024,matched_seed_random_walk,refit,1024,budget_exhausted,xgb_boot5_sklearn_gbm_a73fb3a55c6ca23d,1.113278899982106,0.4514303000178188,9,1008,1008,1.0,2,subruns\s427_xgb_1024_matched_seed_random_walk_refit,1.510919889740968,0419e5b060249878,7.777959183673469,0.0,2.04,1016
427,xgb,1024,multi_start_hill_climb,refit,1024,budget_exhausted,xgb_boot5_sklearn_gbm_a73fb3a55c6ca23d,1.1092222000006586,0.49816959962481633,30,1131,1008,0.8912466843501327,2,subruns\s427_xgb_1024_multi_start_hill_climb_refit,0.049247743706678906,21ffb61f86a6d7b2,2.7085714285714286,0.0,3.94,1016
427,xgb,1024,multi_start_beam,refit,1022,stagnation,xgb_boot5_sklearn_gbm_a73fb3a55c6ca23d,1.0500166999991052,0.5211794999777339,4,1033,1006,0.9738625363020329,2,subruns\s427_xgb_1024_multi_start_beam_refit,1.510919889740968,0419e5b060249878,5.191836734693878,0.0,2.14,1014
427,xgb,1024,mutation_only_ga,refit,712,stagnation,xgb_boot5_sklearn_gbm_a73fb3a55c6ca23d,1.3035392999881878,0.3048613999853842,7,768,696,0.90625,2,subruns\s427_xgb_1024_mutation_only_ga_refit,1.510919889740968,0419e5b060249878,3.243265306122449,0.0,2.7,704
427,xgb,1024,ga_tournament1,ablation,1024,budget_exhausted,xgb_boot5_sklearn_gbm_43eb7fa61cee61a7,1.9395264000049792,0.5073865999584086,12,1112,1008,0.9064748201438849,2,subruns\s427_xgb_1024_ga_tournament1_ablation,3.0414170206695,d5676382c2b61bb6,4.743673469387755,0.0,3.48,1016
427,xgb,1024,ga_tournament4,ablation,1024,budget_exhausted,xgb_boot5_sklearn_gbm_43eb7fa61cee61a7,2.0863368999562226,0.47876089985948056,12,1183,1008,0.8520710059171598,2,subruns\s427_xgb_1024_ga_tournament4_ablation,2.253806736783025,444ae9ed60db6c12,3.2089795918367345,0.0,4.26,1016
427,xgb,1024,ga_single_hop,ablation,1024,budget_exhausted,xgb_boot5_sklearn_gbm_43eb7fa61cee61a7,1.197658399993088,0.5059986001579091,12,1183,1008,0.8520710059171598,2,subruns\s427_xgb_1024_ga_single_hop_ablation,2.5057504041180154,23de7cc6fdd40fac,3.422857142857143,0.0,4.36,1016
427,rf,1024,matched_seed_random_walk,main,1024,budget_exhausted,rf300_seq303_c81ea0ea73c81665,1.4100104999961331,0.7330989000038244,9,1008,1008,1.0,2,subruns\s427_rf_1024_matched_seed_random_walk_main,16.34838304613176,e0dbdaa1e1c5fd57,5.851428571428571,0.0,1.88,1016
427,rf,1024,multi_start_hill_climb,main,1024,budget_exhausted,rf300_seq303_c81ea0ea73c81665,2.269050300004892,1.6295115997781977,30,1131,1008,0.8912466843501327,2,subruns\s427_rf_1024_multi_start_hill_climb_main,15.794696166955479,93e50b4e69f6eadd,4.100408163265306,0.0,3.7,1016
427,rf,1024,multi_start_beam,main,1024,stagnation,rf300_seq303_c81ea0ea73c81665,1.1983830999815837,0.6156567999860272,5,1037,1008,0.9720347155255545,2,subruns\s427_rf_1024_multi_start_beam_main,16.309981275871735,2297b7898338c0ea,4.960816326530613,0.0,1.98,1016
427,rf,1024,mutation_only_ga,main,1002,stagnation,rf300_seq303_c81ea0ea73c81665,2.215510500012897,0.7079421000671573,10,1111,986,0.8874887488748875,2,subruns\s427_rf_1024_mutation_only_ga_main,15.794696166955479,93e50b4e69f6eadd,3.6685714285714286,0.0,3.46,994
427,rf,4096,matched_seed_random_walk,main,4096,budget_exhausted,rf300_seq303_c81ea0ea73c81665,6.9137422000057995,2.771732100052759,33,4080,4080,1.0,2,subruns\s427_rf_4096_matched_seed_random_walk_main,16.116442150500482,421ecbad5afd11ba,5.280816326530612,0.0,2.06,4088
427,rf,4096,multi_start_hill_climb,main,2598,max_generations,rf300_seq303_c81ea0ea73c81665,4.9529996999772266,3.137256699963473,74,2843,2582,0.9081955680619065,2,subruns\s427_rf_4096_multi_start_hill_climb_main,15.638396730374968,7e03cc566d3ca143,3.170612244897959,0.0,3.46,2590
427,rf,4096,multi_start_beam,main,4087,stagnation,rf300_seq303_c81ea0ea73c81665,3.8273036000318825,1.9979952999856323,8,4581,4071,0.8886705959397512,2,subruns\s427_rf_4096_multi_start_beam_main,15.638396730374968,7e03cc566d3ca143,3.2375510204081634,0.0,3.32,4079
427,rf,4096,mutation_only_ga,main,1039,stagnation,rf300_seq303_c81ea0ea73c81665,2.2503232000162825,0.7194993999437429,10,1152,1023,0.8880208333333334,2,subruns\s427_rf_4096_mutation_only_ga_main,15.794696166955479,93e50b4e69f6eadd,3.669387755102041,0.0,3.52,1031
427,rf,8192,matched_seed_random_walk,main,8192,budget_exhausted,rf300_seq303_c81ea0ea73c81665,19.124514399969485,5.611480800085701,65,8176,8176,1.0,2,subruns\s427_rf_8192_matched_seed_random_walk_main,16.116442150500482,421ecbad5afd11ba,5.117551020408163,0.0,2.14,8184
427,rf,8192,multi_start_hill_climb,main,2598,max_generations,rf300_seq303_c81ea0ea73c81665,5.69892350002192,3.7020567000145093,74,2843,2582,0.9081955680619065,2,subruns\s427_rf_8192_multi_start_hill_climb_main,15.638396730374968,7e03cc566d3ca143,3.170612244897959,0.0,3.46,2590
427,rf,8192,multi_start_beam,main,5451,stagnation,rf300_seq303_c81ea0ea73c81665,5.117875800002366,2.7138195000006817,8,6656,5435,0.8165564903846154,2,subruns\s427_rf_8192_multi_start_beam_main,15.638396730374968,7e03cc566d3ca143,3.3591836734693876,0.0,3.46,5443
427,rf,8192,mutation_only_ga,main,1039,stagnation,rf300_seq303_c81ea0ea73c81665,2.2917029000236653,0.7407985000754707,10,1152,1023,0.8880208333333334,2,subruns\s427_rf_8192_mutation_only_ga_main,15.794696166955479,93e50b4e69f6eadd,3.669387755102041,0.0,3.52,1031
427,rf,1024,matched_seed_random_walk,refit,1024,budget_exhausted,rf300_seq303_0ae4270a140ac363,1.2991685000015423,0.6931166999274865,9,1008,1008,1.0,2,subruns\s427_rf_1024_matched_seed_random_walk_refit,17.149826984006566,e0dbdaa1e1c5fd57,5.899591836734694,0.0,2.0,1016
427,rf,1024,multi_start_hill_climb,refit,1024,budget_exhausted,rf300_seq303_0ae4270a140ac363,1.741340400010813,1.2325235001626424,30,1131,1008,0.8912466843501327,2,subruns\s427_rf_1024_multi_start_hill_climb_refit,16.107123328533607,09f6aeb14bcbabf9,2.763265306122449,0.0,4.0,1016
427,rf,1024,multi_start_beam,refit,1024,budget_exhausted,rf300_seq303_0ae4270a140ac363,1.0918587999767624,0.5572416999493726,4,1036,1008,0.972972972972973,2,subruns\s427_rf_1024_multi_start_beam_refit,16.82463376001061,66cbc30bfc490f8a,5.662040816326531,0.0,2.12,1016
427,rf,1024,mutation_only_ga,refit,1024,stagnation,rf300_seq303_0ae4270a140ac363,2.262563099968247,0.7753629999933764,12,1137,1008,0.8865435356200527,2,subruns\s427_rf_1024_mutation_only_ga_refit,16.107123328533607,09f6aeb14bcbabf9,3.513469387755102,0.0,3.58,1016
427,rf,1024,ga_tournament1,ablation,1024,budget_exhausted,rf300_seq303_c81ea0ea73c81665,2.2086284999968484,0.7654046000097878,11,1105,1008,0.9122171945701357,2,subruns\s427_rf_1024_ga_tournament1_ablation,15.638396730374968,7e03cc566d3ca143,4.622857142857143,0.0,3.38,1016
427,rf,1024,ga_tournament4,ablation,1012,stagnation,rf300_seq303_c81ea0ea73c81665,2.24568970000837,0.7403549999580719,12,1262,996,0.7892234548335975,2,subruns\s427_rf_1024_ga_tournament4_ablation,15.638396730374968,7e03cc566d3ca143,3.2057142857142855,0.0,3.32,1004
427,rf,1024,ga_single_hop,ablation,1024,budget_exhausted,rf300_seq303_c81ea0ea73c81665,1.43460049998248,0.7754174998844974,13,1185,1008,0.850632911392405,2,subruns\s427_rf_1024_ga_single_hop_ablation,15.638396730374968,7e03cc566d3ca143,3.8359183673469386,0.0,3.3,1016
428,xgb,1024,matched_seed_random_walk,main,1024,budget_exhausted,xgb_boot5_sklearn_gbm_4ef2fd3479f32e06,1.063269299978856,0.44775089994072914,9,1008,1008,1.0,2,subruns\s428_xgb_1024_matched_seed_random_walk_main,9.905435814959088,054a2118b6d718d6,7.929795918367347,0.02,2.1,1016
428,xgb,1024,multi_start_hill_climb,main,1024,budget_exhausted,xgb_boot5_sklearn_gbm_4ef2fd3479f32e06,0.9656077999970876,0.4746469999081455,30,1115,1008,0.9040358744394619,2,subruns\s428_xgb_1024_multi_start_hill_climb_main,5.671501388621534,767da5bbbe0886dc,4.013061224489796,0.0,5.06,1016
428,xgb,1024,multi_start_beam,main,1024,stagnation,xgb_boot5_sklearn_gbm_4ef2fd3479f32e06,0.9713926000404172,0.42460129997925833,5,1042,1008,0.9673704414587332,2,subruns\s428_xgb_1024_multi_start_beam_main,6.063756453158126,ca75195ca2406a97,7.883265306122449,0.12,2.16,1016
428,xgb,1024,mutation_only_ga,main,1024,stagnation,xgb_boot5_sklearn_gbm_4ef2fd3479f32e06,1.84488250000868,0.445755300053861,12,1113,1008,0.9056603773584906,2,subruns\s428_xgb_1024_mutation_only_ga_main,2.6512834049810796,805d075dc530c8a1,6.337959183673469,0.14,4.24,1016
428,xgb,4096,matched_seed_random_walk,main,4096,budget_exhausted,xgb_boot5_sklearn_gbm_4ef2fd3479f32e06,5.825812500028405,1.891215299780015,33,4080,4080,1.0,2,subruns\s428_xgb_4096_matched_seed_random_walk_main,8.31614392725093,81a660ce23a6d5ff,8.109387755102041,0.04,2.92,4088
428,xgb,4096,multi_start_hill_climb,main,2606,max_generations,xgb_boot5_sklearn_gbm_4ef2fd3479f32e06,3.097079599974677,1.2794768999447115,75,2838,2590,0.9126145172656801,2,subruns\s428_xgb_4096_multi_start_hill_climb_main,3.9755640817626983,494345492e85995d,6.150204081632653,0.18,4.52,2598
428,xgb,4096,multi_start_beam,main,4070,stagnation,xgb_boot5_sklearn_gbm_4ef2fd3479f32e06,3.876692899968475,1.8683242999832146,7,4479,4054,0.9051127483813352,2,subruns\s428_xgb_4096_multi_start_beam_main,1.9600318391055294,6260aabca3a92751,4.825306122448979,0.0,4.76,4062
428,xgb,4096,mutation_only_ga,main,1271,stagnation,xgb_boot5_sklearn_gbm_4ef2fd3479f32e06,2.3180577000021003,0.5837673001224175,12,1408,1255,0.8913352272727273,2,subruns\s428_xgb_4096_mutation_only_ga_main,2.6512834049810796,805d075dc530c8a1,5.093877551020408,0.12,4.6,1263
428,xgb,8192,matched_seed_random_walk,main,8192,budget_exhausted,xgb_boot5_sklearn_gbm_4ef2fd3479f32e06,17.172611200017855,3.9484395998879336,65,8176,8176,1.0,2,subruns\s428_xgb_8192_matched_seed_random_walk_main,4.119148995380802,6641457a005596a7,8.031836734693877,0.06,3.48,8184
428,xgb,8192,multi_start_hill_climb,main,2606,max_generations,xgb_boot5_sklearn_gbm_4ef2fd3479f32e06,3.060698799963575,1.2554782001534477,75,2838,2590,0.9126145172656801,2,subruns\s428_xgb_8192_multi_start_hill_climb_main,3.9755640817626983,494345492e85995d,6.150204081632653,0.18,4.52,2598
428,xgb,8192,multi_start_beam,main,5003,stagnation,xgb_boot5_sklearn_gbm_4ef2fd3479f32e06,4.192188499961048,2.1757348999381065,7,5632,4987,0.8854758522727273,2,subruns\s428_xgb_8192_multi_start_beam_main,1.9600318391055294,6260aabca3a92751,4.667755102040816,0.0,4.86,4995
428,xgb,8192,mutation_only_ga,main,1271,stagnation,xgb_boot5_sklearn_gbm_4ef2fd3479f32e06,2.2224717000499368,0.5736716000246815,12,1408,1255,0.8913352272727273,2,subruns\s428_xgb_8192_mutation_only_ga_main,2.6512834049810796,805d075dc530c8a1,5.093877551020408,0.12,4.6,1263
428,xgb,1024,matched_seed_random_walk,refit,1024,budget_exhausted,xgb_boot5_sklearn_gbm_307f5802dbdaec6b,1.0605956999934278,0.4357287000748329,9,1008,1008,1.0,2,subruns\s428_xgb_1024_matched_seed_random_walk_refit,6.480961503508692,aa67ee7e604c7571,7.714285714285714,0.02,1.92,1016
428,xgb,1024,multi_start_hill_climb,refit,1024,budget_exhausted,xgb_boot5_sklearn_gbm_307f5802dbdaec6b,0.9976678999955766,0.47130789974471554,30,1123,1008,0.8975957257346393,2,subruns\s428_xgb_1024_multi_start_hill_climb_refit,3.5082609511587726,a8b9d12fb95b8b1a,3.3918367346938774,0.0,4.7,1016
428,xgb,1024,multi_start_beam,refit,1024,stagnation,xgb_boot5_sklearn_gbm_307f5802dbdaec6b,1.0109699000022374,0.4365686000091955,5,1040,1008,0.9692307692307692,2,subruns\s428_xgb_1024_multi_start_beam_refit,4.618359682164963,50e559804795c999,5.848163265306122,0.0,1.92,1016
428,xgb,1024,mutation_only_ga,refit,1024,stagnation,xgb_boot5_sklearn_gbm_307f5802dbdaec6b,2.0302186000044458,0.4926919999998063,12,1108,1008,0.9097472924187726,2,subruns\s428_xgb_1024_mutation_only_ga_refit,4.618359682164963,50e559804795c999,6.462040816326531,0.0,3.88,1016
428,xgb,1024,ga_tournament1,ablation,1024,budget_exhausted,xgb_boot5_sklearn_gbm_4ef2fd3479f32e06,1.8442492000176571,0.49601629993412644,12,1092,1008,0.9230769230769231,2,subruns\s428_xgb_1024_ga_tournament1_ablation,5.838407509944874,46eafdaaab3025d8,4.853877551020408,0.26,4.18,1016
428,xgb,1024,ga_tournament4,ablation,1024,stagnation,xgb_boot5_sklearn_gbm_4ef2fd3479f32e06,1.9372918999870308,0.47489809995749965,13,1184,1008,0.8513513513513513,2,subruns\s428_xgb_1024_ga_tournament4_ablation,5.657733663416547,6aa7261efbfd008b,4.788571428571428,0.3,4.46,1016
428,xgb,1024,ga_single_hop,ablation,1024,budget_exhausted,xgb_boot5_sklearn_gbm_4ef2fd3479f32e06,1.0852683000266552,0.4645676999934949,12,1127,1008,0.8944099378881988,2,subruns\s428_xgb_1024_ga_single_hop_ablation,4.047260460357295,319d1c2d9ac556ed,6.233469387755102,0.12,3.96,1016
428,rf,1024,matched_seed_random_walk,main,1024,budget_exhausted,rf300_seq303_b5357cea7fac3ffa,1.3308893999783322,0.7115983000257984,9,1008,1008,1.0,2,subruns\s428_rf_1024_matched_seed_random_walk_main,16.40144852846519,9b742bb6e0fa9113,7.333061224489796,0.0,1.72,1016
428,rf,1024,multi_start_hill_climb,main,1024,budget_exhausted,rf300_seq303_b5357cea7fac3ffa,1.7438936000107788,1.2344484999775887,30,1119,1008,0.900804289544236,2,subruns\s428_rf_1024_multi_start_hill_climb_main,16.074341253232276,cd10d8dac322af39,5.04,0.0,3.78,1016
428,rf,1024,multi_start_beam,main,1023,stagnation,rf300_seq303_b5357cea7fac3ffa,1.1675092999939807,0.573861799959559,5,1050,1007,0.959047619047619,2,subruns\s428_rf_1024_multi_start_beam_main,16.251958562813762,dae2a80ef729cbf3,5.280816326530612,0.0,1.84,1015
428,rf,1024,mutation_only_ga,main,934,stagnation,rf300_seq303_b5357cea7fac3ffa,1.9388368999934755,0.661919999984093,9,1024,918,0.896484375,2,subruns\s428_rf_1024_mutation_only_ga_main,16.266619121567608,c727c5b9f70fe223,5.475918367346939,0.0,3.5,926
428,rf,4096,matched_seed_random_walk,main,4096,budget_exhausted,rf300_seq303_b5357cea7fac3ffa,7.737279900000431,3.034796899999492,33,4080,4080,1.0,2,subruns\s428_rf_4096_matched_seed_random_walk_main,16.40144852846519,9b742bb6e0fa9113,6.674285714285714,0.0,2.08,4088
428,rf,4096,multi_start_hill_climb,main,2601,max_generations,rf300_seq303_b5357cea7fac3ffa,5.261434799991548,3.4426561997970566,74,2831,2585,0.9131049099258213,2,subruns\s428_rf_4096_multi_start_hill_climb_main,16.074341253232276,cd10d8dac322af39,5.395918367346939,0.0,3.96,2593
428,rf,4096,multi_start_beam,main,4056,stagnation,rf300_seq303_b5357cea7fac3ffa,4.056166799971834,2.1275867000804283,7,4614,4040,0.8755960121369745,2,subruns\s428_rf_4096_multi_start_beam_main,16.074341253232276,cd10d8dac322af39,5.503673469387755,0.0,3.46,4048
428,rf,4096,mutation_only_ga,main,934,stagnation,rf300_seq303_b5357cea7fac3ffa,1.8959111999720335,0.6594874999718741,9,1024,918,0.896484375,2,subruns\s428_rf_4096_mutation_only_ga_main,16.266619121567608,c727c5b9f70fe223,5.475918367346939,0.0,3.5,926
428,rf,8192,matched_seed_random_walk,main,8192,budget_exhausted,rf300_seq303_b5357cea7fac3ffa,18.259574799973052,5.4807132999412715,65,8176,8176,1.0,2,subruns\s428_rf_8192_matched_seed_random_walk_main,16.40144852846519,9b742bb6e0fa9113,5.739591836734694,0.0,2.28,8184
428,rf,8192,multi_start_hill_climb,main,2601,max_generations,rf300_seq303_b5357cea7fac3ffa,4.82533089997014,3.092349099984858,74,2831,2585,0.9131049099258213,2,subruns\s428_rf_8192_multi_start_hill_climb_main,16.074341253232276,cd10d8dac322af39,5.395918367346939,0.0,3.96,2593
428,rf,8192,multi_start_beam,main,4812,stagnation,rf300_seq303_b5357cea7fac3ffa,4.543457699997816,2.3907908999244682,7,5632,4796,0.8515625,2,subruns\s428_rf_8192_multi_start_beam_main,16.074341253232276,cd10d8dac322af39,5.358367346938776,0.0,3.58,4804
428,rf,8192,mutation_only_ga,main,934,stagnation,rf300_seq303_b5357cea7fac3ffa,1.9610347999841906,0.6852092000190169,9,1024,918,0.896484375,2,subruns\s428_rf_8192_mutation_only_ga_main,16.266619121567608,c727c5b9f70fe223,5.475918367346939,0.0,3.5,926
428,rf,1024,matched_seed_random_walk,refit,1024,budget_exhausted,rf300_seq303_381f959e3fd6a38c,1.3354236999875866,0.7101698000915349,9,1008,1008,1.0,2,subruns\s428_rf_1024_matched_seed_random_walk_refit,17.04530536476631,fe2f841cd2fb39bc,7.6636734693877555,0.0,1.78,1016
428,rf,1024,multi_start_hill_climb,refit,1024,budget_exhausted,rf300_seq303_381f959e3fd6a38c,1.7844594999914989,1.2670932000037283,30,1123,1008,0.8975957257346393,2,subruns\s428_rf_1024_multi_start_hill_climb_refit,16.335294662214622,795ff60677a11916,3.623673469387755,0.0,4.16,1016
428,rf,1024,multi_start_beam,refit,1023,stagnation,rf300_seq303_381f959e3fd6a38c,1.1364431999973021,0.5964534999220632,5,1050,1007,0.959047619047619,2,subruns\s428_rf_1024_multi_start_beam_refit,16.88723987691287,f9e753588fd68d70,5.471836734693878,0.0,2.04,1015
428,rf,1024,mutation_only_ga,refit,1024,budget_exhausted,rf300_seq303_381f959e3fd6a38c,2.3220918999868445,0.8093155999667943,12,1104,1008,0.9130434782608695,2,subruns\s428_rf_1024_mutation_only_ga_refit,16.742133844617953,fbdfcefd12774fc8,5.30530612244898,0.0,3.94,1016
428,rf,1024,ga_tournament1,ablation,729,stagnation,rf300_seq303_b5357cea7fac3ffa,1.4210614999756217,0.5238023999845609,7,768,713,0.9283854166666666,2,subruns\s428_rf_1024_ga_tournament1_ablation,16.40144852846519,9b742bb6e0fa9113,5.338775510204082,0.0,3.0,721
428,rf,1024,ga_tournament4,ablation,1012,stagnation,rf300_seq303_b5357cea7fac3ffa,2.201612400007434,0.7516979000647552,11,1195,996,0.8334728033472804,2,subruns\s428_rf_1024_ga_tournament4_ablation,16.074341253232276,cd10d8dac322af39,5.03265306122449,0.0,3.22,1004
428,rf,1024,ga_single_hop,ablation,784,stagnation,rf300_seq303_b5357cea7fac3ffa,1.146289299998898,0.5355705000110902,8,896,768,0.8571428571428571,2,subruns\s428_rf_1024_ga_single_hop_ablation,16.251958562813762,dae2a80ef729cbf3,5.802448979591837,0.0,2.54,776
429,xgb,1024,matched_seed_random_walk,main,1024,budget_exhausted,xgb_boot5_sklearn_gbm_5a63220a621e894f,1.0398248999845237,0.4535633999039419,9,1008,1008,1.0,2,subruns\s429_xgb_1024_matched_seed_random_walk_main,6.2872971878879556,be96f6d0e7bc419e,6.911836734693877,0.0,2.1,1016
429,xgb,1024,multi_start_hill_climb,main,1024,budget_exhausted,xgb_boot5_sklearn_gbm_5a63220a621e894f,1.0259185999748297,0.500202500319574,30,1131,1008,0.8912466843501327,2,subruns\s429_xgb_1024_multi_start_hill_climb_main,2.81299843287688,14ed5d34e1e25f1c,3.370612244897959,0.0,3.1,1016
429,xgb,1024,multi_start_beam,main,1024,budget_exhausted,xgb_boot5_sklearn_gbm_5a63220a621e894f,0.9692036000196822,0.4509204000351019,4,1036,1008,0.972972972972973,2,subruns\s429_xgb_1024_multi_start_beam_main,3.4059028084217573,70f9b0876f1081bb,5.780408163265306,0.0,1.9,1016
429,xgb,1024,mutation_only_ga,main,1024,budget_exhausted,xgb_boot5_sklearn_gbm_5a63220a621e894f,1.8462323999847285,0.458456699969247,12,1129,1008,0.8928255093002657,2,subruns\s429_xgb_1024_mutation_only_ga_main,2.81299843287688,14ed5d34e1e25f1c,3.186122448979592,0.0,3.86,1016
429,xgb,4096,matched_seed_random_walk,main,4096,budget_exhausted,xgb_boot5_sklearn_gbm_5a63220a621e894f,5.873362500045914,1.908834399888292,33,4080,4080,1.0,2,subruns\s429_xgb_4096_matched_seed_random_walk_main,6.2872971878879556,be96f6d0e7bc419e,6.542857142857143,0.0,2.64,4088
429,xgb,4096,multi_start_hill_climb,main,2605,max_generations,xgb_boot5_sklearn_gbm_5a63220a621e894f,3.07169030001387,1.2579621997429058,74,2843,2589,0.9106577558916638,2,subruns\s429_xgb_4096_multi_start_hill_climb_main,2.81299843287688,14ed5d34e1e25f1c,3.850612244897959,0.0,3.26,2597
429,xgb,4096,multi_start_beam,main,3874,stagnation,xgb_boot5_sklearn_gbm_5a63220a621e894f,3.353960799984634,1.7508670999668539,6,4432,3858,0.8704873646209387,2,subruns\s429_xgb_4096_multi_start_beam_main,2.81299843287688,14ed5d34e1e25f1c,3.186122448979592,0.0,4.06,3866
429,xgb,4096,mutation_only_ga,main,1346,stagnation,xgb_boot5_sklearn_gbm_5a63220a621e894f,2.44175900000846,0.5726162001374178,13,1536,1330,0.8658854166666666,2,subruns\s429_xgb_4096_mutation_only_ga_main,2.81299843287688,14ed5d34e1e25f1c,3.1151020408163266,0.0,4.08,1338
429,xgb,8192,matched_seed_random_walk,main,8192,budget_exhausted,xgb_boot5_sklearn_gbm_5a63220a621e894f,17.758937300008256,4.061995799769647,65,8176,8176,1.0,2,subruns\s429_xgb_8192_matched_seed_random_walk_main,5.632568829222142,6dda01c10e9e72c5,6.896326530612245,0.0,2.76,8184
429,xgb,8192,multi_start_hill_climb,main,2605,max_generations,xgb_boot5_sklearn_gbm_5a63220a621e894f,3.0544931999756955,1.2556961002992466,74,2843,2589,0.9106577558916638,2,subruns\s429_xgb_8192_multi_start_hill_climb_main,2.81299843287688,14ed5d34e1e25f1c,3.850612244897959,0.0,3.26,2597
429,xgb,8192,multi_start_beam,main,4001,stagnation,xgb_boot5_sklearn_gbm_5a63220a621e894f,4.463056500011589,2.116670600080397,6,4608,3985,0.8648003472222222,2,subruns\s429_xgb_8192_multi_start_beam_main,2.81299843287688,14ed5d34e1e25f1c,3.1983673469387757,0.0,4.12,3993
429,xgb,8192,mutation_only_ga,main,1346,stagnation,xgb_boot5_sklearn_gbm_5a63220a621e894f,2.9602756000240333,0.7551167999044992,13,1536,1330,0.8658854166666666,2,subruns\s429_xgb_8192_mutation_only_ga_main,2.81299843287688,14ed5d34e1e25f1c,3.1151020408163266,0.0,4.08,1338
429,xgb,1024,matched_seed_random_walk,refit,1024,budget_exhausted,xgb_boot5_sklearn_gbm_5ffeb040fee06b71,1.2893887999816798,0.518031399929896,9,1008,1008,1.0,2,subruns\s429_xgb_1024_matched_seed_random_walk_refit,10.494426341412138,83023174d167d2e2,7.7608163265306125,0.0,2.18,1016
429,xgb,1024,multi_start_hill_climb,refit,1024,budget_exhausted,xgb_boot5_sklearn_gbm_5ffeb040fee06b71,1.7120876999688335,0.941889499896206,30,1131,1008,0.8912466843501327,2,subruns\s429_xgb_1024_multi_start_hill_climb_refit,4.622515626162846,6f383fa2e26341fd,4.086530612244898,0.0,4.76,1016
429,xgb,1024,multi_start_beam,refit,1024,budget_exhausted,xgb_boot5_sklearn_gbm_5ffeb040fee06b71,1.9198099999921396,0.7035444999928586,4,1031,1008,0.9776915615906887,2,subruns\s429_xgb_1024_multi_start_beam_refit,7.859292422178173,236ed9d1c1de3d62,8.36,0.0,2.42,1016
429,xgb,1024,mutation_only_ga,refit,1024,budget_exhausted,xgb_boot5_sklearn_gbm_5ffeb040fee06b71,2.774078299989924,0.6713613998726942,11,1104,1008,0.9130434782608695,2,subruns\s429_xgb_1024_mutation_only_ga_refit,4.027219142203109,08ef1b93ef075003,4.418775510204082,0.0,4.72,1016
429,xgb,1024,ga_tournament1,ablation,1023,stagnation,xgb_boot5_sklearn_gbm_5a63220a621e894f,2.7317424999782816,0.5698491999646649,11,1094,1007,0.9204753199268738,2,subruns\s429_xgb_1024_ga_tournament1_ablation,6.1494201400928095,a41619e2d46dd599,7.489795918367347,0.0,3.52,1015
429,xgb,1024,ga_tournament4,ablation,1024,stagnation,xgb_boot5_sklearn_gbm_5a63220a621e894f,2.7008861000067554,0.5668873999384232,13,1188,1008,0.8484848484848485,2,subruns\s429_xgb_1024_ga_tournament4_ablation,2.81299843287688,14ed5d34e1e25f1c,3.1330612244897957,0.0,4.18,1016
429,xgb,1024,ga_single_hop,ablation,1024,budget_exhausted,xgb_boot5_sklearn_gbm_5a63220a621e894f,1.5971894999966025,0.6004948999616317,12,1176,1008,0.8571428571428571,2,subruns\s429_xgb_1024_ga_single_hop_ablation,2.81299843287688,14ed5d34e1e25f1c,3.6212244897959183,0.0,3.34,1016
429,rf,1024,matched_seed_random_walk,main,1024,budget_exhausted,rf300_seq303_f21f0f72fc47ebf9,2.7644267000141554,1.5242507999646477,9,1008,1008,1.0,2,subruns\s429_rf_1024_matched_seed_random_walk_main,18.62977118484643,25b03247b40b2847,8.217142857142857,0.0,2.24,1016
429,rf,1024,multi_start_hill_climb,main,1024,budget_exhausted,rf300_seq303_f21f0f72fc47ebf9,1.8434249999700114,1.3250546001363546,30,1131,1008,0.8912466843501327,2,subruns\s429_rf_1024_multi_start_hill_climb_main,17.014622359459164,87c2eef199465500,3.030204081632653,0.0,4.1,1016
429,rf,1024,multi_start_beam,main,1024,budget_exhausted,rf300_seq303_f21f0f72fc47ebf9,1.3279015999869443,0.5828952999436297,5,1036,1008,0.972972972972973,2,subruns\s429_rf_1024_multi_start_beam_main,17.85462928901146,d87e2d2a16f85ae2,7.863673469387755,0.0,2.1,1016
429,rf,1024,mutation_only_ga,main,1024,budget_exhausted,rf300_seq303_f21f0f72fc47ebf9,2.007325900020078,0.7016911000246182,11,1118,1008,0.9016100178890877,2,subruns\s429_rf_1024_mutation_only_ga_main,17.46721182095375,e10705b73bc4b231,5.630204081632653,0.0,4.62,1016
429,rf,4096,matched_seed_random_walk,main,4096,budget_exhausted,rf300_seq303_f21f0f72fc47ebf9,7.6772307000355795,2.835597599623725,33,4080,4080,1.0,2,subruns\s429_rf_4096_matched_seed_random_walk_main,18.104975389662492,09af967f1f4fe892,8.143673469387755,0.0,3.08,4088
429,rf,4096,multi_start_hill_climb,main,2559,max_generations,rf300_seq303_f21f0f72fc47ebf9,5.2937906999723054,3.079161200032104,73,2804,2543,0.9069186875891584,2,subruns\s429_rf_4096_multi_start_hill_climb_main,17.014622359459164,87c2eef199465500,3.20734693877551,0.0,3.9,2551
429,rf,4096,multi_start_beam,main,4093,stagnation,rf300_seq303_f21f0f72fc47ebf9,3.826232000021264,1.9656418999074958,8,4458,4077,0.914535666218035,2,subruns\s429_rf_4096_multi_start_beam_main,17.110964782712784,a8ec1fb5276ee0ce,3.3346938775510204,0.0,3.78,4085
429,rf,4096,mutation_only_ga,main,1621,stagnation,rf300_seq303_f21f0f72fc47ebf9,3.6441334999981336,1.1621995998430066,15,1792,1605,0.8956473214285714,2,subruns\s429_rf_4096_mutation_only_ga_main,17.096840188244823,85fb118e7a24c074,4.188571428571429,0.0,3.92,1613
429,rf,8192,matched_seed_random_walk,main,8192,budget_exhausted,rf300_seq303_f21f0f72fc47ebf9,22.74701470002765,6.330733899958432,65,8176,8176,1.0,2,subruns\s429_rf_8192_matched_seed_random_walk_main,18.104975389662492,09af967f1f4fe892,7.980408163265306,0.0,3.42,8184
429,rf,8192,multi_start_hill_climb,main,2559,max_generations,rf300_seq303_f21f0f72fc47ebf9,4.611574599985033,2.850885899795685,73,2804,2543,0.9069186875891584,2,subruns\s429_rf_8192_multi_start_hill_climb_main,17.014622359459164,87c2eef199465500,3.20734693877551,0.0,3.9,2551
429,rf,8192,multi_start_beam,main,7113,stagnation,rf300_seq303_f21f0f72fc47ebf9,6.173869500053115,3.137487199914176,10,8704,7097,0.8153722426470589,2,subruns\s429_rf_8192_multi_start_beam_main,17.014622359459164,87c2eef199465500,3.057142857142857,0.0,3.18,7105
429,rf,8192,mutation_only_ga,main,1621,stagnation,rf300_seq303_f21f0f72fc47ebf9,3.917940700019244,1.2209269001032226,15,1792,1605,0.8956473214285714,2,subruns\s429_rf_8192_mutation_only_ga_main,17.096840188244823,85fb118e7a24c074,4.188571428571429,0.0,3.92,1613
429,rf,1024,matched_seed_random_walk,refit,1024,budget_exhausted,rf300_seq303_9a02a703413f32e3,1.7155472000013106,0.9235514999018051,9,1008,1008,1.0,2,subruns\s429_rf_1024_matched_seed_random_walk_refit,19.132058522706135,d738569469cecb57,7.955918367346939,0.0,2.06,1016
429,rf,1024,multi_start_hill_climb,refit,1024,budget_exhausted,rf300_seq303_9a02a703413f32e3,2.3646684999694116,1.686895000108052,30,1131,1008,0.8912466843501327,2,subruns\s429_rf_1024_multi_start_hill_climb_refit,18.040765614584494,1cc1e252a31d51ee,4.6571428571428575,0.0,4.58,1016
429,rf,1024,multi_start_beam,refit,1024,budget_exhausted,rf300_seq303_9a02a703413f32e3,2.0249264999874867,1.0250006999121979,5,1040,1008,0.9692307692307692,2,subruns\s429_rf_1024_multi_start_beam_refit,18.614257502483877,7fd9ff631b84c860,7.152653061224489,0.0,2.06,1016
429,rf,1024,mutation_only_ga,refit,1024,budget_exhausted,rf300_seq303_9a02a703413f32e3,2.766068800003268,0.9780427999794483,12,1103,1008,0.9138712601994561,2,subruns\s429_rf_1024_mutation_only_ga_refit,18.031391186147445,4090275eeeb679fd,4.547755102040816,0.0,4.48,1016
429,rf,1024,ga_tournament1,ablation,1024,budget_exhausted,rf300_seq303_f21f0f72fc47ebf9,2.767608999973163,0.8966428001294844,11,1093,1008,0.9222323879231473,2,subruns\s429_rf_1024_ga_tournament1_ablation,17.659689254984986,c942ba87a3af7954,6.012244897959183,0.0,4.78,1016
429,rf,1024,ga_tournament4,ablation,1022,stagnation,rf300_seq303_f21f0f72fc47ebf9,2.668849000008777,0.9037360000074841,12,1156,1006,0.870242214532872,2,subruns\s429_rf_1024_ga_tournament4_ablation,18.17675513509554,c00b83e70576c533,4.213061224489796,0.0,4.42,1014
429,rf,1024,ga_single_hop,ablation,1024,budget_exhausted,rf300_seq303_f21f0f72fc47ebf9,1.4998385999933816,0.8383786999038421,12,1170,1008,0.8615384615384616,2,subruns\s429_rf_1024_ga_single_hop_ablation,17.32785477574247,02f956e4537c6292,3.456326530612245,0.0,4.38,1016
430,xgb,1024,matched_seed_random_walk,main,1024,budget_exhausted,xgb_boot5_sklearn_gbm_8e1c88ef123c07a7,1.4793883999809623,0.6025254999403842,9,1008,1008,1.0,2,subruns\s430_xgb_1024_matched_seed_random_walk_main,10.839181802947715,d2eb47195b723735,7.945306122448979,0.0,1.94,1016
430,xgb,1024,multi_start_hill_climb,main,1024,budget_exhausted,xgb_boot5_sklearn_gbm_8e1c88ef123c07a7,1.0166287999600172,0.48488209990318865,30,1131,1008,0.8912466843501327,2,subruns\s430_xgb_1024_multi_start_hill_climb_main,4.820243722216927,fc2ccfbffeec13f0,3.917551020408163,0.0,4.36,1016
430,xgb,1024,multi_start_beam,main,1024,stagnation,xgb_boot5_sklearn_gbm_8e1c88ef123c07a7,1.0796035999665037,0.5115144000155851,5,1038,1008,0.9710982658959537,2,subruns\s430_xgb_1024_multi_start_beam_main,9.278163777393106,89d0bee9a2a91416,5.951836734693877,0.0,2.18,1016
430,xgb,1024,mutation_only_ga,main,848,stagnation,xgb_boot5_sklearn_gbm_8e1c88ef123c07a7,1.8630323999677785,0.40594940003938973,8,896,832,0.9285714285714286,2,subruns\s430_xgb_1024_mutation_only_ga_main,4.820243722216927,fc2ccfbffeec13f0,5.012244897959183,0.0,4.0,840
430,xgb,4096,matched_seed_random_walk,main,4096,budget_exhausted,xgb_boot5_sklearn_gbm_8e1c88ef123c07a7,6.17373509996105,1.9809894000645727,33,4080,4080,1.0,2,subruns\s430_xgb_4096_matched_seed_random_walk_main,5.36353845956816,6320b8792bc950f2,7.020408163265306,0.0,2.76,4088
430,xgb,4096,multi_start_hill_climb,main,2688,max_generations,xgb_boot5_sklearn_gbm_8e1c88ef123c07a7,3.2977471000049263,1.3431884999736212,76,2921,2672,0.9147552208147894,2,subruns\s430_xgb_4096_multi_start_hill_climb_main,4.820243722216927,fc2ccfbffeec13f0,3.5314285714285716,0.0,3.86,2680
430,xgb,4096,multi_start_beam,main,3964,stagnation,xgb_boot5_sklearn_gbm_8e1c88ef123c07a7,4.627032599993981,2.349496500042733,6,4391,3948,0.8991118196310636,2,subruns\s430_xgb_4096_multi_start_beam_main,4.820243722216927,fc2ccfbffeec13f0,2.9379591836734695,0.0,3.64,3956
430,xgb,4096,mutation_only_ga,main,848,stagnation,xgb_boot5_sklearn_gbm_8e1c88ef123c07a7,1.8480540000018664,0.4617232999880798,8,896,832,0.9285714285714286,2,subruns\s430_xgb_4096_mutation_only_ga_main,4.820243722216927,fc2ccfbffeec13f0,5.012244897959183,0.0,4.0,840
430,xgb,8192,matched_seed_random_walk,main,8192,budget_exhausted,xgb_boot5_sklearn_gbm_8e1c88ef123c07a7,23.21461389999604,5.056577899842523,65,8176,8176,1.0,2,subruns\s430_xgb_8192_matched_seed_random_walk_main,5.36353845956816,6320b8792bc950f2,6.811428571428571,0.0,2.92,8184
430,xgb,8192,multi_start_hill_climb,main,2688,max_generations,xgb_boot5_sklearn_gbm_8e1c88ef123c07a7,3.2084211999899708,1.2610889000352472,76,2921,2672,0.9147552208147894,2,subruns\s430_xgb_8192_multi_start_hill_climb_main,4.820243722216927,fc2ccfbffeec13f0,3.5314285714285716,0.0,3.86,2680
430,xgb,8192,multi_start_beam,main,4132,stagnation,xgb_boot5_sklearn_gbm_8e1c88ef123c07a7,3.6091734999790788,1.838310100021772,6,4608,4116,0.8932291666666666,2,subruns\s430_xgb_8192_multi_start_beam_main,4.820243722216927,fc2ccfbffeec13f0,2.896326530612245,0.0,3.6,4124
430,xgb,8192,mutation_only_ga,main,848,stagnation,xgb_boot5_sklearn_gbm_8e1c88ef123c07a7,1.9966034999815747,0.4789295999216847,8,896,832,0.9285714285714286,2,subruns\s430_xgb_8192_mutation_only_ga_main,4.820243722216927,fc2ccfbffeec13f0,5.012244897959183,0.0,4.0,840
430,xgb,1024,matched_seed_random_walk,refit,1024,budget_exhausted,xgb_boot5_sklearn_gbm_02cc68748cd8c54d,1.0432795000378974,0.4202318000025116,9,1008,1008,1.0,2,subruns\s430_xgb_1024_matched_seed_random_walk_refit,12.018158780993165,fdcad13878405cac,7.315102040816327,0.04,2.12,1016
430,xgb,1024,multi_start_hill_climb,refit,1024,budget_exhausted,xgb_boot5_sklearn_gbm_02cc68748cd8c54d,1.0774513999931514,0.47224550001556054,30,1123,1008,0.8975957257346393,2,subruns\s430_xgb_1024_multi_start_hill_climb_refit,4.393900464071349,1bbaa45e560f1fe2,3.492244897959184,0.0,5.12,1016
430,xgb,1024,multi_start_beam,refit,1024,budget_exhausted,xgb_boot5_sklearn_gbm_02cc68748cd8c54d,1.111224799999036,0.5247820999938995,5,1044,1008,0.9655172413793104,2,subruns\s430_xgb_1024_multi_start_beam_refit,7.89974752972658,707b9d6381aa0031,6.550204081632653,0.0,2.92,1016
430,xgb,1024,mutation_only_ga,refit,1024,budget_exhausted,xgb_boot5_sklearn_gbm_02cc68748cd8c54d,1.7441502999863587,0.42113990016514435,11,1085,1008,0.9290322580645162,2,subruns\s430_xgb_1024_mutation_only_ga_refit,5.672905078216961,85d5d076616a7695,4.84,0.0,4.84,1016
430,xgb,1024,ga_tournament1,ablation,852,stagnation,xgb_boot5_sklearn_gbm_8e1c88ef123c07a7,1.7400502000236884,0.4179326999001205,8,896,836,0.9330357142857143,2,subruns\s430_xgb_1024_ga_tournament1_ablation,5.36353845956816,6320b8792bc950f2,5.134693877551021,0.0,3.56,844
430,xgb,1024,ga_tournament4,ablation,1023,stagnation,xgb_boot5_sklearn_gbm_8e1c88ef123c07a7,2.141487799992319,0.456469000026118,12,1205,1007,0.8356846473029046,2,subruns\s430_xgb_1024_ga_tournament4_ablation,4.820243722216927,fc2ccfbffeec13f0,2.960816326530612,0.0,3.58,1015
430,xgb,1024,ga_single_hop,ablation,1024,budget_exhausted,xgb_boot5_sklearn_gbm_8e1c88ef123c07a7,1.073339099995792,0.4569001000490971,12,1181,1008,0.8535139712108383,2,subruns\s430_xgb_1024_ga_single_hop_ablation,5.566509092945917,16a8bbdd77c8715f,4.1289795918367345,0.0,4.36,1016
430,rf,1024,matched_seed_random_walk,main,1024,budget_exhausted,rf300_seq303_fd3f7d3e061dada2,1.6359329000115395,0.8760746999760158,9,1008,1008,1.0,2,subruns\s430_rf_1024_matched_seed_random_walk_main,19.46104710055399,3f4a5597cbdf2832,7.05795918367347,0.0,2.26,1016
430,rf,1024,multi_start_hill_climb,main,1024,budget_exhausted,rf300_seq303_fd3f7d3e061dada2,1.8483802999835461,1.3020790996961296,30,1131,1008,0.8912466843501327,2,subruns\s430_rf_1024_multi_start_hill_climb_main,17.520281416019895,d4c76f5e3def7104,3.2514285714285713,0.0,4.32,1016
430,rf,1024,multi_start_beam,main,1024,budget_exhausted,rf300_seq303_fd3f7d3e061dada2,1.2207424999796785,0.691722999967169,5,1044,1008,0.9655172413793104,2,subruns\s430_rf_1024_multi_start_beam_main,18.78471304758267,f3b4787100c3cd53,6.399183673469388,0.0,2.26,1016
430,rf,1024,mutation_only_ga,main,1024,budget_exhausted,rf300_seq303_fd3f7d3e061dada2,3.1271459000417963,0.946398500003852,11,1088,1008,0.9264705882352942,2,subruns\s430_rf_1024_mutation_only_ga_main,18.05591258228588,190b95599cd4220d,5.382040816326531,0.0,3.66,1016
430,rf,4096,matched_seed_random_walk,main,4096,budget_exhausted,rf300_seq303_fd3f7d3e061dada2,9.322771799983457,3.490340600023046,33,4080,4080,1.0,2,subruns\s430_rf_4096_matched_seed_random_walk_main,19.14197798100455,6320b8792bc950f2,7.412244897959184,0.0,2.8,4088
430,rf,4096,multi_start_hill_climb,main,2608,max_generations,rf300_seq303_fd3f7d3e061dada2,5.179116699961014,3.252954999974463,74,2843,2592,0.911712979247274,2,subruns\s430_rf_4096_multi_start_hill_climb_main,17.486867600406345,8300e8603007aed9,3.6848979591836737,0.0,4.1,2600
430,rf,4096,multi_start_beam,main,4095,stagnation,rf300_seq303_fd3f7d3e061dada2,3.5197601999971084,1.8822357999742962,8,4406,4079,0.9257830231502496,2,subruns\s430_rf_4096_multi_start_beam_main,17.561918765305354,f1c622c591084a45,4.164897959183674,0.0,3.56,4087
430,rf,4096,mutation_only_ga,main,2247,stagnation,rf300_seq303_fd3f7d3e061dada2,4.702251499984413,1.4365849999594502,21,2560,2231,0.871484375,2,subruns\s430_rf_4096_mutation_only_ga_main,17.520281416019895,d4c76f5e3def7104,3.8155102040816327,0.0,3.72,2239
430,rf,8192,matched_seed_random_walk,main,8192,budget_exhausted,rf300_seq303_fd3f7d3e061dada2,22.44578690000344,6.323737200000323,65,8176,8176,1.0,2,subruns\s430_rf_8192_matched_seed_random_walk_main,19.14197798100455,6320b8792bc950f2,7.252244897959184,0.0,2.86,8184
430,rf,8192,multi_start_hill_climb,main,2608,max_generations,rf300_seq303_fd3f7d3e061dada2,4.959832300024573,3.135833299951628,74,2843,2592,0.911712979247274,2,subruns\s430_rf_8192_multi_start_hill_climb_main,17.486867600406345,8300e8603007aed9,3.6848979591836737,0.0,4.1,2600
430,rf,8192,multi_start_beam,main,7080,stagnation,rf300_seq303_fd3f7d3e061dada2,6.172361599979922,3.114573100116104,10,8704,7064,0.8115808823529411,2,subruns\s430_rf_8192_multi_start_beam_main,17.486867600406345,8300e8603007aed9,3.456326530612245,0.0,4.22,7072
430,rf,8192,mutation_only_ga,main,2247,stagnation,rf300_seq303_fd3f7d3e061dada2,4.696604299999308,1.4328804000397213,21,2560,2231,0.871484375,2,subruns\s430_rf_8192_mutation_only_ga_main,17.520281416019895,d4c76f5e3def7104,3.8155102040816327,0.0,3.72,2239
430,rf,1024,matched_seed_random_walk,refit,1024,budget_exhausted,rf300_seq303_1c52fb06611be0c3,1.5942841000505723,0.7363651999621652,9,1008,1008,1.0,2,subruns\s430_rf_1024_matched_seed_random_walk_refit,20.03446917437651,f5dbd2b33ac07c8b,7.502857142857143,0.0,2.04,1016
430,rf,1024,multi_start_hill_climb,refit,1024,budget_exhausted,rf300_seq303_1c52fb06611be0c3,1.743435300013516,1.2190004998119548,30,1131,1008,0.8912466843501327,2,subruns\s430_rf_1024_multi_start_hill_climb_refit,17.95333115376443,d96d3d707ac0b929,3.7346938775510203,0.0,4.24,1016
430,rf,1024,multi_start_beam,refit,1024,budget_exhausted,rf300_seq303_1c52fb06611be0c3,1.0755307999788783,0.5928374999784864,5,1031,1008,0.9776915615906887,2,subruns\s430_rf_1024_multi_start_beam_refit,19.06450790980403,288ad6fca5018078,6.609795918367347,0.0,2.36,1016
430,rf,1024,mutation_only_ga,refit,1024,budget_exhausted,rf300_seq303_1c52fb06611be0c3,2.8383009000099264,1.0136031999718398,11,1089,1008,0.9256198347107438,2,subruns\s430_rf_1024_mutation_only_ga_refit,17.912700963813073,545396d912bace89,3.936326530612245,0.0,3.9,1016
430,rf,1024,ga_tournament1,ablation,1023,stagnation,rf300_seq303_fd3f7d3e061dada2,2.03412720002234,0.697666099993512,10,1057,1007,0.9526963103122044,2,subruns\s430_rf_1024_ga_tournament1_ablation,17.917026798750165,a761b4e78533f77c,5.468571428571429,0.0,4.18,1015
430,rf,1024,ga_tournament4,ablation,1024,budget_exhausted,rf300_seq303_fd3f7d3e061dada2,1.9486513000447303,0.6788136000977829,12,1144,1008,0.8811188811188811,2,subruns\s430_rf_1024_ga_tournament4_ablation,17.55514033564634,792d009d7f9a9959,4.161632653061225,0.0,3.92,1016
430,rf,1024,ga_single_hop,ablation,1001,stagnation,rf300_seq303_fd3f7d3e061dada2,1.1445208000368439,0.6146539999172091,10,1139,985,0.8647936786654961,2,subruns\s430_rf_1024_ga_single_hop_ablation,17.79500043409608,60f9850bf6d0e22b,3.889795918367347,0.0,4.22,993
