seed,proxy,budget,policy,baseline,common_n,policy_best,baseline_best,delta
8001,xgb,1024,multi_start_hill_climb,matched_seed_random_walk,1024,9.91082145266564,7.876193359942704,2.0346280927229365
8001,xgb,1024,multi_start_beam,matched_seed_random_walk,1024,7.592925506552859,7.876193359942704,-0.2832678533898445
8001,xgb,1024,mutation_only_ga,matched_seed_random_walk,1024,5.7039495802851805,7.876193359942704,-2.1722437796575234
8001,xgb,1024,iterated_local_search,matched_seed_random_walk,1024,7.8009764969179,7.876193359942704,-0.07521686302480379
8001,xgb,1024,simulated_annealing,matched_seed_random_walk,1024,5.359961099938731,7.876193359942704,-2.5162322600039726
8001,xgb,1024,mutation_only_adalead,matched_seed_random_walk,290,5.7039495802851805,7.876193359942704,-2.1722437796575234
8001,xgb,1024,mutation_only_ga,multi_start_hill_climb,1024,5.7039495802851805,9.91082145266564,-4.20687187238046
8001,xgb,1024,iterated_local_search,multi_start_hill_climb,1024,7.8009764969179,9.91082145266564,-2.1098449557477403
8001,xgb,1024,simulated_annealing,multi_start_hill_climb,1024,5.359961099938731,9.91082145266564,-4.550860352726909
8001,xgb,1024,mutation_only_adalead,multi_start_hill_climb,290,5.7039495802851805,10.96370649223152,-5.259756911946339
8001,xgb,1024,mutation_only_ga,multi_start_beam,1024,5.7039495802851805,7.592925506552859,-1.8889759262676789
8001,rf,1024,multi_start_hill_climb,matched_seed_random_walk,1024,16.973892350410633,17.426458474050378,-0.4525661236397447
8001,rf,1024,multi_start_beam,matched_seed_random_walk,1020,17.426458474050378,17.426458474050378,0.0
8001,rf,1024,mutation_only_ga,matched_seed_random_walk,587,17.03948105483531,17.426458474050378,-0.3869774192150679
8001,rf,1024,iterated_local_search,matched_seed_random_walk,1024,17.353818662977325,17.426458474050378,-0.07263981107305284
8001,rf,1024,simulated_annealing,matched_seed_random_walk,1024,17.763193801798078,17.426458474050378,0.3367353277477001
8001,rf,1024,mutation_only_adalead,matched_seed_random_walk,1024,17.03948105483531,17.426458474050378,-0.3869774192150679
8001,rf,1024,mutation_only_ga,multi_start_hill_climb,587,17.03948105483531,16.973892350410633,0.06558870442467679
8001,rf,1024,iterated_local_search,multi_start_hill_climb,1024,17.353818662977325,16.973892350410633,0.37992631256669185
8001,rf,1024,simulated_annealing,multi_start_hill_climb,1024,17.763193801798078,16.973892350410633,0.7893014513874448
8001,rf,1024,mutation_only_adalead,multi_start_hill_climb,1024,17.03948105483531,16.973892350410633,0.06558870442467679
8001,rf,1024,mutation_only_ga,multi_start_beam,587,17.03948105483531,17.426458474050378,-0.3869774192150679
8002,xgb,1024,multi_start_hill_climb,matched_seed_random_walk,1024,5.594206271575954,9.283046403672651,-3.688840132096697
8002,xgb,1024,multi_start_beam,matched_seed_random_walk,1024,7.10976815906415,9.283046403672651,-2.1732782446085013
8002,xgb,1024,mutation_only_ga,matched_seed_random_walk,1024,5.131603841614359,9.283046403672651,-4.151442562058293
8002,xgb,1024,iterated_local_search,matched_seed_random_walk,1024,6.892104604607702,9.283046403672651,-2.390941799064949
8002,xgb,1024,simulated_annealing,matched_seed_random_walk,1024,6.698924921343888,9.283046403672651,-2.5841214823287633
8002,xgb,1024,mutation_only_adalead,matched_seed_random_walk,459,4.31250259048718,9.283046403672651,-4.970543813185471
8002,xgb,1024,mutation_only_ga,multi_start_hill_climb,1024,5.131603841614359,5.594206271575954,-0.4626024299615956
8002,xgb,1024,iterated_local_search,multi_start_hill_climb,1024,6.892104604607702,5.594206271575954,1.297898333031748
8002,xgb,1024,simulated_annealing,multi_start_hill_climb,1024,6.698924921343888,5.594206271575954,1.1047186497679338
8002,xgb,1024,mutation_only_adalead,multi_start_hill_climb,459,4.31250259048718,5.781907450972552,-1.4694048604853718
8002,xgb,1024,mutation_only_ga,multi_start_beam,1024,5.131603841614359,7.10976815906415,-1.9781643174497914
8002,rf,1024,multi_start_hill_climb,matched_seed_random_walk,1024,16.61613346459355,16.898607811394452,-0.2824743468009032
8002,rf,1024,multi_start_beam,matched_seed_random_walk,1024,16.777907759018003,16.898607811394452,-0.12070005237644921
8002,rf,1024,mutation_only_ga,matched_seed_random_walk,1009,16.45099584561494,16.898607811394452,-0.4476119657795117
8002,rf,1024,iterated_local_search,matched_seed_random_walk,1024,16.45099584561494,16.898607811394452,-0.4476119657795117
8002,rf,1024,simulated_annealing,matched_seed_random_walk,1024,17.13532551277453,16.898607811394452,0.2367177013800763
8002,rf,1024,mutation_only_adalead,matched_seed_random_walk,1024,16.45099584561494,16.898607811394452,-0.4476119657795117
8002,rf,1024,mutation_only_ga,multi_start_hill_climb,1009,16.45099584561494,16.61613346459355,-0.16513761897860846
8002,rf,1024,iterated_local_search,multi_start_hill_climb,1024,16.45099584561494,16.61613346459355,-0.16513761897860846
8002,rf,1024,simulated_annealing,multi_start_hill_climb,1024,17.13532551277453,16.61613346459355,0.5191920481809795
8002,rf,1024,mutation_only_adalead,multi_start_hill_climb,1024,16.45099584561494,16.61613346459355,-0.16513761897860846
8002,rf,1024,mutation_only_ga,multi_start_beam,1009,16.45099584561494,16.777907759018003,-0.32691191340306247
8003,xgb,1024,multi_start_hill_climb,matched_seed_random_walk,1024,0.06712256998160804,6.096564570338717,-6.0294420003571085
8003,xgb,1024,multi_start_beam,matched_seed_random_walk,1024,0.8949537649075425,6.096564570338717,-5.201610805431174
8003,xgb,1024,mutation_only_ga,matched_seed_random_walk,1024,0.06712256998160804,6.096564570338717,-6.0294420003571085
8003,xgb,1024,iterated_local_search,matched_seed_random_walk,1024,4.600478846886018,6.096564570338717,-1.4960857234526985
8003,xgb,1024,simulated_annealing,matched_seed_random_walk,1024,1.1600698046240236,6.096564570338717,-4.936494765714693
8003,xgb,1024,mutation_only_adalead,matched_seed_random_walk,173,0.06712256998160804,8.02093085062972,-7.953808280648111
8003,xgb,1024,mutation_only_ga,multi_start_hill_climb,1024,0.06712256998160804,0.06712256998160804,0.0
8003,xgb,1024,iterated_local_search,multi_start_hill_climb,1024,4.600478846886018,0.06712256998160804,4.53335627690441
8003,xgb,1024,simulated_annealing,multi_start_hill_climb,1024,1.1600698046240236,0.06712256998160804,1.0929472346424156
8003,xgb,1024,mutation_only_adalead,multi_start_hill_climb,173,0.06712256998160804,1.7018058792496435,-1.6346833092680355
8003,xgb,1024,mutation_only_ga,multi_start_beam,1024,0.06712256998160804,0.8949537649075425,-0.8278311949259345
8003,rf,1024,multi_start_hill_climb,matched_seed_random_walk,1024,16.515632165578452,17.692312426028217,-1.1766802604497641
8003,rf,1024,multi_start_beam,matched_seed_random_walk,1023,17.051759231986356,17.692312426028217,-0.6405531940418605
8003,rf,1024,mutation_only_ga,matched_seed_random_walk,1024,16.515632165578452,17.692312426028217,-1.1766802604497641
8003,rf,1024,iterated_local_search,matched_seed_random_walk,1024,17.188499077129325,17.692312426028217,-0.5038133488988912
8003,rf,1024,simulated_annealing,matched_seed_random_walk,1024,16.920001167402845,17.692312426028217,-0.772311258625372
8003,rf,1024,mutation_only_adalead,matched_seed_random_walk,1024,16.515632165578452,17.692312426028217,-1.1766802604497641
8003,rf,1024,mutation_only_ga,multi_start_hill_climb,1024,16.515632165578452,16.515632165578452,0.0
8003,rf,1024,iterated_local_search,multi_start_hill_climb,1024,17.188499077129325,16.515632165578452,0.672866911550873
8003,rf,1024,simulated_annealing,multi_start_hill_climb,1024,16.920001167402845,16.515632165578452,0.40436900182439217
8003,rf,1024,mutation_only_adalead,multi_start_hill_climb,1024,16.515632165578452,16.515632165578452,0.0
8003,rf,1024,mutation_only_ga,multi_start_beam,1023,16.515632165578452,17.051759231986356,-0.5361270664079036
8004,xgb,1024,multi_start_hill_climb,matched_seed_random_walk,1024,5.884760724066449,9.209898171640116,-3.3251374475736677
8004,xgb,1024,multi_start_beam,matched_seed_random_walk,1024,8.646579945610279,9.209898171640116,-0.5633182260298373
8004,xgb,1024,mutation_only_ga,matched_seed_random_walk,1021,6.695462669349361,9.209898171640116,-2.5144355022907554
8004,xgb,1024,iterated_local_search,matched_seed_random_walk,1024,9.665733718687864,9.209898171640116,0.455835547047748
8004,xgb,1024,simulated_annealing,matched_seed_random_walk,1024,7.120789474925793,9.209898171640116,-2.089108696714323
8004,xgb,1024,mutation_only_adalead,matched_seed_random_walk,1024,9.285204570464506,9.209898171640116,0.07530639882438983
8004,xgb,1024,mutation_only_ga,multi_start_hill_climb,1021,6.695462669349361,5.884760724066449,0.8107019452829123
8004,xgb,1024,iterated_local_search,multi_start_hill_climb,1024,9.665733718687864,5.884760724066449,3.7809729946214157
8004,xgb,1024,simulated_annealing,multi_start_hill_climb,1024,7.120789474925793,5.884760724066449,1.2360287508593446
8004,xgb,1024,mutation_only_adalead,multi_start_hill_climb,1024,9.285204570464506,5.884760724066449,3.4004438463980575
8004,xgb,1024,mutation_only_ga,multi_start_beam,1021,6.695462669349361,8.646579945610279,-1.9511172762609181
8004,rf,1024,multi_start_hill_climb,matched_seed_random_walk,1024,16.844461734056484,19.002828675810225,-2.1583669417537408
8004,rf,1024,multi_start_beam,matched_seed_random_walk,1024,18.2417902824069,19.002828675810225,-0.7610383934033251
8004,rf,1024,mutation_only_ga,matched_seed_random_walk,1024,17.13598247242638,19.002828675810225,-1.8668462033838438
8004,rf,1024,iterated_local_search,matched_seed_random_walk,1024,18.50344814701744,19.002828675810225,-0.49938052879278416
8004,rf,1024,simulated_annealing,matched_seed_random_walk,1024,17.24196542775208,19.002828675810225,-1.7608632480581434
8004,rf,1024,mutation_only_adalead,matched_seed_random_walk,1024,17.005344421786038,19.002828675810225,-1.9974842540241866
8004,rf,1024,mutation_only_ga,multi_start_hill_climb,1024,17.13598247242638,16.844461734056484,0.291520738369897
8004,rf,1024,iterated_local_search,multi_start_hill_climb,1024,18.50344814701744,16.844461734056484,1.6589864129609566
8004,rf,1024,simulated_annealing,multi_start_hill_climb,1024,17.24196542775208,16.844461734056484,0.39750369369559735
8004,rf,1024,mutation_only_adalead,multi_start_hill_climb,1024,17.005344421786038,16.844461734056484,0.16088268772955416
8004,rf,1024,mutation_only_ga,multi_start_beam,1024,17.13598247242638,18.2417902824069,-1.1058078099805186
8005,xgb,1024,multi_start_hill_climb,matched_seed_random_walk,1024,2.4210041671364295,5.339729053387218,-2.918724886250789
8005,xgb,1024,multi_start_beam,matched_seed_random_walk,1024,6.374016440200828,5.339729053387218,1.0342873868136095
8005,xgb,1024,mutation_only_ga,matched_seed_random_walk,1024,3.614756537705449,5.339729053387218,-1.7249725156817695
8005,xgb,1024,iterated_local_search,matched_seed_random_walk,1024,5.339729053387218,5.339729053387218,0.0
8005,xgb,1024,simulated_annealing,matched_seed_random_walk,1024,2.6630736661294017,5.339729053387218,-2.6766553872578167
8005,xgb,1024,mutation_only_adalead,matched_seed_random_walk,374,2.992172011207025,7.576270265809977,-4.584098254602951
8005,xgb,1024,mutation_only_ga,multi_start_hill_climb,1024,3.614756537705449,2.4210041671364295,1.1937523705690194
8005,xgb,1024,iterated_local_search,multi_start_hill_climb,1024,5.339729053387218,2.4210041671364295,2.918724886250789
8005,xgb,1024,simulated_annealing,multi_start_hill_climb,1024,2.6630736661294017,2.4210041671364295,0.24206949899297214
8005,xgb,1024,mutation_only_adalead,multi_start_hill_climb,374,2.992172011207025,2.4210041671364295,0.5711678440705956
8005,xgb,1024,mutation_only_ga,multi_start_beam,1024,3.614756537705449,6.374016440200828,-2.759259902495379
8005,rf,1024,multi_start_hill_climb,matched_seed_random_walk,1024,17.77551716204041,19.014554089994196,-1.2390369279537872
8005,rf,1024,multi_start_beam,matched_seed_random_walk,1024,18.022294480610622,19.014554089994196,-0.9922596093835736
8005,rf,1024,mutation_only_ga,matched_seed_random_walk,1024,17.430169104937114,19.014554089994196,-1.5843849850570813
8005,rf,1024,iterated_local_search,matched_seed_random_walk,1024,18.399385748227164,19.014554089994196,-0.6151683417670313
8005,rf,1024,simulated_annealing,matched_seed_random_walk,1024,17.811145745275613,19.014554089994196,-1.2034083447185822
8005,rf,1024,mutation_only_adalead,matched_seed_random_walk,1024,17.42817687369053,19.014554089994196,-1.5863772163036671
8005,rf,1024,mutation_only_ga,multi_start_hill_climb,1024,17.430169104937114,17.77551716204041,-0.3453480571032941
8005,rf,1024,iterated_local_search,multi_start_hill_climb,1024,18.399385748227164,17.77551716204041,0.6238685861867559
8005,rf,1024,simulated_annealing,multi_start_hill_climb,1024,17.811145745275613,17.77551716204041,0.035628583235205014
8005,rf,1024,mutation_only_adalead,multi_start_hill_climb,1024,17.42817687369053,17.77551716204041,-0.34734028834987996
8005,rf,1024,mutation_only_ga,multi_start_beam,1024,17.430169104937114,18.022294480610622,-0.5921253756735076
8006,xgb,1024,multi_start_hill_climb,matched_seed_random_walk,1024,-0.478811186989461,8.632782462277511,-9.111593649266972
8006,xgb,1024,multi_start_beam,matched_seed_random_walk,1024,6.193928774575963,8.632782462277511,-2.438853687701548
8006,xgb,1024,mutation_only_ga,matched_seed_random_walk,1024,-0.15354884788174855,8.632782462277511,-8.786331310159259
8006,xgb,1024,iterated_local_search,matched_seed_random_walk,1024,7.19648616827684,8.632782462277511,-1.4362962940006714
8006,xgb,1024,simulated_annealing,matched_seed_random_walk,1024,4.2794197527895275,8.632782462277511,-4.353362709487984
8006,xgb,1024,mutation_only_adalead,matched_seed_random_walk,485,-0.478811186989461,8.632782462277511,-9.111593649266972
8006,xgb,1024,mutation_only_ga,multi_start_hill_climb,1024,-0.15354884788174855,-0.478811186989461,0.32526233910771246
8006,xgb,1024,iterated_local_search,multi_start_hill_climb,1024,7.19648616827684,-0.478811186989461,7.6752973552663
8006,xgb,1024,simulated_annealing,multi_start_hill_climb,1024,4.2794197527895275,-0.478811186989461,4.758230939778988
8006,xgb,1024,mutation_only_adalead,multi_start_hill_climb,485,-0.478811186989461,-0.478811186989461,0.0
8006,xgb,1024,mutation_only_ga,multi_start_beam,1024,-0.15354884788174855,6.193928774575963,-6.347477622457712
8006,rf,1024,multi_start_hill_climb,matched_seed_random_walk,1024,14.73675039709932,16.492980401766204,-1.7562300046668842
8006,rf,1024,multi_start_beam,matched_seed_random_walk,1024,15.655494250347669,16.492980401766204,-0.8374861514185348
8006,rf,1024,mutation_only_ga,matched_seed_random_walk,1024,15.02792839422851,16.492980401766204,-1.4650520075376932
8006,rf,1024,iterated_local_search,matched_seed_random_walk,1024,15.490845555919316,16.492980401766204,-1.0021348458468875
8006,rf,1024,simulated_annealing,matched_seed_random_walk,1024,15.228930632198171,16.492980401766204,-1.2640497695680324
8006,rf,1024,mutation_only_adalead,matched_seed_random_walk,1024,14.850504098506162,16.492980401766204,-1.6424763032600413
8006,rf,1024,mutation_only_ga,multi_start_hill_climb,1024,15.02792839422851,14.73675039709932,0.291177997129191
8006,rf,1024,iterated_local_search,multi_start_hill_climb,1024,15.490845555919316,14.73675039709932,0.7540951588199967
8006,rf,1024,simulated_annealing,multi_start_hill_climb,1024,15.228930632198171,14.73675039709932,0.4921802350988518
8006,rf,1024,mutation_only_adalead,multi_start_hill_climb,1024,14.850504098506162,14.73675039709932,0.11375370140684282
8006,rf,1024,mutation_only_ga,multi_start_beam,1024,15.02792839422851,15.655494250347669,-0.6275658561191584
8007,xgb,1024,multi_start_hill_climb,matched_seed_random_walk,1024,5.280740148482653,9.995544024892462,-4.7148038764098095
8007,xgb,1024,multi_start_beam,matched_seed_random_walk,1020,8.759176190482547,9.995544024892462,-1.236367834409915
8007,xgb,1024,mutation_only_ga,matched_seed_random_walk,1024,5.280740148482653,9.995544024892462,-4.7148038764098095
8007,xgb,1024,iterated_local_search,matched_seed_random_walk,1024,7.636748135946258,9.995544024892462,-2.3587958889462044
8007,xgb,1024,simulated_annealing,matched_seed_random_walk,1024,5.935529671501548,9.995544024892462,-4.060014353390914
8007,xgb,1024,mutation_only_adalead,matched_seed_random_walk,339,5.280740148482653,11.392422292835217,-6.111682144352565
8007,xgb,1024,mutation_only_ga,multi_start_hill_climb,1024,5.280740148482653,5.280740148482653,0.0
8007,xgb,1024,iterated_local_search,multi_start_hill_climb,1024,7.636748135946258,5.280740148482653,2.356007987463605
8007,xgb,1024,simulated_annealing,multi_start_hill_climb,1024,5.935529671501548,5.280740148482653,0.6547895230188958
8007,xgb,1024,mutation_only_adalead,multi_start_hill_climb,339,5.280740148482653,5.776101562691796,-0.49536141420914337
8007,xgb,1024,mutation_only_ga,multi_start_beam,1020,5.280740148482653,8.759176190482547,-3.4784360419998945
8007,rf,1024,multi_start_hill_climb,matched_seed_random_walk,1024,17.8434306693712,18.858208329126356,-1.014777659755154
8007,rf,1024,multi_start_beam,matched_seed_random_walk,1024,18.895450401852074,18.858208329126356,0.03724207272571789
8007,rf,1024,mutation_only_ga,matched_seed_random_walk,1024,17.8434306693712,18.858208329126356,-1.014777659755154
8007,rf,1024,iterated_local_search,matched_seed_random_walk,1024,18.95940052466211,18.858208329126356,0.10119219553575576
8007,rf,1024,simulated_annealing,matched_seed_random_walk,1024,17.934487709019614,18.858208329126356,-0.9237206201067423
8007,rf,1024,mutation_only_adalead,matched_seed_random_walk,1024,17.8434306693712,18.858208329126356,-1.014777659755154
8007,rf,1024,mutation_only_ga,multi_start_hill_climb,1024,17.8434306693712,17.8434306693712,0.0
8007,rf,1024,iterated_local_search,multi_start_hill_climb,1024,18.95940052466211,17.8434306693712,1.1159698552909099
8007,rf,1024,simulated_annealing,multi_start_hill_climb,1024,17.934487709019614,17.8434306693712,0.09105703964841183
8007,rf,1024,mutation_only_adalead,multi_start_hill_climb,1024,17.8434306693712,17.8434306693712,0.0
8007,rf,1024,mutation_only_ga,multi_start_beam,1024,17.8434306693712,18.895450401852074,-1.052019732480872
8008,xgb,1024,multi_start_hill_climb,matched_seed_random_walk,1024,3.428972288773836,5.643370082965236,-2.2143977941913997
8008,xgb,1024,multi_start_beam,matched_seed_random_walk,1024,4.728191040438759,5.643370082965236,-0.9151790425264767
8008,xgb,1024,mutation_only_ga,matched_seed_random_walk,1024,2.6419426412364433,5.643370082965236,-3.0014274417287923
8008,xgb,1024,iterated_local_search,matched_seed_random_walk,1024,4.728191040438759,5.643370082965236,-0.9151790425264767
8008,xgb,1024,simulated_annealing,matched_seed_random_walk,1024,2.4044145782632773,5.643370082965236,-3.2389555047019583
8008,xgb,1024,mutation_only_adalead,matched_seed_random_walk,120,2.8371105503229153,5.643370082965236,-2.8062595326423203
8008,xgb,1024,mutation_only_ga,multi_start_hill_climb,1024,2.6419426412364433,3.428972288773836,-0.7870296475373926
8008,xgb,1024,iterated_local_search,multi_start_hill_climb,1024,4.728191040438759,3.428972288773836,1.299218751664923
8008,xgb,1024,simulated_annealing,multi_start_hill_climb,1024,2.4044145782632773,3.428972288773836,-1.0245577105105586
8008,xgb,1024,mutation_only_adalead,multi_start_hill_climb,120,2.8371105503229153,8.57127236299884,-5.734161812675925
8008,xgb,1024,mutation_only_ga,multi_start_beam,1024,2.6419426412364433,4.728191040438759,-2.0862483992023155
8008,rf,1024,multi_start_hill_climb,matched_seed_random_walk,1024,19.04577174551404,19.548313092986106,-0.5025413474720679
8008,rf,1024,multi_start_beam,matched_seed_random_walk,1024,19.307054854402043,19.548313092986106,-0.24125823858406292
8008,rf,1024,mutation_only_ga,matched_seed_random_walk,1024,19.077473198150255,19.548313092986106,-0.4708398948358514
8008,rf,1024,iterated_local_search,matched_seed_random_walk,1024,19.3598571440469,19.548313092986106,-0.18845594893920747
8008,rf,1024,simulated_annealing,matched_seed_random_walk,1024,19.389342730771755,19.548313092986106,-0.158970362214351
8008,rf,1024,mutation_only_adalead,matched_seed_random_walk,1024,19.389342730771755,19.548313092986106,-0.158970362214351
8008,rf,1024,mutation_only_ga,multi_start_hill_climb,1024,19.077473198150255,19.04577174551404,0.03170145263621649
8008,rf,1024,iterated_local_search,multi_start_hill_climb,1024,19.3598571440469,19.04577174551404,0.31408539853286044
8008,rf,1024,simulated_annealing,multi_start_hill_climb,1024,19.389342730771755,19.04577174551404,0.3435709852577169
8008,rf,1024,mutation_only_adalead,multi_start_hill_climb,1024,19.389342730771755,19.04577174551404,0.3435709852577169
8008,rf,1024,mutation_only_ga,multi_start_beam,1024,19.077473198150255,19.307054854402043,-0.2295816562517885
8009,xgb,1024,multi_start_hill_climb,matched_seed_random_walk,1024,5.944206340464038,11.025450377763999,-5.081244037299961
8009,xgb,1024,multi_start_beam,matched_seed_random_walk,1024,6.934271123807233,11.025450377763999,-4.091179253956766
8009,xgb,1024,mutation_only_ga,matched_seed_random_walk,1024,6.958700321115826,11.025450377763999,-4.066750056648173
8009,xgb,1024,iterated_local_search,matched_seed_random_walk,1024,8.586727266826138,11.025450377763999,-2.438723110937861
8009,xgb,1024,simulated_annealing,matched_seed_random_walk,1024,5.944206340464038,11.025450377763999,-5.081244037299961
8009,xgb,1024,mutation_only_adalead,matched_seed_random_walk,1024,6.3861152680889415,11.025450377763999,-4.6393351096750575
8009,xgb,1024,mutation_only_ga,multi_start_hill_climb,1024,6.958700321115826,5.944206340464038,1.014493980651788
8009,xgb,1024,iterated_local_search,multi_start_hill_climb,1024,8.586727266826138,5.944206340464038,2.6425209263621
8009,xgb,1024,simulated_annealing,multi_start_hill_climb,1024,5.944206340464038,5.944206340464038,0.0
8009,xgb,1024,mutation_only_adalead,multi_start_hill_climb,1024,6.3861152680889415,5.944206340464038,0.44190892762490375
8009,xgb,1024,mutation_only_ga,multi_start_beam,1024,6.958700321115826,6.934271123807233,0.024429197308593054
8009,rf,1024,multi_start_hill_climb,matched_seed_random_walk,1024,16.936658095886955,17.424493213469148,-0.48783511758219333
8009,rf,1024,multi_start_beam,matched_seed_random_walk,1024,17.204740781337943,17.424493213469148,-0.2197524321312052
8009,rf,1024,mutation_only_ga,matched_seed_random_walk,1005,17.000565499364903,17.424493213469148,-0.423927714104245
8009,rf,1024,iterated_local_search,matched_seed_random_walk,1024,17.152596019407124,17.424493213469148,-0.2718971940620243
8009,rf,1024,simulated_annealing,matched_seed_random_walk,1024,16.936658095886955,17.424493213469148,-0.48783511758219333
8009,rf,1024,mutation_only_adalead,matched_seed_random_walk,1024,16.936658095886955,17.424493213469148,-0.48783511758219333
8009,rf,1024,mutation_only_ga,multi_start_hill_climb,1005,17.000565499364903,16.936658095886955,0.06390740347794832
8009,rf,1024,iterated_local_search,multi_start_hill_climb,1024,17.152596019407124,16.936658095886955,0.21593792352016905
8009,rf,1024,simulated_annealing,multi_start_hill_climb,1024,16.936658095886955,16.936658095886955,0.0
8009,rf,1024,mutation_only_adalead,multi_start_hill_climb,1024,16.936658095886955,16.936658095886955,0.0
8009,rf,1024,mutation_only_ga,multi_start_beam,1005,17.000565499364903,17.204740781337943,-0.2041752819730398
8010,xgb,1024,multi_start_hill_climb,matched_seed_random_walk,1024,5.175390840207539,5.400618030652626,-0.22522719044508666
8010,xgb,1024,multi_start_beam,matched_seed_random_walk,1023,5.400618030652626,5.400618030652626,0.0
8010,xgb,1024,mutation_only_ga,matched_seed_random_walk,799,5.175390840207539,6.032687273790328,-0.8572964335827891
8010,xgb,1024,iterated_local_search,matched_seed_random_walk,1024,5.175390840207539,5.400618030652626,-0.22522719044508666
8010,xgb,1024,simulated_annealing,matched_seed_random_walk,1024,5.377301004061187,5.400618030652626,-0.02331702659143886
8010,xgb,1024,mutation_only_adalead,matched_seed_random_walk,310,5.175390840207539,6.032687273790328,-0.8572964335827891
8010,xgb,1024,mutation_only_ga,multi_start_hill_climb,799,5.175390840207539,5.175390840207539,0.0
8010,xgb,1024,iterated_local_search,multi_start_hill_climb,1024,5.175390840207539,5.175390840207539,0.0
8010,xgb,1024,simulated_annealing,multi_start_hill_climb,1024,5.377301004061187,5.175390840207539,0.2019101638536478
8010,xgb,1024,mutation_only_adalead,multi_start_hill_climb,310,5.175390840207539,7.747576659349964,-2.572185819142425
8010,xgb,1024,mutation_only_ga,multi_start_beam,799,5.175390840207539,5.400618030652626,-0.22522719044508666
8010,rf,1024,multi_start_hill_climb,matched_seed_random_walk,1024,15.848337827925498,16.521830863198073,-0.6734930352725748
8010,rf,1024,multi_start_beam,matched_seed_random_walk,1024,16.348807255489813,16.521830863198073,-0.17302360770825942
8010,rf,1024,mutation_only_ga,matched_seed_random_walk,1023,15.884311453962546,16.521830863198073,-0.6375194092355265
8010,rf,1024,iterated_local_search,matched_seed_random_walk,1024,16.66474643565188,16.521830863198073,0.14291557245380915
8010,rf,1024,simulated_annealing,matched_seed_random_walk,1024,16.343420347879263,16.521830863198073,-0.17841051531880936
8010,rf,1024,mutation_only_adalead,matched_seed_random_walk,1024,15.868188467383279,16.521830863198073,-0.6536423958147939
8010,rf,1024,mutation_only_ga,multi_start_hill_climb,1023,15.884311453962546,15.848337827925498,0.035973626037048234
8010,rf,1024,iterated_local_search,multi_start_hill_climb,1024,16.66474643565188,15.848337827925498,0.8164086077263839
8010,rf,1024,simulated_annealing,multi_start_hill_climb,1024,16.343420347879263,15.848337827925498,0.4950825199537654
8010,rf,1024,mutation_only_adalead,multi_start_hill_climb,1024,15.868188467383279,15.848337827925498,0.019850639457780872
8010,rf,1024,mutation_only_ga,multi_start_beam,1023,15.884311453962546,16.348807255489813,-0.4644958015272671
8011,xgb,1024,multi_start_hill_climb,matched_seed_random_walk,1024,6.6587249023520485,11.839782601507686,-5.181057699155637
8011,xgb,1024,multi_start_beam,matched_seed_random_walk,1024,9.711986935295457,11.839782601507686,-2.1277956662122293
8011,xgb,1024,mutation_only_ga,matched_seed_random_walk,1011,8.09049100369962,11.839782601507686,-3.7492915978080656
8011,xgb,1024,iterated_local_search,matched_seed_random_walk,1024,9.596512820243507,11.839782601507686,-2.2432697812641784
8011,xgb,1024,simulated_annealing,matched_seed_random_walk,1024,7.575856633855741,11.839782601507686,-4.263925967651945
8011,xgb,1024,mutation_only_adalead,matched_seed_random_walk,438,7.810238595680644,11.839782601507686,-4.0295440058270415
8011,xgb,1024,mutation_only_ga,multi_start_hill_climb,1011,8.09049100369962,6.6587249023520485,1.4317661013475718
8011,xgb,1024,iterated_local_search,multi_start_hill_climb,1024,9.596512820243507,6.6587249023520485,2.937787917891459
8011,xgb,1024,simulated_annealing,multi_start_hill_climb,1024,7.575856633855741,6.6587249023520485,0.9171317315036926
8011,xgb,1024,mutation_only_adalead,multi_start_hill_climb,438,7.810238595680644,7.810238595680644,0.0
8011,xgb,1024,mutation_only_ga,multi_start_beam,1011,8.09049100369962,9.711986935295457,-1.6214959315958364
8011,rf,1024,multi_start_hill_climb,matched_seed_random_walk,1024,17.780449526261783,18.62316427898125,-0.8427147527194663
8011,rf,1024,multi_start_beam,matched_seed_random_walk,1020,18.62316427898125,18.62316427898125,0.0
8011,rf,1024,mutation_only_ga,matched_seed_random_walk,1024,17.984606702048442,18.62316427898125,-0.6385575769328078
8011,rf,1024,iterated_local_search,matched_seed_random_walk,1024,18.207010566287323,18.62316427898125,-0.41615371269392654
8011,rf,1024,simulated_annealing,matched_seed_random_walk,1024,17.80780395134297,18.62316427898125,-0.815360327638281
8011,rf,1024,mutation_only_adalead,matched_seed_random_walk,1024,17.724810771544117,18.62316427898125,-0.8983535074371325
8011,rf,1024,mutation_only_ga,multi_start_hill_climb,1024,17.984606702048442,17.780449526261783,0.20415717578665848
8011,rf,1024,iterated_local_search,multi_start_hill_climb,1024,18.207010566287323,17.780449526261783,0.42656104002553974
8011,rf,1024,simulated_annealing,multi_start_hill_climb,1024,17.80780395134297,17.780449526261783,0.02735442508118524
8011,rf,1024,mutation_only_adalead,multi_start_hill_climb,1024,17.724810771544117,17.780449526261783,-0.05563875471766622
8011,rf,1024,mutation_only_ga,multi_start_beam,1020,17.984606702048442,18.62316427898125,-0.6385575769328078
8012,xgb,1024,multi_start_hill_climb,matched_seed_random_walk,1024,3.505755685819311,5.4844743267067635,-1.9787186408874526
8012,xgb,1024,multi_start_beam,matched_seed_random_walk,1024,5.898424215458469,5.4844743267067635,0.4139498887517057
8012,xgb,1024,mutation_only_ga,matched_seed_random_walk,844,4.764500523542518,8.288089723435565,-3.5235891998930473
8012,xgb,1024,iterated_local_search,matched_seed_random_walk,1024,5.4844743267067635,5.4844743267067635,0.0
8012,xgb,1024,simulated_annealing,matched_seed_random_walk,1024,6.196888179715349,5.4844743267067635,0.7124138530085853
8012,xgb,1024,mutation_only_adalead,matched_seed_random_walk,495,3.505755685819311,8.288089723435565,-4.782334037616254
8012,xgb,1024,mutation_only_ga,multi_start_hill_climb,844,4.764500523542518,4.655123598331121,0.10937692521139653
8012,xgb,1024,iterated_local_search,multi_start_hill_climb,1024,5.4844743267067635,3.505755685819311,1.9787186408874526
8012,xgb,1024,simulated_annealing,multi_start_hill_climb,1024,6.196888179715349,3.505755685819311,2.691132493896038
8012,xgb,1024,mutation_only_adalead,multi_start_hill_climb,495,3.505755685819311,4.655123598331121,-1.1493679125118104
8012,xgb,1024,mutation_only_ga,multi_start_beam,844,4.764500523542518,6.251893795553818,-1.4873932720113006
8012,rf,1024,multi_start_hill_climb,matched_seed_random_walk,1024,16.383750872377853,16.39051340154385,-0.0067625291659965114
8012,rf,1024,multi_start_beam,matched_seed_random_walk,1022,16.120539818660294,16.39051340154385,-0.269973582883555
8012,rf,1024,mutation_only_ga,matched_seed_random_walk,805,16.312126286505396,16.39051340154385,-0.07838711503845275
8012,rf,1024,iterated_local_search,matched_seed_random_walk,1024,16.240512483326935,16.39051340154385,-0.15000091821691441
8012,rf,1024,simulated_annealing,matched_seed_random_walk,1024,16.48574245033935,16.39051340154385,0.09522904879550254
8012,rf,1024,mutation_only_adalead,matched_seed_random_walk,1024,15.849281357896965,16.39051340154385,-0.5412320436468843
8012,rf,1024,mutation_only_ga,multi_start_hill_climb,805,16.312126286505396,16.383750872377853,-0.07162458587245624
8012,rf,1024,iterated_local_search,multi_start_hill_climb,1024,16.240512483326935,16.383750872377853,-0.1432383890509179
8012,rf,1024,simulated_annealing,multi_start_hill_climb,1024,16.48574245033935,16.383750872377853,0.10199157796149905
8012,rf,1024,mutation_only_adalead,multi_start_hill_climb,1024,15.849281357896965,16.383750872377853,-0.5344695144808878
8012,rf,1024,mutation_only_ga,multi_start_beam,805,16.312126286505396,16.120539818660294,0.19158646784510225
8013,xgb,1024,multi_start_hill_climb,matched_seed_random_walk,1024,0.49981622742041243,7.535538054325286,-7.035721826904874
8013,xgb,1024,multi_start_beam,matched_seed_random_walk,1024,6.033838064121154,7.535538054325286,-1.5016999902041324
8013,xgb,1024,mutation_only_ga,matched_seed_random_walk,1014,3.248347505057827,7.535538054325286,-4.287190549267459
8013,xgb,1024,iterated_local_search,matched_seed_random_walk,1024,7.535538054325286,7.535538054325286,0.0
8013,xgb,1024,simulated_annealing,matched_seed_random_walk,1024,2.280769268230279,7.535538054325286,-5.254768786095007
8013,xgb,1024,mutation_only_adalead,matched_seed_random_walk,613,0.49981622742041243,7.535538054325286,-7.035721826904874
8013,xgb,1024,mutation_only_ga,multi_start_hill_climb,1014,3.248347505057827,0.49981622742041243,2.7485312776374147
8013,xgb,1024,iterated_local_search,multi_start_hill_climb,1024,7.535538054325286,0.49981622742041243,7.035721826904874
8013,xgb,1024,simulated_annealing,multi_start_hill_climb,1024,2.280769268230279,0.49981622742041243,1.7809530408098668
8013,xgb,1024,mutation_only_adalead,multi_start_hill_climb,613,0.49981622742041243,0.6119231821929921,-0.1121069547725797
8013,xgb,1024,mutation_only_ga,multi_start_beam,1014,3.248347505057827,6.033838064121154,-2.785490559063327
8013,rf,1024,multi_start_hill_climb,matched_seed_random_walk,1024,16.934172480262568,19.335656354617836,-2.401483874355268
8013,rf,1024,multi_start_beam,matched_seed_random_walk,1024,18.575910959950747,19.335656354617836,-0.7597453946670889
8013,rf,1024,mutation_only_ga,matched_seed_random_walk,1024,17.115465797138516,19.335656354617836,-2.22019055747932
8013,rf,1024,iterated_local_search,matched_seed_random_walk,1024,18.265055173973614,19.335656354617836,-1.0706011806442213
8013,rf,1024,simulated_annealing,matched_seed_random_walk,1024,17.119783866120475,19.335656354617836,-2.215872488497361
8013,rf,1024,mutation_only_adalead,matched_seed_random_walk,1024,16.934172480262568,19.335656354617836,-2.401483874355268
8013,rf,1024,mutation_only_ga,multi_start_hill_climb,1024,17.115465797138516,16.934172480262568,0.18129331687594785
8013,rf,1024,iterated_local_search,multi_start_hill_climb,1024,18.265055173973614,16.934172480262568,1.3308826937110467
8013,rf,1024,simulated_annealing,multi_start_hill_climb,1024,17.119783866120475,16.934172480262568,0.18561138585790715
8013,rf,1024,mutation_only_adalead,multi_start_hill_climb,1024,16.934172480262568,16.934172480262568,0.0
8013,rf,1024,mutation_only_ga,multi_start_beam,1024,17.115465797138516,18.575910959950747,-1.4604451628122312
8014,xgb,1024,multi_start_hill_climb,matched_seed_random_walk,1024,4.617404200543462,4.717344211977936,-0.09994001143447395
8014,xgb,1024,multi_start_beam,matched_seed_random_walk,1024,6.116269203677167,4.717344211977936,1.3989249916992303
8014,xgb,1024,mutation_only_ga,matched_seed_random_walk,1024,4.135898835103954,4.717344211977936,-0.5814453768739822
8014,xgb,1024,iterated_local_search,matched_seed_random_walk,1024,6.344781416696155,4.717344211977936,1.6274372047182188
8014,xgb,1024,simulated_annealing,matched_seed_random_walk,1024,3.491477723549086,4.717344211977936,-1.2258664884288502
8014,xgb,1024,mutation_only_adalead,matched_seed_random_walk,285,2.8379201400150933,7.547889905744251,-4.7099697657291575
8014,xgb,1024,mutation_only_ga,multi_start_hill_climb,1024,4.135898835103954,4.617404200543462,-0.4815053654395083
8014,xgb,1024,iterated_local_search,multi_start_hill_climb,1024,6.344781416696155,4.617404200543462,1.7273772161526928
8014,xgb,1024,simulated_annealing,multi_start_hill_climb,1024,3.491477723549086,4.617404200543462,-1.1259264769943762
8014,xgb,1024,mutation_only_adalead,multi_start_hill_climb,285,2.8379201400150933,6.344781416696155,-3.506861276681062
8014,xgb,1024,mutation_only_ga,multi_start_beam,1024,4.135898835103954,6.116269203677167,-1.9803703685732126
8014,rf,1024,multi_start_hill_climb,matched_seed_random_walk,1024,16.102016631891427,16.704264274933983,-0.6022476430425563
8014,rf,1024,multi_start_beam,matched_seed_random_walk,1023,16.202461469201587,16.704264274933983,-0.501802805732396
8014,rf,1024,mutation_only_ga,matched_seed_random_walk,1024,16.138445117411674,16.704264274933983,-0.5658191575223093
8014,rf,1024,iterated_local_search,matched_seed_random_walk,1024,16.389075202473,16.704264274933983,-0.31518907246098493
8014,rf,1024,simulated_annealing,matched_seed_random_walk,1024,16.604921174440406,16.704264274933983,-0.0993431004935772
8014,rf,1024,mutation_only_adalead,matched_seed_random_walk,1024,16.16173247029985,16.704264274933983,-0.5425318046341339
8014,rf,1024,mutation_only_ga,multi_start_hill_climb,1024,16.138445117411674,16.102016631891427,0.03642848552024702
8014,rf,1024,iterated_local_search,multi_start_hill_climb,1024,16.389075202473,16.102016631891427,0.28705857058157136
8014,rf,1024,simulated_annealing,multi_start_hill_climb,1024,16.604921174440406,16.102016631891427,0.5029045425489791
8014,rf,1024,mutation_only_adalead,multi_start_hill_climb,1024,16.16173247029985,16.102016631891427,0.05971583840842243
8014,rf,1024,mutation_only_ga,multi_start_beam,1023,16.138445117411674,16.202461469201587,-0.06401635178991327
8015,xgb,1024,multi_start_hill_climb,matched_seed_random_walk,1024,6.651236161775141,7.125666665967581,-0.4744305041924406
8015,xgb,1024,multi_start_beam,matched_seed_random_walk,1021,8.168673029815306,7.125666665967581,1.0430063638477245
8015,xgb,1024,mutation_only_ga,matched_seed_random_walk,1024,7.132409868919995,7.125666665967581,0.006743202952413263
8015,xgb,1024,iterated_local_search,matched_seed_random_walk,1024,7.125666665967581,7.125666665967581,0.0
8015,xgb,1024,simulated_annealing,matched_seed_random_walk,1024,6.962259232525819,7.125666665967581,-0.16340743344176278
8015,xgb,1024,mutation_only_adalead,matched_seed_random_walk,206,7.125666665967581,10.616843695935362,-3.4911770299677807
8015,xgb,1024,mutation_only_ga,multi_start_hill_climb,1024,7.132409868919995,6.651236161775141,0.48117370714485386
8015,xgb,1024,iterated_local_search,multi_start_hill_climb,1024,7.125666665967581,6.651236161775141,0.4744305041924406
8015,xgb,1024,simulated_annealing,multi_start_hill_climb,1024,6.962259232525819,6.651236161775141,0.3110230707506778
8015,xgb,1024,mutation_only_adalead,multi_start_hill_climb,206,7.125666665967581,6.868944540925267,0.2567221250423142
8015,xgb,1024,mutation_only_ga,multi_start_beam,1021,7.132409868919995,8.168673029815306,-1.0362631608953112
8015,rf,1024,multi_start_hill_climb,matched_seed_random_walk,1024,16.797951653667123,17.79061205171928,-0.9926603980521556
8015,rf,1024,multi_start_beam,matched_seed_random_walk,1023,17.421795550606806,17.79061205171928,-0.3688165011124731
8015,rf,1024,mutation_only_ga,matched_seed_random_walk,1023,16.995667024305824,17.79061205171928,-0.7949450274134549
8015,rf,1024,iterated_local_search,matched_seed_random_walk,1024,17.062196791155838,17.79061205171928,-0.7284152605634411
8015,rf,1024,simulated_annealing,matched_seed_random_walk,1024,16.797951653667123,17.79061205171928,-0.9926603980521556
8015,rf,1024,mutation_only_adalead,matched_seed_random_walk,1024,16.90429380424193,17.79061205171928,-0.8863182474773481
8015,rf,1024,mutation_only_ga,multi_start_hill_climb,1023,16.995667024305824,16.797951653667123,0.1977153706387007
8015,rf,1024,iterated_local_search,multi_start_hill_climb,1024,17.062196791155838,16.797951653667123,0.2642451374887145
8015,rf,1024,simulated_annealing,multi_start_hill_climb,1024,16.797951653667123,16.797951653667123,0.0
8015,rf,1024,mutation_only_adalead,multi_start_hill_climb,1024,16.90429380424193,16.797951653667123,0.10634215057480745
8015,rf,1024,mutation_only_ga,multi_start_beam,1023,16.995667024305824,17.421795550606806,-0.42612852630098175
8016,xgb,1024,multi_start_hill_climb,matched_seed_random_walk,1024,0.2587070141893374,6.744028150425882,-6.485321136236545
8016,xgb,1024,multi_start_beam,matched_seed_random_walk,1024,3.0963140288517357,6.744028150425882,-3.647714121574146
8016,xgb,1024,mutation_only_ga,matched_seed_random_walk,1023,1.00780205403555,6.744028150425882,-5.7362260963903315
8016,xgb,1024,iterated_local_search,matched_seed_random_walk,1024,4.5660534452213515,6.744028150425882,-2.17797470520453
8016,xgb,1024,simulated_annealing,matched_seed_random_walk,1024,0.5017733763593204,6.744028150425882,-6.242254774066561
8016,xgb,1024,mutation_only_adalead,matched_seed_random_walk,350,0.8096796033644468,6.744028150425882,-5.934348547061435
8016,xgb,1024,mutation_only_ga,multi_start_hill_climb,1023,1.00780205403555,0.2587070141893374,0.7490950398462125
8016,xgb,1024,iterated_local_search,multi_start_hill_climb,1024,4.5660534452213515,0.2587070141893374,4.307346431032014
8016,xgb,1024,simulated_annealing,multi_start_hill_climb,1024,0.5017733763593204,0.2587070141893374,0.243066362169983
8016,xgb,1024,mutation_only_adalead,multi_start_hill_climb,350,0.8096796033644468,1.3497570606679297,-0.5400774573034829
8016,xgb,1024,mutation_only_ga,multi_start_beam,1023,1.00780205403555,3.0963140288517357,-2.0885119748161856
8016,rf,1024,multi_start_hill_climb,matched_seed_random_walk,1024,14.412214518423177,15.289496010224994,-0.877281491801817
8016,rf,1024,multi_start_beam,matched_seed_random_walk,1024,14.919950606899762,15.289496010224994,-0.36954540332523145
8016,rf,1024,mutation_only_ga,matched_seed_random_walk,1024,14.612170483919225,15.289496010224994,-0.6773255263057685
8016,rf,1024,iterated_local_search,matched_seed_random_walk,1024,15.004876133870527,15.289496010224994,-0.2846198763544674
8016,rf,1024,simulated_annealing,matched_seed_random_walk,1024,14.511913614977573,15.289496010224994,-0.7775823952474212
8016,rf,1024,mutation_only_adalead,matched_seed_random_walk,1024,14.404234705449774,15.289496010224994,-0.88526130477522
8016,rf,1024,mutation_only_ga,multi_start_hill_climb,1024,14.612170483919225,14.412214518423177,0.19995596549604855
8016,rf,1024,iterated_local_search,multi_start_hill_climb,1024,15.004876133870527,14.412214518423177,0.5926616154473496
8016,rf,1024,simulated_annealing,multi_start_hill_climb,1024,14.511913614977573,14.412214518423177,0.0996990965543958
8016,rf,1024,mutation_only_adalead,multi_start_hill_climb,1024,14.404234705449774,14.412214518423177,-0.007979812973403
8016,rf,1024,mutation_only_ga,multi_start_beam,1024,14.612170483919225,14.919950606899762,-0.30778012298053703
8017,xgb,1024,multi_start_hill_climb,matched_seed_random_walk,1024,4.6781617113648135,8.213549021862555,-3.5353873104977414
8017,xgb,1024,multi_start_beam,matched_seed_random_walk,1024,6.477246390759167,8.213549021862555,-1.7363026311033876
8017,xgb,1024,mutation_only_ga,matched_seed_random_walk,1023,4.535566012745809,8.213549021862555,-3.677983009116746
8017,xgb,1024,iterated_local_search,matched_seed_random_walk,1024,6.491870788812162,8.213549021862555,-1.721678233050393
8017,xgb,1024,simulated_annealing,matched_seed_random_walk,1024,6.1833509995912825,8.213549021862555,-2.0301980222712723
8017,xgb,1024,mutation_only_adalead,matched_seed_random_walk,363,4.02491012132076,8.567275640557515,-4.542365519236755
8017,xgb,1024,mutation_only_ga,multi_start_hill_climb,1023,4.535566012745809,4.6781617113648135,-0.14259569861900445
8017,xgb,1024,iterated_local_search,multi_start_hill_climb,1024,6.491870788812162,4.6781617113648135,1.8137090774473483
8017,xgb,1024,simulated_annealing,multi_start_hill_climb,1024,6.1833509995912825,4.6781617113648135,1.505189288226469
8017,xgb,1024,mutation_only_adalead,multi_start_hill_climb,363,4.02491012132076,8.474103963115429,-4.449193841794669
8017,xgb,1024,mutation_only_ga,multi_start_beam,1023,4.535566012745809,6.477246390759167,-1.9416803780133582
8017,rf,1024,multi_start_hill_climb,matched_seed_random_walk,1024,16.0282141383944,17.834365518079473,-1.8061513796850726
8017,rf,1024,multi_start_beam,matched_seed_random_walk,1024,17.51011552202511,17.834365518079473,-0.32424999605436255
8017,rf,1024,mutation_only_ga,matched_seed_random_walk,1024,16.0282141383944,17.834365518079473,-1.8061513796850726
8017,rf,1024,iterated_local_search,matched_seed_random_walk,1024,16.707561518033348,17.834365518079473,-1.1268040000461248
8017,rf,1024,simulated_annealing,matched_seed_random_walk,1024,16.154534303242485,17.834365518079473,-1.6798312148369874
8017,rf,1024,mutation_only_adalead,matched_seed_random_walk,1024,16.08667530123686,17.834365518079473,-1.7476902168426136
8017,rf,1024,mutation_only_ga,multi_start_hill_climb,1024,16.0282141383944,16.0282141383944,0.0
8017,rf,1024,iterated_local_search,multi_start_hill_climb,1024,16.707561518033348,16.0282141383944,0.6793473796389478
8017,rf,1024,simulated_annealing,multi_start_hill_climb,1024,16.154534303242485,16.0282141383944,0.12632016484808517
8017,rf,1024,mutation_only_adalead,multi_start_hill_climb,1024,16.08667530123686,16.0282141383944,0.05846116284245895
8017,rf,1024,mutation_only_ga,multi_start_beam,1024,16.0282141383944,17.51011552202511,-1.48190138363071
8018,xgb,1024,multi_start_hill_climb,matched_seed_random_walk,1024,8.1553178052894,9.902789193971888,-1.747471388682488
8018,xgb,1024,multi_start_beam,matched_seed_random_walk,1024,9.893431984557857,9.902789193971888,-0.00935720941403062
8018,xgb,1024,mutation_only_ga,matched_seed_random_walk,1023,8.299962122230335,9.902789193971888,-1.6028270717415527
8018,xgb,1024,iterated_local_search,matched_seed_random_walk,1024,10.041437347656883,9.902789193971888,0.13864815368499528
8018,xgb,1024,simulated_annealing,matched_seed_random_walk,1024,6.9722022732917655,9.902789193971888,-2.9305869206801223
8018,xgb,1024,mutation_only_adalead,matched_seed_random_walk,846,8.872447096124107,9.902789193971888,-1.0303420978477806
8018,xgb,1024,mutation_only_ga,multi_start_hill_climb,1023,8.299962122230335,8.1553178052894,0.14464431694093527
8018,xgb,1024,iterated_local_search,multi_start_hill_climb,1024,10.041437347656883,8.1553178052894,1.8861195423674832
8018,xgb,1024,simulated_annealing,multi_start_hill_climb,1024,6.9722022732917655,8.1553178052894,-1.1831155319976343
8018,xgb,1024,mutation_only_adalead,multi_start_hill_climb,846,8.872447096124107,8.1553178052894,0.7171292908347073
8018,xgb,1024,mutation_only_ga,multi_start_beam,1023,8.299962122230335,9.893431984557857,-1.593469862327522
8018,rf,1024,multi_start_hill_climb,matched_seed_random_walk,1024,16.322273199739165,17.06016760165702,-0.7378944019178562
8018,rf,1024,multi_start_beam,matched_seed_random_walk,1021,16.754192950297213,17.06016760165702,-0.30597465135980784
8018,rf,1024,mutation_only_ga,matched_seed_random_walk,1024,16.17724928721594,17.06016760165702,-0.8829183144410813
8018,rf,1024,iterated_local_search,matched_seed_random_walk,1024,16.630395336975084,17.06016760165702,-0.42977226468193663
8018,rf,1024,simulated_annealing,matched_seed_random_walk,1024,16.234457529974275,17.06016760165702,-0.8257100716827459
8018,rf,1024,mutation_only_adalead,matched_seed_random_walk,1024,15.786684057603473,17.06016760165702,-1.2734835440535477
8018,rf,1024,mutation_only_ga,multi_start_hill_climb,1024,16.17724928721594,16.322273199739165,-0.1450239125232251
8018,rf,1024,iterated_local_search,multi_start_hill_climb,1024,16.630395336975084,16.322273199739165,0.3081221372359195
8018,rf,1024,simulated_annealing,multi_start_hill_climb,1024,16.234457529974275,16.322273199739165,-0.08781566976488975
8018,rf,1024,mutation_only_adalead,multi_start_hill_climb,1024,15.786684057603473,16.322273199739165,-0.5355891421356915
8018,rf,1024,mutation_only_ga,multi_start_beam,1021,16.17724928721594,16.754192950297213,-0.5769436630812734
8019,xgb,1024,multi_start_hill_climb,matched_seed_random_walk,1024,5.883681097241589,9.377326429891827,-3.493645332650238
8019,xgb,1024,multi_start_beam,matched_seed_random_walk,1024,8.432147237520372,9.377326429891827,-0.9451791923714552
8019,xgb,1024,mutation_only_ga,matched_seed_random_walk,1024,7.085365932539959,9.377326429891827,-2.2919604973518677
8019,xgb,1024,iterated_local_search,matched_seed_random_walk,1024,8.432147237520372,9.377326429891827,-0.9451791923714552
8019,xgb,1024,simulated_annealing,matched_seed_random_walk,1024,6.414848870135879,9.377326429891827,-2.962477559755948
8019,xgb,1024,mutation_only_adalead,matched_seed_random_walk,190,6.0860300895089825,9.377326429891827,-3.2912963403828446
8019,xgb,1024,mutation_only_ga,multi_start_hill_climb,1024,7.085365932539959,5.883681097241589,1.2016848352983702
8019,xgb,1024,iterated_local_search,multi_start_hill_climb,1024,8.432147237520372,5.883681097241589,2.5484661402787827
8019,xgb,1024,simulated_annealing,multi_start_hill_climb,1024,6.414848870135879,5.883681097241589,0.5311677728942898
8019,xgb,1024,mutation_only_adalead,multi_start_hill_climb,190,6.0860300895089825,6.0860300895089825,0.0
8019,xgb,1024,mutation_only_ga,multi_start_beam,1024,7.085365932539959,8.432147237520372,-1.3467813049804125
8019,rf,1024,multi_start_hill_climb,matched_seed_random_walk,1024,18.146651655006732,18.138250404595873,0.008401250410859262
8019,rf,1024,multi_start_beam,matched_seed_random_walk,1023,18.30997117094059,18.138250404595873,0.17172076634471622
8019,rf,1024,mutation_only_ga,matched_seed_random_walk,1023,18.14505848133621,18.138250404595873,0.006808076740338009
8019,rf,1024,iterated_local_search,matched_seed_random_walk,1024,18.397436043410064,18.138250404595873,0.2591856388141913
8019,rf,1024,simulated_annealing,matched_seed_random_walk,1024,18.173539670971895,18.138250404595873,0.035289266376022255
8019,rf,1024,mutation_only_adalead,matched_seed_random_walk,1024,17.97414011182955,18.138250404595873,-0.16411029276632405
8019,rf,1024,mutation_only_ga,multi_start_hill_climb,1023,18.14505848133621,18.146651655006732,-0.001593173670521253
8019,rf,1024,iterated_local_search,multi_start_hill_climb,1024,18.397436043410064,18.146651655006732,0.25078438840333206
8019,rf,1024,simulated_annealing,multi_start_hill_climb,1024,18.173539670971895,18.146651655006732,0.026888015965162992
8019,rf,1024,mutation_only_adalead,multi_start_hill_climb,1024,17.97414011182955,18.146651655006732,-0.1725115431771833
8019,rf,1024,mutation_only_ga,multi_start_beam,1023,18.14505848133621,18.30997117094059,-0.16491268960437822
8020,xgb,1024,multi_start_hill_climb,matched_seed_random_walk,1024,5.211658932090275,5.559342334134137,-0.34768340204386217
8020,xgb,1024,multi_start_beam,matched_seed_random_walk,1024,5.440085227455446,5.559342334134137,-0.11925710667869094
8020,xgb,1024,mutation_only_ga,matched_seed_random_walk,1024,5.211658932090275,5.559342334134137,-0.34768340204386217
8020,xgb,1024,iterated_local_search,matched_seed_random_walk,1024,5.746136915531181,5.559342334134137,0.1867945813970442
8020,xgb,1024,simulated_annealing,matched_seed_random_walk,1024,5.144691991013461,5.559342334134137,-0.41465034312067583
8020,xgb,1024,mutation_only_adalead,matched_seed_random_walk,1024,5.211658932090275,5.559342334134137,-0.34768340204386217
8020,xgb,1024,mutation_only_ga,multi_start_hill_climb,1024,5.211658932090275,5.211658932090275,0.0
8020,xgb,1024,iterated_local_search,multi_start_hill_climb,1024,5.746136915531181,5.211658932090275,0.5344779834409064
8020,xgb,1024,simulated_annealing,multi_start_hill_climb,1024,5.144691991013461,5.211658932090275,-0.06696694107681367
8020,xgb,1024,mutation_only_adalead,multi_start_hill_climb,1024,5.211658932090275,5.211658932090275,0.0
8020,xgb,1024,mutation_only_ga,multi_start_beam,1024,5.211658932090275,5.440085227455446,-0.22842629536517123
8020,rf,1024,multi_start_hill_climb,matched_seed_random_walk,1024,18.312097554213167,18.52951522343967,-0.21741766922650285
8020,rf,1024,multi_start_beam,matched_seed_random_walk,1024,18.377661039254637,18.52951522343967,-0.1518541841850336
8020,rf,1024,mutation_only_ga,matched_seed_random_walk,1021,18.388861995294302,18.52951522343967,-0.14065322814536785
8020,rf,1024,iterated_local_search,matched_seed_random_walk,1024,18.377661039254637,18.52951522343967,-0.1518541841850336
8020,rf,1024,simulated_annealing,matched_seed_random_walk,1024,19.244656929351624,18.52951522343967,0.7151417059119538
8020,rf,1024,mutation_only_adalead,matched_seed_random_walk,1024,18.312097554213167,18.52951522343967,-0.21741766922650285
8020,rf,1024,mutation_only_ga,multi_start_hill_climb,1021,18.388861995294302,18.312097554213167,0.076764441081135
8020,rf,1024,iterated_local_search,multi_start_hill_climb,1024,18.377661039254637,18.312097554213167,0.06556348504146925
8020,rf,1024,simulated_annealing,multi_start_hill_climb,1024,19.244656929351624,18.312097554213167,0.9325593751384567
8020,rf,1024,mutation_only_adalead,multi_start_hill_climb,1024,18.312097554213167,18.312097554213167,0.0
8020,rf,1024,mutation_only_ga,multi_start_beam,1021,18.388861995294302,18.377661039254637,0.011200956039665755
8021,xgb,1024,multi_start_hill_climb,matched_seed_random_walk,1024,2.583741142756895,9.321934959351593,-6.7381938165946975
8021,xgb,1024,multi_start_beam,matched_seed_random_walk,1024,3.7916260330787224,9.321934959351593,-5.53030892627287
8021,xgb,1024,mutation_only_ga,matched_seed_random_walk,700,4.688852448392931,9.321934959351593,-4.633082510958662
8021,xgb,1024,iterated_local_search,matched_seed_random_walk,1024,5.050774708445918,9.321934959351593,-4.271160250905675
8021,xgb,1024,simulated_annealing,matched_seed_random_walk,1024,2.583741142756895,9.321934959351593,-6.7381938165946975
8021,xgb,1024,mutation_only_adalead,matched_seed_random_walk,181,2.156765669104396,9.321934959351593,-7.165169290247197
8021,xgb,1024,mutation_only_ga,multi_start_hill_climb,700,4.688852448392931,2.583741142756895,2.1051113056360355
8021,xgb,1024,iterated_local_search,multi_start_hill_climb,1024,5.050774708445918,2.583741142756895,2.4670335656890225
8021,xgb,1024,simulated_annealing,multi_start_hill_climb,1024,2.583741142756895,2.583741142756895,0.0
8021,xgb,1024,mutation_only_adalead,multi_start_hill_climb,181,2.156765669104396,9.150727998085141,-6.9939623289807455
8021,xgb,1024,mutation_only_ga,multi_start_beam,700,4.688852448392931,3.7916260330787224,0.8972264153142082
8021,rf,1024,multi_start_hill_climb,matched_seed_random_walk,1024,18.465879038913208,18.623726621898257,-0.15784758298504897
8021,rf,1024,multi_start_beam,matched_seed_random_walk,1017,18.553143779541156,18.623726621898257,-0.07058284235710133
8021,rf,1024,mutation_only_ga,matched_seed_random_walk,913,18.553143779541156,18.623726621898257,-0.07058284235710133
8021,rf,1024,iterated_local_search,matched_seed_random_walk,1024,18.553143779541156,18.623726621898257,-0.07058284235710133
8021,rf,1024,simulated_annealing,matched_seed_random_walk,1024,19.20046524548047,18.623726621898257,0.5767386235822123
8021,rf,1024,mutation_only_adalead,matched_seed_random_walk,1024,18.465879038913208,18.623726621898257,-0.15784758298504897
8021,rf,1024,mutation_only_ga,multi_start_hill_climb,913,18.553143779541156,18.465879038913208,0.08726474062794765
8021,rf,1024,iterated_local_search,multi_start_hill_climb,1024,18.553143779541156,18.465879038913208,0.08726474062794765
8021,rf,1024,simulated_annealing,multi_start_hill_climb,1024,19.20046524548047,18.465879038913208,0.7345862065672613
8021,rf,1024,mutation_only_adalead,multi_start_hill_climb,1024,18.465879038913208,18.465879038913208,0.0
8021,rf,1024,mutation_only_ga,multi_start_beam,913,18.553143779541156,18.553143779541156,0.0
8022,xgb,1024,multi_start_hill_climb,matched_seed_random_walk,1024,3.462653044901594,6.880525750819496,-3.417872705917902
8022,xgb,1024,multi_start_beam,matched_seed_random_walk,1024,4.806559071852058,6.880525750819496,-2.0739666789674382
8022,xgb,1024,mutation_only_ga,matched_seed_random_walk,1023,2.778505540870385,6.880525750819496,-4.102020209949111
8022,xgb,1024,iterated_local_search,matched_seed_random_walk,1024,5.4471014860742875,6.880525750819496,-1.4334242647452085
8022,xgb,1024,simulated_annealing,matched_seed_random_walk,1024,4.665678110029954,6.880525750819496,-2.214847640789542
8022,xgb,1024,mutation_only_adalead,matched_seed_random_walk,127,3.462653044901594,8.363923395734494,-4.9012703508329
8022,xgb,1024,mutation_only_ga,multi_start_hill_climb,1023,2.778505540870385,3.462653044901594,-0.684147504031209
8022,xgb,1024,iterated_local_search,multi_start_hill_climb,1024,5.4471014860742875,3.462653044901594,1.9844484411726935
8022,xgb,1024,simulated_annealing,multi_start_hill_climb,1024,4.665678110029954,3.462653044901594,1.2030250651283598
8022,xgb,1024,mutation_only_adalead,multi_start_hill_climb,127,3.462653044901594,8.505188974252732,-5.042535929351138
8022,xgb,1024,mutation_only_ga,multi_start_beam,1023,2.778505540870385,4.806559071852058,-2.0280535309816727
8022,rf,1024,multi_start_hill_climb,matched_seed_random_walk,1024,18.603474806739268,18.83078516577254,-0.22731035903327168
8022,rf,1024,multi_start_beam,matched_seed_random_walk,1024,18.48675839215235,18.83078516577254,-0.34402677362018963
8022,rf,1024,mutation_only_ga,matched_seed_random_walk,1024,18.46673125903604,18.83078516577254,-0.3640539067364976
8022,rf,1024,iterated_local_search,matched_seed_random_walk,1024,18.83078516577254,18.83078516577254,0.0
8022,rf,1024,simulated_annealing,matched_seed_random_walk,1024,18.74809389581831,18.83078516577254,-0.08269126995422837
8022,rf,1024,mutation_only_adalead,matched_seed_random_walk,1024,18.327569169968726,18.83078516577254,-0.5032159958038136
8022,rf,1024,mutation_only_ga,multi_start_hill_climb,1024,18.46673125903604,18.603474806739268,-0.13674354770322594
8022,rf,1024,iterated_local_search,multi_start_hill_climb,1024,18.83078516577254,18.603474806739268,0.22731035903327168
8022,rf,1024,simulated_annealing,multi_start_hill_climb,1024,18.74809389581831,18.603474806739268,0.1446190890790433
8022,rf,1024,mutation_only_adalead,multi_start_hill_climb,1024,18.327569169968726,18.603474806739268,-0.2759056367705419
8022,rf,1024,mutation_only_ga,multi_start_beam,1024,18.46673125903604,18.48675839215235,-0.020027133116307994
8023,xgb,1024,multi_start_hill_climb,matched_seed_random_walk,1024,8.217164934806458,11.360447632229484,-3.1432826974230252
8023,xgb,1024,multi_start_beam,matched_seed_random_walk,1024,11.129252325118472,11.360447632229484,-0.23119530711101177
8023,xgb,1024,mutation_only_ga,matched_seed_random_walk,1023,7.95424961949328,11.360447632229484,-3.406198012736204
8023,xgb,1024,iterated_local_search,matched_seed_random_walk,1024,11.360447632229484,11.360447632229484,0.0
8023,xgb,1024,simulated_annealing,matched_seed_random_walk,1024,6.309670425734365,11.360447632229484,-5.050777206495119
8023,xgb,1024,mutation_only_adalead,matched_seed_random_walk,574,9.981649486993343,11.360447632229484,-1.378798145236141
8023,xgb,1024,mutation_only_ga,multi_start_hill_climb,1023,7.95424961949328,8.217164934806458,-0.2629153153131787
8023,xgb,1024,iterated_local_search,multi_start_hill_climb,1024,11.360447632229484,8.217164934806458,3.1432826974230252
8023,xgb,1024,simulated_annealing,multi_start_hill_climb,1024,6.309670425734365,8.217164934806458,-1.9074945090720936
8023,xgb,1024,mutation_only_adalead,multi_start_hill_climb,574,9.981649486993343,8.217164934806458,1.7644845521868842
8023,xgb,1024,mutation_only_ga,multi_start_beam,1023,7.95424961949328,11.129252325118472,-3.175002705625192
8023,rf,1024,multi_start_hill_climb,matched_seed_random_walk,1024,17.677187849707863,18.88599065569143,-1.2088028059835665
8023,rf,1024,multi_start_beam,matched_seed_random_walk,1024,18.356101038005082,18.88599065569143,-0.5298896176863472
8023,rf,1024,mutation_only_ga,matched_seed_random_walk,1024,18.20939716670108,18.88599065569143,-0.6765934889903491
8023,rf,1024,iterated_local_search,matched_seed_random_walk,1024,18.70217046953488,18.88599065569143,-0.18382018615654871
8023,rf,1024,simulated_annealing,matched_seed_random_walk,1024,17.94121893514631,18.88599065569143,-0.9447717205451198
8023,rf,1024,mutation_only_adalead,matched_seed_random_walk,1024,18.202883463221703,18.88599065569143,-0.683107192469727
8023,rf,1024,mutation_only_ga,multi_start_hill_climb,1024,18.20939716670108,17.677187849707863,0.5322093169932174
8023,rf,1024,iterated_local_search,multi_start_hill_climb,1024,18.70217046953488,17.677187849707863,1.0249826198270178
8023,rf,1024,simulated_annealing,multi_start_hill_climb,1024,17.94121893514631,17.677187849707863,0.26403108543844667
8023,rf,1024,mutation_only_adalead,multi_start_hill_climb,1024,18.202883463221703,17.677187849707863,0.5256956135138395
8023,rf,1024,mutation_only_ga,multi_start_beam,1024,18.20939716670108,18.356101038005082,-0.14670387130400186
8024,xgb,1024,multi_start_hill_climb,matched_seed_random_walk,1024,2.7822678536394028,6.474698253654258,-3.692430400014855
8024,xgb,1024,multi_start_beam,matched_seed_random_walk,1024,5.935488082611623,6.474698253654258,-0.5392101710426349
8024,xgb,1024,mutation_only_ga,matched_seed_random_walk,1024,1.4518090867884192,6.474698253654258,-5.022889166865839
8024,xgb,1024,iterated_local_search,matched_seed_random_walk,1024,5.935488082611623,6.474698253654258,-0.5392101710426349
8024,xgb,1024,simulated_annealing,matched_seed_random_walk,1024,3.847286112435435,6.474698253654258,-2.6274121412188225
8024,xgb,1024,mutation_only_adalead,matched_seed_random_walk,242,0.2789737046669664,6.814002070170732,-6.5350283655037655
8024,xgb,1024,mutation_only_ga,multi_start_hill_climb,1024,1.4518090867884192,2.7822678536394028,-1.3304587668509835
8024,xgb,1024,iterated_local_search,multi_start_hill_climb,1024,5.935488082611623,2.7822678536394028,3.15322022897222
8024,xgb,1024,simulated_annealing,multi_start_hill_climb,1024,3.847286112435435,2.7822678536394028,1.0650182587960324
8024,xgb,1024,mutation_only_adalead,multi_start_hill_climb,242,0.2789737046669664,7.261931371807819,-6.982957667140853
8024,xgb,1024,mutation_only_ga,multi_start_beam,1024,1.4518090867884192,5.935488082611623,-4.483678995823204
8024,rf,1024,multi_start_hill_climb,matched_seed_random_walk,1024,17.56827609596069,18.525745464296016,-0.9574693683353246
8024,rf,1024,multi_start_beam,matched_seed_random_walk,1024,18.35335453799997,18.525745464296016,-0.17239092629604613
8024,rf,1024,mutation_only_ga,matched_seed_random_walk,1024,17.58575492308545,18.525745464296016,-0.939990541210566
8024,rf,1024,iterated_local_search,matched_seed_random_walk,1024,18.443990205244354,18.525745464296016,-0.08175525905166126
8024,rf,1024,simulated_annealing,matched_seed_random_walk,1024,17.762548060277197,18.525745464296016,-0.7631974040188183
8024,rf,1024,mutation_only_adalead,matched_seed_random_walk,1024,17.511747022442073,18.525745464296016,-1.0139984418539427
8024,rf,1024,mutation_only_ga,multi_start_hill_climb,1024,17.58575492308545,17.56827609596069,0.017478827124758567
8024,rf,1024,iterated_local_search,multi_start_hill_climb,1024,18.443990205244354,17.56827609596069,0.8757141092836633
8024,rf,1024,simulated_annealing,multi_start_hill_climb,1024,17.762548060277197,17.56827609596069,0.19427196431650628
8024,rf,1024,mutation_only_adalead,multi_start_hill_climb,1024,17.511747022442073,17.56827609596069,-0.056529073518618134
8024,rf,1024,mutation_only_ga,multi_start_beam,1024,17.58575492308545,18.35335453799997,-0.7675996149145199
8025,xgb,1024,multi_start_hill_climb,matched_seed_random_walk,1024,3.3864302536294666,7.666749113416229,-4.280318859786762
8025,xgb,1024,multi_start_beam,matched_seed_random_walk,1020,6.405969945044106,7.666749113416229,-1.2607791683721228
8025,xgb,1024,mutation_only_ga,matched_seed_random_walk,702,6.405969945044106,7.666749113416229,-1.2607791683721228
8025,xgb,1024,iterated_local_search,matched_seed_random_walk,1024,6.405969945044106,7.666749113416229,-1.2607791683721228
8025,xgb,1024,simulated_annealing,matched_seed_random_walk,1024,2.067163724459628,7.666749113416229,-5.5995853889566005
8025,xgb,1024,mutation_only_adalead,matched_seed_random_walk,317,5.458423162618835,9.14832151571397,-3.6898983530951357
8025,xgb,1024,mutation_only_ga,multi_start_hill_climb,702,6.405969945044106,6.357644617493266,0.04832532755083996
8025,xgb,1024,iterated_local_search,multi_start_hill_climb,1024,6.405969945044106,3.3864302536294666,3.0195396914146393
8025,xgb,1024,simulated_annealing,multi_start_hill_climb,1024,2.067163724459628,3.3864302536294666,-1.3192665291698384
8025,xgb,1024,mutation_only_adalead,multi_start_hill_climb,317,5.458423162618835,6.405969945044106,-0.9475467824252712
8025,xgb,1024,mutation_only_ga,multi_start_beam,702,6.405969945044106,6.405969945044106,0.0
8025,rf,1024,multi_start_hill_climb,matched_seed_random_walk,1024,15.82073988761491,17.056073062396344,-1.2353331747814345
8025,rf,1024,multi_start_beam,matched_seed_random_walk,1024,16.85745428954009,17.056073062396344,-0.1986187728562534
8025,rf,1024,mutation_only_ga,matched_seed_random_walk,1020,15.929790178195153,17.056073062396344,-1.1262828842011903
8025,rf,1024,iterated_local_search,matched_seed_random_walk,1024,17.08469176590688,17.056073062396344,0.02861870351053497
8025,rf,1024,simulated_annealing,matched_seed_random_walk,1024,16.00425235494164,17.056073062396344,-1.0518207074547021
8025,rf,1024,mutation_only_adalead,matched_seed_random_walk,1024,15.82073988761491,17.056073062396344,-1.2353331747814345
8025,rf,1024,mutation_only_ga,multi_start_hill_climb,1020,15.929790178195153,15.82073988761491,0.10905029058024418
8025,rf,1024,iterated_local_search,multi_start_hill_climb,1024,17.08469176590688,15.82073988761491,1.2639518782919694
8025,rf,1024,simulated_annealing,multi_start_hill_climb,1024,16.00425235494164,15.82073988761491,0.18351246732673232
8025,rf,1024,mutation_only_adalead,multi_start_hill_climb,1024,15.82073988761491,15.82073988761491,0.0
8025,rf,1024,mutation_only_ga,multi_start_beam,1020,15.929790178195153,16.85745428954009,-0.9276641113449369
8026,xgb,1024,multi_start_hill_climb,matched_seed_random_walk,1024,3.650470225511704,10.015679694760056,-6.365209469248352
8026,xgb,1024,multi_start_beam,matched_seed_random_walk,1023,6.916198791196026,10.015679694760056,-3.0994809035640305
8026,xgb,1024,mutation_only_ga,matched_seed_random_walk,1024,4.072266407541376,10.015679694760056,-5.9434132872186805
8026,xgb,1024,iterated_local_search,matched_seed_random_walk,1024,7.465021299799469,10.015679694760056,-2.550658394960587
8026,xgb,1024,simulated_annealing,matched_seed_random_walk,1024,3.650470225511704,10.015679694760056,-6.365209469248352
8026,xgb,1024,mutation_only_adalead,matched_seed_random_walk,129,4.626725999416232,10.902039868052919,-6.275313868636687
8026,xgb,1024,mutation_only_ga,multi_start_hill_climb,1024,4.072266407541376,3.650470225511704,0.42179618202967184
8026,xgb,1024,iterated_local_search,multi_start_hill_climb,1024,7.465021299799469,3.650470225511704,3.814551074287765
8026,xgb,1024,simulated_annealing,multi_start_hill_climb,1024,3.650470225511704,3.650470225511704,0.0
8026,xgb,1024,mutation_only_adalead,multi_start_hill_climb,129,4.626725999416232,5.837886007884535,-1.211160008468303
8026,xgb,1024,mutation_only_ga,multi_start_beam,1023,4.072266407541376,6.916198791196026,-2.84393238365465
8026,rf,1024,multi_start_hill_climb,matched_seed_random_walk,1024,18.162189736508857,19.63888285273226,-1.4766931162234016
8026,rf,1024,multi_start_beam,matched_seed_random_walk,1024,19.717265393336177,19.63888285273226,0.07838254060391847
8026,rf,1024,mutation_only_ga,matched_seed_random_walk,1024,18.67039404949731,19.63888285273226,-0.9684888032349477
8026,rf,1024,iterated_local_search,matched_seed_random_walk,1024,19.55088945084399,19.63888285273226,-0.08799340188826932
8026,rf,1024,simulated_annealing,matched_seed_random_walk,1024,19.289544369981616,19.63888285273226,-0.3493384827506425
8026,rf,1024,mutation_only_adalead,matched_seed_random_walk,1024,18.162189736508857,19.63888285273226,-1.4766931162234016
8026,rf,1024,mutation_only_ga,multi_start_hill_climb,1024,18.67039404949731,18.162189736508857,0.5082043129884539
8026,rf,1024,iterated_local_search,multi_start_hill_climb,1024,19.55088945084399,18.162189736508857,1.3886997143351323
8026,rf,1024,simulated_annealing,multi_start_hill_climb,1024,19.289544369981616,18.162189736508857,1.127354633472759
8026,rf,1024,mutation_only_adalead,multi_start_hill_climb,1024,18.162189736508857,18.162189736508857,0.0
8026,rf,1024,mutation_only_ga,multi_start_beam,1024,18.67039404949731,19.717265393336177,-1.0468713438388662
8027,xgb,1024,multi_start_hill_climb,matched_seed_random_walk,1024,8.990069613033738,11.862106165725201,-2.8720365526914637
8027,xgb,1024,multi_start_beam,matched_seed_random_walk,1024,11.292870889115285,11.862106165725201,-0.5692352766099162
8027,xgb,1024,mutation_only_ga,matched_seed_random_walk,1024,9.690054374506317,11.862106165725201,-2.172051791218884
8027,xgb,1024,iterated_local_search,matched_seed_random_walk,1024,9.690054374506317,11.862106165725201,-2.172051791218884
8027,xgb,1024,simulated_annealing,matched_seed_random_walk,1024,8.015547824526887,11.862106165725201,-3.846558341198314
8027,xgb,1024,mutation_only_adalead,matched_seed_random_walk,302,8.423931920456734,11.862106165725201,-3.438174245268467
8027,xgb,1024,mutation_only_ga,multi_start_hill_climb,1024,9.690054374506317,8.990069613033738,0.6999847614725798
8027,xgb,1024,iterated_local_search,multi_start_hill_climb,1024,9.690054374506317,8.990069613033738,0.6999847614725798
8027,xgb,1024,simulated_annealing,multi_start_hill_climb,1024,8.015547824526887,8.990069613033738,-0.9745217885068502
8027,xgb,1024,mutation_only_adalead,multi_start_hill_climb,302,8.423931920456734,11.468857698791036,-3.044925778334301
8027,xgb,1024,mutation_only_ga,multi_start_beam,1024,9.690054374506317,11.292870889115285,-1.6028165146089677
8027,rf,1024,multi_start_hill_climb,matched_seed_random_walk,1024,19.473465072534424,19.46601147826175,0.007453594272675446
8027,rf,1024,multi_start_beam,matched_seed_random_walk,1022,19.554498298009776,19.46601147826175,0.0884868197480273
8027,rf,1024,mutation_only_ga,matched_seed_random_walk,586,19.46601147826175,19.46601147826175,0.0
8027,rf,1024,iterated_local_search,matched_seed_random_walk,1024,19.46601147826175,19.46601147826175,0.0
8027,rf,1024,simulated_annealing,matched_seed_random_walk,1024,19.46601147826175,19.46601147826175,0.0
8027,rf,1024,mutation_only_adalead,matched_seed_random_walk,1024,19.392811404157857,19.46601147826175,-0.07320007410389096
8027,rf,1024,mutation_only_ga,multi_start_hill_climb,586,19.46601147826175,19.473465072534424,-0.007453594272675446
8027,rf,1024,iterated_local_search,multi_start_hill_climb,1024,19.46601147826175,19.473465072534424,-0.007453594272675446
8027,rf,1024,simulated_annealing,multi_start_hill_climb,1024,19.46601147826175,19.473465072534424,-0.007453594272675446
8027,rf,1024,mutation_only_adalead,multi_start_hill_climb,1024,19.392811404157857,19.473465072534424,-0.0806536683765664
8027,rf,1024,mutation_only_ga,multi_start_beam,586,19.46601147826175,19.554498298009776,-0.0884868197480273
8028,xgb,1024,multi_start_hill_climb,matched_seed_random_walk,1024,5.952247668923346,8.545774976009833,-2.593527307086487
8028,xgb,1024,multi_start_beam,matched_seed_random_walk,1023,8.489715648351506,8.545774976009833,-0.05605932765832655
8028,xgb,1024,mutation_only_ga,matched_seed_random_walk,1024,3.6438534013087702,8.545774976009833,-4.9019215747010625
8028,xgb,1024,iterated_local_search,matched_seed_random_walk,1024,8.097255226039124,8.545774976009833,-0.44851974997070876
8028,xgb,1024,simulated_annealing,matched_seed_random_walk,1024,3.6438534013087702,8.545774976009833,-4.9019215747010625
8028,xgb,1024,mutation_only_adalead,matched_seed_random_walk,884,6.357191513132073,8.545774976009833,-2.1885834628777596
8028,xgb,1024,mutation_only_ga,multi_start_hill_climb,1024,3.6438534013087702,5.952247668923346,-2.3083942676145757
8028,xgb,1024,iterated_local_search,multi_start_hill_climb,1024,8.097255226039124,5.952247668923346,2.145007557115778
8028,xgb,1024,simulated_annealing,multi_start_hill_climb,1024,3.6438534013087702,5.952247668923346,-2.3083942676145757
8028,xgb,1024,mutation_only_adalead,multi_start_hill_climb,884,6.357191513132073,5.952247668923346,0.4049438442087272
8028,xgb,1024,mutation_only_ga,multi_start_beam,1023,3.6438534013087702,8.489715648351506,-4.845862247042736
8028,rf,1024,multi_start_hill_climb,matched_seed_random_walk,1024,16.1089786589055,16.70988507436676,-0.6009064154612602
8028,rf,1024,multi_start_beam,matched_seed_random_walk,1024,16.618915224328646,16.70988507436676,-0.09096985003811398
8028,rf,1024,mutation_only_ga,matched_seed_random_walk,585,16.618915224328646,16.92017719874875,-0.30126197442010394
8028,rf,1024,iterated_local_search,matched_seed_random_walk,1024,16.618915224328646,16.70988507436676,-0.09096985003811398
8028,rf,1024,simulated_annealing,matched_seed_random_walk,1024,16.590262172001303,16.70988507436676,-0.1196229023654567
8028,rf,1024,mutation_only_adalead,matched_seed_random_walk,1024,16.11214850754525,16.70988507436676,-0.59773656682151
8028,rf,1024,mutation_only_ga,multi_start_hill_climb,585,16.618915224328646,16.179110603096717,0.43980462123192865
8028,rf,1024,iterated_local_search,multi_start_hill_climb,1024,16.618915224328646,16.1089786589055,0.5099365654231462
8028,rf,1024,simulated_annealing,multi_start_hill_climb,1024,16.590262172001303,16.1089786589055,0.48128351309580353
8028,rf,1024,mutation_only_adalead,multi_start_hill_climb,1024,16.11214850754525,16.1089786589055,0.003169848639750228
8028,rf,1024,mutation_only_ga,multi_start_beam,585,16.618915224328646,16.618915224328646,0.0
8029,xgb,1024,multi_start_hill_climb,matched_seed_random_walk,1024,5.160356653366888,9.266549149966249,-4.106192496599361
8029,xgb,1024,multi_start_beam,matched_seed_random_walk,1023,9.922287321061095,9.266549149966249,0.6557381710948462
8029,xgb,1024,mutation_only_ga,matched_seed_random_walk,1024,3.9219276215122094,9.266549149966249,-5.34462152845404
8029,xgb,1024,iterated_local_search,matched_seed_random_walk,1024,8.24274515594298,9.266549149966249,-1.0238039940232682
8029,xgb,1024,simulated_annealing,matched_seed_random_walk,1024,3.646984137152921,9.266549149966249,-5.619565012813328
8029,xgb,1024,mutation_only_adalead,matched_seed_random_walk,648,6.803862239963282,9.266549149966249,-2.462686910002967
8029,xgb,1024,mutation_only_ga,multi_start_hill_climb,1024,3.9219276215122094,5.160356653366888,-1.2384290318546785
8029,xgb,1024,iterated_local_search,multi_start_hill_climb,1024,8.24274515594298,5.160356653366888,3.0823885025760926
8029,xgb,1024,simulated_annealing,multi_start_hill_climb,1024,3.646984137152921,5.160356653366888,-1.513372516213967
8029,xgb,1024,mutation_only_adalead,multi_start_hill_climb,648,6.803862239963282,5.160356653366888,1.643505586596394
8029,xgb,1024,mutation_only_ga,multi_start_beam,1023,3.9219276215122094,9.922287321061095,-6.000359699548886
8029,rf,1024,multi_start_hill_climb,matched_seed_random_walk,1024,18.10815288266048,19.27796708487265,-1.1698142022121694
8029,rf,1024,multi_start_beam,matched_seed_random_walk,1019,18.444886119436628,19.27796708487265,-0.8330809654360216
8029,rf,1024,mutation_only_ga,matched_seed_random_walk,818,18.283873104294955,19.27796708487265,-0.9940939805776949
8029,rf,1024,iterated_local_search,matched_seed_random_walk,1024,18.283873104294955,19.27796708487265,-0.9940939805776949
8029,rf,1024,simulated_annealing,matched_seed_random_walk,1024,18.23982129158952,19.27796708487265,-1.0381457932831282
8029,rf,1024,mutation_only_adalead,matched_seed_random_walk,1024,18.174382618918308,19.27796708487265,-1.1035844659543415
8029,rf,1024,mutation_only_ga,multi_start_hill_climb,818,18.283873104294955,18.10815288266048,0.17572022163447443
8029,rf,1024,iterated_local_search,multi_start_hill_climb,1024,18.283873104294955,18.10815288266048,0.17572022163447443
8029,rf,1024,simulated_annealing,multi_start_hill_climb,1024,18.23982129158952,18.10815288266048,0.1316684089290412
8029,rf,1024,mutation_only_adalead,multi_start_hill_climb,1024,18.174382618918308,18.10815288266048,0.06622973625782791
8029,rf,1024,mutation_only_ga,multi_start_beam,818,18.283873104294955,18.444886119436628,-0.16101301514167332
8030,xgb,1024,multi_start_hill_climb,matched_seed_random_walk,1024,3.432192998733604,7.97366896347432,-4.541475964740716
8030,xgb,1024,multi_start_beam,matched_seed_random_walk,1024,8.925359971772318,7.97366896347432,0.9516910082979981
8030,xgb,1024,mutation_only_ga,matched_seed_random_walk,1024,3.672126261030588,7.97366896347432,-4.301542702443732
8030,xgb,1024,iterated_local_search,matched_seed_random_walk,1024,8.278207499770442,7.97366896347432,0.30453853629612215
8030,xgb,1024,simulated_annealing,matched_seed_random_walk,1024,4.541705303432497,7.97366896347432,-3.4319636600418226
8030,xgb,1024,mutation_only_adalead,matched_seed_random_walk,118,8.077359892639937,10.446473613069426,-2.369113720429489
8030,xgb,1024,mutation_only_ga,multi_start_hill_climb,1024,3.672126261030588,3.432192998733604,0.23993326229698386
8030,xgb,1024,iterated_local_search,multi_start_hill_climb,1024,8.278207499770442,3.432192998733604,4.846014501036838
8030,xgb,1024,simulated_annealing,multi_start_hill_climb,1024,4.541705303432497,3.432192998733604,1.1095123046988933
8030,xgb,1024,mutation_only_adalead,multi_start_hill_climb,118,8.077359892639937,10.87892769063643,-2.801567797996494
8030,xgb,1024,mutation_only_ga,multi_start_beam,1024,3.672126261030588,8.925359971772318,-5.25323371074173
8030,rf,1024,multi_start_hill_climb,matched_seed_random_walk,1024,16.134677654000395,17.21325723940907,-1.0785795854086757
8030,rf,1024,multi_start_beam,matched_seed_random_walk,1023,17.385342054210913,17.21325723940907,0.1720848148018419
8030,rf,1024,mutation_only_ga,matched_seed_random_walk,1024,16.95375509266981,17.21325723940907,-0.259502146739262
8030,rf,1024,iterated_local_search,matched_seed_random_walk,1024,18.30539442674921,17.21325723940907,1.092137187340139
8030,rf,1024,simulated_annealing,matched_seed_random_walk,1024,16.264995015226393,17.21325723940907,-0.9482622241826775
8030,rf,1024,mutation_only_adalead,matched_seed_random_walk,1024,16.134677654000395,17.21325723940907,-1.0785795854086757
8030,rf,1024,mutation_only_ga,multi_start_hill_climb,1024,16.95375509266981,16.134677654000395,0.8190774386694137
8030,rf,1024,iterated_local_search,multi_start_hill_climb,1024,18.30539442674921,16.134677654000395,2.170716772748815
8030,rf,1024,simulated_annealing,multi_start_hill_climb,1024,16.264995015226393,16.134677654000395,0.13031736122599824
8030,rf,1024,mutation_only_adalead,multi_start_hill_climb,1024,16.134677654000395,16.134677654000395,0.0
8030,rf,1024,mutation_only_ga,multi_start_beam,1023,16.95375509266981,17.385342054210913,-0.4315869615411039
8031,xgb,1024,multi_start_hill_climb,matched_seed_random_walk,1024,7.4582049350047885,10.701493181329276,-3.2432882463244876
8031,xgb,1024,multi_start_beam,matched_seed_random_walk,1024,8.184827908870675,10.701493181329276,-2.516665272458601
8031,xgb,1024,mutation_only_ga,matched_seed_random_walk,919,9.262662179629205,10.701493181329276,-1.4388310017000716
8031,xgb,1024,iterated_local_search,matched_seed_random_walk,1024,8.184827908870675,10.701493181329276,-2.516665272458601
8031,xgb,1024,simulated_annealing,matched_seed_random_walk,1024,7.48863241434689,10.701493181329276,-3.212860766982386
8031,xgb,1024,mutation_only_adalead,matched_seed_random_walk,335,7.4582049350047885,12.87871521525604,-5.420510280251252
8031,xgb,1024,mutation_only_ga,multi_start_hill_climb,919,9.262662179629205,7.4582049350047885,1.804457244624416
8031,xgb,1024,iterated_local_search,multi_start_hill_climb,1024,8.184827908870675,7.4582049350047885,0.7266229738658865
8031,xgb,1024,simulated_annealing,multi_start_hill_climb,1024,7.48863241434689,7.4582049350047885,0.03042747934210155
8031,xgb,1024,mutation_only_adalead,multi_start_hill_climb,335,7.4582049350047885,7.4582049350047885,0.0
8031,xgb,1024,mutation_only_ga,multi_start_beam,919,9.262662179629205,8.184827908870675,1.0778342707585296
8031,rf,1024,multi_start_hill_climb,matched_seed_random_walk,1024,16.23860112587824,17.49253747801153,-1.253936352133291
8031,rf,1024,multi_start_beam,matched_seed_random_walk,1024,16.804774005927495,17.49253747801153,-0.6877634720840362
8031,rf,1024,mutation_only_ga,matched_seed_random_walk,1024,16.373350700802334,17.49253747801153,-1.1191867772091975
8031,rf,1024,iterated_local_search,matched_seed_random_walk,1024,17.2096458255405,17.49253747801153,-0.282891652471033
8031,rf,1024,simulated_annealing,matched_seed_random_walk,1024,16.6470918647021,17.49253747801153,-0.8454456133094297
8031,rf,1024,mutation_only_adalead,matched_seed_random_walk,1024,16.23860112587824,17.49253747801153,-1.253936352133291
8031,rf,1024,mutation_only_ga,multi_start_hill_climb,1024,16.373350700802334,16.23860112587824,0.13474957492409345
8031,rf,1024,iterated_local_search,multi_start_hill_climb,1024,17.2096458255405,16.23860112587824,0.9710446996622579
8031,rf,1024,simulated_annealing,multi_start_hill_climb,1024,16.6470918647021,16.23860112587824,0.4084907388238612
8031,rf,1024,mutation_only_adalead,multi_start_hill_climb,1024,16.23860112587824,16.23860112587824,0.0
8031,rf,1024,mutation_only_ga,multi_start_beam,1024,16.373350700802334,16.804774005927495,-0.43142330512516125
8032,xgb,1024,multi_start_hill_climb,matched_seed_random_walk,1024,1.870214297624474,7.658073474807054,-5.78785917718258
8032,xgb,1024,multi_start_beam,matched_seed_random_walk,1023,6.1746335400808885,7.658073474807054,-1.4834399347261655
8032,xgb,1024,mutation_only_ga,matched_seed_random_walk,1010,2.943432828389065,7.658073474807054,-4.714640646417989
8032,xgb,1024,iterated_local_search,matched_seed_random_walk,1024,4.956417389314103,7.658073474807054,-2.701656085492951
8032,xgb,1024,simulated_annealing,matched_seed_random_walk,1024,5.34676787151199,7.658073474807054,-2.3113056032950636
8032,xgb,1024,mutation_only_adalead,matched_seed_random_walk,270,3.601900431126988,9.77816256940304,-6.176262138276052
8032,xgb,1024,mutation_only_ga,multi_start_hill_climb,1010,2.943432828389065,1.870214297624474,1.073218530764591
8032,xgb,1024,iterated_local_search,multi_start_hill_climb,1024,4.956417389314103,1.870214297624474,3.0862030916896286
8032,xgb,1024,simulated_annealing,multi_start_hill_climb,1024,5.34676787151199,1.870214297624474,3.476553573887516
8032,xgb,1024,mutation_only_adalead,multi_start_hill_climb,270,3.601900431126988,1.870214297624474,1.731686133502514
8032,xgb,1024,mutation_only_ga,multi_start_beam,1010,2.943432828389065,6.1746335400808885,-3.2312007116918235
8032,rf,1024,multi_start_hill_climb,matched_seed_random_walk,1024,15.90843478565443,16.55113523212998,-0.6427004464755495
8032,rf,1024,multi_start_beam,matched_seed_random_walk,1019,16.55113523212998,16.55113523212998,0.0
8032,rf,1024,mutation_only_ga,matched_seed_random_walk,1024,15.952485371358668,16.55113523212998,-0.598649860771312
8032,rf,1024,iterated_local_search,matched_seed_random_walk,1024,16.55113523212998,16.55113523212998,0.0
8032,rf,1024,simulated_annealing,matched_seed_random_walk,1024,16.60292345764376,16.55113523212998,0.05178822551378204
8032,rf,1024,mutation_only_adalead,matched_seed_random_walk,1024,16.423626747394394,16.55113523212998,-0.12750848473558563
8032,rf,1024,mutation_only_ga,multi_start_hill_climb,1024,15.952485371358668,15.90843478565443,0.04405058570423748
8032,rf,1024,iterated_local_search,multi_start_hill_climb,1024,16.55113523212998,15.90843478565443,0.6427004464755495
8032,rf,1024,simulated_annealing,multi_start_hill_climb,1024,16.60292345764376,15.90843478565443,0.6944886719893315
8032,rf,1024,mutation_only_adalead,multi_start_hill_climb,1024,16.423626747394394,15.90843478565443,0.5151919617399638
8032,rf,1024,mutation_only_ga,multi_start_beam,1019,15.952485371358668,16.55113523212998,-0.598649860771312
8033,xgb,1024,multi_start_hill_climb,matched_seed_random_walk,1024,8.985122146439346,11.747009612938196,-2.76188746649885
8033,xgb,1024,multi_start_beam,matched_seed_random_walk,1024,10.38599109347501,11.747009612938196,-1.3610185194631867
8033,xgb,1024,mutation_only_ga,matched_seed_random_walk,1024,9.445565346924145,11.747009612938196,-2.3014442660140517
8033,xgb,1024,iterated_local_search,matched_seed_random_walk,1024,10.536880620356143,11.747009612938196,-1.210128992582053
8033,xgb,1024,simulated_annealing,matched_seed_random_walk,1024,9.982973661104735,11.747009612938196,-1.7640359518334616
8033,xgb,1024,mutation_only_adalead,matched_seed_random_walk,359,8.206121447932826,12.655409094373427,-4.449287646440601
8033,xgb,1024,mutation_only_ga,multi_start_hill_climb,1024,9.445565346924145,8.985122146439346,0.46044320048479825
8033,xgb,1024,iterated_local_search,multi_start_hill_climb,1024,10.536880620356143,8.985122146439346,1.5517584739167969
8033,xgb,1024,simulated_annealing,multi_start_hill_climb,1024,9.982973661104735,8.985122146439346,0.9978515146653884
8033,xgb,1024,mutation_only_adalead,multi_start_hill_climb,359,8.206121447932826,12.226950904078796,-4.02082945614597
8033,xgb,1024,mutation_only_ga,multi_start_beam,1024,9.445565346924145,10.38599109347501,-0.940425746550865
8033,rf,1024,multi_start_hill_climb,matched_seed_random_walk,1024,16.86144640601163,17.6596898806417,-0.7982434746300697
8033,rf,1024,multi_start_beam,matched_seed_random_walk,1024,17.17701839105933,17.6596898806417,-0.48267148958236916
8033,rf,1024,mutation_only_ga,matched_seed_random_walk,1023,17.412702430460513,17.6596898806417,-0.24698745018118728
8033,rf,1024,iterated_local_search,matched_seed_random_walk,1024,17.181574813932066,17.6596898806417,-0.4781150667096341
8033,rf,1024,simulated_annealing,matched_seed_random_walk,1024,17.233643710443914,17.6596898806417,-0.426046170197786
8033,rf,1024,mutation_only_adalead,matched_seed_random_walk,1024,17.044916696933075,17.6596898806417,-0.6147731837086248
8033,rf,1024,mutation_only_ga,multi_start_hill_climb,1023,17.412702430460513,16.86144640601163,0.5512560244488824
8033,rf,1024,iterated_local_search,multi_start_hill_climb,1024,17.181574813932066,16.86144640601163,0.3201284079204356
8033,rf,1024,simulated_annealing,multi_start_hill_climb,1024,17.233643710443914,16.86144640601163,0.3721973044322837
8033,rf,1024,mutation_only_adalead,multi_start_hill_climb,1024,17.044916696933075,16.86144640601163,0.18347029092144496
8033,rf,1024,mutation_only_ga,multi_start_beam,1023,17.412702430460513,17.17701839105933,0.23568403940118188
8034,xgb,1024,multi_start_hill_climb,matched_seed_random_walk,1024,1.1119652544155734,6.231076293751649,-5.119111039336075
8034,xgb,1024,multi_start_beam,matched_seed_random_walk,1024,5.701882420853364,6.231076293751649,-0.5291938728982846
8034,xgb,1024,mutation_only_ga,matched_seed_random_walk,1024,2.4712496041478493,6.231076293751649,-3.7598266896037993
8034,xgb,1024,iterated_local_search,matched_seed_random_walk,1024,5.701882420853364,6.231076293751649,-0.5291938728982846
8034,xgb,1024,simulated_annealing,matched_seed_random_walk,1024,4.015332373077774,6.231076293751649,-2.2157439206738747
8034,xgb,1024,mutation_only_adalead,matched_seed_random_walk,150,7.232116292231734,10.322609492702124,-3.09049320047039
8034,xgb,1024,mutation_only_ga,multi_start_hill_climb,1024,2.4712496041478493,1.1119652544155734,1.359284349732276
8034,xgb,1024,iterated_local_search,multi_start_hill_climb,1024,5.701882420853364,1.1119652544155734,4.5899171664377905
8034,xgb,1024,simulated_annealing,multi_start_hill_climb,1024,4.015332373077774,1.1119652544155734,2.9033671186622003
8034,xgb,1024,mutation_only_adalead,multi_start_hill_climb,150,7.232116292231734,1.1119652544155734,6.120151037816161
8034,xgb,1024,mutation_only_ga,multi_start_beam,1024,2.4712496041478493,5.701882420853364,-3.2306328167055147
8034,rf,1024,multi_start_hill_climb,matched_seed_random_walk,1024,17.889321051140513,18.643783666581037,-0.7544626154405236
8034,rf,1024,multi_start_beam,matched_seed_random_walk,1024,18.24507235377309,18.643783666581037,-0.39871131280794714
8034,rf,1024,mutation_only_ga,matched_seed_random_walk,1024,17.91098029499773,18.643783666581037,-0.7328033715833051
8034,rf,1024,iterated_local_search,matched_seed_random_walk,1024,18.412859715544567,18.643783666581037,-0.2309239510364698
8034,rf,1024,simulated_annealing,matched_seed_random_walk,1024,18.012559822732648,18.643783666581037,-0.6312238438483888
8034,rf,1024,mutation_only_adalead,matched_seed_random_walk,1024,17.713334374735588,18.643783666581037,-0.9304492918454486
8034,rf,1024,mutation_only_ga,multi_start_hill_climb,1024,17.91098029499773,17.889321051140513,0.021659243857218513
8034,rf,1024,iterated_local_search,multi_start_hill_climb,1024,18.412859715544567,17.889321051140513,0.5235386644040538
8034,rf,1024,simulated_annealing,multi_start_hill_climb,1024,18.012559822732648,17.889321051140513,0.12323877159213481
8034,rf,1024,mutation_only_adalead,multi_start_hill_climb,1024,17.713334374735588,17.889321051140513,-0.17598667640492494
8034,rf,1024,mutation_only_ga,multi_start_beam,1024,17.91098029499773,18.24507235377309,-0.33409205877535797
8035,xgb,1024,multi_start_hill_climb,matched_seed_random_walk,1024,9.102948880925982,10.485343595826155,-1.3823947149001725
8035,xgb,1024,multi_start_beam,matched_seed_random_walk,1024,8.956711917871058,10.485343595826155,-1.5286316779550972
8035,xgb,1024,mutation_only_ga,matched_seed_random_walk,1024,7.668177626393532,10.485343595826155,-2.817165969432623
8035,xgb,1024,iterated_local_search,matched_seed_random_walk,1024,9.914984901130216,10.485343595826155,-0.5703586946959387
8035,xgb,1024,simulated_annealing,matched_seed_random_walk,1024,9.780861012546351,10.485343595826155,-0.7044825832798036
8035,xgb,1024,mutation_only_adalead,matched_seed_random_walk,1024,10.144430458363896,10.485343595826155,-0.34091313746225893
8035,xgb,1024,mutation_only_ga,multi_start_hill_climb,1024,7.668177626393532,9.102948880925982,-1.4347712545324507
8035,xgb,1024,iterated_local_search,multi_start_hill_climb,1024,9.914984901130216,9.102948880925982,0.8120360202042338
8035,xgb,1024,simulated_annealing,multi_start_hill_climb,1024,9.780861012546351,9.102948880925982,0.6779121316203689
8035,xgb,1024,mutation_only_adalead,multi_start_hill_climb,1024,10.144430458363896,9.102948880925982,1.0414815774379136
8035,xgb,1024,mutation_only_ga,multi_start_beam,1024,7.668177626393532,8.956711917871058,-1.288534291477526
8035,rf,1024,multi_start_hill_climb,matched_seed_random_walk,1024,17.35853523406146,18.559400732012353,-1.2008654979508933
8035,rf,1024,multi_start_beam,matched_seed_random_walk,1024,18.000716274829742,18.559400732012353,-0.5586844571826113
8035,rf,1024,mutation_only_ga,matched_seed_random_walk,1024,17.614117879702235,18.559400732012353,-0.9452828523101182
8035,rf,1024,iterated_local_search,matched_seed_random_walk,1024,18.44831721776847,18.559400732012353,-0.11108351424388374
8035,rf,1024,simulated_annealing,matched_seed_random_walk,1024,17.264982466359893,18.559400732012353,-1.2944182656524603
8035,rf,1024,mutation_only_adalead,matched_seed_random_walk,1024,17.441414407712305,18.559400732012353,-1.1179863243000483
8035,rf,1024,mutation_only_ga,multi_start_hill_climb,1024,17.614117879702235,17.35853523406146,0.25558264564077504
8035,rf,1024,iterated_local_search,multi_start_hill_climb,1024,18.44831721776847,17.35853523406146,1.0897819837070095
8035,rf,1024,simulated_annealing,multi_start_hill_climb,1024,17.264982466359893,17.35853523406146,-0.09355276770156706
8035,rf,1024,mutation_only_adalead,multi_start_hill_climb,1024,17.441414407712305,17.35853523406146,0.08287917365084496
8035,rf,1024,mutation_only_ga,multi_start_beam,1024,17.614117879702235,18.000716274829742,-0.38659839512750693
8036,xgb,1024,multi_start_hill_climb,matched_seed_random_walk,1024,7.151572279227887,9.36337517262201,-2.2118028933941236
8036,xgb,1024,multi_start_beam,matched_seed_random_walk,1024,7.691985243435701,9.36337517262201,-1.6713899291863097
8036,xgb,1024,mutation_only_ga,matched_seed_random_walk,1024,4.019917959939798,9.36337517262201,-5.343457212682212
8036,xgb,1024,iterated_local_search,matched_seed_random_walk,1024,7.739387307937737,9.36337517262201,-1.6239878646842731
8036,xgb,1024,simulated_annealing,matched_seed_random_walk,1024,3.6835384895838033,9.36337517262201,-5.679836683038207
8036,xgb,1024,mutation_only_adalead,matched_seed_random_walk,517,7.151572279227887,10.46409394707013,-3.312521667842244
8036,xgb,1024,mutation_only_ga,multi_start_hill_climb,1024,4.019917959939798,7.151572279227887,-3.1316543192880886
8036,xgb,1024,iterated_local_search,multi_start_hill_climb,1024,7.739387307937737,7.151572279227887,0.5878150287098505
8036,xgb,1024,simulated_annealing,multi_start_hill_climb,1024,3.6835384895838033,7.151572279227887,-3.4680337896440836
8036,xgb,1024,mutation_only_adalead,multi_start_hill_climb,517,7.151572279227887,7.89235630059562,-0.740784021367733
8036,xgb,1024,mutation_only_ga,multi_start_beam,1024,4.019917959939798,7.691985243435701,-3.6720672834959025
8036,rf,1024,multi_start_hill_climb,matched_seed_random_walk,1024,16.509474398069273,17.78600948609143,-1.2765350880221575
8036,rf,1024,multi_start_beam,matched_seed_random_walk,1019,17.100129155719845,17.78600948609143,-0.6858803303715852
8036,rf,1024,mutation_only_ga,matched_seed_random_walk,938,16.802181146364774,17.78600948609143,-0.9838283397266565
8036,rf,1024,iterated_local_search,matched_seed_random_walk,1024,16.91042968786432,17.78600948609143,-0.8755797982271112
8036,rf,1024,simulated_annealing,matched_seed_random_walk,1024,16.930141026924886,17.78600948609143,-0.855868459166544
8036,rf,1024,mutation_only_adalead,matched_seed_random_walk,1024,16.509474398069273,17.78600948609143,-1.2765350880221575
8036,rf,1024,mutation_only_ga,multi_start_hill_climb,938,16.802181146364774,16.509474398069273,0.29270674829550103
8036,rf,1024,iterated_local_search,multi_start_hill_climb,1024,16.91042968786432,16.509474398069273,0.40095528979504635
8036,rf,1024,simulated_annealing,multi_start_hill_climb,1024,16.930141026924886,16.509474398069273,0.42066662885561357
8036,rf,1024,mutation_only_adalead,multi_start_hill_climb,1024,16.509474398069273,16.509474398069273,0.0
8036,rf,1024,mutation_only_ga,multi_start_beam,938,16.802181146364774,17.100129155719845,-0.29794800935507126
8037,xgb,1024,multi_start_hill_climb,matched_seed_random_walk,1024,7.35169580638333,9.69410830308535,-2.3424124967020203
8037,xgb,1024,multi_start_beam,matched_seed_random_walk,1024,8.997353931616994,9.69410830308535,-0.6967543714683568
8037,xgb,1024,mutation_only_ga,matched_seed_random_walk,1024,7.096542660178502,9.69410830308535,-2.597565642906848
8037,xgb,1024,iterated_local_search,matched_seed_random_walk,1024,9.214197759006073,9.69410830308535,-0.4799105440792779
8037,xgb,1024,simulated_annealing,matched_seed_random_walk,1024,7.634944565438159,9.69410830308535,-2.059163737647191
8037,xgb,1024,mutation_only_adalead,matched_seed_random_walk,370,8.687224468163292,9.69410830308535,-1.0068838349220588
8037,xgb,1024,mutation_only_ga,multi_start_hill_climb,1024,7.096542660178502,7.35169580638333,-0.25515314620482776
8037,xgb,1024,iterated_local_search,multi_start_hill_climb,1024,9.214197759006073,7.35169580638333,1.8625019526227424
8037,xgb,1024,simulated_annealing,multi_start_hill_climb,1024,7.634944565438159,7.35169580638333,0.28324875905482916
8037,xgb,1024,mutation_only_adalead,multi_start_hill_climb,370,8.687224468163292,7.35169580638333,1.3355286617799615
8037,xgb,1024,mutation_only_ga,multi_start_beam,1024,7.096542660178502,8.997353931616994,-1.9008112714384913
8037,rf,1024,multi_start_hill_climb,matched_seed_random_walk,1024,17.775483437398933,18.203420020619216,-0.4279365832202835
8037,rf,1024,multi_start_beam,matched_seed_random_walk,1021,18.072151618122618,18.203420020619216,-0.1312684024965982
8037,rf,1024,mutation_only_ga,matched_seed_random_walk,1024,17.61009612251896,18.203420020619216,-0.5933238981002553
8037,rf,1024,iterated_local_search,matched_seed_random_walk,1024,17.845335889824696,18.203420020619216,-0.35808413079451995
8037,rf,1024,simulated_annealing,matched_seed_random_walk,1024,17.77503830236706,18.203420020619216,-0.42838171825215454
8037,rf,1024,mutation_only_adalead,matched_seed_random_walk,1024,17.444401765852515,18.203420020619216,-0.7590182547667013
8037,rf,1024,mutation_only_ga,multi_start_hill_climb,1024,17.61009612251896,17.775483437398933,-0.16538731487997183
8037,rf,1024,iterated_local_search,multi_start_hill_climb,1024,17.845335889824696,17.775483437398933,0.06985245242576354
8037,rf,1024,simulated_annealing,multi_start_hill_climb,1024,17.77503830236706,17.775483437398933,-0.00044513503187104675
8037,rf,1024,mutation_only_adalead,multi_start_hill_climb,1024,17.444401765852515,17.775483437398933,-0.33108167154641777
8037,rf,1024,mutation_only_ga,multi_start_beam,1021,17.61009612251896,18.072151618122618,-0.4620554956036571
8038,xgb,1024,multi_start_hill_climb,matched_seed_random_walk,1024,5.349644647702,8.723459660756765,-3.373815013054765
8038,xgb,1024,multi_start_beam,matched_seed_random_walk,1024,7.5146278242290645,8.723459660756765,-1.2088318365277004
8038,xgb,1024,mutation_only_ga,matched_seed_random_walk,1023,6.281158437457116,8.723459660756765,-2.4423012232996486
8038,xgb,1024,iterated_local_search,matched_seed_random_walk,1024,6.863604299441903,8.723459660756765,-1.859855361314862
8038,xgb,1024,simulated_annealing,matched_seed_random_walk,1024,6.870648402994166,8.723459660756765,-1.8528112577625988
8038,xgb,1024,mutation_only_adalead,matched_seed_random_walk,272,5.692919109561029,9.163368018593582,-3.4704489090325525
8038,xgb,1024,mutation_only_ga,multi_start_hill_climb,1023,6.281158437457116,5.349644647702,0.9315137897551162
8038,xgb,1024,iterated_local_search,multi_start_hill_climb,1024,6.863604299441903,5.349644647702,1.5139596517399028
8038,xgb,1024,simulated_annealing,multi_start_hill_climb,1024,6.870648402994166,5.349644647702,1.521003755292166
8038,xgb,1024,mutation_only_adalead,multi_start_hill_climb,272,5.692919109561029,5.349644647702,0.3432744618590293
8038,xgb,1024,mutation_only_ga,multi_start_beam,1023,6.281158437457116,7.5146278242290645,-1.2334693867719482
8038,rf,1024,multi_start_hill_climb,matched_seed_random_walk,1024,18.485807660292096,19.284846706683425,-0.7990390463913286
8038,rf,1024,multi_start_beam,matched_seed_random_walk,1023,18.840621072808503,19.284846706683425,-0.44422563387492175
8038,rf,1024,mutation_only_ga,matched_seed_random_walk,1024,18.632172027951906,19.284846706683425,-0.6526746787315183
8038,rf,1024,iterated_local_search,matched_seed_random_walk,1024,19.21642233412895,19.284846706683425,-0.06842437255447464
8038,rf,1024,simulated_annealing,matched_seed_random_walk,1024,19.034807178078193,19.284846706683425,-0.2500395286052317
8038,rf,1024,mutation_only_adalead,matched_seed_random_walk,1024,18.442092806542313,19.284846706683425,-0.842753900141112
8038,rf,1024,mutation_only_ga,multi_start_hill_climb,1024,18.632172027951906,18.485807660292096,0.1463643676598103
8038,rf,1024,iterated_local_search,multi_start_hill_climb,1024,19.21642233412895,18.485807660292096,0.730614673836854
8038,rf,1024,simulated_annealing,multi_start_hill_climb,1024,19.034807178078193,18.485807660292096,0.5489995177860969
8038,rf,1024,mutation_only_adalead,multi_start_hill_climb,1024,18.442092806542313,18.485807660292096,-0.043714853749783344
8038,rf,1024,mutation_only_ga,multi_start_beam,1023,18.632172027951906,18.840621072808503,-0.20844904485659654
8039,xgb,1024,multi_start_hill_climb,matched_seed_random_walk,1024,3.173190356194531,8.780148173474066,-5.606957817279534
8039,xgb,1024,multi_start_beam,matched_seed_random_walk,1024,6.951187655732608,8.780148173474066,-1.828960517741458
8039,xgb,1024,mutation_only_ga,matched_seed_random_walk,1024,3.173190356194531,8.780148173474066,-5.606957817279534
8039,xgb,1024,iterated_local_search,matched_seed_random_walk,1024,6.707083701661515,8.780148173474066,-2.0730644718125513
8039,xgb,1024,simulated_annealing,matched_seed_random_walk,1024,5.000530738669882,8.780148173474066,-3.7796174348041838
8039,xgb,1024,mutation_only_adalead,matched_seed_random_walk,683,3.173190356194531,8.780148173474066,-5.606957817279534
8039,xgb,1024,mutation_only_ga,multi_start_hill_climb,1024,3.173190356194531,3.173190356194531,0.0
8039,xgb,1024,iterated_local_search,multi_start_hill_climb,1024,6.707083701661515,3.173190356194531,3.5338933454669834
8039,xgb,1024,simulated_annealing,multi_start_hill_climb,1024,5.000530738669882,3.173190356194531,1.827340382475351
8039,xgb,1024,mutation_only_adalead,multi_start_hill_climb,683,3.173190356194531,3.173190356194531,0.0
8039,xgb,1024,mutation_only_ga,multi_start_beam,1024,3.173190356194531,6.951187655732608,-3.7779972995380766
8039,rf,1024,multi_start_hill_climb,matched_seed_random_walk,1024,16.53547488683068,17.92444123629206,-1.3889663494613806
8039,rf,1024,multi_start_beam,matched_seed_random_walk,1024,16.756114562384532,17.92444123629206,-1.1683266739075293
8039,rf,1024,mutation_only_ga,matched_seed_random_walk,1024,16.416289274578006,17.92444123629206,-1.5081519617140557
8039,rf,1024,iterated_local_search,matched_seed_random_walk,1024,17.66552704884792,17.92444123629206,-0.25891418744414096
8039,rf,1024,simulated_annealing,matched_seed_random_walk,1024,16.893893901795757,17.92444123629206,-1.0305473344963048
8039,rf,1024,mutation_only_adalead,matched_seed_random_walk,1024,16.40233153286027,17.92444123629206,-1.5221097034317914
8039,rf,1024,mutation_only_ga,multi_start_hill_climb,1024,16.416289274578006,16.53547488683068,-0.1191856122526751
8039,rf,1024,iterated_local_search,multi_start_hill_climb,1024,17.66552704884792,16.53547488683068,1.1300521620172397
8039,rf,1024,simulated_annealing,multi_start_hill_climb,1024,16.893893901795757,16.53547488683068,0.3584190149650759
8039,rf,1024,mutation_only_adalead,multi_start_hill_climb,1024,16.40233153286027,16.53547488683068,-0.13314335397041077
8039,rf,1024,mutation_only_ga,multi_start_beam,1024,16.416289274578006,16.756114562384532,-0.33982528780652643
8040,xgb,1024,multi_start_hill_climb,matched_seed_random_walk,1024,4.6120314526122375,10.342472657406308,-5.7304412047940705
8040,xgb,1024,multi_start_beam,matched_seed_random_walk,1021,9.563447026103775,10.342472657406308,-0.7790256313025328
8040,xgb,1024,mutation_only_ga,matched_seed_random_walk,1024,6.447689098795344,10.342472657406308,-3.894783558610964
8040,xgb,1024,iterated_local_search,matched_seed_random_walk,1024,8.070286201997948,10.342472657406308,-2.2721864554083595
8040,xgb,1024,simulated_annealing,matched_seed_random_walk,1024,5.301572646626338,10.342472657406308,-5.0409000107799695
8040,xgb,1024,mutation_only_adalead,matched_seed_random_walk,389,5.703180909690557,12.346253555630241,-6.643072645939684
8040,xgb,1024,mutation_only_ga,multi_start_hill_climb,1024,6.447689098795344,4.6120314526122375,1.8356576461831065
8040,xgb,1024,iterated_local_search,multi_start_hill_climb,1024,8.070286201997948,4.6120314526122375,3.458254749385711
8040,xgb,1024,simulated_annealing,multi_start_hill_climb,1024,5.301572646626338,4.6120314526122375,0.689541194014101
8040,xgb,1024,mutation_only_adalead,multi_start_hill_climb,389,5.703180909690557,4.6120314526122375,1.0911494570783198
8040,xgb,1024,mutation_only_ga,multi_start_beam,1021,6.447689098795344,9.563447026103775,-3.1157579273084313
8040,rf,1024,multi_start_hill_climb,matched_seed_random_walk,1024,18.033983555465266,18.665473911340516,-0.6314903558752505
8040,rf,1024,multi_start_beam,matched_seed_random_walk,1024,18.27925932712117,18.665473911340516,-0.3862145842193456
8040,rf,1024,mutation_only_ga,matched_seed_random_walk,1024,18.15701196422849,18.665473911340516,-0.5084619471120249
8040,rf,1024,iterated_local_search,matched_seed_random_walk,1024,18.41358885338582,18.665473911340516,-0.25188505795469496
8040,rf,1024,simulated_annealing,matched_seed_random_walk,1024,18.033983555465266,18.665473911340516,-0.6314903558752505
8040,rf,1024,mutation_only_adalead,matched_seed_random_walk,1024,18.609126565509158,18.665473911340516,-0.05634734583135881
8040,rf,1024,mutation_only_ga,multi_start_hill_climb,1024,18.15701196422849,18.033983555465266,0.12302840876322563
8040,rf,1024,iterated_local_search,multi_start_hill_climb,1024,18.41358885338582,18.033983555465266,0.37960529792055553
8040,rf,1024,simulated_annealing,multi_start_hill_climb,1024,18.033983555465266,18.033983555465266,0.0
8040,rf,1024,mutation_only_adalead,multi_start_hill_climb,1024,18.609126565509158,18.033983555465266,0.5751430100438917
8040,rf,1024,mutation_only_ga,multi_start_beam,1024,18.15701196422849,18.27925932712117,-0.12224736289267923
8041,xgb,1024,multi_start_hill_climb,matched_seed_random_walk,1024,2.561606851567897,9.491680607299397,-6.930073755731501
8041,xgb,1024,multi_start_beam,matched_seed_random_walk,1024,7.6035068417292795,9.491680607299397,-1.8881737655701176
8041,xgb,1024,mutation_only_ga,matched_seed_random_walk,934,4.025914989985746,9.491680607299397,-5.465765617313651
8041,xgb,1024,iterated_local_search,matched_seed_random_walk,1024,6.968541964605002,9.491680607299397,-2.523138642694395
8041,xgb,1024,simulated_annealing,matched_seed_random_walk,1024,4.548674007761057,9.491680607299397,-4.94300659953834
8041,xgb,1024,mutation_only_adalead,matched_seed_random_walk,385,2.087736457338013,9.491680607299397,-7.403944149961385
8041,xgb,1024,mutation_only_ga,multi_start_hill_climb,934,4.025914989985746,2.561606851567897,1.4643081384178491
8041,xgb,1024,iterated_local_search,multi_start_hill_climb,1024,6.968541964605002,2.561606851567897,4.406935113037106
8041,xgb,1024,simulated_annealing,multi_start_hill_climb,1024,4.548674007761057,2.561606851567897,1.9870671561931599
8041,xgb,1024,mutation_only_adalead,multi_start_hill_climb,385,2.087736457338013,4.42276061652827,-2.3350241591902567
8041,xgb,1024,mutation_only_ga,multi_start_beam,934,4.025914989985746,7.889909069686785,-3.8639940797010386
8041,rf,1024,multi_start_hill_climb,matched_seed_random_walk,1024,15.446475634441862,15.730567489687418,-0.28409185524555625
8041,rf,1024,multi_start_beam,matched_seed_random_walk,1024,15.723229239852751,15.730567489687418,-0.007338249834667465
8041,rf,1024,mutation_only_ga,matched_seed_random_walk,1024,15.446475634441862,15.730567489687418,-0.28409185524555625
8041,rf,1024,iterated_local_search,matched_seed_random_walk,1024,15.7200647948082,15.730567489687418,-0.010502694879217955
8041,rf,1024,simulated_annealing,matched_seed_random_walk,1024,15.790809674131403,15.730567489687418,0.060242184443984215
8041,rf,1024,mutation_only_adalead,matched_seed_random_walk,1024,15.446475634441862,15.730567489687418,-0.28409185524555625
8041,rf,1024,mutation_only_ga,multi_start_hill_climb,1024,15.446475634441862,15.446475634441862,0.0
8041,rf,1024,iterated_local_search,multi_start_hill_climb,1024,15.7200647948082,15.446475634441862,0.2735891603663383
8041,rf,1024,simulated_annealing,multi_start_hill_climb,1024,15.790809674131403,15.446475634441862,0.34433403968954046
8041,rf,1024,mutation_only_adalead,multi_start_hill_climb,1024,15.446475634441862,15.446475634441862,0.0
8041,rf,1024,mutation_only_ga,multi_start_beam,1024,15.446475634441862,15.723229239852751,-0.2767536054108888
8042,xgb,1024,multi_start_hill_climb,matched_seed_random_walk,1024,6.70388613806807,9.573288478305809,-2.8694023402377393
8042,xgb,1024,multi_start_beam,matched_seed_random_walk,1023,9.781373212575724,9.573288478305809,0.20808473426991547
8042,xgb,1024,mutation_only_ga,matched_seed_random_walk,1024,7.428773245559856,9.573288478305809,-2.1445152327459533
8042,xgb,1024,iterated_local_search,matched_seed_random_walk,1024,8.800087868445292,9.573288478305809,-0.7732006098605169
8042,xgb,1024,simulated_annealing,matched_seed_random_walk,1024,8.061832094374978,9.573288478305809,-1.511456383930831
8042,xgb,1024,mutation_only_adalead,matched_seed_random_walk,611,9.156246646397708,9.573288478305809,-0.41704183190810085
8042,xgb,1024,mutation_only_ga,multi_start_hill_climb,1024,7.428773245559856,6.70388613806807,0.724887107491786
8042,xgb,1024,iterated_local_search,multi_start_hill_climb,1024,8.800087868445292,6.70388613806807,2.0962017303772225
8042,xgb,1024,simulated_annealing,multi_start_hill_climb,1024,8.061832094374978,6.70388613806807,1.3579459563069083
8042,xgb,1024,mutation_only_adalead,multi_start_hill_climb,611,9.156246646397708,6.70388613806807,2.4523605083296385
8042,xgb,1024,mutation_only_ga,multi_start_beam,1023,7.428773245559856,9.781373212575724,-2.352599967015869
8042,rf,1024,multi_start_hill_climb,matched_seed_random_walk,1024,17.599641207422803,17.514311965401507,0.08532924202129522
8042,rf,1024,multi_start_beam,matched_seed_random_walk,1024,17.4155876285966,17.514311965401507,-0.09872433680490644
8042,rf,1024,mutation_only_ga,matched_seed_random_walk,1024,17.369715730382087,17.514311965401507,-0.14459623501942076
8042,rf,1024,iterated_local_search,matched_seed_random_walk,1024,17.44213114615134,17.514311965401507,-0.07218081925016762
8042,rf,1024,simulated_annealing,matched_seed_random_walk,1024,17.85348122687427,17.514311965401507,0.3391692614727617
8042,rf,1024,mutation_only_adalead,matched_seed_random_walk,1024,17.369715730382087,17.514311965401507,-0.14459623501942076
8042,rf,1024,mutation_only_ga,multi_start_hill_climb,1024,17.369715730382087,17.599641207422803,-0.22992547704071598
8042,rf,1024,iterated_local_search,multi_start_hill_climb,1024,17.44213114615134,17.599641207422803,-0.15751006127146283
8042,rf,1024,simulated_annealing,multi_start_hill_climb,1024,17.85348122687427,17.599641207422803,0.2538400194514665
8042,rf,1024,mutation_only_adalead,multi_start_hill_climb,1024,17.369715730382087,17.599641207422803,-0.22992547704071598
8042,rf,1024,mutation_only_ga,multi_start_beam,1024,17.369715730382087,17.4155876285966,-0.04587189821451432
8043,xgb,1024,multi_start_hill_climb,matched_seed_random_walk,1024,6.850318574098947,8.817671122370374,-1.9673525482714274
8043,xgb,1024,multi_start_beam,matched_seed_random_walk,1024,7.868716045551818,8.817671122370374,-0.9489550768185557
8043,xgb,1024,mutation_only_ga,matched_seed_random_walk,1024,6.409195606622745,8.817671122370374,-2.4084755157476287
8043,xgb,1024,iterated_local_search,matched_seed_random_walk,1024,8.775328565865319,8.817671122370374,-0.04234255650505503
8043,xgb,1024,simulated_annealing,matched_seed_random_walk,1024,9.046534406227455,8.817671122370374,0.22886328385708055
8043,xgb,1024,mutation_only_adalead,matched_seed_random_walk,279,7.571350327872645,8.914080004857608,-1.3427296769849626
8043,xgb,1024,mutation_only_ga,multi_start_hill_climb,1024,6.409195606622745,6.850318574098947,-0.4411229674762014
8043,xgb,1024,iterated_local_search,multi_start_hill_climb,1024,8.775328565865319,6.850318574098947,1.9250099917663723
8043,xgb,1024,simulated_annealing,multi_start_hill_climb,1024,9.046534406227455,6.850318574098947,2.196215832128508
8043,xgb,1024,mutation_only_adalead,multi_start_hill_climb,279,7.571350327872645,8.568971166819821,-0.9976208389471761
8043,xgb,1024,mutation_only_ga,multi_start_beam,1024,6.409195606622745,7.868716045551818,-1.459520438929073
8043,rf,1024,multi_start_hill_climb,matched_seed_random_walk,1024,17.357019401435902,18.012721736663114,-0.6557023352272111
8043,rf,1024,multi_start_beam,matched_seed_random_walk,1024,17.634285540952703,18.012721736663114,-0.3784361957104103
8043,rf,1024,mutation_only_ga,matched_seed_random_walk,1024,17.45465029317877,18.012721736663114,-0.5580714434843443
8043,rf,1024,iterated_local_search,matched_seed_random_walk,1024,17.58024078983938,18.012721736663114,-0.43248094682373406
8043,rf,1024,simulated_annealing,matched_seed_random_walk,1024,18.18130939947388,18.012721736663114,0.16858766281076498
8043,rf,1024,mutation_only_adalead,matched_seed_random_walk,1024,17.410139356617524,18.012721736663114,-0.6025823800455896
8043,rf,1024,mutation_only_ga,multi_start_hill_climb,1024,17.45465029317877,17.357019401435902,0.09763089174286677
8043,rf,1024,iterated_local_search,multi_start_hill_climb,1024,17.58024078983938,17.357019401435902,0.22322138840347705
8043,rf,1024,simulated_annealing,multi_start_hill_climb,1024,18.18130939947388,17.357019401435902,0.8242899980379761
8043,rf,1024,mutation_only_adalead,multi_start_hill_climb,1024,17.410139356617524,17.357019401435902,0.05311995518162149
8043,rf,1024,mutation_only_ga,multi_start_beam,1024,17.45465029317877,17.634285540952703,-0.17963524777393403
8044,xgb,1024,multi_start_hill_climb,matched_seed_random_walk,1024,1.1338282728165177,11.07872849183489,-9.944900219018372
8044,xgb,1024,multi_start_beam,matched_seed_random_walk,1024,5.082122773475917,11.07872849183489,-5.996605718358972
8044,xgb,1024,mutation_only_ga,matched_seed_random_walk,1023,0.5823075659228941,11.07872849183489,-10.496420925911995
8044,xgb,1024,iterated_local_search,matched_seed_random_walk,1024,7.398829913319398,11.07872849183489,-3.679898578515491
8044,xgb,1024,simulated_annealing,matched_seed_random_walk,1024,3.5580968832240956,11.07872849183489,-7.520631608610794
8044,xgb,1024,mutation_only_adalead,matched_seed_random_walk,338,0.5823075659228941,11.07872849183489,-10.496420925911995
8044,xgb,1024,mutation_only_ga,multi_start_hill_climb,1023,0.5823075659228941,1.1338282728165177,-0.5515207068936235
8044,xgb,1024,iterated_local_search,multi_start_hill_climb,1024,7.398829913319398,1.1338282728165177,6.265001640502881
8044,xgb,1024,simulated_annealing,multi_start_hill_climb,1024,3.5580968832240956,1.1338282728165177,2.424268610407578
8044,xgb,1024,mutation_only_adalead,multi_start_hill_climb,338,0.5823075659228941,11.841229071587403,-11.258921505664508
8044,xgb,1024,mutation_only_ga,multi_start_beam,1023,0.5823075659228941,5.082122773475917,-4.499815207553023
8044,rf,1024,multi_start_hill_climb,matched_seed_random_walk,1024,17.636373322195833,19.336808163787683,-1.70043484159185
8044,rf,1024,multi_start_beam,matched_seed_random_walk,1024,18.918274051212684,19.336808163787683,-0.4185341125749993
8044,rf,1024,mutation_only_ga,matched_seed_random_walk,1024,17.90604518354325,19.336808163787683,-1.4307629802444346
8044,rf,1024,iterated_local_search,matched_seed_random_walk,1024,18.770509164188315,19.336808163787683,-0.5662989995993684
8044,rf,1024,simulated_annealing,matched_seed_random_walk,1024,17.67203857899696,19.336808163787683,-1.6647695847907222
8044,rf,1024,mutation_only_adalead,matched_seed_random_walk,1024,17.60737863923716,19.336808163787683,-1.7294295245505218
8044,rf,1024,mutation_only_ga,multi_start_hill_climb,1024,17.90604518354325,17.636373322195833,0.2696718613474154
8044,rf,1024,iterated_local_search,multi_start_hill_climb,1024,18.770509164188315,17.636373322195833,1.1341358419924816
8044,rf,1024,simulated_annealing,multi_start_hill_climb,1024,17.67203857899696,17.636373322195833,0.035665256801127754
8044,rf,1024,mutation_only_adalead,multi_start_hill_climb,1024,17.60737863923716,17.636373322195833,-0.028994682958671802
8044,rf,1024,mutation_only_ga,multi_start_beam,1024,17.90604518354325,18.918274051212684,-1.0122288676694353
8045,xgb,1024,multi_start_hill_climb,matched_seed_random_walk,1024,7.747855359226476,10.96071986041462,-3.212864501188145
8045,xgb,1024,multi_start_beam,matched_seed_random_walk,1024,10.801687035062683,10.96071986041462,-0.15903282535193775
8045,xgb,1024,mutation_only_ga,matched_seed_random_walk,1024,8.404347335801651,10.96071986041462,-2.5563725246129696
8045,xgb,1024,iterated_local_search,matched_seed_random_walk,1024,10.110721828452027,10.96071986041462,-0.8499980319625937
8045,xgb,1024,simulated_annealing,matched_seed_random_walk,1024,6.501326317990774,10.96071986041462,-4.459393542423847
8045,xgb,1024,mutation_only_adalead,matched_seed_random_walk,628,4.8710066766294755,10.96071986041462,-6.089713183785145
8045,xgb,1024,mutation_only_ga,multi_start_hill_climb,1024,8.404347335801651,7.747855359226476,0.6564919765751753
8045,xgb,1024,iterated_local_search,multi_start_hill_climb,1024,10.110721828452027,7.747855359226476,2.362866469225551
8045,xgb,1024,simulated_annealing,multi_start_hill_climb,1024,6.501326317990774,7.747855359226476,-1.2465290412357017
8045,xgb,1024,mutation_only_adalead,multi_start_hill_climb,628,4.8710066766294755,7.95264915568645,-3.081642479056974
8045,xgb,1024,mutation_only_ga,multi_start_beam,1024,8.404347335801651,10.801687035062683,-2.397339699261032
8045,rf,1024,multi_start_hill_climb,matched_seed_random_walk,1024,16.86607042578731,17.501586813821305,-0.6355163880339951
8045,rf,1024,multi_start_beam,matched_seed_random_walk,1017,16.86607042578731,17.501586813821305,-0.6355163880339951
8045,rf,1024,mutation_only_ga,matched_seed_random_walk,597,16.86607042578731,17.501586813821305,-0.6355163880339951
8045,rf,1024,iterated_local_search,matched_seed_random_walk,1024,16.86607042578731,17.501586813821305,-0.6355163880339951
8045,rf,1024,simulated_annealing,matched_seed_random_walk,1024,17.501586813821305,17.501586813821305,0.0
8045,rf,1024,mutation_only_adalead,matched_seed_random_walk,1024,16.86607042578731,17.501586813821305,-0.6355163880339951
8045,rf,1024,mutation_only_ga,multi_start_hill_climb,597,16.86607042578731,16.86607042578731,0.0
8045,rf,1024,iterated_local_search,multi_start_hill_climb,1024,16.86607042578731,16.86607042578731,0.0
8045,rf,1024,simulated_annealing,multi_start_hill_climb,1024,17.501586813821305,16.86607042578731,0.6355163880339951
8045,rf,1024,mutation_only_adalead,multi_start_hill_climb,1024,16.86607042578731,16.86607042578731,0.0
8045,rf,1024,mutation_only_ga,multi_start_beam,597,16.86607042578731,16.86607042578731,0.0
8046,xgb,1024,multi_start_hill_climb,matched_seed_random_walk,1024,6.713829292776647,9.108166996160257,-2.39433770338361
8046,xgb,1024,multi_start_beam,matched_seed_random_walk,1024,7.711520696582193,9.108166996160257,-1.3966462995780642
8046,xgb,1024,mutation_only_ga,matched_seed_random_walk,1023,6.29022100134579,9.108166996160257,-2.817945994814467
8046,xgb,1024,iterated_local_search,matched_seed_random_walk,1024,7.477551933195474,9.108166996160257,-1.6306150629647833
8046,xgb,1024,simulated_annealing,matched_seed_random_walk,1024,6.9090109567049325,9.108166996160257,-2.1991560394553247
8046,xgb,1024,mutation_only_adalead,matched_seed_random_walk,202,6.963960406535572,9.884331801130447,-2.9203713945948753
8046,xgb,1024,mutation_only_ga,multi_start_hill_climb,1023,6.29022100134579,6.713829292776647,-0.423608291430857
8046,xgb,1024,iterated_local_search,multi_start_hill_climb,1024,7.477551933195474,6.713829292776647,0.7637226404188269
8046,xgb,1024,simulated_annealing,multi_start_hill_climb,1024,6.9090109567049325,6.713829292776647,0.1951816639282855
8046,xgb,1024,mutation_only_adalead,multi_start_hill_climb,202,6.963960406535572,6.963960406535572,0.0
8046,xgb,1024,mutation_only_ga,multi_start_beam,1023,6.29022100134579,7.711520696582193,-1.421299695236403
8046,rf,1024,multi_start_hill_climb,matched_seed_random_walk,1024,16.716601678030635,16.896023505303706,-0.179421827273071
8046,rf,1024,multi_start_beam,matched_seed_random_walk,1024,16.829388246317944,16.896023505303706,-0.06663525898576239
8046,rf,1024,mutation_only_ga,matched_seed_random_walk,606,16.896023505303706,16.896023505303706,0.0
8046,rf,1024,iterated_local_search,matched_seed_random_walk,1024,16.896023505303706,16.896023505303706,0.0
8046,rf,1024,simulated_annealing,matched_seed_random_walk,1024,17.584077652141648,16.896023505303706,0.688054146837942
8046,rf,1024,mutation_only_adalead,matched_seed_random_walk,1024,16.71031596263762,16.896023505303706,-0.18570754266608702
8046,rf,1024,mutation_only_ga,multi_start_hill_climb,606,16.896023505303706,16.726729971582255,0.16929353372145073
8046,rf,1024,iterated_local_search,multi_start_hill_climb,1024,16.896023505303706,16.716601678030635,0.179421827273071
8046,rf,1024,simulated_annealing,multi_start_hill_climb,1024,17.584077652141648,16.716601678030635,0.867475974111013
8046,rf,1024,mutation_only_adalead,multi_start_hill_climb,1024,16.71031596263762,16.716601678030635,-0.006285715393016034
8046,rf,1024,mutation_only_ga,multi_start_beam,606,16.896023505303706,16.896023505303706,0.0
8047,xgb,1024,multi_start_hill_climb,matched_seed_random_walk,1024,1.242178034139573,5.418789683444777,-4.176611649305204
8047,xgb,1024,multi_start_beam,matched_seed_random_walk,1024,3.1084459898600922,5.418789683444777,-2.3103436935846844
8047,xgb,1024,mutation_only_ga,matched_seed_random_walk,1024,2.157429155922246,5.418789683444777,-3.261360527522531
8047,xgb,1024,iterated_local_search,matched_seed_random_walk,1024,3.141937862777591,5.418789683444777,-2.2768518206671855
8047,xgb,1024,simulated_annealing,matched_seed_random_walk,1024,5.572945348294167,5.418789683444777,0.15415566484939003
8047,xgb,1024,mutation_only_adalead,matched_seed_random_walk,313,1.242178034139573,5.418789683444777,-4.176611649305204
8047,xgb,1024,mutation_only_ga,multi_start_hill_climb,1024,2.157429155922246,1.242178034139573,0.9152511217826729
8047,xgb,1024,iterated_local_search,multi_start_hill_climb,1024,3.141937862777591,1.242178034139573,1.8997598286380182
8047,xgb,1024,simulated_annealing,multi_start_hill_climb,1024,5.572945348294167,1.242178034139573,4.330767314154594
8047,xgb,1024,mutation_only_adalead,multi_start_hill_climb,313,1.242178034139573,6.168994295653607,-4.926816261514034
8047,xgb,1024,mutation_only_ga,multi_start_beam,1024,2.157429155922246,3.1084459898600922,-0.9510168339378464
8047,rf,1024,multi_start_hill_climb,matched_seed_random_walk,1024,16.860248139378278,17.965845253411132,-1.1055971140328538
8047,rf,1024,multi_start_beam,matched_seed_random_walk,1023,17.089157575037287,17.965845253411132,-0.8766876783738446
8047,rf,1024,mutation_only_ga,matched_seed_random_walk,1024,16.912716115800286,17.965845253411132,-1.0531291376108456
8047,rf,1024,iterated_local_search,matched_seed_random_walk,1024,17.220528914487947,17.965845253411132,-0.7453163389231854
8047,rf,1024,simulated_annealing,matched_seed_random_walk,1024,17.378276556740314,17.965845253411132,-0.587568696670818
8047,rf,1024,mutation_only_adalead,matched_seed_random_walk,1024,16.860248139378278,17.965845253411132,-1.1055971140328538
8047,rf,1024,mutation_only_ga,multi_start_hill_climb,1024,16.912716115800286,16.860248139378278,0.05246797642200818
8047,rf,1024,iterated_local_search,multi_start_hill_climb,1024,17.220528914487947,16.860248139378278,0.3602807751096684
8047,rf,1024,simulated_annealing,multi_start_hill_climb,1024,17.378276556740314,16.860248139378278,0.5180284173620358
8047,rf,1024,mutation_only_adalead,multi_start_hill_climb,1024,16.860248139378278,16.860248139378278,0.0
8047,rf,1024,mutation_only_ga,multi_start_beam,1023,16.912716115800286,17.089157575037287,-0.17644145923700094
8048,xgb,1024,multi_start_hill_climb,matched_seed_random_walk,1024,7.191592394700185,7.903843323701591,-0.7122509290014056
8048,xgb,1024,multi_start_beam,matched_seed_random_walk,1024,7.903843323701591,7.903843323701591,0.0
8048,xgb,1024,mutation_only_ga,matched_seed_random_walk,919,7.698206583669389,7.903843323701591,-0.2056367400322019
8048,xgb,1024,iterated_local_search,matched_seed_random_walk,1024,7.698206583669389,7.903843323701591,-0.2056367400322019
8048,xgb,1024,simulated_annealing,matched_seed_random_walk,1024,8.52419397063186,7.903843323701591,0.6203506469302686
8048,xgb,1024,mutation_only_adalead,matched_seed_random_walk,330,7.382892465853658,12.880813623346251,-5.497921157492593
8048,xgb,1024,mutation_only_ga,multi_start_hill_climb,919,7.698206583669389,7.191592394700185,0.5066141889692037
8048,xgb,1024,iterated_local_search,multi_start_hill_climb,1024,7.698206583669389,7.191592394700185,0.5066141889692037
8048,xgb,1024,simulated_annealing,multi_start_hill_climb,1024,8.52419397063186,7.191592394700185,1.3326015759316743
8048,xgb,1024,mutation_only_adalead,multi_start_hill_climb,330,7.382892465853658,8.994270052697576,-1.6113775868439184
8048,xgb,1024,mutation_only_ga,multi_start_beam,919,7.698206583669389,7.903843323701591,-0.2056367400322019
8048,rf,1024,multi_start_hill_climb,matched_seed_random_walk,1024,18.829528857239165,19.7378841175523,-0.9083552603131366
8048,rf,1024,multi_start_beam,matched_seed_random_walk,1024,19.064648206599387,19.7378841175523,-0.6732359109529149
8048,rf,1024,mutation_only_ga,matched_seed_random_walk,1024,18.438163818489045,19.7378841175523,-1.2997202990632566
8048,rf,1024,iterated_local_search,matched_seed_random_walk,1024,19.3415308034688,19.7378841175523,-0.39635331408350183
8048,rf,1024,simulated_annealing,matched_seed_random_walk,1024,18.945474704332394,19.7378841175523,-0.7924094132199073
8048,rf,1024,mutation_only_adalead,matched_seed_random_walk,1024,18.173515912731247,19.7378841175523,-1.5643682048210543
8048,rf,1024,mutation_only_ga,multi_start_hill_climb,1024,18.438163818489045,18.829528857239165,-0.39136503875011996
8048,rf,1024,iterated_local_search,multi_start_hill_climb,1024,19.3415308034688,18.829528857239165,0.5120019462296348
8048,rf,1024,simulated_annealing,multi_start_hill_climb,1024,18.945474704332394,18.829528857239165,0.1159458470932293
8048,rf,1024,mutation_only_adalead,multi_start_hill_climb,1024,18.173515912731247,18.829528857239165,-0.6560129445079177
8048,rf,1024,mutation_only_ga,multi_start_beam,1024,18.438163818489045,19.064648206599387,-0.6264843881103417
8049,xgb,1024,multi_start_hill_climb,matched_seed_random_walk,1024,5.192660274646078,9.321972893936035,-4.129312619289957
8049,xgb,1024,multi_start_beam,matched_seed_random_walk,1021,9.565169427778304,9.321972893936035,0.24319653384226925
8049,xgb,1024,mutation_only_ga,matched_seed_random_walk,724,8.721962318260536,9.321972893936035,-0.6000105756754994
8049,xgb,1024,iterated_local_search,matched_seed_random_walk,1024,9.321972893936035,9.321972893936035,0.0
8049,xgb,1024,simulated_annealing,matched_seed_random_walk,1024,5.477447421696448,9.321972893936035,-3.844525472239587
8049,xgb,1024,mutation_only_adalead,matched_seed_random_walk,1024,5.192660274646078,9.321972893936035,-4.129312619289957
8049,xgb,1024,mutation_only_ga,multi_start_hill_climb,724,8.721962318260536,5.836052178624181,2.885910139636355
8049,xgb,1024,iterated_local_search,multi_start_hill_climb,1024,9.321972893936035,5.192660274646078,4.129312619289957
8049,xgb,1024,simulated_annealing,multi_start_hill_climb,1024,5.477447421696448,5.192660274646078,0.2847871470503698
8049,xgb,1024,mutation_only_adalead,multi_start_hill_climb,1024,5.192660274646078,5.192660274646078,0.0
8049,xgb,1024,mutation_only_ga,multi_start_beam,724,8.721962318260536,9.565169427778304,-0.8432071095177687
8049,rf,1024,multi_start_hill_climb,matched_seed_random_walk,1024,17.992922812908756,18.542662675472982,-0.5497398625642269
8049,rf,1024,multi_start_beam,matched_seed_random_walk,1024,17.99921899300663,18.542662675472982,-0.5434436824663536
8049,rf,1024,mutation_only_ga,matched_seed_random_walk,1024,18.001851778106204,18.542662675472982,-0.5408108973667787
8049,rf,1024,iterated_local_search,matched_seed_random_walk,1024,18.24456803566657,18.542662675472982,-0.29809463980641127
8049,rf,1024,simulated_annealing,matched_seed_random_walk,1024,17.74461792649262,18.542662675472982,-0.798044748980363
8049,rf,1024,mutation_only_adalead,matched_seed_random_walk,1024,17.7791023332364,18.542662675472982,-0.763560342236584
8049,rf,1024,mutation_only_ga,multi_start_hill_climb,1024,18.001851778106204,17.992922812908756,0.008928965197448235
8049,rf,1024,iterated_local_search,multi_start_hill_climb,1024,18.24456803566657,17.992922812908756,0.25164522275781565
8049,rf,1024,simulated_annealing,multi_start_hill_climb,1024,17.74461792649262,17.992922812908756,-0.24830488641613613
8049,rf,1024,mutation_only_adalead,multi_start_hill_climb,1024,17.7791023332364,17.992922812908756,-0.21382047967235707
8049,rf,1024,mutation_only_ga,multi_start_beam,1024,18.001851778106204,17.99921899300663,0.0026327850995748747
8050,xgb,1024,multi_start_hill_climb,matched_seed_random_walk,1024,4.960294061942859,8.519300560346958,-3.5590064984040986
8050,xgb,1024,multi_start_beam,matched_seed_random_walk,1024,6.062189820985764,8.519300560346958,-2.4571107393611937
8050,xgb,1024,mutation_only_ga,matched_seed_random_walk,1024,4.174536187646643,8.519300560346958,-4.344764372700315
8050,xgb,1024,iterated_local_search,matched_seed_random_walk,1024,7.699216716078531,8.519300560346958,-0.8200838442684262
8050,xgb,1024,simulated_annealing,matched_seed_random_walk,1024,5.047124867435322,8.519300560346958,-3.4721756929116356
8050,xgb,1024,mutation_only_adalead,matched_seed_random_walk,527,4.960294061942859,8.519300560346958,-3.5590064984040986
8050,xgb,1024,mutation_only_ga,multi_start_hill_climb,1024,4.174536187646643,4.960294061942859,-0.7857578742962161
8050,xgb,1024,iterated_local_search,multi_start_hill_climb,1024,7.699216716078531,4.960294061942859,2.7389226541356724
8050,xgb,1024,simulated_annealing,multi_start_hill_climb,1024,5.047124867435322,4.960294061942859,0.08683080549246291
8050,xgb,1024,mutation_only_adalead,multi_start_hill_climb,527,4.960294061942859,4.960294061942859,0.0
8050,xgb,1024,mutation_only_ga,multi_start_beam,1024,4.174536187646643,6.062189820985764,-1.887653633339121
8050,rf,1024,multi_start_hill_climb,matched_seed_random_walk,1024,17.43611998635717,18.729852151235775,-1.2937321648786053
8050,rf,1024,multi_start_beam,matched_seed_random_walk,1024,17.878689979031638,18.729852151235775,-0.8511621722041376
8050,rf,1024,mutation_only_ga,matched_seed_random_walk,1024,17.488846410539313,18.729852151235775,-1.2410057406964619
8050,rf,1024,iterated_local_search,matched_seed_random_walk,1024,17.735035652186454,18.729852151235775,-0.9948164990493211
8050,rf,1024,simulated_annealing,matched_seed_random_walk,1024,17.585938904822335,18.729852151235775,-1.1439132464134403
8050,rf,1024,mutation_only_adalead,matched_seed_random_walk,1024,17.40877648805557,18.729852151235775,-1.3210756631802063
8050,rf,1024,mutation_only_ga,multi_start_hill_climb,1024,17.488846410539313,17.43611998635717,0.05272642418214346
8050,rf,1024,iterated_local_search,multi_start_hill_climb,1024,17.735035652186454,17.43611998635717,0.2989156658292842
8050,rf,1024,simulated_annealing,multi_start_hill_climb,1024,17.585938904822335,17.43611998635717,0.14981891846516504
8050,rf,1024,mutation_only_adalead,multi_start_hill_climb,1024,17.40877648805557,17.43611998635717,-0.027343498301600988
8050,rf,1024,mutation_only_ga,multi_start_beam,1024,17.488846410539313,17.878689979031638,-0.38984356849232427
8051,xgb,1024,multi_start_hill_climb,matched_seed_random_walk,1024,6.8984155513071475,9.215299520587525,-2.3168839692803775
8051,xgb,1024,multi_start_beam,matched_seed_random_walk,1024,9.215299520587525,9.215299520587525,0.0
8051,xgb,1024,mutation_only_ga,matched_seed_random_walk,1024,5.60826308720857,9.215299520587525,-3.607036433378955
8051,xgb,1024,iterated_local_search,matched_seed_random_walk,1024,7.762919723931256,9.215299520587525,-1.4523797966562686
8051,xgb,1024,simulated_annealing,matched_seed_random_walk,1024,7.150502774038657,9.215299520587525,-2.0647967465488684
8051,xgb,1024,mutation_only_adalead,matched_seed_random_walk,169,5.60826308720857,10.84122722576981,-5.23296413856124
8051,xgb,1024,mutation_only_ga,multi_start_hill_climb,1024,5.60826308720857,6.8984155513071475,-1.2901524640985773
8051,xgb,1024,iterated_local_search,multi_start_hill_climb,1024,7.762919723931256,6.8984155513071475,0.864504172624109
8051,xgb,1024,simulated_annealing,multi_start_hill_climb,1024,7.150502774038657,6.8984155513071475,0.2520872227315092
8051,xgb,1024,mutation_only_adalead,multi_start_hill_climb,169,5.60826308720857,8.545691994011097,-2.937428906802527
8051,xgb,1024,mutation_only_ga,multi_start_beam,1024,5.60826308720857,9.215299520587525,-3.607036433378955
8051,rf,1024,multi_start_hill_climb,matched_seed_random_walk,1024,17.008320799729493,17.726149375321707,-0.7178285755922147
8051,rf,1024,multi_start_beam,matched_seed_random_walk,1024,17.88883746801824,17.726149375321707,0.16268809269653417
8051,rf,1024,mutation_only_ga,matched_seed_random_walk,1024,16.941593730611416,17.726149375321707,-0.7845556447102915
8051,rf,1024,iterated_local_search,matched_seed_random_walk,1024,17.684897670915785,17.726149375321707,-0.04125170440592285
8051,rf,1024,simulated_annealing,matched_seed_random_walk,1024,17.642111805389685,17.726149375321707,-0.08403756993202194
8051,rf,1024,mutation_only_adalead,matched_seed_random_walk,1024,16.860603077213735,17.726149375321707,-0.8655462981079722
8051,rf,1024,mutation_only_ga,multi_start_hill_climb,1024,16.941593730611416,17.008320799729493,-0.0667270691180768
8051,rf,1024,iterated_local_search,multi_start_hill_climb,1024,17.684897670915785,17.008320799729493,0.6765768711862918
8051,rf,1024,simulated_annealing,multi_start_hill_climb,1024,17.642111805389685,17.008320799729493,0.6337910056601928
8051,rf,1024,mutation_only_adalead,multi_start_hill_climb,1024,16.860603077213735,17.008320799729493,-0.14771772251575754
8051,rf,1024,mutation_only_ga,multi_start_beam,1024,16.941593730611416,17.88883746801824,-0.9472437374068257
8052,xgb,1024,multi_start_hill_climb,matched_seed_random_walk,1024,8.656432273316117,12.768497461131817,-4.1120651878157
8052,xgb,1024,multi_start_beam,matched_seed_random_walk,1023,9.767636053398387,12.768497461131817,-3.0008614077334297
8052,xgb,1024,mutation_only_ga,matched_seed_random_walk,1024,8.857653804145814,12.768497461131817,-3.9108436569860032
8052,xgb,1024,iterated_local_search,matched_seed_random_walk,1024,10.058651063871153,12.768497461131817,-2.709846397260664
8052,xgb,1024,simulated_annealing,matched_seed_random_walk,1024,8.493419235874804,12.768497461131817,-4.275078225257014
8052,xgb,1024,mutation_only_adalead,matched_seed_random_walk,315,7.741134089733097,13.047810969548426,-5.3066768798153285
8052,xgb,1024,mutation_only_ga,multi_start_hill_climb,1024,8.857653804145814,8.656432273316117,0.20122153082969696
8052,xgb,1024,iterated_local_search,multi_start_hill_climb,1024,10.058651063871153,8.656432273316117,1.402218790555036
8052,xgb,1024,simulated_annealing,multi_start_hill_climb,1024,8.493419235874804,8.656432273316117,-0.16301303744131346
8052,xgb,1024,mutation_only_adalead,multi_start_hill_climb,315,7.741134089733097,8.656432273316117,-0.9152981835830198
8052,xgb,1024,mutation_only_ga,multi_start_beam,1023,8.857653804145814,9.767636053398387,-0.9099822492525735
8052,rf,1024,multi_start_hill_climb,matched_seed_random_walk,1024,18.70392344675912,19.85706624856872,-1.1531428018096008
8052,rf,1024,multi_start_beam,matched_seed_random_walk,1023,19.09351934017701,19.85706624856872,-0.7635469083917101
8052,rf,1024,mutation_only_ga,matched_seed_random_walk,793,18.70392344675912,20.004679324050134,-1.3007558772910137
8052,rf,1024,iterated_local_search,matched_seed_random_walk,1024,18.70392344675912,19.85706624856872,-1.1531428018096008
8052,rf,1024,simulated_annealing,matched_seed_random_walk,1024,19.164695082208997,19.85706624856872,-0.6923711663597238
8052,rf,1024,mutation_only_adalead,matched_seed_random_walk,1024,18.70392344675912,19.85706624856872,-1.1531428018096008
8052,rf,1024,mutation_only_ga,multi_start_hill_climb,793,18.70392344675912,18.70392344675912,0.0
8052,rf,1024,iterated_local_search,multi_start_hill_climb,1024,18.70392344675912,18.70392344675912,0.0
8052,rf,1024,simulated_annealing,multi_start_hill_climb,1024,19.164695082208997,18.70392344675912,0.460771635449877
8052,rf,1024,mutation_only_adalead,multi_start_hill_climb,1024,18.70392344675912,18.70392344675912,0.0
8052,rf,1024,mutation_only_ga,multi_start_beam,793,18.70392344675912,19.09351934017701,-0.3895958934178907
8053,xgb,1024,multi_start_hill_climb,matched_seed_random_walk,1024,3.2870428533248655,8.200363450937354,-4.913320597612489
8053,xgb,1024,multi_start_beam,matched_seed_random_walk,1024,5.039093323955398,8.200363450937354,-3.1612701269819565
8053,xgb,1024,mutation_only_ga,matched_seed_random_walk,1024,3.9311194386470376,8.200363450937354,-4.269244012290317
8053,xgb,1024,iterated_local_search,matched_seed_random_walk,1024,5.0973882329196245,8.200363450937354,-3.10297521801773
8053,xgb,1024,simulated_annealing,matched_seed_random_walk,1024,5.423509615688496,8.200363450937354,-2.7768538352488585
8053,xgb,1024,mutation_only_adalead,matched_seed_random_walk,170,3.2870428533248655,9.741279746845242,-6.454236893520377
8053,xgb,1024,mutation_only_ga,multi_start_hill_climb,1024,3.9311194386470376,3.2870428533248655,0.6440765853221722
8053,xgb,1024,iterated_local_search,multi_start_hill_climb,1024,5.0973882329196245,3.2870428533248655,1.810345379594759
8053,xgb,1024,simulated_annealing,multi_start_hill_climb,1024,5.423509615688496,3.2870428533248655,2.1364667623636304
8053,xgb,1024,mutation_only_adalead,multi_start_hill_climb,170,3.2870428533248655,12.043456686104836,-8.75641383277997
8053,xgb,1024,mutation_only_ga,multi_start_beam,1024,3.9311194386470376,5.039093323955398,-1.1079738853083603
8053,rf,1024,multi_start_hill_climb,matched_seed_random_walk,1024,16.260997821754607,17.491731543802675,-1.2307337220480683
8053,rf,1024,multi_start_beam,matched_seed_random_walk,1024,17.227655429003608,17.491731543802675,-0.26407611479906734
8053,rf,1024,mutation_only_ga,matched_seed_random_walk,1024,16.287744893032272,17.491731543802675,-1.2039866507704033
8053,rf,1024,iterated_local_search,matched_seed_random_walk,1024,16.2979743561134,17.491731543802675,-1.1937571876892754
8053,rf,1024,simulated_annealing,matched_seed_random_walk,1024,16.689880015539966,17.491731543802675,-0.8018515282627092
8053,rf,1024,mutation_only_adalead,matched_seed_random_walk,1024,16.458695649880493,17.491731543802675,-1.0330358939221824
8053,rf,1024,mutation_only_ga,multi_start_hill_climb,1024,16.287744893032272,16.260997821754607,0.026747071277664958
8053,rf,1024,iterated_local_search,multi_start_hill_climb,1024,16.2979743561134,16.260997821754607,0.03697653435879289
8053,rf,1024,simulated_annealing,multi_start_hill_climb,1024,16.689880015539966,16.260997821754607,0.4288821937853591
8053,rf,1024,mutation_only_adalead,multi_start_hill_climb,1024,16.458695649880493,16.260997821754607,0.19769782812588588
8053,rf,1024,mutation_only_ga,multi_start_beam,1024,16.287744893032272,17.227655429003608,-0.939910535971336
8054,xgb,1024,multi_start_hill_climb,matched_seed_random_walk,1024,8.08323354141435,10.1789511836678,-2.095717642253451
8054,xgb,1024,multi_start_beam,matched_seed_random_walk,1024,10.03561102296914,10.1789511836678,-0.14334016069865996
8054,xgb,1024,mutation_only_ga,matched_seed_random_walk,1024,8.803728730208558,10.1789511836678,-1.3752224534592425
8054,xgb,1024,iterated_local_search,matched_seed_random_walk,1024,10.03561102296914,10.1789511836678,-0.14334016069865996
8054,xgb,1024,simulated_annealing,matched_seed_random_walk,1024,7.817539827342164,10.1789511836678,-2.361411356325637
8054,xgb,1024,mutation_only_adalead,matched_seed_random_walk,170,6.982962178304781,10.1789511836678,-3.1959890053630193
8054,xgb,1024,mutation_only_ga,multi_start_hill_climb,1024,8.803728730208558,8.08323354141435,0.7204951887942084
8054,xgb,1024,iterated_local_search,multi_start_hill_climb,1024,10.03561102296914,8.08323354141435,1.952377481554791
8054,xgb,1024,simulated_annealing,multi_start_hill_climb,1024,7.817539827342164,8.08323354141435,-0.265693714072186
8054,xgb,1024,mutation_only_adalead,multi_start_hill_climb,170,6.982962178304781,11.61071096235552,-4.627748784050739
8054,xgb,1024,mutation_only_ga,multi_start_beam,1024,8.803728730208558,10.03561102296914,-1.2318822927605826
8054,rf,1024,multi_start_hill_climb,matched_seed_random_walk,1024,17.702285801345656,18.265495339121678,-0.5632095377760216
8054,rf,1024,multi_start_beam,matched_seed_random_walk,1023,17.716074519153096,18.265495339121678,-0.5494208199685815
8054,rf,1024,mutation_only_ga,matched_seed_random_walk,814,17.716074519153096,18.265495339121678,-0.5494208199685815
8054,rf,1024,iterated_local_search,matched_seed_random_walk,1024,17.716074519153096,18.265495339121678,-0.5494208199685815
8054,rf,1024,simulated_annealing,matched_seed_random_walk,1024,17.79265692736688,18.265495339121678,-0.4728384117547968
8054,rf,1024,mutation_only_adalead,matched_seed_random_walk,1024,17.715412953456507,18.265495339121678,-0.5500823856651706
8054,rf,1024,mutation_only_ga,multi_start_hill_climb,814,17.716074519153096,17.702285801345656,0.013788717807440065
8054,rf,1024,iterated_local_search,multi_start_hill_climb,1024,17.716074519153096,17.702285801345656,0.013788717807440065
8054,rf,1024,simulated_annealing,multi_start_hill_climb,1024,17.79265692736688,17.702285801345656,0.09037112602122477
8054,rf,1024,mutation_only_adalead,multi_start_hill_climb,1024,17.715412953456507,17.702285801345656,0.013127152110850915
8054,rf,1024,mutation_only_ga,multi_start_beam,814,17.716074519153096,17.716074519153096,0.0
8055,xgb,1024,multi_start_hill_climb,matched_seed_random_walk,1024,1.6881867708461076,5.7289369795018406,-4.040750208655733
8055,xgb,1024,multi_start_beam,matched_seed_random_walk,1024,3.7293120090681073,5.7289369795018406,-1.9996249704337332
8055,xgb,1024,mutation_only_ga,matched_seed_random_walk,1024,2.2848420398324136,5.7289369795018406,-3.444094939669427
8055,xgb,1024,iterated_local_search,matched_seed_random_walk,1024,4.92274602561047,5.7289369795018406,-0.8061909538913703
8055,xgb,1024,simulated_annealing,matched_seed_random_walk,1024,1.6189404527844353,5.7289369795018406,-4.1099965267174055
8055,xgb,1024,mutation_only_adalead,matched_seed_random_walk,297,1.6911925533532135,9.593503083540607,-7.902310530187394
8055,xgb,1024,mutation_only_ga,multi_start_hill_climb,1024,2.2848420398324136,1.6881867708461076,0.596655268986306
8055,xgb,1024,iterated_local_search,multi_start_hill_climb,1024,4.92274602561047,1.6881867708461076,3.2345592547643625
8055,xgb,1024,simulated_annealing,multi_start_hill_climb,1024,1.6189404527844353,1.6881867708461076,-0.06924631806167225
8055,xgb,1024,mutation_only_adalead,multi_start_hill_climb,297,1.6911925533532135,5.598223844074349,-3.9070312907211355
8055,xgb,1024,mutation_only_ga,multi_start_beam,1024,2.2848420398324136,3.7293120090681073,-1.4444699692356937
8055,rf,1024,multi_start_hill_climb,matched_seed_random_walk,1024,14.949141988411471,15.76785397937531,-0.8187119909638394
8055,rf,1024,multi_start_beam,matched_seed_random_walk,1024,15.2595192751216,15.76785397937531,-0.508334704253711
8055,rf,1024,mutation_only_ga,matched_seed_random_walk,1022,14.949141988411471,15.76785397937531,-0.8187119909638394
8055,rf,1024,iterated_local_search,matched_seed_random_walk,1024,15.193177060638691,15.76785397937531,-0.5746769187366194
8055,rf,1024,simulated_annealing,matched_seed_random_walk,1024,15.221487836247716,15.76785397937531,-0.5463661431275941
8055,rf,1024,mutation_only_adalead,matched_seed_random_walk,1024,14.949141988411471,15.76785397937531,-0.8187119909638394
8055,rf,1024,mutation_only_ga,multi_start_hill_climb,1022,14.949141988411471,14.949141988411471,0.0
8055,rf,1024,iterated_local_search,multi_start_hill_climb,1024,15.193177060638691,14.949141988411471,0.24403507222721998
8055,rf,1024,simulated_annealing,multi_start_hill_climb,1024,15.221487836247716,14.949141988411471,0.27234584783624527
8055,rf,1024,mutation_only_adalead,multi_start_hill_climb,1024,14.949141988411471,14.949141988411471,0.0
8055,rf,1024,mutation_only_ga,multi_start_beam,1022,14.949141988411471,15.2595192751216,-0.31037728671012843
8056,xgb,1024,multi_start_hill_climb,matched_seed_random_walk,1024,11.294181793129841,11.997567651724896,-0.7033858585950554
8056,xgb,1024,multi_start_beam,matched_seed_random_walk,1024,9.25364028380377,11.997567651724896,-2.743927367921126
8056,xgb,1024,mutation_only_ga,matched_seed_random_walk,1024,7.077652483404921,11.997567651724896,-4.919915168319975
8056,xgb,1024,iterated_local_search,matched_seed_random_walk,1024,11.260048072625205,11.997567651724896,-0.7375195790996916
8056,xgb,1024,simulated_annealing,matched_seed_random_walk,1024,8.549734354544405,11.997567651724896,-3.447833297180491
8056,xgb,1024,mutation_only_adalead,matched_seed_random_walk,866,7.077652483404921,11.997567651724896,-4.919915168319975
8056,xgb,1024,mutation_only_ga,multi_start_hill_climb,1024,7.077652483404921,11.294181793129841,-4.21652930972492
8056,xgb,1024,iterated_local_search,multi_start_hill_climb,1024,11.260048072625205,11.294181793129841,-0.034133720504636145
8056,xgb,1024,simulated_annealing,multi_start_hill_climb,1024,8.549734354544405,11.294181793129841,-2.7444474385854356
8056,xgb,1024,mutation_only_adalead,multi_start_hill_climb,866,7.077652483404921,11.294181793129841,-4.21652930972492
8056,xgb,1024,mutation_only_ga,multi_start_beam,1024,7.077652483404921,9.25364028380377,-2.1759878003988495
8056,rf,1024,multi_start_hill_climb,matched_seed_random_walk,1024,18.56565447224817,19.058880229428485,-0.4932257571803156
8056,rf,1024,multi_start_beam,matched_seed_random_walk,1024,18.841573142205174,19.058880229428485,-0.21730708722331116
8056,rf,1024,mutation_only_ga,matched_seed_random_walk,1024,18.651839462924936,19.058880229428485,-0.4070407665035489
8056,rf,1024,iterated_local_search,matched_seed_random_walk,1024,18.87613388487438,19.058880229428485,-0.1827463445541042
8056,rf,1024,simulated_annealing,matched_seed_random_walk,1024,19.07825240552584,19.058880229428485,0.019372176097355975
8056,rf,1024,mutation_only_adalead,matched_seed_random_walk,1024,18.672807405698478,19.058880229428485,-0.3860728237300073
8056,rf,1024,mutation_only_ga,multi_start_hill_climb,1024,18.651839462924936,18.56565447224817,0.08618499067676666
8056,rf,1024,iterated_local_search,multi_start_hill_climb,1024,18.87613388487438,18.56565447224817,0.31047941262621137
8056,rf,1024,simulated_annealing,multi_start_hill_climb,1024,19.07825240552584,18.56565447224817,0.5125979332776716
8056,rf,1024,mutation_only_adalead,multi_start_hill_climb,1024,18.672807405698478,18.56565447224817,0.1071529334503083
8056,rf,1024,mutation_only_ga,multi_start_beam,1024,18.651839462924936,18.841573142205174,-0.18973367928023777
8057,xgb,1024,multi_start_hill_climb,matched_seed_random_walk,1024,3.3742864144308107,9.045975521197196,-5.671689106766385
8057,xgb,1024,multi_start_beam,matched_seed_random_walk,1023,7.683051995807174,9.045975521197196,-1.3629235253900216
8057,xgb,1024,mutation_only_ga,matched_seed_random_walk,1024,2.5012034601231,9.045975521197196,-6.544772061074096
8057,xgb,1024,iterated_local_search,matched_seed_random_walk,1024,8.069488847517992,9.045975521197196,-0.9764866736792044
8057,xgb,1024,simulated_annealing,matched_seed_random_walk,1024,4.03080282165403,9.045975521197196,-5.015172699543166
8057,xgb,1024,mutation_only_adalead,matched_seed_random_walk,374,3.3742864144308107,9.045975521197196,-5.671689106766385
8057,xgb,1024,mutation_only_ga,multi_start_hill_climb,1024,2.5012034601231,3.3742864144308107,-0.8730829543077108
8057,xgb,1024,iterated_local_search,multi_start_hill_climb,1024,8.069488847517992,3.3742864144308107,4.69520243308718
8057,xgb,1024,simulated_annealing,multi_start_hill_climb,1024,4.03080282165403,3.3742864144308107,0.656516407223219
8057,xgb,1024,mutation_only_adalead,multi_start_hill_climb,374,3.3742864144308107,4.03080282165403,-0.656516407223219
8057,xgb,1024,mutation_only_ga,multi_start_beam,1023,2.5012034601231,7.683051995807174,-5.181848535684074
8057,rf,1024,multi_start_hill_climb,matched_seed_random_walk,1024,17.355067742966554,18.34146631379318,-0.9863985708266263
8057,rf,1024,multi_start_beam,matched_seed_random_walk,1024,17.779364507955563,18.34146631379318,-0.5621018058376173
8057,rf,1024,mutation_only_ga,matched_seed_random_walk,1024,17.767553382817315,18.34146631379318,-0.5739129309758653
8057,rf,1024,iterated_local_search,matched_seed_random_walk,1024,18.301035182030247,18.34146631379318,-0.04043113176293289
8057,rf,1024,simulated_annealing,matched_seed_random_walk,1024,17.74226563805786,18.34146631379318,-0.5992006757353217
8057,rf,1024,mutation_only_adalead,matched_seed_random_walk,1024,17.355067742966554,18.34146631379318,-0.9863985708266263
8057,rf,1024,mutation_only_ga,multi_start_hill_climb,1024,17.767553382817315,17.355067742966554,0.41248563985076103
8057,rf,1024,iterated_local_search,multi_start_hill_climb,1024,18.301035182030247,17.355067742966554,0.9459674390636934
8057,rf,1024,simulated_annealing,multi_start_hill_climb,1024,17.74226563805786,17.355067742966554,0.38719789509130464
8057,rf,1024,mutation_only_adalead,multi_start_hill_climb,1024,17.355067742966554,17.355067742966554,0.0
8057,rf,1024,mutation_only_ga,multi_start_beam,1024,17.767553382817315,17.779364507955563,-0.011811125138248002
8058,xgb,1024,multi_start_hill_climb,matched_seed_random_walk,1024,-2.63327763146108,3.581759270235517,-6.215036901696597
8058,xgb,1024,multi_start_beam,matched_seed_random_walk,1024,3.375123637635401,3.581759270235517,-0.2066356326001162
8058,xgb,1024,mutation_only_ga,matched_seed_random_walk,1024,-0.568162375441859,3.581759270235517,-4.1499216456773755
8058,xgb,1024,iterated_local_search,matched_seed_random_walk,1024,3.581759270235517,3.581759270235517,0.0
8058,xgb,1024,simulated_annealing,matched_seed_random_walk,1024,0.6269083614761211,3.581759270235517,-2.954850908759396
8058,xgb,1024,mutation_only_adalead,matched_seed_random_walk,241,-2.63327763146108,3.581759270235517,-6.215036901696597
8058,xgb,1024,mutation_only_ga,multi_start_hill_climb,1024,-0.568162375441859,-2.63327763146108,2.065115256019221
8058,xgb,1024,iterated_local_search,multi_start_hill_climb,1024,3.581759270235517,-2.63327763146108,6.215036901696597
8058,xgb,1024,simulated_annealing,multi_start_hill_climb,1024,0.6269083614761211,-2.63327763146108,3.260185992937201
8058,xgb,1024,mutation_only_adalead,multi_start_hill_climb,241,-2.63327763146108,3.519732160006712,-6.153009791467792
8058,xgb,1024,mutation_only_ga,multi_start_beam,1024,-0.568162375441859,3.375123637635401,-3.94328601307726
8058,rf,1024,multi_start_hill_climb,matched_seed_random_walk,1024,16.108207770768942,17.220208503732955,-1.1120007329640131
8058,rf,1024,multi_start_beam,matched_seed_random_walk,1023,17.102578652321913,17.220208503732955,-0.1176298514110421
8058,rf,1024,mutation_only_ga,matched_seed_random_walk,1023,16.422633780165395,17.220208503732955,-0.7975747235675605
8058,rf,1024,iterated_local_search,matched_seed_random_walk,1024,16.59416086862429,17.220208503732955,-0.6260476351086659
8058,rf,1024,simulated_annealing,matched_seed_random_walk,1024,16.411199870301097,17.220208503732955,-0.8090086334318585
8058,rf,1024,mutation_only_adalead,matched_seed_random_walk,1024,16.353728950574546,17.220208503732955,-0.8664795531584097
8058,rf,1024,mutation_only_ga,multi_start_hill_climb,1023,16.422633780165395,16.108207770768942,0.3144260093964526
8058,rf,1024,iterated_local_search,multi_start_hill_climb,1024,16.59416086862429,16.108207770768942,0.48595309785534724
8058,rf,1024,simulated_annealing,multi_start_hill_climb,1024,16.411199870301097,16.108207770768942,0.30299209953215467
8058,rf,1024,mutation_only_adalead,multi_start_hill_climb,1024,16.353728950574546,16.108207770768942,0.2455211798056034
8058,rf,1024,mutation_only_ga,multi_start_beam,1023,16.422633780165395,17.102578652321913,-0.6799448721565184
8059,xgb,1024,multi_start_hill_climb,matched_seed_random_walk,1024,4.573565646525873,10.110332748419598,-5.536767101893725
8059,xgb,1024,multi_start_beam,matched_seed_random_walk,1024,8.567992295243638,10.110332748419598,-1.5423404531759601
8059,xgb,1024,mutation_only_ga,matched_seed_random_walk,1022,4.829243905211074,10.110332748419598,-5.281088843208524
8059,xgb,1024,iterated_local_search,matched_seed_random_walk,1024,8.097252064254288,10.110332748419598,-2.0130806841653097
8059,xgb,1024,simulated_annealing,matched_seed_random_walk,1024,4.829243905211074,10.110332748419598,-5.281088843208524
8059,xgb,1024,mutation_only_adalead,matched_seed_random_walk,283,4.829243905211074,10.30682730400981,-5.4775833987987355
8059,xgb,1024,mutation_only_ga,multi_start_hill_climb,1022,4.829243905211074,4.573565646525873,0.2556782586852009
8059,xgb,1024,iterated_local_search,multi_start_hill_climb,1024,8.097252064254288,4.573565646525873,3.523686417728415
8059,xgb,1024,simulated_annealing,multi_start_hill_climb,1024,4.829243905211074,4.573565646525873,0.2556782586852009
8059,xgb,1024,mutation_only_adalead,multi_start_hill_climb,283,4.829243905211074,4.573565646525873,0.2556782586852009
8059,xgb,1024,mutation_only_ga,multi_start_beam,1022,4.829243905211074,8.567992295243638,-3.7387483900325638
8059,rf,1024,multi_start_hill_climb,matched_seed_random_walk,1024,17.892228541567263,18.139831458478046,-0.2476029169107825
8059,rf,1024,multi_start_beam,matched_seed_random_walk,1024,17.97667390179738,18.139831458478046,-0.163157556680666
8059,rf,1024,mutation_only_ga,matched_seed_random_walk,1024,17.79392712327078,18.139831458478046,-0.3459043352072655
8059,rf,1024,iterated_local_search,matched_seed_random_walk,1024,17.97667390179738,18.139831458478046,-0.163157556680666
8059,rf,1024,simulated_annealing,matched_seed_random_walk,1024,17.79392712327078,18.139831458478046,-0.3459043352072655
8059,rf,1024,mutation_only_adalead,matched_seed_random_walk,1024,17.79392712327078,18.139831458478046,-0.3459043352072655
8059,rf,1024,mutation_only_ga,multi_start_hill_climb,1024,17.79392712327078,17.892228541567263,-0.09830141829648298
8059,rf,1024,iterated_local_search,multi_start_hill_climb,1024,17.97667390179738,17.892228541567263,0.0844453602301165
8059,rf,1024,simulated_annealing,multi_start_hill_climb,1024,17.79392712327078,17.892228541567263,-0.09830141829648298
8059,rf,1024,mutation_only_adalead,multi_start_hill_climb,1024,17.79392712327078,17.892228541567263,-0.09830141829648298
8059,rf,1024,mutation_only_ga,multi_start_beam,1024,17.79392712327078,17.97667390179738,-0.18274677852659948
8060,xgb,1024,multi_start_hill_climb,matched_seed_random_walk,1024,5.469724371192984,10.182690895952007,-4.712966524759023
8060,xgb,1024,multi_start_beam,matched_seed_random_walk,1024,7.393510097427416,10.182690895952007,-2.7891807985245904
8060,xgb,1024,mutation_only_ga,matched_seed_random_walk,1024,5.469724371192984,10.182690895952007,-4.712966524759023
8060,xgb,1024,iterated_local_search,matched_seed_random_walk,1024,9.393190453671156,10.182690895952007,-0.7895004422808505
8060,xgb,1024,simulated_annealing,matched_seed_random_walk,1024,5.469724371192984,10.182690895952007,-4.712966524759023
8060,xgb,1024,mutation_only_adalead,matched_seed_random_walk,353,6.33742261066782,10.182690895952007,-3.8452682852841864
8060,xgb,1024,mutation_only_ga,multi_start_hill_climb,1024,5.469724371192984,5.469724371192984,0.0
8060,xgb,1024,iterated_local_search,multi_start_hill_climb,1024,9.393190453671156,5.469724371192984,3.923466082478172
8060,xgb,1024,simulated_annealing,multi_start_hill_climb,1024,5.469724371192984,5.469724371192984,0.0
8060,xgb,1024,mutation_only_adalead,multi_start_hill_climb,353,6.33742261066782,8.711761662558049,-2.374339051890228
8060,xgb,1024,mutation_only_ga,multi_start_beam,1024,5.469724371192984,7.393510097427416,-1.9237857262344322
8060,rf,1024,multi_start_hill_climb,matched_seed_random_walk,1024,16.8560833391076,17.811028839712826,-0.954945500605227
8060,rf,1024,multi_start_beam,matched_seed_random_walk,1024,17.57063110481944,17.811028839712826,-0.240397734893385
8060,rf,1024,mutation_only_ga,matched_seed_random_walk,1023,17.19095051723555,17.811028839712826,-0.6200783224772763
8060,rf,1024,iterated_local_search,matched_seed_random_walk,1024,17.50800796011788,17.811028839712826,-0.3030208795949463
8060,rf,1024,simulated_annealing,matched_seed_random_walk,1024,17.611203438485305,17.811028839712826,-0.19982540122752113
8060,rf,1024,mutation_only_adalead,matched_seed_random_walk,1024,16.651980593344618,17.811028839712826,-1.159048246368208
8060,rf,1024,mutation_only_ga,multi_start_hill_climb,1023,17.19095051723555,16.8560833391076,0.33486717812795064
8060,rf,1024,iterated_local_search,multi_start_hill_climb,1024,17.50800796011788,16.8560833391076,0.6519246210102807
8060,rf,1024,simulated_annealing,multi_start_hill_climb,1024,17.611203438485305,16.8560833391076,0.7551200993777059
8060,rf,1024,mutation_only_adalead,multi_start_hill_climb,1024,16.651980593344618,16.8560833391076,-0.20410274576298093
8060,rf,1024,mutation_only_ga,multi_start_beam,1023,17.19095051723555,17.57063110481944,-0.37968058758389134
8061,xgb,1024,multi_start_hill_climb,matched_seed_random_walk,1024,3.9078016402107303,9.534548480356042,-5.626746840145312
8061,xgb,1024,multi_start_beam,matched_seed_random_walk,1020,5.649884766910962,9.534548480356042,-3.8846637134450797
8061,xgb,1024,mutation_only_ga,matched_seed_random_walk,1022,2.553525154033979,9.534548480356042,-6.981023326322063
8061,xgb,1024,iterated_local_search,matched_seed_random_walk,1024,5.649884766910962,9.534548480356042,-3.8846637134450797
8061,xgb,1024,simulated_annealing,matched_seed_random_walk,1024,3.9078016402107303,9.534548480356042,-5.626746840145312
8061,xgb,1024,mutation_only_adalead,matched_seed_random_walk,371,2.008553446995066,9.534548480356042,-7.525995033360976
8061,xgb,1024,mutation_only_ga,multi_start_hill_climb,1022,2.553525154033979,3.9078016402107303,-1.3542764861767513
8061,xgb,1024,iterated_local_search,multi_start_hill_climb,1024,5.649884766910962,3.9078016402107303,1.7420831267002321
8061,xgb,1024,simulated_annealing,multi_start_hill_climb,1024,3.9078016402107303,3.9078016402107303,0.0
8061,xgb,1024,mutation_only_adalead,multi_start_hill_climb,371,2.008553446995066,5.649884766910962,-3.6413313199158965
8061,xgb,1024,mutation_only_ga,multi_start_beam,1020,2.553525154033979,5.649884766910962,-3.0963596128769835
8061,rf,1024,multi_start_hill_climb,matched_seed_random_walk,1024,16.526372489052793,16.767124280513794,-0.24075179146100112
8061,rf,1024,multi_start_beam,matched_seed_random_walk,1019,16.288115745649513,16.767124280513794,-0.4790085348642812
8061,rf,1024,mutation_only_ga,matched_seed_random_walk,687,16.267560747375022,16.825065661832873,-0.5575049144578514
8061,rf,1024,iterated_local_search,matched_seed_random_walk,1024,16.267560747375022,16.767124280513794,-0.49956353313877244
8061,rf,1024,simulated_annealing,matched_seed_random_walk,1024,16.592428906981368,16.767124280513794,-0.17469537353242615
8061,rf,1024,mutation_only_adalead,matched_seed_random_walk,1024,16.267560747375022,16.767124280513794,-0.49956353313877244
8061,rf,1024,mutation_only_ga,multi_start_hill_climb,687,16.267560747375022,16.526372489052793,-0.2588117416777713
8061,rf,1024,iterated_local_search,multi_start_hill_climb,1024,16.267560747375022,16.526372489052793,-0.2588117416777713
8061,rf,1024,simulated_annealing,multi_start_hill_climb,1024,16.592428906981368,16.526372489052793,0.06605641792857497
8061,rf,1024,mutation_only_adalead,multi_start_hill_climb,1024,16.267560747375022,16.526372489052793,-0.2588117416777713
8061,rf,1024,mutation_only_ga,multi_start_beam,687,16.267560747375022,16.288115745649513,-0.020554998274491254
8062,xgb,1024,multi_start_hill_climb,matched_seed_random_walk,1024,1.7628236588219082,7.263925708118327,-5.501102049296419
8062,xgb,1024,multi_start_beam,matched_seed_random_walk,1024,4.919557453685689,7.263925708118327,-2.344368254432638
8062,xgb,1024,mutation_only_ga,matched_seed_random_walk,1024,3.3009475849177456,7.263925708118327,-3.9629781232005814
8062,xgb,1024,iterated_local_search,matched_seed_random_walk,1024,6.431370510640939,7.263925708118327,-0.8325551974773884
8062,xgb,1024,simulated_annealing,matched_seed_random_walk,1024,3.711349070761986,7.263925708118327,-3.552576637356341
8062,xgb,1024,mutation_only_adalead,matched_seed_random_walk,465,6.842159905450194,7.451414216026822,-0.6092543105766284
8062,xgb,1024,mutation_only_ga,multi_start_hill_climb,1024,3.3009475849177456,1.7628236588219082,1.5381239260958375
8062,xgb,1024,iterated_local_search,multi_start_hill_climb,1024,6.431370510640939,1.7628236588219082,4.6685468518190305
8062,xgb,1024,simulated_annealing,multi_start_hill_climb,1024,3.711349070761986,1.7628236588219082,1.9485254119400777
8062,xgb,1024,mutation_only_adalead,multi_start_hill_climb,465,6.842159905450194,4.313283490923949,2.528876414526245
8062,xgb,1024,mutation_only_ga,multi_start_beam,1024,3.3009475849177456,4.919557453685689,-1.6186098687679435
8062,rf,1024,multi_start_hill_climb,matched_seed_random_walk,1024,17.592104951479037,18.22729784055368,-0.6351928890746414
8062,rf,1024,multi_start_beam,matched_seed_random_walk,1021,17.943531174648868,18.22729784055368,-0.28376666590481037
8062,rf,1024,mutation_only_ga,matched_seed_random_walk,920,17.537287032757988,18.22729784055368,-0.6900108077956908
8062,rf,1024,iterated_local_search,matched_seed_random_walk,1024,17.943531174648868,18.22729784055368,-0.28376666590481037
8062,rf,1024,simulated_annealing,matched_seed_random_walk,1024,17.943531174648868,18.22729784055368,-0.28376666590481037
8062,rf,1024,mutation_only_adalead,matched_seed_random_walk,1024,17.462619383288253,18.22729784055368,-0.7646784572654255
8062,rf,1024,mutation_only_ga,multi_start_hill_climb,920,17.537287032757988,17.592104951479037,-0.05481791872104935
8062,rf,1024,iterated_local_search,multi_start_hill_climb,1024,17.943531174648868,17.592104951479037,0.3514262231698311
8062,rf,1024,simulated_annealing,multi_start_hill_climb,1024,17.943531174648868,17.592104951479037,0.3514262231698311
8062,rf,1024,mutation_only_adalead,multi_start_hill_climb,1024,17.462619383288253,17.592104951479037,-0.12948556819078405
8062,rf,1024,mutation_only_ga,multi_start_beam,920,17.537287032757988,17.943531174648868,-0.40624414189088043
8063,xgb,1024,multi_start_hill_climb,matched_seed_random_walk,1024,3.141743409554136,6.078271744395936,-2.9365283348418
8063,xgb,1024,multi_start_beam,matched_seed_random_walk,1024,3.6175292873892113,6.078271744395936,-2.4607424570067247
8063,xgb,1024,mutation_only_ga,matched_seed_random_walk,1024,4.5677668532317615,6.078271744395936,-1.5105048911641745
8063,xgb,1024,iterated_local_search,matched_seed_random_walk,1024,6.59089687727329,6.078271744395936,0.5126251328773543
8063,xgb,1024,simulated_annealing,matched_seed_random_walk,1024,3.4640378424008054,6.078271744395936,-2.6142339019951306
8063,xgb,1024,mutation_only_adalead,matched_seed_random_walk,352,2.990926441692929,6.59089687727329,-3.5999704355803614
8063,xgb,1024,mutation_only_ga,multi_start_hill_climb,1024,4.5677668532317615,3.141743409554136,1.4260234436776256
8063,xgb,1024,iterated_local_search,multi_start_hill_climb,1024,6.59089687727329,3.141743409554136,3.4491534677191544
8063,xgb,1024,simulated_annealing,multi_start_hill_climb,1024,3.4640378424008054,3.141743409554136,0.3222944328466695
8063,xgb,1024,mutation_only_adalead,multi_start_hill_climb,352,2.990926441692929,4.653420326237468,-1.662493884544539
8063,xgb,1024,mutation_only_ga,multi_start_beam,1024,4.5677668532317615,3.6175292873892113,0.9502375658425501
8063,rf,1024,multi_start_hill_climb,matched_seed_random_walk,1024,16.995565410694315,17.85796589614753,-0.8624004854532146
8063,rf,1024,multi_start_beam,matched_seed_random_walk,1024,17.85796589614753,17.85796589614753,0.0
8063,rf,1024,mutation_only_ga,matched_seed_random_walk,1024,17.209596503762906,17.85796589614753,-0.6483693923846232
8063,rf,1024,iterated_local_search,matched_seed_random_walk,1024,17.59175806968458,17.85796589614753,-0.26620782646294927
8063,rf,1024,simulated_annealing,matched_seed_random_walk,1024,17.55197721412773,17.85796589614753,-0.3059886820197981
8063,rf,1024,mutation_only_adalead,matched_seed_random_walk,1024,16.995565410694315,17.85796589614753,-0.8624004854532146
8063,rf,1024,mutation_only_ga,multi_start_hill_climb,1024,17.209596503762906,16.995565410694315,0.21403109306859136
8063,rf,1024,iterated_local_search,multi_start_hill_climb,1024,17.59175806968458,16.995565410694315,0.5961926589902653
8063,rf,1024,simulated_annealing,multi_start_hill_climb,1024,17.55197721412773,16.995565410694315,0.5564118034334165
8063,rf,1024,mutation_only_adalead,multi_start_hill_climb,1024,16.995565410694315,16.995565410694315,0.0
8063,rf,1024,mutation_only_ga,multi_start_beam,1024,17.209596503762906,17.85796589614753,-0.6483693923846232
8064,xgb,1024,multi_start_hill_climb,matched_seed_random_walk,1024,5.844383408779748,8.255105408969658,-2.41072200018991
8064,xgb,1024,multi_start_beam,matched_seed_random_walk,1024,7.721399795543266,8.255105408969658,-0.5337056134263927
8064,xgb,1024,mutation_only_ga,matched_seed_random_walk,1024,5.238935534960303,8.255105408969658,-3.016169874009355
8064,xgb,1024,iterated_local_search,matched_seed_random_walk,1024,8.255105408969658,8.255105408969658,0.0
8064,xgb,1024,simulated_annealing,matched_seed_random_walk,1024,5.11133605684947,8.255105408969658,-3.143769352120189
8064,xgb,1024,mutation_only_adalead,matched_seed_random_walk,128,9.044752498964895,9.953279548231592,-0.9085270492666968
8064,xgb,1024,mutation_only_ga,multi_start_hill_climb,1024,5.238935534960303,5.844383408779748,-0.6054478738194451
8064,xgb,1024,iterated_local_search,multi_start_hill_climb,1024,8.255105408969658,5.844383408779748,2.41072200018991
8064,xgb,1024,simulated_annealing,multi_start_hill_climb,1024,5.11133605684947,5.844383408779748,-0.7330473519302787
8064,xgb,1024,mutation_only_adalead,multi_start_hill_climb,128,9.044752498964895,13.019741423149094,-3.974988924184199
8064,xgb,1024,mutation_only_ga,multi_start_beam,1024,5.238935534960303,7.721399795543266,-2.4824642605829625
8064,rf,1024,multi_start_hill_climb,matched_seed_random_walk,1024,16.637979661259415,17.63033799634803,-0.992358335088614
8064,rf,1024,multi_start_beam,matched_seed_random_walk,1024,17.370394963825824,17.63033799634803,-0.2599430325222052
8064,rf,1024,mutation_only_ga,matched_seed_random_walk,1024,16.921603170627208,17.63033799634803,-0.7087348257208212
8064,rf,1024,iterated_local_search,matched_seed_random_walk,1024,17.63033799634803,17.63033799634803,0.0
8064,rf,1024,simulated_annealing,matched_seed_random_walk,1024,16.938449042071714,17.63033799634803,-0.6918889542763154
8064,rf,1024,mutation_only_adalead,matched_seed_random_walk,1024,16.637979661259415,17.63033799634803,-0.992358335088614
8064,rf,1024,mutation_only_ga,multi_start_hill_climb,1024,16.921603170627208,16.637979661259415,0.2836235093677928
8064,rf,1024,iterated_local_search,multi_start_hill_climb,1024,17.63033799634803,16.637979661259415,0.992358335088614
8064,rf,1024,simulated_annealing,multi_start_hill_climb,1024,16.938449042071714,16.637979661259415,0.3004693808122987
8064,rf,1024,mutation_only_adalead,multi_start_hill_climb,1024,16.637979661259415,16.637979661259415,0.0
8064,rf,1024,mutation_only_ga,multi_start_beam,1024,16.921603170627208,17.370394963825824,-0.44879179319861606
8065,xgb,1024,multi_start_hill_climb,matched_seed_random_walk,1024,1.8416458186482672,6.170886523319888,-4.329240704671621
8065,xgb,1024,multi_start_beam,matched_seed_random_walk,1024,3.7308947092293243,6.170886523319888,-2.439991814090564
8065,xgb,1024,mutation_only_ga,matched_seed_random_walk,1012,2.0877498510572234,6.170886523319888,-4.083136672262665
8065,xgb,1024,iterated_local_search,matched_seed_random_walk,1024,4.5038511594331,6.170886523319888,-1.6670353638867885
8065,xgb,1024,simulated_annealing,matched_seed_random_walk,1024,3.9079749460601185,6.170886523319888,-2.2629115772597697
8065,xgb,1024,mutation_only_adalead,matched_seed_random_walk,440,2.385717890665363,6.80461418988005,-4.418896299214687
8065,xgb,1024,mutation_only_ga,multi_start_hill_climb,1012,2.0877498510572234,1.8416458186482672,0.24610403240895629
8065,xgb,1024,iterated_local_search,multi_start_hill_climb,1024,4.5038511594331,1.8416458186482672,2.6622053407848325
8065,xgb,1024,simulated_annealing,multi_start_hill_climb,1024,3.9079749460601185,1.8416458186482672,2.0663291274118514
8065,xgb,1024,mutation_only_adalead,multi_start_hill_climb,440,2.385717890665363,3.1481054625572704,-0.7623875718919075
8065,xgb,1024,mutation_only_ga,multi_start_beam,1012,2.0877498510572234,3.7308947092293243,-1.6431448581721009
8065,rf,1024,multi_start_hill_climb,matched_seed_random_walk,1024,15.929173619914005,16.581263782016872,-0.6520901621028674
8065,rf,1024,multi_start_beam,matched_seed_random_walk,1024,15.929173619914005,16.581263782016872,-0.6520901621028674
8065,rf,1024,mutation_only_ga,matched_seed_random_walk,1024,15.940300919855163,16.581263782016872,-0.6409628621617092
8065,rf,1024,iterated_local_search,matched_seed_random_walk,1024,15.929173619914005,16.581263782016872,-0.6520901621028674
8065,rf,1024,simulated_annealing,matched_seed_random_walk,1024,15.986530072383253,16.581263782016872,-0.5947337096336192
8065,rf,1024,mutation_only_adalead,matched_seed_random_walk,1024,15.929173619914005,16.581263782016872,-0.6520901621028674
8065,rf,1024,mutation_only_ga,multi_start_hill_climb,1024,15.940300919855163,15.929173619914005,0.011127299941158242
8065,rf,1024,iterated_local_search,multi_start_hill_climb,1024,15.929173619914005,15.929173619914005,0.0
8065,rf,1024,simulated_annealing,multi_start_hill_climb,1024,15.986530072383253,15.929173619914005,0.057356452469248254
8065,rf,1024,mutation_only_adalead,multi_start_hill_climb,1024,15.929173619914005,15.929173619914005,0.0
8065,rf,1024,mutation_only_ga,multi_start_beam,1024,15.940300919855163,15.929173619914005,0.011127299941158242
8066,xgb,1024,multi_start_hill_climb,matched_seed_random_walk,1024,4.746288044295799,9.411418536545703,-4.665130492249904
8066,xgb,1024,multi_start_beam,matched_seed_random_walk,1024,9.315716923805681,9.411418536545703,-0.09570161274002231
8066,xgb,1024,mutation_only_ga,matched_seed_random_walk,1024,4.746288044295799,9.411418536545703,-4.665130492249904
8066,xgb,1024,iterated_local_search,matched_seed_random_walk,1024,7.645894583160336,9.411418536545703,-1.765523953385367
8066,xgb,1024,simulated_annealing,matched_seed_random_walk,1024,4.746288044295799,9.411418536545703,-4.665130492249904
8066,xgb,1024,mutation_only_adalead,matched_seed_random_walk,169,4.746288044295799,9.659703506437264,-4.913415462141465
8066,xgb,1024,mutation_only_ga,multi_start_hill_climb,1024,4.746288044295799,4.746288044295799,0.0
8066,xgb,1024,iterated_local_search,multi_start_hill_climb,1024,7.645894583160336,4.746288044295799,2.8996065388645373
8066,xgb,1024,simulated_annealing,multi_start_hill_climb,1024,4.746288044295799,4.746288044295799,0.0
8066,xgb,1024,mutation_only_adalead,multi_start_hill_climb,169,4.746288044295799,12.925292998827388,-8.179004954531589
8066,xgb,1024,mutation_only_ga,multi_start_beam,1024,4.746288044295799,9.315716923805681,-4.569428879509882
8066,rf,1024,multi_start_hill_climb,matched_seed_random_walk,1024,16.94654129997026,19.086138846477716,-2.1395975465074564
8066,rf,1024,multi_start_beam,matched_seed_random_walk,1024,18.448014816477407,19.086138846477716,-0.6381240300003093
8066,rf,1024,mutation_only_ga,matched_seed_random_walk,1024,16.988200010064574,19.086138846477716,-2.0979388364131424
8066,rf,1024,iterated_local_search,matched_seed_random_walk,1024,18.448014816477407,19.086138846477716,-0.6381240300003093
8066,rf,1024,simulated_annealing,matched_seed_random_walk,1024,17.265412976032653,19.086138846477716,-1.820725870445063
8066,rf,1024,mutation_only_adalead,matched_seed_random_walk,1024,19.412298283725395,19.086138846477716,0.3261594372476786
8066,rf,1024,mutation_only_ga,multi_start_hill_climb,1024,16.988200010064574,16.94654129997026,0.04165871009431399
8066,rf,1024,iterated_local_search,multi_start_hill_climb,1024,18.448014816477407,16.94654129997026,1.501473516507147
8066,rf,1024,simulated_annealing,multi_start_hill_climb,1024,17.265412976032653,16.94654129997026,0.3188716760623933
8066,rf,1024,mutation_only_adalead,multi_start_hill_climb,1024,19.412298283725395,16.94654129997026,2.465756983755135
8066,rf,1024,mutation_only_ga,multi_start_beam,1024,16.988200010064574,18.448014816477407,-1.4598148064128331
8067,xgb,1024,multi_start_hill_climb,matched_seed_random_walk,1024,4.678104240248477,8.034267220035625,-3.3561629797871477
8067,xgb,1024,multi_start_beam,matched_seed_random_walk,1024,7.344296519239661,8.034267220035625,-0.6899707007959641
8067,xgb,1024,mutation_only_ga,matched_seed_random_walk,1022,5.941028761933781,8.034267220035625,-2.093238458101844
8067,xgb,1024,iterated_local_search,matched_seed_random_walk,1024,7.344296519239661,8.034267220035625,-0.6899707007959641
8067,xgb,1024,simulated_annealing,matched_seed_random_walk,1024,5.961336079701315,8.034267220035625,-2.07293114033431
8067,xgb,1024,mutation_only_adalead,matched_seed_random_walk,123,5.941028761933781,8.465399698329055,-2.5243709363952735
8067,xgb,1024,mutation_only_ga,multi_start_hill_climb,1022,5.941028761933781,4.678104240248477,1.2629245216853038
8067,xgb,1024,iterated_local_search,multi_start_hill_climb,1024,7.344296519239661,4.678104240248477,2.6661922789911836
8067,xgb,1024,simulated_annealing,multi_start_hill_climb,1024,5.961336079701315,4.678104240248477,1.2832318394528377
8067,xgb,1024,mutation_only_adalead,multi_start_hill_climb,123,5.941028761933781,8.680593511985132,-2.7395647500513505
8067,xgb,1024,mutation_only_ga,multi_start_beam,1022,5.941028761933781,7.344296519239661,-1.4032677573058798
8067,rf,1024,multi_start_hill_climb,matched_seed_random_walk,1024,16.675053111281414,17.401525281431844,-0.72647217015043
8067,rf,1024,multi_start_beam,matched_seed_random_walk,1024,16.980696649435885,17.401525281431844,-0.42082863199595977
8067,rf,1024,mutation_only_ga,matched_seed_random_walk,944,16.823114619566912,17.401525281431844,-0.5784106618649325
8067,rf,1024,iterated_local_search,matched_seed_random_walk,1024,17.401525281431844,17.401525281431844,0.0
8067,rf,1024,simulated_annealing,matched_seed_random_walk,1024,17.25559686595277,17.401525281431844,-0.14592841547907298
8067,rf,1024,mutation_only_adalead,matched_seed_random_walk,1024,16.675053111281414,17.401525281431844,-0.72647217015043
8067,rf,1024,mutation_only_ga,multi_start_hill_climb,944,16.823114619566912,16.675053111281414,0.14806150828549747
8067,rf,1024,iterated_local_search,multi_start_hill_climb,1024,17.401525281431844,16.675053111281414,0.72647217015043
8067,rf,1024,simulated_annealing,multi_start_hill_climb,1024,17.25559686595277,16.675053111281414,0.580543754671357
8067,rf,1024,mutation_only_adalead,multi_start_hill_climb,1024,16.675053111281414,16.675053111281414,0.0
8067,rf,1024,mutation_only_ga,multi_start_beam,944,16.823114619566912,16.980696649435885,-0.15758202986897274
8068,xgb,1024,multi_start_hill_climb,matched_seed_random_walk,1024,7.677981005634758,9.230926226716425,-1.552945221081667
8068,xgb,1024,multi_start_beam,matched_seed_random_walk,1024,8.335450054816953,9.230926226716425,-0.8954761718994728
8068,xgb,1024,mutation_only_ga,matched_seed_random_walk,1019,6.924391696821199,9.230926226716425,-2.3065345298952264
8068,xgb,1024,iterated_local_search,matched_seed_random_walk,1024,8.40377318228839,9.230926226716425,-0.8271530444280355
8068,xgb,1024,simulated_annealing,matched_seed_random_walk,1024,7.977489892072548,9.230926226716425,-1.2534363346438777
8068,xgb,1024,mutation_only_adalead,matched_seed_random_walk,209,5.84085650240277,11.461144941291478,-5.620288438888708
8068,xgb,1024,mutation_only_ga,multi_start_hill_climb,1019,6.924391696821199,7.677981005634758,-0.7535893088135595
8068,xgb,1024,iterated_local_search,multi_start_hill_climb,1024,8.40377318228839,7.677981005634758,0.7257921766536315
8068,xgb,1024,simulated_annealing,multi_start_hill_climb,1024,7.977489892072548,7.677981005634758,0.2995088864377893
8068,xgb,1024,mutation_only_adalead,multi_start_hill_climb,209,5.84085650240277,8.685978539961301,-2.8451220375585313
8068,xgb,1024,mutation_only_ga,multi_start_beam,1019,6.924391696821199,8.335450054816953,-1.4110583579957536
8068,rf,1024,multi_start_hill_climb,matched_seed_random_walk,1024,16.623422331063257,17.935329112397266,-1.3119067813340095
8068,rf,1024,multi_start_beam,matched_seed_random_walk,1022,17.602973214545184,17.935329112397266,-0.3323558978520822
8068,rf,1024,mutation_only_ga,matched_seed_random_walk,1024,16.817135338489688,17.935329112397266,-1.1181937739075778
8068,rf,1024,iterated_local_search,matched_seed_random_walk,1024,17.602973214545184,17.935329112397266,-0.3323558978520822
8068,rf,1024,simulated_annealing,matched_seed_random_walk,1024,17.11125656047268,17.935329112397266,-0.8240725519245871
8068,rf,1024,mutation_only_adalead,matched_seed_random_walk,1024,16.623422331063257,17.935329112397266,-1.3119067813340095
8068,rf,1024,mutation_only_ga,multi_start_hill_climb,1024,16.817135338489688,16.623422331063257,0.19371300742643172
8068,rf,1024,iterated_local_search,multi_start_hill_climb,1024,17.602973214545184,16.623422331063257,0.9795508834819273
8068,rf,1024,simulated_annealing,multi_start_hill_climb,1024,17.11125656047268,16.623422331063257,0.48783422940942245
8068,rf,1024,mutation_only_adalead,multi_start_hill_climb,1024,16.623422331063257,16.623422331063257,0.0
8068,rf,1024,mutation_only_ga,multi_start_beam,1022,16.817135338489688,17.602973214545184,-0.7858378760554956
8069,xgb,1024,multi_start_hill_climb,matched_seed_random_walk,1024,5.4999134963441785,8.62696413261176,-3.1270506362675823
8069,xgb,1024,multi_start_beam,matched_seed_random_walk,1022,9.685835814320797,8.62696413261176,1.0588716817090358
8069,xgb,1024,mutation_only_ga,matched_seed_random_walk,1024,6.4553607304614165,8.62696413261176,-2.1716034021503443
8069,xgb,1024,iterated_local_search,matched_seed_random_walk,1024,7.98319961325046,8.62696413261176,-0.6437645193613006
8069,xgb,1024,simulated_annealing,matched_seed_random_walk,1024,4.348804003535371,8.62696413261176,-4.278160129076389
8069,xgb,1024,mutation_only_adalead,matched_seed_random_walk,482,5.609925403784475,8.62696413261176,-3.017038728827286
8069,xgb,1024,mutation_only_ga,multi_start_hill_climb,1024,6.4553607304614165,5.4999134963441785,0.955447234117238
8069,xgb,1024,iterated_local_search,multi_start_hill_climb,1024,7.98319961325046,5.4999134963441785,2.4832861169062816
8069,xgb,1024,simulated_annealing,multi_start_hill_climb,1024,4.348804003535371,5.4999134963441785,-1.151109492808807
8069,xgb,1024,mutation_only_adalead,multi_start_hill_climb,482,5.609925403784475,5.953476267966105,-0.34355086418162983
8069,xgb,1024,mutation_only_ga,multi_start_beam,1022,6.4553607304614165,9.685835814320797,-3.23047508385938
8069,rf,1024,multi_start_hill_climb,matched_seed_random_walk,1024,18.33829259807367,18.8435243990511,-0.5052318009774268
8069,rf,1024,multi_start_beam,matched_seed_random_walk,1024,18.660952122880897,18.8435243990511,-0.18257227617020177
8069,rf,1024,mutation_only_ga,matched_seed_random_walk,1024,18.031081782204698,18.8435243990511,-0.8124426168464005
8069,rf,1024,iterated_local_search,matched_seed_random_walk,1024,18.82308633910151,18.8435243990511,-0.02043805994958703
8069,rf,1024,simulated_annealing,matched_seed_random_walk,1024,18.681881802864634,18.8435243990511,-0.16164259618646426
8069,rf,1024,mutation_only_adalead,matched_seed_random_walk,1024,18.031081782204698,18.8435243990511,-0.8124426168464005
8069,rf,1024,mutation_only_ga,multi_start_hill_climb,1024,18.031081782204698,18.33829259807367,-0.3072108158689737
8069,rf,1024,iterated_local_search,multi_start_hill_climb,1024,18.82308633910151,18.33829259807367,0.4847937410278398
8069,rf,1024,simulated_annealing,multi_start_hill_climb,1024,18.681881802864634,18.33829259807367,0.34358920479096255
8069,rf,1024,mutation_only_adalead,multi_start_hill_climb,1024,18.031081782204698,18.33829259807367,-0.3072108158689737
8069,rf,1024,mutation_only_ga,multi_start_beam,1024,18.031081782204698,18.660952122880897,-0.6298703406761987
8070,xgb,1024,multi_start_hill_climb,matched_seed_random_walk,1024,10.245446717695277,11.321581356994676,-1.076134639299399
8070,xgb,1024,multi_start_beam,matched_seed_random_walk,1024,11.028512701622438,11.321581356994676,-0.29306865537223814
8070,xgb,1024,mutation_only_ga,matched_seed_random_walk,1024,9.445844157655289,11.321581356994676,-1.8757371993393868
8070,xgb,1024,iterated_local_search,matched_seed_random_walk,1024,11.021142095223805,11.321581356994676,-0.30043926177087066
8070,xgb,1024,simulated_annealing,matched_seed_random_walk,1024,9.287537775492813,11.321581356994676,-2.0340435815018623
8070,xgb,1024,mutation_only_adalead,matched_seed_random_walk,665,8.29465817918505,11.321581356994676,-3.026923177809625
8070,xgb,1024,mutation_only_ga,multi_start_hill_climb,1024,9.445844157655289,10.245446717695277,-0.7996025600399879
8070,xgb,1024,iterated_local_search,multi_start_hill_climb,1024,11.021142095223805,10.245446717695277,0.7756953775285282
8070,xgb,1024,simulated_annealing,multi_start_hill_climb,1024,9.287537775492813,10.245446717695277,-0.9579089422024634
8070,xgb,1024,mutation_only_adalead,multi_start_hill_climb,665,8.29465817918505,11.67270184670251,-3.37804366751746
8070,xgb,1024,mutation_only_ga,multi_start_beam,1024,9.445844157655289,11.028512701622438,-1.5826685439671486
8070,rf,1024,multi_start_hill_climb,matched_seed_random_walk,1024,16.638000078691995,16.70889334924859,-0.07089327055659567
8070,rf,1024,multi_start_beam,matched_seed_random_walk,1024,16.75782184602885,16.70889334924859,0.04892849678025968
8070,rf,1024,mutation_only_ga,matched_seed_random_walk,683,16.643770195955984,16.70889334924859,-0.06512315329260687
8070,rf,1024,iterated_local_search,matched_seed_random_walk,1024,16.7072734422597,16.70889334924859,-0.0016199069888891415
8070,rf,1024,simulated_annealing,matched_seed_random_walk,1024,16.81990515423165,16.70889334924859,0.11101180498305752
8070,rf,1024,mutation_only_adalead,matched_seed_random_walk,1024,16.643770195955984,16.70889334924859,-0.06512315329260687
8070,rf,1024,mutation_only_ga,multi_start_hill_climb,683,16.643770195955984,16.638000078691995,0.005770117263988794
8070,rf,1024,iterated_local_search,multi_start_hill_climb,1024,16.7072734422597,16.638000078691995,0.06927336356770653
8070,rf,1024,simulated_annealing,multi_start_hill_climb,1024,16.81990515423165,16.638000078691995,0.18190507553965318
8070,rf,1024,mutation_only_adalead,multi_start_hill_climb,1024,16.643770195955984,16.638000078691995,0.005770117263988794
8070,rf,1024,mutation_only_ga,multi_start_beam,683,16.643770195955984,16.882001184545597,-0.23823098858961345
8071,xgb,1024,multi_start_hill_climb,matched_seed_random_walk,1024,5.186764034608034,9.736109817649952,-4.549345783041918
8071,xgb,1024,multi_start_beam,matched_seed_random_walk,1023,8.564349743994129,9.736109817649952,-1.1717600736558236
8071,xgb,1024,mutation_only_ga,matched_seed_random_walk,1024,5.186764034608034,9.736109817649952,-4.549345783041918
8071,xgb,1024,iterated_local_search,matched_seed_random_walk,1024,8.061291286084275,9.736109817649952,-1.674818531565677
8071,xgb,1024,simulated_annealing,matched_seed_random_walk,1024,6.469040995456058,9.736109817649952,-3.2670688221938944
8071,xgb,1024,mutation_only_adalead,matched_seed_random_walk,759,5.186764034608034,9.736109817649952,-4.549345783041918
8071,xgb,1024,mutation_only_ga,multi_start_hill_climb,1024,5.186764034608034,5.186764034608034,0.0
8071,xgb,1024,iterated_local_search,multi_start_hill_climb,1024,8.061291286084275,5.186764034608034,2.874527251476241
8071,xgb,1024,simulated_annealing,multi_start_hill_climb,1024,6.469040995456058,5.186764034608034,1.2822769608480238
8071,xgb,1024,mutation_only_adalead,multi_start_hill_climb,759,5.186764034608034,5.186764034608034,0.0
8071,xgb,1024,mutation_only_ga,multi_start_beam,1023,5.186764034608034,8.564349743994129,-3.3775857093860946
8071,rf,1024,multi_start_hill_climb,matched_seed_random_walk,1024,16.884364494559673,17.38514937133076,-0.5007848767710854
8071,rf,1024,multi_start_beam,matched_seed_random_walk,1024,16.966738821989477,17.38514937133076,-0.4184105493412815
8071,rf,1024,mutation_only_ga,matched_seed_random_walk,1022,16.7074426534708,17.38514937133076,-0.6777067178599587
8071,rf,1024,iterated_local_search,matched_seed_random_walk,1024,16.966738821989477,17.38514937133076,-0.4184105493412815
8071,rf,1024,simulated_annealing,matched_seed_random_walk,1024,17.48096103989581,17.38514937133076,0.09581166856505163
8071,rf,1024,mutation_only_adalead,matched_seed_random_walk,1024,16.7065932405284,17.38514937133076,-0.6785561308023595
8071,rf,1024,mutation_only_ga,multi_start_hill_climb,1022,16.7074426534708,16.884364494559673,-0.17692184108887332
8071,rf,1024,iterated_local_search,multi_start_hill_climb,1024,16.966738821989477,16.884364494559673,0.08237432742980388
8071,rf,1024,simulated_annealing,multi_start_hill_climb,1024,17.48096103989581,16.884364494559673,0.596596545336137
8071,rf,1024,mutation_only_adalead,multi_start_hill_climb,1024,16.7065932405284,16.884364494559673,-0.17777125403127414
8071,rf,1024,mutation_only_ga,multi_start_beam,1022,16.7074426534708,16.966738821989477,-0.2592961685186772
8072,xgb,1024,multi_start_hill_climb,matched_seed_random_walk,1024,8.28816993225458,8.681413185370538,-0.3932432531159584
8072,xgb,1024,multi_start_beam,matched_seed_random_walk,1024,9.29241859798842,8.681413185370538,0.6110054126178817
8072,xgb,1024,mutation_only_ga,matched_seed_random_walk,590,8.734522406124139,8.681413185370538,0.05310922075360125
8072,xgb,1024,iterated_local_search,matched_seed_random_walk,1024,8.333432299305057,8.681413185370538,-0.3479808860654803
8072,xgb,1024,simulated_annealing,matched_seed_random_walk,1024,9.16046206636425,8.681413185370538,0.47904888099371234
8072,xgb,1024,mutation_only_adalead,matched_seed_random_walk,259,8.28816993225458,9.614188055736275,-1.3260181234816955
8072,xgb,1024,mutation_only_ga,multi_start_hill_climb,590,8.734522406124139,8.28816993225458,0.4463524738695597
8072,xgb,1024,iterated_local_search,multi_start_hill_climb,1024,8.333432299305057,8.28816993225458,0.04526236705047815
8072,xgb,1024,simulated_annealing,multi_start_hill_climb,1024,9.16046206636425,8.28816993225458,0.8722921341096708
8072,xgb,1024,mutation_only_adalead,multi_start_hill_climb,259,8.28816993225458,8.28816993225458,0.0
8072,xgb,1024,mutation_only_ga,multi_start_beam,590,8.734522406124139,9.29241859798842,-0.5578961918642804
8072,rf,1024,multi_start_hill_climb,matched_seed_random_walk,1024,19.51655048487879,20.055983266025805,-0.539432781147017
8072,rf,1024,multi_start_beam,matched_seed_random_walk,1024,19.993684342323135,20.055983266025805,-0.062298923702670095
8072,rf,1024,mutation_only_ga,matched_seed_random_walk,1024,19.272716604406725,20.055983266025805,-0.7832666616190807
8072,rf,1024,iterated_local_search,matched_seed_random_walk,1024,19.993684342323135,20.055983266025805,-0.062298923702670095
8072,rf,1024,simulated_annealing,matched_seed_random_walk,1024,19.743974839064187,20.055983266025805,-0.31200842696161857
8072,rf,1024,mutation_only_adalead,matched_seed_random_walk,1024,19.50219284781462,20.055983266025805,-0.5537904182111859
8072,rf,1024,mutation_only_ga,multi_start_hill_climb,1024,19.272716604406725,19.51655048487879,-0.24383388047206367
8072,rf,1024,iterated_local_search,multi_start_hill_climb,1024,19.993684342323135,19.51655048487879,0.4771338574443469
8072,rf,1024,simulated_annealing,multi_start_hill_climb,1024,19.743974839064187,19.51655048487879,0.22742435418539841
8072,rf,1024,mutation_only_adalead,multi_start_hill_climb,1024,19.50219284781462,19.51655048487879,-0.014357637064168927
8072,rf,1024,mutation_only_ga,multi_start_beam,1024,19.272716604406725,19.993684342323135,-0.7209677379164106
8073,xgb,1024,multi_start_hill_climb,matched_seed_random_walk,1024,1.6683758246074287,6.564441006407887,-4.896065181800458
8073,xgb,1024,multi_start_beam,matched_seed_random_walk,1024,2.940251814635828,6.564441006407887,-3.624189191772059
8073,xgb,1024,mutation_only_ga,matched_seed_random_walk,1023,2.761705736006813,6.564441006407887,-3.802735270401074
8073,xgb,1024,iterated_local_search,matched_seed_random_walk,1024,3.883715030877382,6.564441006407887,-2.680725975530505
8073,xgb,1024,simulated_annealing,matched_seed_random_walk,1024,1.6855665745171837,6.564441006407887,-4.878874431890703
8073,xgb,1024,mutation_only_adalead,matched_seed_random_walk,499,1.6855665745171837,6.564441006407887,-4.878874431890703
8073,xgb,1024,mutation_only_ga,multi_start_hill_climb,1023,2.761705736006813,1.6683758246074287,1.0933299113993842
8073,xgb,1024,iterated_local_search,multi_start_hill_climb,1024,3.883715030877382,1.6683758246074287,2.2153392062699533
8073,xgb,1024,simulated_annealing,multi_start_hill_climb,1024,1.6855665745171837,1.6683758246074287,0.017190749909755
8073,xgb,1024,mutation_only_adalead,multi_start_hill_climb,499,1.6855665745171837,1.9622928266679203,-0.27672625215073654
8073,xgb,1024,mutation_only_ga,multi_start_beam,1023,2.761705736006813,3.5980557644695894,-0.8363500284627765
8073,rf,1024,multi_start_hill_climb,matched_seed_random_walk,1024,14.850209501289113,16.539258231722556,-1.6890487304334432
8073,rf,1024,multi_start_beam,matched_seed_random_walk,1024,15.517364247401087,16.539258231722556,-1.0218939843214692
8073,rf,1024,mutation_only_ga,matched_seed_random_walk,1024,14.936806161653466,16.539258231722556,-1.6024520700690896
8073,rf,1024,iterated_local_search,matched_seed_random_walk,1024,15.980185773390422,16.539258231722556,-0.5590724583321336
8073,rf,1024,simulated_annealing,matched_seed_random_walk,1024,15.311442779161016,16.539258231722556,-1.22781545256154
8073,rf,1024,mutation_only_adalead,matched_seed_random_walk,1024,14.936829326288171,16.539258231722556,-1.602428905434385
8073,rf,1024,mutation_only_ga,multi_start_hill_climb,1024,14.936806161653466,14.850209501289113,0.08659666036435354
8073,rf,1024,iterated_local_search,multi_start_hill_climb,1024,15.980185773390422,14.850209501289113,1.1299762721013096
8073,rf,1024,simulated_annealing,multi_start_hill_climb,1024,15.311442779161016,14.850209501289113,0.46123327787190327
8073,rf,1024,mutation_only_adalead,multi_start_hill_climb,1024,14.936829326288171,14.850209501289113,0.08661982499905818
8073,rf,1024,mutation_only_ga,multi_start_beam,1024,14.936806161653466,15.517364247401087,-0.5805580857476205
8074,xgb,1024,multi_start_hill_climb,matched_seed_random_walk,1024,5.312934251796023,7.700781500397281,-2.3878472486012576
8074,xgb,1024,multi_start_beam,matched_seed_random_walk,1024,5.570867881283976,7.700781500397281,-2.129913619113305
8074,xgb,1024,mutation_only_ga,matched_seed_random_walk,1024,4.5419758013501985,7.700781500397281,-3.1588056990470825
8074,xgb,1024,iterated_local_search,matched_seed_random_walk,1024,6.578664678833235,7.700781500397281,-1.1221168215640462
8074,xgb,1024,simulated_annealing,matched_seed_random_walk,1024,3.2446433660327445,7.700781500397281,-4.4561381343645365
8074,xgb,1024,mutation_only_adalead,matched_seed_random_walk,271,5.499848669899738,8.375271579236994,-2.8754229093372556
8074,xgb,1024,mutation_only_ga,multi_start_hill_climb,1024,4.5419758013501985,5.312934251796023,-0.7709584504458249
8074,xgb,1024,iterated_local_search,multi_start_hill_climb,1024,6.578664678833235,5.312934251796023,1.2657304270372114
8074,xgb,1024,simulated_annealing,multi_start_hill_climb,1024,3.2446433660327445,5.312934251796023,-2.068290885763279
8074,xgb,1024,mutation_only_adalead,multi_start_hill_climb,271,5.499848669899738,10.2804884724689,-4.780639802569161
8074,xgb,1024,mutation_only_ga,multi_start_beam,1024,4.5419758013501985,5.570867881283976,-1.0288920799337777
8074,rf,1024,multi_start_hill_climb,matched_seed_random_walk,1024,17.320475888105847,18.471662821753906,-1.1511869336480594
8074,rf,1024,multi_start_beam,matched_seed_random_walk,1024,17.574747764732933,18.471662821753906,-0.8969150570209727
8074,rf,1024,mutation_only_ga,matched_seed_random_walk,1024,17.636648327435505,18.471662821753906,-0.8350144943184006
8074,rf,1024,iterated_local_search,matched_seed_random_walk,1024,17.768440777265738,18.471662821753906,-0.703222044488168
8074,rf,1024,simulated_annealing,matched_seed_random_walk,1024,18.067431339727374,18.471662821753906,-0.4042314820265318
8074,rf,1024,mutation_only_adalead,matched_seed_random_walk,1024,16.936160603028814,18.471662821753906,-1.5355022187250924
8074,rf,1024,mutation_only_ga,multi_start_hill_climb,1024,17.636648327435505,17.320475888105847,0.31617243932965877
8074,rf,1024,iterated_local_search,multi_start_hill_climb,1024,17.768440777265738,17.320475888105847,0.4479648891598913
8074,rf,1024,simulated_annealing,multi_start_hill_climb,1024,18.067431339727374,17.320475888105847,0.7469554516215275
8074,rf,1024,mutation_only_adalead,multi_start_hill_climb,1024,16.936160603028814,17.320475888105847,-0.38431528507703305
8074,rf,1024,mutation_only_ga,multi_start_beam,1024,17.636648327435505,17.574747764732933,0.06190056270257216
8075,xgb,1024,multi_start_hill_climb,matched_seed_random_walk,1024,3.0794338197382096,6.939100462533031,-3.8596666427948216
8075,xgb,1024,multi_start_beam,matched_seed_random_walk,1024,6.349715637926845,6.939100462533031,-0.5893848246061859
8075,xgb,1024,mutation_only_ga,matched_seed_random_walk,1024,3.4600441705761873,6.939100462533031,-3.479056291956844
8075,xgb,1024,iterated_local_search,matched_seed_random_walk,1024,5.169260969036707,6.939100462533031,-1.769839493496324
8075,xgb,1024,simulated_annealing,matched_seed_random_walk,1024,3.0794338197382096,6.939100462533031,-3.8596666427948216
8075,xgb,1024,mutation_only_adalead,matched_seed_random_walk,289,2.139678255771183,7.590200213788529,-5.4505219580173465
8075,xgb,1024,mutation_only_ga,multi_start_hill_climb,1024,3.4600441705761873,3.0794338197382096,0.3806103508379777
8075,xgb,1024,iterated_local_search,multi_start_hill_climb,1024,5.169260969036707,3.0794338197382096,2.0898271492984977
8075,xgb,1024,simulated_annealing,multi_start_hill_climb,1024,3.0794338197382096,3.0794338197382096,0.0
8075,xgb,1024,mutation_only_adalead,multi_start_hill_climb,289,2.139678255771183,3.337942360386527,-1.198264104615344
8075,xgb,1024,mutation_only_ga,multi_start_beam,1024,3.4600441705761873,6.349715637926845,-2.889671467350658
8075,rf,1024,multi_start_hill_climb,matched_seed_random_walk,1024,15.4477133162741,16.32217473382477,-0.8744614175506698
8075,rf,1024,multi_start_beam,matched_seed_random_walk,1024,16.16432593718192,16.32217473382477,-0.157848796642849
8075,rf,1024,mutation_only_ga,matched_seed_random_walk,1024,15.89710680968787,16.32217473382477,-0.42506792413690064
8075,rf,1024,iterated_local_search,matched_seed_random_walk,1024,16.284162746153047,16.32217473382477,-0.03801198767172309
8075,rf,1024,simulated_annealing,matched_seed_random_walk,1024,15.535093546679906,16.32217473382477,-0.7870811871448637
8075,rf,1024,mutation_only_adalead,matched_seed_random_walk,1024,15.40715446515269,16.32217473382477,-0.9150202686720803
8075,rf,1024,mutation_only_ga,multi_start_hill_climb,1024,15.89710680968787,15.4477133162741,0.4493934934137691
8075,rf,1024,iterated_local_search,multi_start_hill_climb,1024,16.284162746153047,15.4477133162741,0.8364494298789467
8075,rf,1024,simulated_annealing,multi_start_hill_climb,1024,15.535093546679906,15.4477133162741,0.087380230405806
8075,rf,1024,mutation_only_adalead,multi_start_hill_climb,1024,15.40715446515269,15.4477133162741,-0.040558851121410555
8075,rf,1024,mutation_only_ga,multi_start_beam,1024,15.89710680968787,16.16432593718192,-0.26721912749405163
8076,xgb,1024,multi_start_hill_climb,matched_seed_random_walk,1024,4.085058646036428,7.778884345909115,-3.6938256998726873
8076,xgb,1024,multi_start_beam,matched_seed_random_walk,1024,5.298934312544159,7.778884345909115,-2.4799500333649567
8076,xgb,1024,mutation_only_ga,matched_seed_random_walk,1024,2.673831206742999,7.778884345909115,-5.105053139166117
8076,xgb,1024,iterated_local_search,matched_seed_random_walk,1024,7.19863335909505,7.778884345909115,-0.5802509868140655
8076,xgb,1024,simulated_annealing,matched_seed_random_walk,1024,5.212816649590284,7.778884345909115,-2.5660676963188314
8076,xgb,1024,mutation_only_adalead,matched_seed_random_walk,273,2.6689787896304473,9.232766014908211,-6.563787225277764
8076,xgb,1024,mutation_only_ga,multi_start_hill_climb,1024,2.673831206742999,4.085058646036428,-1.411227439293429
8076,xgb,1024,iterated_local_search,multi_start_hill_climb,1024,7.19863335909505,4.085058646036428,3.1135747130586218
8076,xgb,1024,simulated_annealing,multi_start_hill_climb,1024,5.212816649590284,4.085058646036428,1.127758003553856
8076,xgb,1024,mutation_only_adalead,multi_start_hill_climb,273,2.6689787896304473,5.375260064459996,-2.706281274829549
8076,xgb,1024,mutation_only_ga,multi_start_beam,1024,2.673831206742999,5.298934312544159,-2.6251031058011596
8076,rf,1024,multi_start_hill_climb,matched_seed_random_walk,1024,17.55777913512513,17.955058882847194,-0.3972797477220631
8076,rf,1024,multi_start_beam,matched_seed_random_walk,1023,17.65934489498135,17.955058882847194,-0.29571398786584524
8076,rf,1024,mutation_only_ga,matched_seed_random_walk,920,17.676626317508042,17.955058882847194,-0.27843256533915195
8076,rf,1024,iterated_local_search,matched_seed_random_walk,1024,17.676626317508042,17.955058882847194,-0.27843256533915195
8076,rf,1024,simulated_annealing,matched_seed_random_walk,1024,17.82060525890216,17.955058882847194,-0.1344536239450349
8076,rf,1024,mutation_only_adalead,matched_seed_random_walk,1024,17.61444117969901,17.955058882847194,-0.3406177031481832
8076,rf,1024,mutation_only_ga,multi_start_hill_climb,920,17.676626317508042,17.55777913512513,0.11884718238291114
8076,rf,1024,iterated_local_search,multi_start_hill_climb,1024,17.676626317508042,17.55777913512513,0.11884718238291114
8076,rf,1024,simulated_annealing,multi_start_hill_climb,1024,17.82060525890216,17.55777913512513,0.2628261237770282
8076,rf,1024,mutation_only_adalead,multi_start_hill_climb,1024,17.61444117969901,17.55777913512513,0.05666204457387991
8076,rf,1024,mutation_only_ga,multi_start_beam,920,17.676626317508042,17.65934489498135,0.01728142252669329
8077,xgb,1024,multi_start_hill_climb,matched_seed_random_walk,1024,4.534470552004313,6.935267266498167,-2.400796714493854
8077,xgb,1024,multi_start_beam,matched_seed_random_walk,1023,5.383934054661232,6.935267266498167,-1.5513332118369352
8077,xgb,1024,mutation_only_ga,matched_seed_random_walk,1024,4.534470552004313,6.935267266498167,-2.400796714493854
8077,xgb,1024,iterated_local_search,matched_seed_random_walk,1024,6.935267266498167,6.935267266498167,0.0
8077,xgb,1024,simulated_annealing,matched_seed_random_walk,1024,5.581366501756711,6.935267266498167,-1.3539007647414563
8077,xgb,1024,mutation_only_adalead,matched_seed_random_walk,263,6.797152259394982,6.935267266498167,-0.13811500710318558
8077,xgb,1024,mutation_only_ga,multi_start_hill_climb,1024,4.534470552004313,4.534470552004313,0.0
8077,xgb,1024,iterated_local_search,multi_start_hill_climb,1024,6.935267266498167,4.534470552004313,2.400796714493854
8077,xgb,1024,simulated_annealing,multi_start_hill_climb,1024,5.581366501756711,4.534470552004313,1.0468959497523977
8077,xgb,1024,mutation_only_adalead,multi_start_hill_climb,263,6.797152259394982,7.169305591448787,-0.37215333205380574
8077,xgb,1024,mutation_only_ga,multi_start_beam,1023,4.534470552004313,5.383934054661232,-0.8494635026569188
8077,rf,1024,multi_start_hill_climb,matched_seed_random_walk,1024,17.574678142662236,18.096456210866517,-0.5217780682042807
8077,rf,1024,multi_start_beam,matched_seed_random_walk,1024,17.602868615817496,18.096456210866517,-0.4935875950490214
8077,rf,1024,mutation_only_ga,matched_seed_random_walk,928,17.643737120068685,18.096456210866517,-0.45271909079783157
8077,rf,1024,iterated_local_search,matched_seed_random_walk,1024,17.602868615817496,18.096456210866517,-0.4935875950490214
8077,rf,1024,simulated_annealing,matched_seed_random_walk,1024,18.246227785467,18.096456210866517,0.14977157460048218
8077,rf,1024,mutation_only_adalead,matched_seed_random_walk,1024,17.40430409214166,18.096456210866517,-0.6921521187248558
8077,rf,1024,mutation_only_ga,multi_start_hill_climb,928,17.643737120068685,17.574678142662236,0.06905897740644917
8077,rf,1024,iterated_local_search,multi_start_hill_climb,1024,17.602868615817496,17.574678142662236,0.028190473155259355
8077,rf,1024,simulated_annealing,multi_start_hill_climb,1024,18.246227785467,17.574678142662236,0.6715496428047629
8077,rf,1024,mutation_only_adalead,multi_start_hill_climb,1024,17.40430409214166,17.574678142662236,-0.17037405052057508
8077,rf,1024,mutation_only_ga,multi_start_beam,928,17.643737120068685,17.602868615817496,0.04086850425118982
8078,xgb,1024,multi_start_hill_climb,matched_seed_random_walk,1024,5.190157892594442,10.64482385260705,-5.454665960012608
8078,xgb,1024,multi_start_beam,matched_seed_random_walk,1024,7.946082312864348,10.64482385260705,-2.698741539742702
8078,xgb,1024,mutation_only_ga,matched_seed_random_walk,1024,5.562104449422945,10.64482385260705,-5.082719403184106
8078,xgb,1024,iterated_local_search,matched_seed_random_walk,1024,7.946082312864348,10.64482385260705,-2.698741539742702
8078,xgb,1024,simulated_annealing,matched_seed_random_walk,1024,7.113963414125664,10.64482385260705,-3.530860438481387
8078,xgb,1024,mutation_only_adalead,matched_seed_random_walk,307,5.190157892594442,10.64482385260705,-5.454665960012608
8078,xgb,1024,mutation_only_ga,multi_start_hill_climb,1024,5.562104449422945,5.190157892594442,0.37194655682850275
8078,xgb,1024,iterated_local_search,multi_start_hill_climb,1024,7.946082312864348,5.190157892594442,2.7559244202699062
8078,xgb,1024,simulated_annealing,multi_start_hill_climb,1024,7.113963414125664,5.190157892594442,1.9238055215312215
8078,xgb,1024,mutation_only_adalead,multi_start_hill_climb,307,5.190157892594442,5.190157892594442,0.0
8078,xgb,1024,mutation_only_ga,multi_start_beam,1024,5.562104449422945,7.946082312864348,-2.3839778634414035
8078,rf,1024,multi_start_hill_climb,matched_seed_random_walk,1024,17.50525399469393,18.69223763970521,-1.1869836450112778
8078,rf,1024,multi_start_beam,matched_seed_random_walk,1024,18.41889176707337,18.69223763970521,-0.2733458726318396
8078,rf,1024,mutation_only_ga,matched_seed_random_walk,1024,17.751464845608293,18.69223763970521,-0.9407727940969153
8078,rf,1024,iterated_local_search,matched_seed_random_walk,1024,18.46590880976795,18.69223763970521,-0.226328829937259
8078,rf,1024,simulated_annealing,matched_seed_random_walk,1024,18.386880485170863,18.69223763970521,-0.3053571545343452
8078,rf,1024,mutation_only_adalead,matched_seed_random_walk,1024,17.612108880871492,18.69223763970521,-1.080128758833716
8078,rf,1024,mutation_only_ga,multi_start_hill_climb,1024,17.751464845608293,17.50525399469393,0.24621085091436257
8078,rf,1024,iterated_local_search,multi_start_hill_climb,1024,18.46590880976795,17.50525399469393,0.9606548150740188
8078,rf,1024,simulated_annealing,multi_start_hill_climb,1024,18.386880485170863,17.50525399469393,0.8816264904769326
8078,rf,1024,mutation_only_adalead,multi_start_hill_climb,1024,17.612108880871492,17.50525399469393,0.10685488617756178
8078,rf,1024,mutation_only_ga,multi_start_beam,1024,17.751464845608293,18.41889176707337,-0.6674269214650757
8079,xgb,1024,multi_start_hill_climb,matched_seed_random_walk,1024,6.337893883231508,8.188463551667827,-1.8505696684363189
8079,xgb,1024,multi_start_beam,matched_seed_random_walk,1021,8.188463551667827,8.188463551667827,0.0
8079,xgb,1024,mutation_only_ga,matched_seed_random_walk,1024,6.6427418392886555,8.188463551667827,-1.545721712379171
8079,xgb,1024,iterated_local_search,matched_seed_random_walk,1024,8.188463551667827,8.188463551667827,0.0
8079,xgb,1024,simulated_annealing,matched_seed_random_walk,1024,7.6418785059790455,8.188463551667827,-0.5465850456887811
8079,xgb,1024,mutation_only_adalead,matched_seed_random_walk,226,7.6418785059790455,8.188463551667827,-0.5465850456887811
8079,xgb,1024,mutation_only_ga,multi_start_hill_climb,1024,6.6427418392886555,6.337893883231508,0.30484795605714776
8079,xgb,1024,iterated_local_search,multi_start_hill_climb,1024,8.188463551667827,6.337893883231508,1.8505696684363189
8079,xgb,1024,simulated_annealing,multi_start_hill_climb,1024,7.6418785059790455,6.337893883231508,1.3039846227475378
8079,xgb,1024,mutation_only_adalead,multi_start_hill_climb,226,7.6418785059790455,7.312175591134045,0.3297029148450008
8079,xgb,1024,mutation_only_ga,multi_start_beam,1021,6.6427418392886555,8.188463551667827,-1.545721712379171
8079,rf,1024,multi_start_hill_climb,matched_seed_random_walk,1024,16.334198944225676,16.530102857946716,-0.19590391372103966
8079,rf,1024,multi_start_beam,matched_seed_random_walk,1021,16.619650935364263,16.530102857946716,0.08954807741754678
8079,rf,1024,mutation_only_ga,matched_seed_random_walk,584,16.33335405038858,16.619650935364263,-0.28629688497568395
8079,rf,1024,iterated_local_search,matched_seed_random_walk,1024,16.33335405038858,16.530102857946716,-0.19674880755813717
8079,rf,1024,simulated_annealing,matched_seed_random_walk,1024,16.586006089155983,16.530102857946716,0.055903231209267545
8079,rf,1024,mutation_only_adalead,matched_seed_random_walk,1024,16.294707472218917,16.530102857946716,-0.2353953857277986
8079,rf,1024,mutation_only_ga,multi_start_hill_climb,584,16.33335405038858,16.336953749742907,-0.0035996993543285782
8079,rf,1024,iterated_local_search,multi_start_hill_climb,1024,16.33335405038858,16.334198944225676,-0.0008448938370975156
8079,rf,1024,simulated_annealing,multi_start_hill_climb,1024,16.586006089155983,16.334198944225676,0.2518071449303072
8079,rf,1024,mutation_only_adalead,multi_start_hill_climb,1024,16.294707472218917,16.334198944225676,-0.039491472006758954
8079,rf,1024,mutation_only_ga,multi_start_beam,584,16.33335405038858,16.619650935364263,-0.28629688497568395
8080,xgb,1024,multi_start_hill_climb,matched_seed_random_walk,1024,3.473823540822701,9.810377431933883,-6.336553891111182
8080,xgb,1024,multi_start_beam,matched_seed_random_walk,1024,5.0516670190317505,9.810377431933883,-4.758710412902133
8080,xgb,1024,mutation_only_ga,matched_seed_random_walk,1024,4.817317514379226,9.810377431933883,-4.993059917554657
8080,xgb,1024,iterated_local_search,matched_seed_random_walk,1024,5.556051046281992,9.810377431933883,-4.254326385651892
8080,xgb,1024,simulated_annealing,matched_seed_random_walk,1024,3.473823540822701,9.810377431933883,-6.336553891111182
8080,xgb,1024,mutation_only_adalead,matched_seed_random_walk,187,5.134244247967663,9.810377431933883,-4.67613318396622
8080,xgb,1024,mutation_only_ga,multi_start_hill_climb,1024,4.817317514379226,3.473823540822701,1.3434939735565252
8080,xgb,1024,iterated_local_search,multi_start_hill_climb,1024,5.556051046281992,3.473823540822701,2.0822275054592905
8080,xgb,1024,simulated_annealing,multi_start_hill_climb,1024,3.473823540822701,3.473823540822701,0.0
8080,xgb,1024,mutation_only_adalead,multi_start_hill_climb,187,5.134244247967663,5.134244247967663,0.0
8080,xgb,1024,mutation_only_ga,multi_start_beam,1024,4.817317514379226,5.0516670190317505,-0.23434950465252413
8080,rf,1024,multi_start_hill_climb,matched_seed_random_walk,1024,15.362864635168517,17.429534672716965,-2.066670037548448
8080,rf,1024,multi_start_beam,matched_seed_random_walk,1024,16.358187170297235,17.429534672716965,-1.07134750241973
8080,rf,1024,mutation_only_ga,matched_seed_random_walk,1024,15.37940311195984,17.429534672716965,-2.0501315607571247
8080,rf,1024,iterated_local_search,matched_seed_random_walk,1024,16.785899366271895,17.429534672716965,-0.6436353064450699
8080,rf,1024,simulated_annealing,matched_seed_random_walk,1024,16.065788441893666,17.429534672716965,-1.363746230823299
8080,rf,1024,mutation_only_adalead,matched_seed_random_walk,1024,15.362864635168517,17.429534672716965,-2.066670037548448
8080,rf,1024,mutation_only_ga,multi_start_hill_climb,1024,15.37940311195984,15.362864635168517,0.016538476791323475
8080,rf,1024,iterated_local_search,multi_start_hill_climb,1024,16.785899366271895,15.362864635168517,1.4230347311033782
8080,rf,1024,simulated_annealing,multi_start_hill_climb,1024,16.065788441893666,15.362864635168517,0.7029238067251491
8080,rf,1024,mutation_only_adalead,multi_start_hill_climb,1024,15.362864635168517,15.362864635168517,0.0
8080,rf,1024,mutation_only_ga,multi_start_beam,1024,15.37940311195984,16.358187170297235,-0.9787840583373946
8081,xgb,1024,multi_start_hill_climb,matched_seed_random_walk,1024,1.96519661504352,5.545780573694161,-3.5805839586506414
8081,xgb,1024,multi_start_beam,matched_seed_random_walk,1020,3.8070580656734783,5.545780573694161,-1.738722508020683
8081,xgb,1024,mutation_only_ga,matched_seed_random_walk,1009,2.23007295177077,5.545780573694161,-3.315707621923391
8081,xgb,1024,iterated_local_search,matched_seed_random_walk,1024,3.8070580656734783,5.545780573694161,-1.738722508020683
8081,xgb,1024,simulated_annealing,matched_seed_random_walk,1024,2.667786869066968,5.545780573694161,-2.877993704627193
8081,xgb,1024,mutation_only_adalead,matched_seed_random_walk,321,2.0642609213420604,5.974306108726809,-3.910045187384749
8081,xgb,1024,mutation_only_ga,multi_start_hill_climb,1009,2.23007295177077,1.96519661504352,0.26487633672725
8081,xgb,1024,iterated_local_search,multi_start_hill_climb,1024,3.8070580656734783,1.96519661504352,1.8418614506299582
8081,xgb,1024,simulated_annealing,multi_start_hill_climb,1024,2.667786869066968,1.96519661504352,0.7025902540234481
8081,xgb,1024,mutation_only_adalead,multi_start_hill_climb,321,2.0642609213420604,1.96519661504352,0.09906430629854035
8081,xgb,1024,mutation_only_ga,multi_start_beam,1009,2.23007295177077,3.8070580656734783,-1.5769851139027082
8081,rf,1024,multi_start_hill_climb,matched_seed_random_walk,1024,13.813281758387477,15.06930050238584,-1.2560187439983626
8081,rf,1024,multi_start_beam,matched_seed_random_walk,1024,14.851328904879814,15.06930050238584,-0.21797159750602546
8081,rf,1024,mutation_only_ga,matched_seed_random_walk,1023,13.873585411476189,15.06930050238584,-1.1957150909096512
8081,rf,1024,iterated_local_search,matched_seed_random_walk,1024,15.145955370960076,15.06930050238584,0.07665486857423609
8081,rf,1024,simulated_annealing,matched_seed_random_walk,1024,13.965098755768652,15.06930050238584,-1.1042017466171874
8081,rf,1024,mutation_only_adalead,matched_seed_random_walk,1024,13.809563767804264,15.06930050238584,-1.2597367345815762
8081,rf,1024,mutation_only_ga,multi_start_hill_climb,1023,13.873585411476189,13.813281758387477,0.06030365308871133
8081,rf,1024,iterated_local_search,multi_start_hill_climb,1024,15.145955370960076,13.813281758387477,1.3326736125725986
8081,rf,1024,simulated_annealing,multi_start_hill_climb,1024,13.965098755768652,13.813281758387477,0.15181699738117516
8081,rf,1024,mutation_only_adalead,multi_start_hill_climb,1024,13.809563767804264,13.813281758387477,-0.0037179905832136484
8081,rf,1024,mutation_only_ga,multi_start_beam,1023,13.873585411476189,15.053344435607436,-1.179759024131247
8082,xgb,1024,multi_start_hill_climb,matched_seed_random_walk,1024,8.542911022743107,12.577113281175325,-4.034202258432218
8082,xgb,1024,multi_start_beam,matched_seed_random_walk,1024,10.320272651888803,12.577113281175325,-2.256840629286522
8082,xgb,1024,mutation_only_ga,matched_seed_random_walk,1024,7.16663275030011,12.577113281175325,-5.4104805308752155
8082,xgb,1024,iterated_local_search,matched_seed_random_walk,1024,10.320272651888803,12.577113281175325,-2.256840629286522
8082,xgb,1024,simulated_annealing,matched_seed_random_walk,1024,8.542911022743107,12.577113281175325,-4.034202258432218
8082,xgb,1024,mutation_only_adalead,matched_seed_random_walk,453,8.422575835052982,12.88884251652919,-4.466266681476208
8082,xgb,1024,mutation_only_ga,multi_start_hill_climb,1024,7.16663275030011,8.542911022743107,-1.3762782724429972
8082,xgb,1024,iterated_local_search,multi_start_hill_climb,1024,10.320272651888803,8.542911022743107,1.7773616291456964
8082,xgb,1024,simulated_annealing,multi_start_hill_climb,1024,8.542911022743107,8.542911022743107,0.0
8082,xgb,1024,mutation_only_adalead,multi_start_hill_climb,453,8.422575835052982,9.216830813223845,-0.7942549781708639
8082,xgb,1024,mutation_only_ga,multi_start_beam,1024,7.16663275030011,10.320272651888803,-3.1536399015886936
8082,rf,1024,multi_start_hill_climb,matched_seed_random_walk,1024,17.825150941495465,18.48932053144408,-0.6641695899486137
8082,rf,1024,multi_start_beam,matched_seed_random_walk,1024,18.26096316192972,18.48932053144408,-0.22835736951435948
8082,rf,1024,mutation_only_ga,matched_seed_random_walk,1024,17.926446218636045,18.48932053144408,-0.5628743128080345
8082,rf,1024,iterated_local_search,matched_seed_random_walk,1024,18.48932053144408,18.48932053144408,0.0
8082,rf,1024,simulated_annealing,matched_seed_random_walk,1024,18.180172351350752,18.48932053144408,-0.30914818009332734
8082,rf,1024,mutation_only_adalead,matched_seed_random_walk,1024,17.825150941495465,18.48932053144408,-0.6641695899486137
8082,rf,1024,mutation_only_ga,multi_start_hill_climb,1024,17.926446218636045,17.825150941495465,0.10129527714057929
8082,rf,1024,iterated_local_search,multi_start_hill_climb,1024,18.48932053144408,17.825150941495465,0.6641695899486137
8082,rf,1024,simulated_annealing,multi_start_hill_climb,1024,18.180172351350752,17.825150941495465,0.3550214098552864
8082,rf,1024,mutation_only_adalead,multi_start_hill_climb,1024,17.825150941495465,17.825150941495465,0.0
8082,rf,1024,mutation_only_ga,multi_start_beam,1024,17.926446218636045,18.26096316192972,-0.334516943293675
8083,xgb,1024,multi_start_hill_climb,matched_seed_random_walk,1024,4.993666416682105,10.882293380469484,-5.888626963787379
8083,xgb,1024,multi_start_beam,matched_seed_random_walk,1024,5.130172470400748,10.882293380469484,-5.7521209100687365
8083,xgb,1024,mutation_only_ga,matched_seed_random_walk,1024,5.728033304320952,10.882293380469484,-5.154260076148532
8083,xgb,1024,iterated_local_search,matched_seed_random_walk,1024,7.726594216132125,10.882293380469484,-3.155699164337359
8083,xgb,1024,simulated_annealing,matched_seed_random_walk,1024,4.1207228986608895,10.882293380469484,-6.761570481808595
8083,xgb,1024,mutation_only_adalead,matched_seed_random_walk,815,4.315859971185488,10.882293380469484,-6.566433409283996
8083,xgb,1024,mutation_only_ga,multi_start_hill_climb,1024,5.728033304320952,4.993666416682105,0.7343668876388474
8083,xgb,1024,iterated_local_search,multi_start_hill_climb,1024,7.726594216132125,4.993666416682105,2.73292779945002
8083,xgb,1024,simulated_annealing,multi_start_hill_climb,1024,4.1207228986608895,4.993666416682105,-0.8729435180212155
8083,xgb,1024,mutation_only_adalead,multi_start_hill_climb,815,4.315859971185488,7.954862228141062,-3.6390022569555738
8083,xgb,1024,mutation_only_ga,multi_start_beam,1024,5.728033304320952,5.130172470400748,0.5978608339202047
8083,rf,1024,multi_start_hill_climb,matched_seed_random_walk,1024,16.454707178585537,18.312797726571805,-1.8580905479862686
8083,rf,1024,multi_start_beam,matched_seed_random_walk,1024,16.999744513692487,18.312797726571805,-1.3130532128793178
8083,rf,1024,mutation_only_ga,matched_seed_random_walk,1024,17.076450154103945,18.312797726571805,-1.23634757246786
8083,rf,1024,iterated_local_search,matched_seed_random_walk,1024,17.73028694095564,18.312797726571805,-0.5825107856161651
8083,rf,1024,simulated_annealing,matched_seed_random_walk,1024,16.51623794236842,18.312797726571805,-1.7965597842033851
8083,rf,1024,mutation_only_adalead,matched_seed_random_walk,1024,16.45276669961263,18.312797726571805,-1.8600310269591738
8083,rf,1024,mutation_only_ga,multi_start_hill_climb,1024,17.076450154103945,16.454707178585537,0.6217429755184085
8083,rf,1024,iterated_local_search,multi_start_hill_climb,1024,17.73028694095564,16.454707178585537,1.2755797623701035
8083,rf,1024,simulated_annealing,multi_start_hill_climb,1024,16.51623794236842,16.454707178585537,0.06153076378288347
8083,rf,1024,mutation_only_adalead,multi_start_hill_climb,1024,16.45276669961263,16.454707178585537,-0.0019404789729051686
8083,rf,1024,mutation_only_ga,multi_start_beam,1024,17.076450154103945,16.999744513692487,0.07670564041145767
8084,xgb,1024,multi_start_hill_climb,matched_seed_random_walk,1024,8.16864841359105,10.126693702541335,-1.9580452889502844
8084,xgb,1024,multi_start_beam,matched_seed_random_walk,1024,7.335357391197843,10.126693702541335,-2.7913363113434917
8084,xgb,1024,mutation_only_ga,matched_seed_random_walk,1024,3.8852581354998117,10.126693702541335,-6.241435567041523
8084,xgb,1024,iterated_local_search,matched_seed_random_walk,1024,7.335357391197843,10.126693702541335,-2.7913363113434917
8084,xgb,1024,simulated_annealing,matched_seed_random_walk,1024,5.01422158210079,10.126693702541335,-5.112472120440545
8084,xgb,1024,mutation_only_adalead,matched_seed_random_walk,499,3.8852581354998117,10.126693702541335,-6.241435567041523
8084,xgb,1024,mutation_only_ga,multi_start_hill_climb,1024,3.8852581354998117,8.16864841359105,-4.283390278091239
8084,xgb,1024,iterated_local_search,multi_start_hill_climb,1024,7.335357391197843,8.16864841359105,-0.8332910223932073
8084,xgb,1024,simulated_annealing,multi_start_hill_climb,1024,5.01422158210079,8.16864841359105,-3.1544268314902606
8084,xgb,1024,mutation_only_adalead,multi_start_hill_climb,499,3.8852581354998117,9.691720056097292,-5.806461920597481
8084,xgb,1024,mutation_only_ga,multi_start_beam,1024,3.8852581354998117,7.335357391197843,-3.4500992556980314
8084,rf,1024,multi_start_hill_climb,matched_seed_random_walk,1024,17.109837328803714,17.324645548930665,-0.214808220126951
8084,rf,1024,multi_start_beam,matched_seed_random_walk,1024,17.324645548930665,17.324645548930665,0.0
8084,rf,1024,mutation_only_ga,matched_seed_random_walk,1024,16.846801097641517,17.324645548930665,-0.47784445128914754
8084,rf,1024,iterated_local_search,matched_seed_random_walk,1024,17.199476464130754,17.324645548930665,-0.12516908479991073
8084,rf,1024,simulated_annealing,matched_seed_random_walk,1024,18.057345856418245,17.324645548930665,0.7327003074875797
8084,rf,1024,mutation_only_adalead,matched_seed_random_walk,1024,16.785730297128907,17.324645548930665,-0.5389152518017575
8084,rf,1024,mutation_only_ga,multi_start_hill_climb,1024,16.846801097641517,17.109837328803714,-0.26303623116219654
8084,rf,1024,iterated_local_search,multi_start_hill_climb,1024,17.199476464130754,17.109837328803714,0.08963913532704026
8084,rf,1024,simulated_annealing,multi_start_hill_climb,1024,18.057345856418245,17.109837328803714,0.9475085276145307
8084,rf,1024,mutation_only_adalead,multi_start_hill_climb,1024,16.785730297128907,17.109837328803714,-0.3241070316748065
8084,rf,1024,mutation_only_ga,multi_start_beam,1024,16.846801097641517,17.324645548930665,-0.47784445128914754
8085,xgb,1024,multi_start_hill_climb,matched_seed_random_walk,1024,0.2927277191615908,6.354308866568893,-6.061581147407302
8085,xgb,1024,multi_start_beam,matched_seed_random_walk,1021,6.354308866568893,6.354308866568893,0.0
8085,xgb,1024,mutation_only_ga,matched_seed_random_walk,1012,0.9150833933580399,6.354308866568893,-5.439225473210853
8085,xgb,1024,iterated_local_search,matched_seed_random_walk,1024,6.254010289363974,6.354308866568893,-0.10029857720491897
8085,xgb,1024,simulated_annealing,matched_seed_random_walk,1024,0.9953569866261013,6.354308866568893,-5.358951879942792
8085,xgb,1024,mutation_only_adalead,matched_seed_random_walk,1024,0.4500414056427168,6.354308866568893,-5.904267460926176
8085,xgb,1024,mutation_only_ga,multi_start_hill_climb,1012,0.9150833933580399,0.2927277191615908,0.6223556741964491
8085,xgb,1024,iterated_local_search,multi_start_hill_climb,1024,6.254010289363974,0.2927277191615908,5.961282570202383
8085,xgb,1024,simulated_annealing,multi_start_hill_climb,1024,0.9953569866261013,0.2927277191615908,0.7026292674645105
8085,xgb,1024,mutation_only_adalead,multi_start_hill_climb,1024,0.4500414056427168,0.2927277191615908,0.15731368648112598
8085,xgb,1024,mutation_only_ga,multi_start_beam,1012,0.9150833933580399,6.354308866568893,-5.439225473210853
8085,rf,1024,multi_start_hill_climb,matched_seed_random_walk,1024,16.499705037023524,17.466836824004048,-0.9671317869805236
8085,rf,1024,multi_start_beam,matched_seed_random_walk,1023,17.181139036564726,17.466836824004048,-0.2856977874393216
8085,rf,1024,mutation_only_ga,matched_seed_random_walk,1024,16.247063134942156,17.466836824004048,-1.219773689061892
8085,rf,1024,iterated_local_search,matched_seed_random_walk,1024,16.705254453888283,17.466836824004048,-0.7615823701157645
8085,rf,1024,simulated_annealing,matched_seed_random_walk,1024,16.788922520977003,17.466836824004048,-0.6779143030270447
8085,rf,1024,mutation_only_adalead,matched_seed_random_walk,1024,16.819546460051097,17.466836824004048,-0.6472903639529513
8085,rf,1024,mutation_only_ga,multi_start_hill_climb,1024,16.247063134942156,16.499705037023524,-0.2526419020813684
8085,rf,1024,iterated_local_search,multi_start_hill_climb,1024,16.705254453888283,16.499705037023524,0.20554941686475914
8085,rf,1024,simulated_annealing,multi_start_hill_climb,1024,16.788922520977003,16.499705037023524,0.2892174839534789
8085,rf,1024,mutation_only_adalead,multi_start_hill_climb,1024,16.819546460051097,16.499705037023524,0.31984142302757235
8085,rf,1024,mutation_only_ga,multi_start_beam,1023,16.247063134942156,17.181139036564726,-0.9340759016225704
8086,xgb,1024,multi_start_hill_climb,matched_seed_random_walk,1024,4.227582112054757,6.544723293682992,-2.3171411816282346
8086,xgb,1024,multi_start_beam,matched_seed_random_walk,1024,6.001780150395233,6.544723293682992,-0.5429431432877587
8086,xgb,1024,mutation_only_ga,matched_seed_random_walk,1021,3.9200591503275826,6.544723293682992,-2.6246641433554094
8086,xgb,1024,iterated_local_search,matched_seed_random_walk,1024,6.0170813423732525,6.544723293682992,-0.5276419513097395
8086,xgb,1024,simulated_annealing,matched_seed_random_walk,1024,4.633865794566434,6.544723293682992,-1.910857499116558
8086,xgb,1024,mutation_only_adalead,matched_seed_random_walk,268,3.756309835644467,6.544723293682992,-2.788413458038525
8086,xgb,1024,mutation_only_ga,multi_start_hill_climb,1021,3.9200591503275826,4.227582112054757,-0.30752296172717486
8086,xgb,1024,iterated_local_search,multi_start_hill_climb,1024,6.0170813423732525,4.227582112054757,1.7894992303184951
8086,xgb,1024,simulated_annealing,multi_start_hill_climb,1024,4.633865794566434,4.227582112054757,0.4062836825116767
8086,xgb,1024,mutation_only_adalead,multi_start_hill_climb,268,3.756309835644467,9.06631036789366,-5.310000532249193
8086,xgb,1024,mutation_only_ga,multi_start_beam,1021,3.9200591503275826,6.001780150395233,-2.0817210000676507
8086,rf,1024,multi_start_hill_climb,matched_seed_random_walk,1024,17.499604507046705,18.557252726953696,-1.0576482199069908
8086,rf,1024,multi_start_beam,matched_seed_random_walk,1024,18.319808366546187,18.557252726953696,-0.23744436040750827
8086,rf,1024,mutation_only_ga,matched_seed_random_walk,1024,17.897501343476605,18.557252726953696,-0.6597513834770901
8086,rf,1024,iterated_local_search,matched_seed_random_walk,1024,18.384695343938834,18.557252726953696,-0.1725573830148619
8086,rf,1024,simulated_annealing,matched_seed_random_walk,1024,18.10056309005715,18.557252726953696,-0.4566896368965452
8086,rf,1024,mutation_only_adalead,matched_seed_random_walk,1024,17.764662556503783,18.557252726953696,-0.7925901704499125
8086,rf,1024,mutation_only_ga,multi_start_hill_climb,1024,17.897501343476605,17.499604507046705,0.3978968364299007
8086,rf,1024,iterated_local_search,multi_start_hill_climb,1024,18.384695343938834,17.499604507046705,0.8850908368921289
8086,rf,1024,simulated_annealing,multi_start_hill_climb,1024,18.10056309005715,17.499604507046705,0.6009585830104456
8086,rf,1024,mutation_only_adalead,multi_start_hill_climb,1024,17.764662556503783,17.499604507046705,0.2650580494570782
8086,rf,1024,mutation_only_ga,multi_start_beam,1024,17.897501343476605,18.319808366546187,-0.4223070230695818
8087,xgb,1024,multi_start_hill_climb,matched_seed_random_walk,1024,4.865086313082367,7.350501115244053,-2.485414802161686
8087,xgb,1024,multi_start_beam,matched_seed_random_walk,1023,6.9963122785192935,7.350501115244053,-0.3541888367247594
8087,xgb,1024,mutation_only_ga,matched_seed_random_walk,1024,5.975360945041496,7.350501115244053,-1.375140170202557
8087,xgb,1024,iterated_local_search,matched_seed_random_walk,1024,7.081126445377896,7.350501115244053,-0.2693746698661572
8087,xgb,1024,simulated_annealing,matched_seed_random_walk,1024,5.176679113520427,7.350501115244053,-2.173822001723626
8087,xgb,1024,mutation_only_adalead,matched_seed_random_walk,299,6.945638945574176,9.198039706046494,-2.2524007604723177
8087,xgb,1024,mutation_only_ga,multi_start_hill_climb,1024,5.975360945041496,4.865086313082367,1.110274631959129
8087,xgb,1024,iterated_local_search,multi_start_hill_climb,1024,7.081126445377896,4.865086313082367,2.2160401322955288
8087,xgb,1024,simulated_annealing,multi_start_hill_climb,1024,5.176679113520427,4.865086313082367,0.3115928004380599
8087,xgb,1024,mutation_only_adalead,multi_start_hill_climb,299,6.945638945574176,4.865086313082367,2.080552632491809
8087,xgb,1024,mutation_only_ga,multi_start_beam,1023,5.975360945041496,6.9963122785192935,-1.0209513334777975
8087,rf,1024,multi_start_hill_climb,matched_seed_random_walk,1024,17.274069848896772,18.164107415456826,-0.8900375665600535
8087,rf,1024,multi_start_beam,matched_seed_random_walk,1023,17.46903783088274,18.164107415456826,-0.6950695845740853
8087,rf,1024,mutation_only_ga,matched_seed_random_walk,1024,17.394478503128184,18.164107415456826,-0.769628912328642
8087,rf,1024,iterated_local_search,matched_seed_random_walk,1024,17.95253501418444,18.164107415456826,-0.21157240127238452
8087,rf,1024,simulated_annealing,matched_seed_random_walk,1024,17.641649041245984,18.164107415456826,-0.5224583742108422
8087,rf,1024,mutation_only_adalead,matched_seed_random_walk,1024,17.253610864099247,18.164107415456826,-0.9104965513575785
8087,rf,1024,mutation_only_ga,multi_start_hill_climb,1024,17.394478503128184,17.274069848896772,0.12040865423141156
8087,rf,1024,iterated_local_search,multi_start_hill_climb,1024,17.95253501418444,17.274069848896772,0.678465165287669
8087,rf,1024,simulated_annealing,multi_start_hill_climb,1024,17.641649041245984,17.274069848896772,0.3675791923492113
8087,rf,1024,mutation_only_adalead,multi_start_hill_climb,1024,17.253610864099247,17.274069848896772,-0.02045898479752495
8087,rf,1024,mutation_only_ga,multi_start_beam,1023,17.394478503128184,17.46903783088274,-0.07455932775455665
8088,xgb,1024,multi_start_hill_climb,matched_seed_random_walk,1024,5.332516862558269,9.796409114984975,-4.463892252426706
8088,xgb,1024,multi_start_beam,matched_seed_random_walk,1020,7.45517094187115,9.796409114984975,-2.341238173113825
8088,xgb,1024,mutation_only_ga,matched_seed_random_walk,1024,3.181767840473477,9.796409114984975,-6.614641274511499
8088,xgb,1024,iterated_local_search,matched_seed_random_walk,1024,7.45517094187115,9.796409114984975,-2.341238173113825
8088,xgb,1024,simulated_annealing,matched_seed_random_walk,1024,4.309309144581813,9.796409114984975,-5.487099970403162
8088,xgb,1024,mutation_only_adalead,matched_seed_random_walk,266,6.547180082148889,9.796409114984975,-3.2492290328360864
8088,xgb,1024,mutation_only_ga,multi_start_hill_climb,1024,3.181767840473477,5.332516862558269,-2.1507490220847925
8088,xgb,1024,iterated_local_search,multi_start_hill_climb,1024,7.45517094187115,5.332516862558269,2.1226540793128805
8088,xgb,1024,simulated_annealing,multi_start_hill_climb,1024,4.309309144581813,5.332516862558269,-1.0232077179764563
8088,xgb,1024,mutation_only_adalead,multi_start_hill_climb,266,6.547180082148889,9.523199820086521,-2.9760197379376327
8088,xgb,1024,mutation_only_ga,multi_start_beam,1020,3.181767840473477,7.45517094187115,-4.2734031013976725
8088,rf,1024,multi_start_hill_climb,matched_seed_random_walk,1024,17.025916814299055,18.58270429483235,-1.5567874805332949
8088,rf,1024,multi_start_beam,matched_seed_random_walk,1024,16.963450517128773,18.58270429483235,-1.6192537777035767
8088,rf,1024,mutation_only_ga,matched_seed_random_walk,1024,16.963450517128773,18.58270429483235,-1.6192537777035767
8088,rf,1024,iterated_local_search,matched_seed_random_walk,1024,17.31910232235449,18.58270429483235,-1.2636019724778613
8088,rf,1024,simulated_annealing,matched_seed_random_walk,1024,17.3651422235048,18.58270429483235,-1.2175620713275492
8088,rf,1024,mutation_only_adalead,matched_seed_random_walk,1024,16.839490075823864,18.58270429483235,-1.743214219008486
8088,rf,1024,mutation_only_ga,multi_start_hill_climb,1024,16.963450517128773,17.025916814299055,-0.06246629717028185
8088,rf,1024,iterated_local_search,multi_start_hill_climb,1024,17.31910232235449,17.025916814299055,0.29318550805543353
8088,rf,1024,simulated_annealing,multi_start_hill_climb,1024,17.3651422235048,17.025916814299055,0.3392254092057456
8088,rf,1024,mutation_only_adalead,multi_start_hill_climb,1024,16.839490075823864,17.025916814299055,-0.1864267384751912
8088,rf,1024,mutation_only_ga,multi_start_beam,1024,16.963450517128773,16.963450517128773,0.0
8089,xgb,1024,multi_start_hill_climb,matched_seed_random_walk,1024,2.1400976576707587,7.747869488932463,-5.607771831261704
8089,xgb,1024,multi_start_beam,matched_seed_random_walk,1024,5.666445241283895,7.747869488932463,-2.0814242476485685
8089,xgb,1024,mutation_only_ga,matched_seed_random_walk,1021,2.1400976576707587,7.747869488932463,-5.607771831261704
8089,xgb,1024,iterated_local_search,matched_seed_random_walk,1024,5.661708111347675,7.747869488932463,-2.086161377584788
8089,xgb,1024,simulated_annealing,matched_seed_random_walk,1024,2.8204365012016193,7.747869488932463,-4.927432987730844
8089,xgb,1024,mutation_only_adalead,matched_seed_random_walk,586,2.1400976576707587,7.747869488932463,-5.607771831261704
8089,xgb,1024,mutation_only_ga,multi_start_hill_climb,1021,2.1400976576707587,2.1400976576707587,0.0
8089,xgb,1024,iterated_local_search,multi_start_hill_climb,1024,5.661708111347675,2.1400976576707587,3.5216104536769164
8089,xgb,1024,simulated_annealing,multi_start_hill_climb,1024,2.8204365012016193,2.1400976576707587,0.6803388435308606
8089,xgb,1024,mutation_only_adalead,multi_start_hill_climb,586,2.1400976576707587,3.8076565401300493,-1.6675588824592906
8089,xgb,1024,mutation_only_ga,multi_start_beam,1021,2.1400976576707587,5.666445241283895,-3.526347583613136
8089,rf,1024,multi_start_hill_climb,matched_seed_random_walk,1024,16.707898230713194,18.161177228772047,-1.4532789980588525
8089,rf,1024,multi_start_beam,matched_seed_random_walk,1024,17.725265101281174,18.161177228772047,-0.43591212749087305
8089,rf,1024,mutation_only_ga,matched_seed_random_walk,1024,17.082242486405598,18.161177228772047,-1.0789347423664495
8089,rf,1024,iterated_local_search,matched_seed_random_walk,1024,17.76634564632343,18.161177228772047,-0.39483158244861727
8089,rf,1024,simulated_annealing,matched_seed_random_walk,1024,16.791984916531526,18.161177228772047,-1.3691923122405214
8089,rf,1024,mutation_only_adalead,matched_seed_random_walk,1024,16.614321404943492,18.161177228772047,-1.5468558238285546
8089,rf,1024,mutation_only_ga,multi_start_hill_climb,1024,17.082242486405598,16.707898230713194,0.37434425569240304
8089,rf,1024,iterated_local_search,multi_start_hill_climb,1024,17.76634564632343,16.707898230713194,1.0584474156102353
8089,rf,1024,simulated_annealing,multi_start_hill_climb,1024,16.791984916531526,16.707898230713194,0.08408668581833112
8089,rf,1024,mutation_only_adalead,multi_start_hill_climb,1024,16.614321404943492,16.707898230713194,-0.09357682576970205
8089,rf,1024,mutation_only_ga,multi_start_beam,1024,17.082242486405598,17.725265101281174,-0.6430226148755764
8090,xgb,1024,multi_start_hill_climb,matched_seed_random_walk,1024,5.710826824129722,5.04719762552743,0.6636291986022922
8090,xgb,1024,multi_start_beam,matched_seed_random_walk,1019,5.294937899166767,5.04719762552743,0.24774027363933726
8090,xgb,1024,mutation_only_ga,matched_seed_random_walk,1024,5.04719762552743,5.04719762552743,0.0
8090,xgb,1024,iterated_local_search,matched_seed_random_walk,1024,5.04719762552743,5.04719762552743,0.0
8090,xgb,1024,simulated_annealing,matched_seed_random_walk,1024,5.014000506334955,5.04719762552743,-0.03319711919247492
8090,xgb,1024,mutation_only_adalead,matched_seed_random_walk,282,5.04719762552743,5.294937899166767,-0.24774027363933726
8090,xgb,1024,mutation_only_ga,multi_start_hill_climb,1024,5.04719762552743,5.710826824129722,-0.6636291986022922
8090,xgb,1024,iterated_local_search,multi_start_hill_climb,1024,5.04719762552743,5.710826824129722,-0.6636291986022922
8090,xgb,1024,simulated_annealing,multi_start_hill_climb,1024,5.014000506334955,5.710826824129722,-0.6968263177947671
8090,xgb,1024,mutation_only_adalead,multi_start_hill_climb,282,5.04719762552743,8.716362289753869,-3.6691646642264395
8090,xgb,1024,mutation_only_ga,multi_start_beam,1019,5.04719762552743,5.294937899166767,-0.24774027363933726
8090,rf,1024,multi_start_hill_climb,matched_seed_random_walk,1024,15.299418343744431,16.99482673530768,-1.695408391563248
8090,rf,1024,multi_start_beam,matched_seed_random_walk,1018,15.56376271778794,16.99482673530768,-1.4310640175197396
8090,rf,1024,mutation_only_ga,matched_seed_random_walk,1024,15.401899458866053,16.99482673530768,-1.5929272764416265
8090,rf,1024,iterated_local_search,matched_seed_random_walk,1024,15.558635962291676,16.99482673530768,-1.436190773016003
8090,rf,1024,simulated_annealing,matched_seed_random_walk,1024,15.558635962291676,16.99482673530768,-1.436190773016003
8090,rf,1024,mutation_only_adalead,matched_seed_random_walk,1024,15.199347307845668,16.99482673530768,-1.795479427462011
8090,rf,1024,mutation_only_ga,multi_start_hill_climb,1024,15.401899458866053,15.299418343744431,0.10248111512162161
8090,rf,1024,iterated_local_search,multi_start_hill_climb,1024,15.558635962291676,15.299418343744431,0.259217618547245
8090,rf,1024,simulated_annealing,multi_start_hill_climb,1024,15.558635962291676,15.299418343744431,0.259217618547245
8090,rf,1024,mutation_only_adalead,multi_start_hill_climb,1024,15.199347307845668,15.299418343744431,-0.10007103589876287
8090,rf,1024,mutation_only_ga,multi_start_beam,1018,15.401899458866053,15.56376271778794,-0.1618632589218869
8091,xgb,1024,multi_start_hill_climb,matched_seed_random_walk,1024,2.7446098197818274,6.465084332277674,-3.7204745124958465
8091,xgb,1024,multi_start_beam,matched_seed_random_walk,1024,6.266951170801422,6.465084332277674,-0.19813316147625226
8091,xgb,1024,mutation_only_ga,matched_seed_random_walk,999,4.0855315008918,6.465084332277674,-2.3795528313858743
8091,xgb,1024,iterated_local_search,matched_seed_random_walk,1024,5.353142191398634,6.465084332277674,-1.11194214087904
8091,xgb,1024,simulated_annealing,matched_seed_random_walk,1024,4.723831857710608,6.465084332277674,-1.7412524745670659
8091,xgb,1024,mutation_only_adalead,matched_seed_random_walk,503,1.2855735319907862,6.465084332277674,-5.179510800286888
8091,xgb,1024,mutation_only_ga,multi_start_hill_climb,999,4.0855315008918,2.7446098197818274,1.3409216811099722
8091,xgb,1024,iterated_local_search,multi_start_hill_climb,1024,5.353142191398634,2.7446098197818274,2.6085323716168065
8091,xgb,1024,simulated_annealing,multi_start_hill_climb,1024,4.723831857710608,2.7446098197818274,1.9792220379287806
8091,xgb,1024,mutation_only_adalead,multi_start_hill_climb,503,1.2855735319907862,2.7446098197818274,-1.4590362877910412
8091,xgb,1024,mutation_only_ga,multi_start_beam,999,4.0855315008918,6.266951170801422,-2.181419669909622
8091,rf,1024,multi_start_hill_climb,matched_seed_random_walk,1024,18.26480083444089,18.188577400435456,0.07622343400543485
8091,rf,1024,multi_start_beam,matched_seed_random_walk,1024,18.15903053335578,18.188577400435456,-0.02954686707967724
8091,rf,1024,mutation_only_ga,matched_seed_random_walk,1023,17.766151365305063,18.188577400435456,-0.42242603513039256
8091,rf,1024,iterated_local_search,matched_seed_random_walk,1024,17.871898711742137,18.188577400435456,-0.31667868869331883
8091,rf,1024,simulated_annealing,matched_seed_random_walk,1024,18.996534047979907,18.188577400435456,0.8079566475444508
8091,rf,1024,mutation_only_adalead,matched_seed_random_walk,1024,17.766151365305063,18.188577400435456,-0.42242603513039256
8091,rf,1024,mutation_only_ga,multi_start_hill_climb,1023,17.766151365305063,18.26480083444089,-0.4986494691358274
8091,rf,1024,iterated_local_search,multi_start_hill_climb,1024,17.871898711742137,18.26480083444089,-0.3929021226987537
8091,rf,1024,simulated_annealing,multi_start_hill_climb,1024,18.996534047979907,18.26480083444089,0.731733213539016
8091,rf,1024,mutation_only_adalead,multi_start_hill_climb,1024,17.766151365305063,18.26480083444089,-0.4986494691358274
8091,rf,1024,mutation_only_ga,multi_start_beam,1023,17.766151365305063,18.15903053335578,-0.3928791680507153
8092,xgb,1024,multi_start_hill_climb,matched_seed_random_walk,1024,4.390081890344213,8.481502521367824,-4.091420631023611
8092,xgb,1024,multi_start_beam,matched_seed_random_walk,1024,6.7661536724384534,8.481502521367824,-1.715348848929371
8092,xgb,1024,mutation_only_ga,matched_seed_random_walk,1024,7.525107309008814,8.481502521367824,-0.95639521235901
8092,xgb,1024,iterated_local_search,matched_seed_random_walk,1024,6.498128285875993,8.481502521367824,-1.9833742354918318
8092,xgb,1024,simulated_annealing,matched_seed_random_walk,1024,7.361808709207395,8.481502521367824,-1.1196938121604294
8092,xgb,1024,mutation_only_adalead,matched_seed_random_walk,372,4.390081890344213,10.719661140658136,-6.329579250313923
8092,xgb,1024,mutation_only_ga,multi_start_hill_climb,1024,7.525107309008814,4.390081890344213,3.1350254186646014
8092,xgb,1024,iterated_local_search,multi_start_hill_climb,1024,6.498128285875993,4.390081890344213,2.1080463955317796
8092,xgb,1024,simulated_annealing,multi_start_hill_climb,1024,7.361808709207395,4.390081890344213,2.971726818863182
8092,xgb,1024,mutation_only_adalead,multi_start_hill_climb,372,4.390081890344213,4.390081890344213,0.0
8092,xgb,1024,mutation_only_ga,multi_start_beam,1024,7.525107309008814,6.7661536724384534,0.7589536365703609
8092,rf,1024,multi_start_hill_climb,matched_seed_random_walk,1024,15.827758342138553,16.29508680302338,-0.4673284608848274
8092,rf,1024,multi_start_beam,matched_seed_random_walk,1024,16.115381881188227,16.29508680302338,-0.1797049218351532
8092,rf,1024,mutation_only_ga,matched_seed_random_walk,1009,15.874482701345915,16.29508680302338,-0.42060410167746554
8092,rf,1024,iterated_local_search,matched_seed_random_walk,1024,16.002054234780207,16.29508680302338,-0.2930325682431736
8092,rf,1024,simulated_annealing,matched_seed_random_walk,1024,15.874482701345915,16.29508680302338,-0.42060410167746554
8092,rf,1024,mutation_only_adalead,matched_seed_random_walk,1024,15.827758342138553,16.29508680302338,-0.4673284608848274
8092,rf,1024,mutation_only_ga,multi_start_hill_climb,1009,15.874482701345915,15.827758342138553,0.04672435920736184
8092,rf,1024,iterated_local_search,multi_start_hill_climb,1024,16.002054234780207,15.827758342138553,0.1742958926416538
8092,rf,1024,simulated_annealing,multi_start_hill_climb,1024,15.874482701345915,15.827758342138553,0.04672435920736184
8092,rf,1024,mutation_only_adalead,multi_start_hill_climb,1024,15.827758342138553,15.827758342138553,0.0
8092,rf,1024,mutation_only_ga,multi_start_beam,1009,15.874482701345915,16.115381881188227,-0.24089917984231235
8093,xgb,1024,multi_start_hill_climb,matched_seed_random_walk,1024,3.219494798266394,10.137074768380284,-6.91757997011389
8093,xgb,1024,multi_start_beam,matched_seed_random_walk,1020,8.14352068109342,10.137074768380284,-1.9935540872868636
8093,xgb,1024,mutation_only_ga,matched_seed_random_walk,1024,4.997189300201025,10.137074768380284,-5.139885468179259
8093,xgb,1024,iterated_local_search,matched_seed_random_walk,1024,8.14352068109342,10.137074768380284,-1.9935540872868636
8093,xgb,1024,simulated_annealing,matched_seed_random_walk,1024,4.785996603113256,10.137074768380284,-5.351078165267028
8093,xgb,1024,mutation_only_adalead,matched_seed_random_walk,275,3.219494798266394,10.622433637927566,-7.4029388396611715
8093,xgb,1024,mutation_only_ga,multi_start_hill_climb,1024,4.997189300201025,3.219494798266394,1.7776945019346306
8093,xgb,1024,iterated_local_search,multi_start_hill_climb,1024,8.14352068109342,3.219494798266394,4.924025882827026
8093,xgb,1024,simulated_annealing,multi_start_hill_climb,1024,4.785996603113256,3.219494798266394,1.5665018048468622
8093,xgb,1024,mutation_only_adalead,multi_start_hill_climb,275,3.219494798266394,9.532118298624106,-6.312623500357711
8093,xgb,1024,mutation_only_ga,multi_start_beam,1020,4.997189300201025,8.14352068109342,-3.146331380892396
8093,rf,1024,multi_start_hill_climb,matched_seed_random_walk,1024,16.92440123623344,18.123402123351568,-1.1990008871181281
8093,rf,1024,multi_start_beam,matched_seed_random_walk,1017,17.42622215118048,18.123402123351568,-0.6971799721710887
8093,rf,1024,mutation_only_ga,matched_seed_random_walk,1007,17.14758214634259,18.123402123351568,-0.9758199770089782
8093,rf,1024,iterated_local_search,matched_seed_random_walk,1024,17.365939572189827,18.123402123351568,-0.7574625511617405
8093,rf,1024,simulated_annealing,matched_seed_random_walk,1024,17.073658745954525,18.123402123351568,-1.0497433773970428
8093,rf,1024,mutation_only_adalead,matched_seed_random_walk,1024,16.953871126818896,18.123402123351568,-1.1695309965326715
8093,rf,1024,mutation_only_ga,multi_start_hill_climb,1007,17.14758214634259,16.92440123623344,0.22318091010914998
8093,rf,1024,iterated_local_search,multi_start_hill_climb,1024,17.365939572189827,16.92440123623344,0.4415383359563876
8093,rf,1024,simulated_annealing,multi_start_hill_climb,1024,17.073658745954525,16.92440123623344,0.1492575097210853
8093,rf,1024,mutation_only_adalead,multi_start_hill_climb,1024,16.953871126818896,16.92440123623344,0.02946989058545668
8093,rf,1024,mutation_only_ga,multi_start_beam,1007,17.14758214634259,17.42622215118048,-0.2786400048378894
8094,xgb,1024,multi_start_hill_climb,matched_seed_random_walk,1024,3.9955571923709448,8.395515032161315,-4.39995783979037
8094,xgb,1024,multi_start_beam,matched_seed_random_walk,1022,7.620317679792845,8.395515032161315,-0.7751973523684699
8094,xgb,1024,mutation_only_ga,matched_seed_random_walk,1024,6.048254337462369,8.395515032161315,-2.347260694698946
8094,xgb,1024,iterated_local_search,matched_seed_random_walk,1024,6.509110344478897,8.395515032161315,-1.8864046876824183
8094,xgb,1024,simulated_annealing,matched_seed_random_walk,1024,4.086405756805629,8.395515032161315,-4.309109275355686
8094,xgb,1024,mutation_only_adalead,matched_seed_random_walk,293,8.16704542655898,9.034959986668483,-0.8679145601095026
8094,xgb,1024,mutation_only_ga,multi_start_hill_climb,1024,6.048254337462369,3.9955571923709448,2.0526971450914244
8094,xgb,1024,iterated_local_search,multi_start_hill_climb,1024,6.509110344478897,3.9955571923709448,2.513553152107952
8094,xgb,1024,simulated_annealing,multi_start_hill_climb,1024,4.086405756805629,3.9955571923709448,0.09084856443468414
8094,xgb,1024,mutation_only_adalead,multi_start_hill_climb,293,8.16704542655898,4.68223618240203,3.48480924415695
8094,xgb,1024,mutation_only_ga,multi_start_beam,1022,6.048254337462369,7.620317679792845,-1.572063342330476
8094,rf,1024,multi_start_hill_climb,matched_seed_random_walk,1024,16.707697848676926,18.397056670147418,-1.689358821470492
8094,rf,1024,multi_start_beam,matched_seed_random_walk,1024,17.795769584148204,18.397056670147418,-0.6012870859992141
8094,rf,1024,mutation_only_ga,matched_seed_random_walk,1024,16.95702176045508,18.397056670147418,-1.4400349096923364
8094,rf,1024,iterated_local_search,matched_seed_random_walk,1024,17.809369971471668,18.397056670147418,-0.5876866986757499
8094,rf,1024,simulated_annealing,matched_seed_random_walk,1024,17.181271913328334,18.397056670147418,-1.2157847568190832
8094,rf,1024,mutation_only_adalead,matched_seed_random_walk,1024,16.707697848676926,18.397056670147418,-1.689358821470492
8094,rf,1024,mutation_only_ga,multi_start_hill_climb,1024,16.95702176045508,16.707697848676926,0.2493239117781556
8094,rf,1024,iterated_local_search,multi_start_hill_climb,1024,17.809369971471668,16.707697848676926,1.1016721227947421
8094,rf,1024,simulated_annealing,multi_start_hill_climb,1024,17.181271913328334,16.707697848676926,0.47357406465140883
8094,rf,1024,mutation_only_adalead,multi_start_hill_climb,1024,16.707697848676926,16.707697848676926,0.0
8094,rf,1024,mutation_only_ga,multi_start_beam,1024,16.95702176045508,17.795769584148204,-0.8387478236931223
8095,xgb,1024,multi_start_hill_climb,matched_seed_random_walk,1024,1.53044305843573,8.885857461032183,-7.355414402596453
8095,xgb,1024,multi_start_beam,matched_seed_random_walk,1024,3.153692466346203,8.885857461032183,-5.73216499468598
8095,xgb,1024,mutation_only_ga,matched_seed_random_walk,1024,1.4499081146866,8.885857461032183,-7.435949346345582
8095,xgb,1024,iterated_local_search,matched_seed_random_walk,1024,3.153692466346203,8.885857461032183,-5.73216499468598
8095,xgb,1024,simulated_annealing,matched_seed_random_walk,1024,4.8877099142333,8.885857461032183,-3.998147546798883
8095,xgb,1024,mutation_only_adalead,matched_seed_random_walk,193,1.4499081146866,9.917220043770556,-8.467311929083955
8095,xgb,1024,mutation_only_ga,multi_start_hill_climb,1024,1.4499081146866,1.53044305843573,-0.08053494374913006
8095,xgb,1024,iterated_local_search,multi_start_hill_climb,1024,3.153692466346203,1.53044305843573,1.623249407910473
8095,xgb,1024,simulated_annealing,multi_start_hill_climb,1024,4.8877099142333,1.53044305843573,3.35726685579757
8095,xgb,1024,mutation_only_adalead,multi_start_hill_climb,193,1.4499081146866,7.519072660066004,-6.0691645453794045
8095,xgb,1024,mutation_only_ga,multi_start_beam,1024,1.4499081146866,3.153692466346203,-1.703784351659603
8095,rf,1024,multi_start_hill_climb,matched_seed_random_walk,1024,17.070383956361926,17.497967901645428,-0.4275839452835015
8095,rf,1024,multi_start_beam,matched_seed_random_walk,1024,17.33556484344639,17.497967901645428,-0.1624030581990361
8095,rf,1024,mutation_only_ga,matched_seed_random_walk,1024,16.93820454147003,17.497967901645428,-0.5597633601753991
8095,rf,1024,iterated_local_search,matched_seed_random_walk,1024,17.497967901645428,17.497967901645428,0.0
8095,rf,1024,simulated_annealing,matched_seed_random_walk,1024,17.287332610089972,17.497967901645428,-0.21063529155545524
8095,rf,1024,mutation_only_adalead,matched_seed_random_walk,1024,17.070383956361926,17.497967901645428,-0.4275839452835015
8095,rf,1024,mutation_only_ga,multi_start_hill_climb,1024,16.93820454147003,17.070383956361926,-0.13217941489189755
8095,rf,1024,iterated_local_search,multi_start_hill_climb,1024,17.497967901645428,17.070383956361926,0.4275839452835015
8095,rf,1024,simulated_annealing,multi_start_hill_climb,1024,17.287332610089972,17.070383956361926,0.21694865372804628
8095,rf,1024,mutation_only_adalead,multi_start_hill_climb,1024,17.070383956361926,17.070383956361926,0.0
8095,rf,1024,mutation_only_ga,multi_start_beam,1024,16.93820454147003,17.33556484344639,-0.39736030197636296
8096,xgb,1024,multi_start_hill_climb,matched_seed_random_walk,1024,4.311868058509026,9.62380123507709,-5.311933176568065
8096,xgb,1024,multi_start_beam,matched_seed_random_walk,1024,8.246854648442156,9.62380123507709,-1.3769465866349346
8096,xgb,1024,mutation_only_ga,matched_seed_random_walk,1024,4.311868058509026,9.62380123507709,-5.311933176568065
8096,xgb,1024,iterated_local_search,matched_seed_random_walk,1024,6.6374674424983535,9.62380123507709,-2.986333792578737
8096,xgb,1024,simulated_annealing,matched_seed_random_walk,1024,5.663062352166821,9.62380123507709,-3.9607388829102694
8096,xgb,1024,mutation_only_adalead,matched_seed_random_walk,278,4.311868058509026,9.62380123507709,-5.311933176568065
8096,xgb,1024,mutation_only_ga,multi_start_hill_climb,1024,4.311868058509026,4.311868058509026,0.0
8096,xgb,1024,iterated_local_search,multi_start_hill_climb,1024,6.6374674424983535,4.311868058509026,2.325599383989328
8096,xgb,1024,simulated_annealing,multi_start_hill_climb,1024,5.663062352166821,4.311868058509026,1.3511942936577954
8096,xgb,1024,mutation_only_adalead,multi_start_hill_climb,278,4.311868058509026,4.311868058509026,0.0
8096,xgb,1024,mutation_only_ga,multi_start_beam,1024,4.311868058509026,8.246854648442156,-3.93498658993313
8096,rf,1024,multi_start_hill_climb,matched_seed_random_walk,1024,16.608376127644235,17.818864333633435,-1.2104882059892006
8096,rf,1024,multi_start_beam,matched_seed_random_walk,1024,17.31397782357209,17.818864333633435,-0.5048865100613469
8096,rf,1024,mutation_only_ga,matched_seed_random_walk,1024,16.286440067560214,17.818864333633435,-1.532424266073221
8096,rf,1024,iterated_local_search,matched_seed_random_walk,1024,17.060822481954713,17.818864333633435,-0.7580418516787226
8096,rf,1024,simulated_annealing,matched_seed_random_walk,1024,16.608376127644235,17.818864333633435,-1.2104882059892006
8096,rf,1024,mutation_only_adalead,matched_seed_random_walk,1024,16.286440067560214,17.818864333633435,-1.532424266073221
8096,rf,1024,mutation_only_ga,multi_start_hill_climb,1024,16.286440067560214,16.608376127644235,-0.3219360600840204
8096,rf,1024,iterated_local_search,multi_start_hill_climb,1024,17.060822481954713,16.608376127644235,0.45244635431047797
8096,rf,1024,simulated_annealing,multi_start_hill_climb,1024,16.608376127644235,16.608376127644235,0.0
8096,rf,1024,mutation_only_adalead,multi_start_hill_climb,1024,16.286440067560214,16.608376127644235,-0.3219360600840204
8096,rf,1024,mutation_only_ga,multi_start_beam,1024,16.286440067560214,17.31397782357209,-1.0275377560118741
8097,xgb,1024,multi_start_hill_climb,matched_seed_random_walk,1024,9.381913616964972,11.786726118991126,-2.4048125020261537
8097,xgb,1024,multi_start_beam,matched_seed_random_walk,1023,10.821358211924132,11.786726118991126,-0.9653679070669945
8097,xgb,1024,mutation_only_ga,matched_seed_random_walk,813,11.035617958955513,11.786726118991126,-0.7511081600356135
8097,xgb,1024,iterated_local_search,matched_seed_random_walk,1024,11.39923788779695,11.786726118991126,-0.3874882311941761
8097,xgb,1024,simulated_annealing,matched_seed_random_walk,1024,10.213460153313092,11.786726118991126,-1.5732659656780346
8097,xgb,1024,mutation_only_adalead,matched_seed_random_walk,1024,10.948029781442436,11.786726118991126,-0.83869633754869
8097,xgb,1024,mutation_only_ga,multi_start_hill_climb,813,11.035617958955513,10.652454932167931,0.38316302678758163
8097,xgb,1024,iterated_local_search,multi_start_hill_climb,1024,11.39923788779695,9.381913616964972,2.0173242708319776
8097,xgb,1024,simulated_annealing,multi_start_hill_climb,1024,10.213460153313092,9.381913616964972,0.8315465363481191
8097,xgb,1024,mutation_only_adalead,multi_start_hill_climb,1024,10.948029781442436,9.381913616964972,1.5661161644774637
8097,xgb,1024,mutation_only_ga,multi_start_beam,813,11.035617958955513,11.39923788779695,-0.36361992884143746
8097,rf,1024,multi_start_hill_climb,matched_seed_random_walk,1024,18.088571493286956,18.99956451284074,-0.9109930195537856
8097,rf,1024,multi_start_beam,matched_seed_random_walk,1024,18.635522199830067,18.99956451284074,-0.3640423130106747
8097,rf,1024,mutation_only_ga,matched_seed_random_walk,1024,18.511626553359765,18.99956451284074,-0.48793795948097696
8097,rf,1024,iterated_local_search,matched_seed_random_walk,1024,18.560038843717404,18.99956451284074,-0.4395256691233378
8097,rf,1024,simulated_annealing,matched_seed_random_walk,1024,18.560038843717404,18.99956451284074,-0.4395256691233378
8097,rf,1024,mutation_only_adalead,matched_seed_random_walk,1024,18.635522199830067,18.99956451284074,-0.3640423130106747
8097,rf,1024,mutation_only_ga,multi_start_hill_climb,1024,18.511626553359765,18.088571493286956,0.4230550600728087
8097,rf,1024,iterated_local_search,multi_start_hill_climb,1024,18.560038843717404,18.088571493286956,0.47146735043044785
8097,rf,1024,simulated_annealing,multi_start_hill_climb,1024,18.560038843717404,18.088571493286956,0.47146735043044785
8097,rf,1024,mutation_only_adalead,multi_start_hill_climb,1024,18.635522199830067,18.088571493286956,0.546950706543111
8097,rf,1024,mutation_only_ga,multi_start_beam,1024,18.511626553359765,18.635522199830067,-0.12389564647030227
8098,xgb,1024,multi_start_hill_climb,matched_seed_random_walk,1024,5.606804347095481,8.337521318018611,-2.7307169709231305
8098,xgb,1024,multi_start_beam,matched_seed_random_walk,1024,8.847802474344059,8.337521318018611,0.5102811563254477
8098,xgb,1024,mutation_only_ga,matched_seed_random_walk,1022,6.421024860006616,8.337521318018611,-1.916496458011995
8098,xgb,1024,iterated_local_search,matched_seed_random_walk,1024,8.847802474344059,8.337521318018611,0.5102811563254477
8098,xgb,1024,simulated_annealing,matched_seed_random_walk,1024,6.498221097790315,8.337521318018611,-1.8393002202282958
8098,xgb,1024,mutation_only_adalead,matched_seed_random_walk,635,6.116363767294475,10.270964182460704,-4.154600415166229
8098,xgb,1024,mutation_only_ga,multi_start_hill_climb,1022,6.421024860006616,5.606804347095481,0.8142205129111355
8098,xgb,1024,iterated_local_search,multi_start_hill_climb,1024,8.847802474344059,5.606804347095481,3.240998127248578
8098,xgb,1024,simulated_annealing,multi_start_hill_climb,1024,6.498221097790315,5.606804347095481,0.8914167506948347
8098,xgb,1024,mutation_only_adalead,multi_start_hill_climb,635,6.116363767294475,5.606804347095481,0.5095594201989941
8098,xgb,1024,mutation_only_ga,multi_start_beam,1022,6.421024860006616,8.847802474344059,-2.4267776143374427
8098,rf,1024,multi_start_hill_climb,matched_seed_random_walk,1024,17.012964369036737,18.667109851933944,-1.6541454828972064
8098,rf,1024,multi_start_beam,matched_seed_random_walk,1024,18.17899747018053,18.667109851933944,-0.48811238175341387
8098,rf,1024,mutation_only_ga,matched_seed_random_walk,1022,17.11756834098164,18.667109851933944,-1.5495415109523023
8098,rf,1024,iterated_local_search,matched_seed_random_walk,1024,18.095625520585244,18.667109851933944,-0.5714843313486995
8098,rf,1024,simulated_annealing,matched_seed_random_walk,1024,17.576996949493807,18.667109851933944,-1.0901129024401364
8098,rf,1024,mutation_only_adalead,matched_seed_random_walk,1024,17.11756834098164,18.667109851933944,-1.5495415109523023
8098,rf,1024,mutation_only_ga,multi_start_hill_climb,1022,17.11756834098164,17.012964369036737,0.10460397194490412
8098,rf,1024,iterated_local_search,multi_start_hill_climb,1024,18.095625520585244,17.012964369036737,1.082661151548507
8098,rf,1024,simulated_annealing,multi_start_hill_climb,1024,17.576996949493807,17.012964369036737,0.56403258045707
8098,rf,1024,mutation_only_adalead,multi_start_hill_climb,1024,17.11756834098164,17.012964369036737,0.10460397194490412
8098,rf,1024,mutation_only_ga,multi_start_beam,1022,17.11756834098164,18.17899747018053,-1.0614291291988884
8099,xgb,1024,multi_start_hill_climb,matched_seed_random_walk,1024,3.225694774302299,6.460160611119576,-3.2344658368172774
8099,xgb,1024,multi_start_beam,matched_seed_random_walk,1024,3.225694774302299,6.460160611119576,-3.2344658368172774
8099,xgb,1024,mutation_only_ga,matched_seed_random_walk,819,5.0559424000725315,10.470335179530739,-5.414392779458208
8099,xgb,1024,iterated_local_search,matched_seed_random_walk,1024,3.2409132712451765,6.460160611119576,-3.2192473398744
8099,xgb,1024,simulated_annealing,matched_seed_random_walk,1024,6.131139160194905,6.460160611119576,-0.32902145092467183
8099,xgb,1024,mutation_only_adalead,matched_seed_random_walk,126,8.58647148594168,10.778693553031768,-2.192222067090089
8099,xgb,1024,mutation_only_ga,multi_start_hill_climb,819,5.0559424000725315,6.71999566956062,-1.6640532694880887
8099,xgb,1024,iterated_local_search,multi_start_hill_climb,1024,3.2409132712451765,3.225694774302299,0.015218496942877469
8099,xgb,1024,simulated_annealing,multi_start_hill_climb,1024,6.131139160194905,3.225694774302299,2.9054443858926056
8099,xgb,1024,mutation_only_adalead,multi_start_hill_climb,126,8.58647148594168,8.58647148594168,0.0
8099,xgb,1024,mutation_only_ga,multi_start_beam,819,5.0559424000725315,3.2409132712451765,1.815029128827355
8099,rf,1024,multi_start_hill_climb,matched_seed_random_walk,1024,16.237803844499457,17.1743976627385,-0.936593818239043
8099,rf,1024,multi_start_beam,matched_seed_random_walk,1023,17.00298765241127,17.1743976627385,-0.1714100103272287
8099,rf,1024,mutation_only_ga,matched_seed_random_walk,1024,16.818744001494622,17.1743976627385,-0.35565366124387765
8099,rf,1024,iterated_local_search,matched_seed_random_walk,1024,17.1743976627385,17.1743976627385,0.0
8099,rf,1024,simulated_annealing,matched_seed_random_walk,1024,16.10137510178789,17.1743976627385,-1.0730225609506086
8099,rf,1024,mutation_only_adalead,matched_seed_random_walk,1024,16.32031233639959,17.1743976627385,-0.854085326338911
8099,rf,1024,mutation_only_ga,multi_start_hill_climb,1024,16.818744001494622,16.237803844499457,0.5809401569951653
8099,rf,1024,iterated_local_search,multi_start_hill_climb,1024,17.1743976627385,16.237803844499457,0.936593818239043
8099,rf,1024,simulated_annealing,multi_start_hill_climb,1024,16.10137510178789,16.237803844499457,-0.13642874271156558
8099,rf,1024,mutation_only_adalead,multi_start_hill_climb,1024,16.32031233639959,16.237803844499457,0.08250849190013199
8099,rf,1024,mutation_only_ga,multi_start_beam,1023,16.818744001494622,17.00298765241127,-0.18424365091664896
8100,xgb,1024,multi_start_hill_climb,matched_seed_random_walk,1024,4.3264310948132145,9.181440916346425,-4.85500982153321
8100,xgb,1024,multi_start_beam,matched_seed_random_walk,1024,7.208507745259254,9.181440916346425,-1.9729331710871705
8100,xgb,1024,mutation_only_ga,matched_seed_random_walk,1024,4.485674316948809,9.181440916346425,-4.695766599397616
8100,xgb,1024,iterated_local_search,matched_seed_random_walk,1024,7.208507745259254,9.181440916346425,-1.9729331710871705
8100,xgb,1024,simulated_annealing,matched_seed_random_walk,1024,5.515210346078679,9.181440916346425,-3.6662305702677456
8100,xgb,1024,mutation_only_adalead,matched_seed_random_walk,639,4.3264310948132145,9.181440916346425,-4.85500982153321
8100,xgb,1024,mutation_only_ga,multi_start_hill_climb,1024,4.485674316948809,4.3264310948132145,0.1592432221355944
8100,xgb,1024,iterated_local_search,multi_start_hill_climb,1024,7.208507745259254,4.3264310948132145,2.88207665044604
8100,xgb,1024,simulated_annealing,multi_start_hill_climb,1024,5.515210346078679,4.3264310948132145,1.1887792512654647
8100,xgb,1024,mutation_only_adalead,multi_start_hill_climb,639,4.3264310948132145,4.3264310948132145,0.0
8100,xgb,1024,mutation_only_ga,multi_start_beam,1024,4.485674316948809,7.208507745259254,-2.7228334283104454
8100,rf,1024,multi_start_hill_climb,matched_seed_random_walk,1024,17.560763805510124,18.39021146339937,-0.8294476578892471
8100,rf,1024,multi_start_beam,matched_seed_random_walk,1024,17.887294326400536,18.39021146339937,-0.5029171369988354
8100,rf,1024,mutation_only_ga,matched_seed_random_walk,1024,17.560763805510124,18.39021146339937,-0.8294476578892471
8100,rf,1024,iterated_local_search,matched_seed_random_walk,1024,17.560763805510124,18.39021146339937,-0.8294476578892471
8100,rf,1024,simulated_annealing,matched_seed_random_walk,1024,17.811191607020422,18.39021146339937,-0.5790198563789488
8100,rf,1024,mutation_only_adalead,matched_seed_random_walk,1024,17.560763805510124,18.39021146339937,-0.8294476578892471
8100,rf,1024,mutation_only_ga,multi_start_hill_climb,1024,17.560763805510124,17.560763805510124,0.0
8100,rf,1024,iterated_local_search,multi_start_hill_climb,1024,17.560763805510124,17.560763805510124,0.0
8100,rf,1024,simulated_annealing,multi_start_hill_climb,1024,17.811191607020422,17.560763805510124,0.2504278015102983
8100,rf,1024,mutation_only_adalead,multi_start_hill_climb,1024,17.560763805510124,17.560763805510124,0.0
8100,rf,1024,mutation_only_ga,multi_start_beam,1024,17.560763805510124,17.887294326400536,-0.3265305208904117
