seed,proxy,budget,policy,arm,actual_predictions,stop_reason,model_id,seconds,prediction_seconds,prediction_calls,proposed,scored_children,feasibility,n_groups,archive,best_pred_gbsa,best_candidate_id,diversity_top50,ood_fraction_top50,min_train_hamming_top50,n_exportable
8001,xgb,1024,matched_seed_random_walk,main,1024,budget_exhausted,xgb_boot5_sklearn_gbm_5d1be46d1a8a179c,1.1762558000045829,0.5119944998878054,9,1008,1008,1.0,2,subruns\s8001_xgb_1024_matched_seed_random_walk_main,7.876193359942704,e11be8a1a54db176,4.459591836734694,0.0,2.06,1016
8001,xgb,1024,multi_start_hill_climb,main,1024,budget_exhausted,xgb_boot5_sklearn_gbm_5d1be46d1a8a179c,1.0404141999897547,0.4982783001032658,30,1131,1008,0.8912466843501327,2,subruns\s8001_xgb_1024_multi_start_hill_climb_main,9.91082145266564,b3b5c0f624572b1d,6.781224489795918,0.0,4.24,1016
8001,xgb,1024,multi_start_beam,main,1024,stagnation,xgb_boot5_sklearn_gbm_5d1be46d1a8a179c,1.0104807000025176,0.46026929997606203,5,1049,1008,0.9609151572926596,2,subruns\s8001_xgb_1024_multi_start_beam_main,7.592925506552859,677d95db8fc346d4,3.306122448979592,0.0,1.98,1016
8001,xgb,1024,mutation_only_ga,main,1024,budget_exhausted,xgb_boot5_sklearn_gbm_5d1be46d1a8a179c,2.086781300022267,0.4925695000565611,12,1127,1008,0.8944099378881988,2,subruns\s8001_xgb_1024_mutation_only_ga_main,5.7039495802851805,9653a7b60f830323,4.8579591836734695,0.0,4.22,1016
8001,xgb,1024,iterated_local_search,main,1024,budget_exhausted,xgb_boot5_sklearn_gbm_5d1be46d1a8a179c,0.78154659998836,0.5016377000138164,3,1193,1008,0.8449287510477788,2,subruns\s8001_xgb_1024_iterated_local_search_main,7.8009764969179,ba4c5b3265268a76,5.208163265306123,0.0,1.62,1016
8001,xgb,1024,simulated_annealing,main,1024,budget_exhausted,xgb_boot5_sklearn_gbm_5d1be46d1a8a179c,1.757013399968855,0.5982777998433448,64,1008,1008,1.0,2,subruns\s8001_xgb_1024_simulated_annealing_main,5.359961099938731,ff3fde210a5f5a56,5.366530612244898,0.0,4.64,1016
8001,xgb,1024,mutation_only_adalead,main,290,neighbors_exhausted,xgb_boot5_sklearn_gbm_5d1be46d1a8a179c,0.4381911999662407,0.17377460026182234,24,368,274,0.7445652173913043,2,subruns\s8001_xgb_1024_mutation_only_adalead_main,5.7039495802851805,9653a7b60f830323,2.9453061224489794,0.0,4.18,282
8001,rf,1024,matched_seed_random_walk,main,1024,budget_exhausted,rf300_seq303_97b108f206ef0cf7,1.3962001000181772,0.7739334999932908,9,1008,1008,1.0,2,subruns\s8001_rf_1024_matched_seed_random_walk_main,17.426458474050378,e11be8a1a54db176,6.073469387755102,0.0,1.88,1016
8001,rf,1024,multi_start_hill_climb,main,1024,budget_exhausted,rf300_seq303_97b108f206ef0cf7,1.9003063999698497,1.3480164002394304,30,1131,1008,0.8912466843501327,2,subruns\s8001_rf_1024_multi_start_hill_climb_main,16.973892350410633,3edf3e143cc05122,4.426122448979592,0.0,3.72,1016
8001,rf,1024,multi_start_beam,main,1020,stagnation,rf300_seq303_97b108f206ef0cf7,1.1807984999613836,0.5892254998907447,4,1046,1004,0.9598470363288719,2,subruns\s8001_rf_1024_multi_start_beam_main,17.426458474050378,e11be8a1a54db176,6.283265306122449,0.0,2.08,1012
8001,rf,1024,mutation_only_ga,main,587,stagnation,rf300_seq303_97b108f206ef0cf7,1.3518255000235513,0.43335669999942183,6,640,571,0.8921875,2,subruns\s8001_rf_1024_mutation_only_ga_main,17.03948105483531,43c90d4daf3ff139,5.929795918367347,0.0,3.16,579
8001,rf,1024,iterated_local_search,main,1024,budget_exhausted,rf300_seq303_97b108f206ef0cf7,1.1495655999751762,0.6657396000227891,3,1157,1008,0.8712186689714779,2,subruns\s8001_rf_1024_iterated_local_search_main,17.353818662977325,0374ae3089fa7a5f,6.400816326530612,0.0,1.4,1016
8001,rf,1024,simulated_annealing,main,1024,budget_exhausted,rf300_seq303_97b108f206ef0cf7,3.9547702000127174,2.6873673000372946,64,1008,1008,1.0,2,subruns\s8001_rf_1024_simulated_annealing_main,17.763193801798078,776792f08b45e046,6.2963265306122445,0.0,4.4,1016
8001,rf,1024,mutation_only_adalead,main,1024,budget_exhausted,rf300_seq303_97b108f206ef0cf7,4.331592299975455,2.7430570998694748,66,1028,1008,0.980544747081712,2,subruns\s8001_rf_1024_mutation_only_adalead_main,17.03948105483531,43c90d4daf3ff139,3.103673469387755,0.0,3.46,1016
8002,xgb,1024,matched_seed_random_walk,main,1024,budget_exhausted,xgb_boot5_sklearn_gbm_b6f2c40261fcd0d8,1.2137135000084527,0.5304004999925382,9,1008,1008,1.0,2,subruns\s8002_xgb_1024_matched_seed_random_walk_main,9.283046403672651,44f1dc599916d5aa,7.775510204081633,0.0,2.08,1016
8002,xgb,1024,multi_start_hill_climb,main,1024,budget_exhausted,xgb_boot5_sklearn_gbm_b6f2c40261fcd0d8,1.0483415000489913,0.5339979999698699,30,1131,1008,0.8912466843501327,2,subruns\s8002_xgb_1024_multi_start_hill_climb_main,5.594206271575954,2601633438363705,3.8979591836734695,0.0,4.34,1016
8002,xgb,1024,multi_start_beam,main,1024,stagnation,xgb_boot5_sklearn_gbm_b6f2c40261fcd0d8,1.0482915000175126,0.5016303000156768,5,1037,1008,0.9720347155255545,2,subruns\s8002_xgb_1024_multi_start_beam_main,7.10976815906415,a6f788926a152760,5.887346938775511,0.0,2.32,1016
8002,xgb,1024,mutation_only_ga,main,1024,budget_exhausted,xgb_boot5_sklearn_gbm_b6f2c40261fcd0d8,2.135497699957341,0.4933405000483617,11,1100,1008,0.9163636363636364,2,subruns\s8002_xgb_1024_mutation_only_ga_main,5.131603841614359,f1c097ddccfc4776,4.18530612244898,0.0,4.7,1016
8002,xgb,1024,iterated_local_search,main,1024,budget_exhausted,xgb_boot5_sklearn_gbm_b6f2c40261fcd0d8,0.7410441999672912,0.48182869993615896,3,1196,1008,0.842809364548495,2,subruns\s8002_xgb_1024_iterated_local_search_main,6.892104604607702,65f9e74ff8f17bb9,5.630204081632653,0.0,1.86,1016
8002,xgb,1024,simulated_annealing,main,1024,budget_exhausted,xgb_boot5_sklearn_gbm_b6f2c40261fcd0d8,1.773921700019855,0.5988748996751383,64,1008,1008,1.0,2,subruns\s8002_xgb_1024_simulated_annealing_main,6.698924921343888,bf428944aaec2dc7,5.820408163265306,0.0,4.82,1016
8002,xgb,1024,mutation_only_adalead,main,459,neighbors_exhausted,xgb_boot5_sklearn_gbm_b6f2c40261fcd0d8,0.7074643000378273,0.27413289999822155,37,576,443,0.7690972222222222,2,subruns\s8002_xgb_1024_mutation_only_adalead_main,4.31250259048718,a7969eefda0ec309,2.896326530612245,0.0,4.44,451
8002,rf,1024,matched_seed_random_walk,main,1024,budget_exhausted,rf300_seq303_a61963b5df155672,1.355198300036136,0.7274382999166846,9,1008,1008,1.0,2,subruns\s8002_rf_1024_matched_seed_random_walk_main,16.898607811394452,7e70bcc750fd50bf,5.735510204081633,0.0,1.86,1016
8002,rf,1024,multi_start_hill_climb,main,1024,budget_exhausted,rf300_seq303_a61963b5df155672,1.9593745000311173,1.4104519000393339,30,1131,1008,0.8912466843501327,2,subruns\s8002_rf_1024_multi_start_hill_climb_main,16.61613346459355,44b5fb8d091248d4,4.848163265306122,0.0,4.06,1016
8002,rf,1024,multi_start_beam,main,1024,budget_exhausted,rf300_seq303_a61963b5df155672,1.1815165000152774,0.5760180000215769,4,1046,1008,0.9636711281070746,2,subruns\s8002_rf_1024_multi_start_beam_main,16.777907759018003,e2fc4da4d2b6c5f1,5.424489795918367,0.0,1.92,1016
8002,rf,1024,mutation_only_ga,main,1009,stagnation,rf300_seq303_a61963b5df155672,2.6283082999871112,0.8696347999502905,10,1115,993,0.8905829596412556,2,subruns\s8002_rf_1024_mutation_only_ga_main,16.45099584561494,75fbb46b8f54ef62,3.846530612244898,0.0,2.98,1001
8002,rf,1024,iterated_local_search,main,1024,budget_exhausted,rf300_seq303_a61963b5df155672,0.9629490000079386,0.6486828000051901,3,1196,1008,0.842809364548495,2,subruns\s8002_rf_1024_iterated_local_search_main,16.45099584561494,75fbb46b8f54ef62,5.20734693877551,0.0,1.54,1016
8002,rf,1024,simulated_annealing,main,1024,budget_exhausted,rf300_seq303_a61963b5df155672,3.9546550000086427,2.7096780000138097,64,1008,1008,1.0,2,subruns\s8002_rf_1024_simulated_annealing_main,17.13532551277453,730d569729a69f49,6.818775510204081,0.0,4.68,1016
8002,rf,1024,mutation_only_adalead,main,1024,budget_exhausted,rf300_seq303_a61963b5df155672,4.351983200001996,2.723718099819962,65,1021,1008,0.9872673849167483,2,subruns\s8002_rf_1024_mutation_only_adalead_main,16.45099584561494,75fbb46b8f54ef62,3.593469387755102,0.0,3.3,1016
8003,xgb,1024,matched_seed_random_walk,main,1024,budget_exhausted,xgb_boot5_sklearn_gbm_2afb5a6699332576,1.3858598999795504,0.5844990001060069,9,1008,1008,1.0,2,subruns\s8003_xgb_1024_matched_seed_random_walk_main,6.096564570338717,c9919d975ce9f131,6.213061224489796,0.0,2.22,1016
8003,xgb,1024,multi_start_hill_climb,main,1024,budget_exhausted,xgb_boot5_sklearn_gbm_2afb5a6699332576,1.3202844000188634,0.6478726998320781,30,1131,1008,0.8912466843501327,2,subruns\s8003_xgb_1024_multi_start_hill_climb_main,0.06712256998160804,b39651104ae295bd,3.6146938775510202,0.0,4.34,1016
8003,xgb,1024,multi_start_beam,main,1024,budget_exhausted,xgb_boot5_sklearn_gbm_2afb5a6699332576,1.1697585000074469,0.5827271999442019,5,1038,1008,0.9710982658959537,2,subruns\s8003_xgb_1024_multi_start_beam_main,0.8949537649075425,7871e09f9894cf5c,4.711836734693877,0.0,2.22,1016
8003,xgb,1024,mutation_only_ga,main,1024,budget_exhausted,xgb_boot5_sklearn_gbm_2afb5a6699332576,2.2934545999742113,0.5499590000836179,12,1125,1008,0.896,2,subruns\s8003_xgb_1024_mutation_only_ga_main,0.06712256998160804,b39651104ae295bd,3.7787755102040816,0.0,4.14,1016
8003,xgb,1024,iterated_local_search,main,1024,budget_exhausted,xgb_boot5_sklearn_gbm_2afb5a6699332576,0.8850520999985747,0.5563544000615366,3,1196,1008,0.842809364548495,2,subruns\s8003_xgb_1024_iterated_local_search_main,4.600478846886018,1d7e98a3dc29034d,4.715102040816326,0.0,1.62,1016
8003,xgb,1024,simulated_annealing,main,1024,budget_exhausted,xgb_boot5_sklearn_gbm_2afb5a6699332576,1.934017000021413,0.6723992000916041,64,1008,1008,1.0,2,subruns\s8003_xgb_1024_simulated_annealing_main,1.1600698046240236,7487ebf31af173fe,5.688979591836735,0.0,4.5,1016
8003,xgb,1024,mutation_only_adalead,main,173,neighbors_exhausted,xgb_boot5_sklearn_gbm_2afb5a6699332576,0.32170599995879456,0.10826679988531396,14,208,157,0.7548076923076923,2,subruns\s8003_xgb_1024_mutation_only_adalead_main,0.06712256998160804,b39651104ae295bd,2.4448979591836735,0.0,4.08,165
8003,rf,1024,matched_seed_random_walk,main,1024,budget_exhausted,rf300_seq303_8019b52eba7c328d,1.6256817000103183,0.8541082000010647,9,1008,1008,1.0,2,subruns\s8003_rf_1024_matched_seed_random_walk_main,17.692312426028217,00b733350a65b6de,6.086530612244898,0.0,2.06,1016
8003,rf,1024,multi_start_hill_climb,main,1024,budget_exhausted,rf300_seq303_8019b52eba7c328d,2.109168299997691,1.5213881001109257,30,1131,1008,0.8912466843501327,2,subruns\s8003_rf_1024_multi_start_hill_climb_main,16.515632165578452,0263385c7390199b,3.9983673469387755,0.0,4.5,1016
8003,rf,1024,multi_start_beam,main,1023,stagnation,rf300_seq303_8019b52eba7c328d,1.366169599990826,0.7299956999486312,5,1043,1007,0.965484180249281,2,subruns\s8003_rf_1024_multi_start_beam_main,17.051759231986356,8e206f4a4f011453,4.488979591836735,0.0,2.04,1015
8003,rf,1024,mutation_only_ga,main,1024,stagnation,rf300_seq303_8019b52eba7c328d,2.732745999994222,0.9961714000091888,12,1126,1008,0.8952042628774423,2,subruns\s8003_rf_1024_mutation_only_ga_main,16.515632165578452,0263385c7390199b,4.598367346938775,0.0,4.04,1016
8003,rf,1024,iterated_local_search,main,1024,budget_exhausted,rf300_seq303_8019b52eba7c328d,1.0008389000431634,0.6562885999446735,3,1196,1008,0.842809364548495,2,subruns\s8003_rf_1024_iterated_local_search_main,17.188499077129325,087cec059a55dd53,4.221224489795919,0.0,1.6,1016
8003,rf,1024,simulated_annealing,main,1024,budget_exhausted,rf300_seq303_8019b52eba7c328d,3.8346762000001036,2.6032126001664437,64,1008,1008,1.0,2,subruns\s8003_rf_1024_simulated_annealing_main,16.920001167402845,4eef8485b3c4c3fe,6.0718367346938775,0.0,4.36,1016
8003,rf,1024,mutation_only_adalead,main,1024,budget_exhausted,rf300_seq303_8019b52eba7c328d,4.142672099987976,2.6318027999950573,65,1023,1008,0.9853372434017595,2,subruns\s8003_rf_1024_mutation_only_adalead_main,16.515632165578452,7261035182e0cc85,3.933061224489796,0.0,4.58,1016
8004,xgb,1024,matched_seed_random_walk,main,1024,budget_exhausted,xgb_boot5_sklearn_gbm_1acd3ab58b44e10f,1.431458399980329,0.6504290000884794,9,1008,1008,1.0,2,subruns\s8004_xgb_1024_matched_seed_random_walk_main,9.209898171640116,afb96930edb7a7e9,6.762448979591837,0.0,2.1,1016
8004,xgb,1024,multi_start_hill_climb,main,1024,budget_exhausted,xgb_boot5_sklearn_gbm_1acd3ab58b44e10f,1.1505783999455161,0.5752282001776621,30,1123,1008,0.8975957257346393,2,subruns\s8004_xgb_1024_multi_start_hill_climb_main,5.884760724066449,3b93c7cb2b3d9ed6,3.360816326530612,0.0,4.58,1016
8004,xgb,1024,multi_start_beam,main,1024,budget_exhausted,xgb_boot5_sklearn_gbm_1acd3ab58b44e10f,1.0765022999839857,0.5100441000540741,5,1043,1008,0.9664429530201343,2,subruns\s8004_xgb_1024_multi_start_beam_main,8.646579945610279,3299b79eaf2d19f3,6.91265306122449,0.0,1.84,1016
8004,xgb,1024,mutation_only_ga,main,1021,stagnation,xgb_boot5_sklearn_gbm_1acd3ab58b44e10f,2.365669600025285,0.5634927000501193,11,1138,1005,0.883128295254833,2,subruns\s8004_xgb_1024_mutation_only_ga_main,6.695462669349361,7b9ec0b25c1a40b3,3.826122448979592,0.0,4.2,1013
8004,xgb,1024,iterated_local_search,main,1024,budget_exhausted,xgb_boot5_sklearn_gbm_1acd3ab58b44e10f,0.9199381999787875,0.5745716000092216,3,1196,1008,0.842809364548495,2,subruns\s8004_xgb_1024_iterated_local_search_main,9.665733718687864,2bdc7dd628d38df2,7.055510204081632,0.0,1.58,1016
8004,xgb,1024,simulated_annealing,main,1024,budget_exhausted,xgb_boot5_sklearn_gbm_1acd3ab58b44e10f,1.9324307999922894,0.6576121000689454,64,1008,1008,1.0,2,subruns\s8004_xgb_1024_simulated_annealing_main,7.120789474925793,835596645364ee15,5.616326530612245,0.0,4.56,1016
8004,xgb,1024,mutation_only_adalead,main,1024,budget_exhausted,xgb_boot5_sklearn_gbm_1acd3ab58b44e10f,1.9855965000460856,0.6675171999377199,69,1079,1008,0.9341983317886933,2,subruns\s8004_xgb_1024_mutation_only_adalead_main,9.285204570464506,63e099e92c7e1978,3.446530612244898,0.0,4.54,1016
8004,rf,1024,matched_seed_random_walk,main,1024,budget_exhausted,rf300_seq303_51440e039c0c9e88,1.6881220000213943,0.8636894000228494,9,1008,1008,1.0,2,subruns\s8004_rf_1024_matched_seed_random_walk_main,19.002828675810225,f5fefc72669734da,8.124081632653061,0.0,1.94,1016
8004,rf,1024,multi_start_hill_climb,main,1024,budget_exhausted,rf300_seq303_51440e039c0c9e88,2.170942199998535,1.4949047999107279,30,1131,1008,0.8912466843501327,2,subruns\s8004_rf_1024_multi_start_hill_climb_main,16.844461734056484,13dc87cd2dfb2659,3.8187755102040817,0.0,3.5,1016
8004,rf,1024,multi_start_beam,main,1024,budget_exhausted,rf300_seq303_51440e039c0c9e88,1.3088382999994792,0.7330476999632083,5,1037,1008,0.9720347155255545,2,subruns\s8004_rf_1024_multi_start_beam_main,18.2417902824069,e6fee520db9b7b66,7.601632653061224,0.0,2.2,1016
8004,rf,1024,mutation_only_ga,main,1024,budget_exhausted,rf300_seq303_51440e039c0c9e88,2.570480599999428,0.93058660015231,12,1109,1008,0.90892696122633,2,subruns\s8004_rf_1024_mutation_only_ga_main,17.13598247242638,8000a5819db3346a,4.9746938775510205,0.0,4.14,1016
8004,rf,1024,iterated_local_search,main,1024,budget_exhausted,rf300_seq303_51440e039c0c9e88,0.9518121999572031,0.6580849000019953,3,1193,1008,0.8449287510477788,2,subruns\s8004_rf_1024_iterated_local_search_main,18.50344814701744,ec428c0e32367104,7.779591836734694,0.0,1.64,1016
8004,rf,1024,simulated_annealing,main,1024,budget_exhausted,rf300_seq303_51440e039c0c9e88,3.9461381000000983,2.663232699793298,64,1008,1008,1.0,2,subruns\s8004_rf_1024_simulated_annealing_main,17.24196542775208,59c9194f751fa29f,5.045714285714285,0.0,4.62,1016
8004,rf,1024,mutation_only_adalead,main,1024,budget_exhausted,rf300_seq303_51440e039c0c9e88,4.171938999963459,2.6234699002234265,66,1024,1008,0.984375,2,subruns\s8004_rf_1024_mutation_only_adalead_main,17.005344421786038,b667a39eb53d0e5f,3.130612244897959,0.0,4.72,1016
8005,xgb,1024,matched_seed_random_walk,main,1024,budget_exhausted,xgb_boot5_sklearn_gbm_00c87cf4a98c4564,1.2923479999881238,0.5500874999561347,9,1008,1008,1.0,2,subruns\s8005_xgb_1024_matched_seed_random_walk_main,5.339729053387218,27d801c185a2023b,8.097142857142858,0.0,1.94,1016
8005,xgb,1024,multi_start_hill_climb,main,1024,budget_exhausted,xgb_boot5_sklearn_gbm_00c87cf4a98c4564,1.1668007000116631,0.5741028999327682,30,1131,1008,0.8912466843501327,2,subruns\s8005_xgb_1024_multi_start_hill_climb_main,2.4210041671364295,37504a18b08333d1,6.337142857142857,0.0,4.9,1016
8005,xgb,1024,multi_start_beam,main,1024,stagnation,xgb_boot5_sklearn_gbm_00c87cf4a98c4564,1.1570753999985754,0.5433543999679387,5,1045,1008,0.9645933014354067,2,subruns\s8005_xgb_1024_multi_start_beam_main,6.374016440200828,b8f80feec2efada6,6.890612244897959,0.0,2.18,1016
8005,xgb,1024,mutation_only_ga,main,1024,budget_exhausted,xgb_boot5_sklearn_gbm_00c87cf4a98c4564,2.4733447000035085,0.5512522998033091,13,1125,1008,0.896,2,subruns\s8005_xgb_1024_mutation_only_ga_main,3.614756537705449,d9374bd4270bb258,6.92734693877551,0.0,4.54,1016
8005,xgb,1024,iterated_local_search,main,1024,budget_exhausted,xgb_boot5_sklearn_gbm_00c87cf4a98c4564,0.8604187999735586,0.5284490000340156,3,1196,1008,0.842809364548495,2,subruns\s8005_xgb_1024_iterated_local_search_main,5.339729053387218,27d801c185a2023b,6.865306122448979,0.0,1.58,1016
8005,xgb,1024,simulated_annealing,main,1024,budget_exhausted,xgb_boot5_sklearn_gbm_00c87cf4a98c4564,1.8346207000431605,0.6176635001902469,64,1008,1008,1.0,2,subruns\s8005_xgb_1024_simulated_annealing_main,2.6630736661294017,25e3c05f8cc2e96e,6.596734693877551,0.0,4.5,1016
8005,xgb,1024,mutation_only_adalead,main,374,neighbors_exhausted,xgb_boot5_sklearn_gbm_00c87cf4a98c4564,0.6057060000021011,0.23922910005785525,28,432,358,0.8287037037037037,2,subruns\s8005_xgb_1024_mutation_only_adalead_main,2.992172011207025,1f3be2becab823ac,3.009795918367347,0.02,5.2,366
8005,rf,1024,matched_seed_random_walk,main,1024,budget_exhausted,rf300_seq303_a7cf4a2be6fb58cc,1.608378199976869,0.8275443999445997,9,1008,1008,1.0,2,subruns\s8005_rf_1024_matched_seed_random_walk_main,19.014554089994196,b362f7705f79287a,8.17142857142857,0.0,2.54,1016
8005,rf,1024,multi_start_hill_climb,main,1024,budget_exhausted,rf300_seq303_a7cf4a2be6fb58cc,2.078576800005976,1.4875307999900542,30,1131,1008,0.8912466843501327,2,subruns\s8005_rf_1024_multi_start_hill_climb_main,17.77551716204041,ec1f23525571c47d,3.991020408163265,0.0,4.12,1016
8005,rf,1024,multi_start_beam,main,1024,stagnation,rf300_seq303_a7cf4a2be6fb58cc,1.374311099993065,0.7655015999916941,6,1043,1008,0.9664429530201343,2,subruns\s8005_rf_1024_multi_start_beam_main,18.022294480610622,214edbadec92f5ec,5.117551020408163,0.0,2.36,1016
8005,rf,1024,mutation_only_ga,main,1024,budget_exhausted,rf300_seq303_a7cf4a2be6fb58cc,2.6976977000012994,0.900572499842383,11,1102,1008,0.9147005444646098,2,subruns\s8005_rf_1024_mutation_only_ga_main,17.430169104937114,a473b4324464fb5b,5.416326530612245,0.0,4.1,1016
8005,rf,1024,iterated_local_search,main,1024,budget_exhausted,rf300_seq303_a7cf4a2be6fb58cc,0.9683477999642491,0.6699821000220254,3,1193,1008,0.8449287510477788,2,subruns\s8005_rf_1024_iterated_local_search_main,18.399385748227164,aeb166043e6b2de5,7.075918367346938,0.0,1.94,1016
8005,rf,1024,simulated_annealing,main,1024,budget_exhausted,rf300_seq303_a7cf4a2be6fb58cc,3.8586065999697894,2.5718395998119377,64,1008,1008,1.0,2,subruns\s8005_rf_1024_simulated_annealing_main,17.811145745275613,9008f1d44cddbfa8,5.786122448979592,0.0,4.7,1016
8005,rf,1024,mutation_only_adalead,main,1024,budget_exhausted,rf300_seq303_a7cf4a2be6fb58cc,4.203099599981215,2.6842955002211966,66,1030,1008,0.9786407766990292,2,subruns\s8005_rf_1024_mutation_only_adalead_main,17.42817687369053,dea6b94e3a2f9692,4.1420408163265305,0.0,4.06,1016
8006,xgb,1024,matched_seed_random_walk,main,1024,budget_exhausted,xgb_boot5_sklearn_gbm_2cf997b058bdd9b7,1.2642373000271618,0.5778838000260293,9,1008,1008,1.0,2,subruns\s8006_xgb_1024_matched_seed_random_walk_main,8.632782462277511,3531c435b8cf6a3c,7.164081632653061,0.0,2.04,1016
8006,xgb,1024,multi_start_hill_climb,main,1024,budget_exhausted,xgb_boot5_sklearn_gbm_2cf997b058bdd9b7,1.141062700015027,0.5804032000596635,30,1131,1008,0.8912466843501327,2,subruns\s8006_xgb_1024_multi_start_hill_climb_main,-0.478811186989461,3ec1e40bfed21882,3.3485714285714288,0.0,4.96,1016
8006,xgb,1024,multi_start_beam,main,1024,budget_exhausted,xgb_boot5_sklearn_gbm_2cf997b058bdd9b7,1.1560468000243418,0.5108830000390299,5,1048,1008,0.9618320610687023,2,subruns\s8006_xgb_1024_multi_start_beam_main,6.193928774575963,3e608308ed305c4f,5.060408163265306,0.0,2.2,1016
8006,xgb,1024,mutation_only_ga,main,1024,budget_exhausted,xgb_boot5_sklearn_gbm_2cf997b058bdd9b7,2.320607799978461,0.5401761998073198,11,1118,1008,0.9016100178890877,2,subruns\s8006_xgb_1024_mutation_only_ga_main,-0.15354884788174855,938c7800a37a315d,4.262040816326531,0.0,4.72,1016
8006,xgb,1024,iterated_local_search,main,1024,budget_exhausted,xgb_boot5_sklearn_gbm_2cf997b058bdd9b7,0.8373755000066012,0.5321417999803089,3,1196,1008,0.842809364548495,2,subruns\s8006_xgb_1024_iterated_local_search_main,7.19648616827684,21341aa623f93873,5.844081632653062,0.0,1.8,1016
8006,xgb,1024,simulated_annealing,main,1024,budget_exhausted,xgb_boot5_sklearn_gbm_2cf997b058bdd9b7,1.8825278999865986,0.6620231998967938,64,1008,1008,1.0,2,subruns\s8006_xgb_1024_simulated_annealing_main,4.2794197527895275,3fdb83c2ebd4ce52,5.322448979591837,0.0,4.66,1016
8006,xgb,1024,mutation_only_adalead,main,485,neighbors_exhausted,xgb_boot5_sklearn_gbm_2cf997b058bdd9b7,0.7742962999618612,0.29488780023530126,36,560,469,0.8375,2,subruns\s8006_xgb_1024_mutation_only_adalead_main,-0.478811186989461,3ec1e40bfed21882,3.1453061224489796,0.0,5.06,477
8006,rf,1024,matched_seed_random_walk,main,1024,budget_exhausted,rf300_seq303_2e78822fc59b869f,1.5343742999830283,0.831414400076028,9,1008,1008,1.0,2,subruns\s8006_rf_1024_matched_seed_random_walk_main,16.492980401766204,0e580a2fd557a19e,6.40734693877551,0.0,1.8,1016
8006,rf,1024,multi_start_hill_climb,main,1024,budget_exhausted,rf300_seq303_2e78822fc59b869f,2.15296529995976,1.5323029000428505,30,1131,1008,0.8912466843501327,2,subruns\s8006_rf_1024_multi_start_hill_climb_main,14.73675039709932,3ea498da47cd46cf,2.9893877551020407,0.0,3.58,1016
8006,rf,1024,multi_start_beam,main,1024,stagnation,rf300_seq303_2e78822fc59b869f,1.3341857999912463,0.728230300010182,5,1034,1008,0.9748549323017408,2,subruns\s8006_rf_1024_multi_start_beam_main,15.655494250347669,52c76d9f3a67c074,5.648979591836735,0.0,2.0,1016
8006,rf,1024,mutation_only_ga,main,1024,budget_exhausted,rf300_seq303_2e78822fc59b869f,2.772445299953688,0.9214518999797292,12,1111,1008,0.9072907290729073,2,subruns\s8006_rf_1024_mutation_only_ga_main,15.02792839422851,e60fd64ea7f35d1b,4.768163265306122,0.0,4.22,1016
8006,rf,1024,iterated_local_search,main,1024,budget_exhausted,rf300_seq303_2e78822fc59b869f,0.9954888999927789,0.6804371000034735,3,1196,1008,0.842809364548495,2,subruns\s8006_rf_1024_iterated_local_search_main,15.490845555919316,2845acd061fa9f80,6.019591836734694,0.0,1.88,1016
8006,rf,1024,simulated_annealing,main,1024,budget_exhausted,rf300_seq303_2e78822fc59b869f,3.8380386999924667,2.6166169000207447,64,1008,1008,1.0,2,subruns\s8006_rf_1024_simulated_annealing_main,15.228930632198171,a670483dda1d9379,6.69469387755102,0.0,4.4,1016
8006,rf,1024,mutation_only_adalead,main,1024,budget_exhausted,rf300_seq303_2e78822fc59b869f,4.232645199983381,2.61186870012898,65,1024,1008,0.984375,2,subruns\s8006_rf_1024_mutation_only_adalead_main,14.850504098506162,9dc4bb6bdfec7bbc,3.2,0.0,4.06,1016
8007,xgb,1024,matched_seed_random_walk,main,1024,budget_exhausted,xgb_boot5_sklearn_gbm_0be70a66898be09d,1.2791249000001699,0.5537683001020923,9,1008,1008,1.0,2,subruns\s8007_xgb_1024_matched_seed_random_walk_main,9.995544024892462,a34ce52fd39e67cc,7.32,0.0,1.92,1016
8007,xgb,1024,multi_start_hill_climb,main,1024,budget_exhausted,xgb_boot5_sklearn_gbm_0be70a66898be09d,1.1422502000350505,0.5520400000386871,30,1131,1008,0.8912466843501327,2,subruns\s8007_xgb_1024_multi_start_hill_climb_main,5.280740148482653,854ee937f8651379,4.833469387755102,0.0,4.38,1016
8007,xgb,1024,multi_start_beam,main,1020,stagnation,xgb_boot5_sklearn_gbm_0be70a66898be09d,1.2106507000280544,0.5413247999968007,4,1042,1004,0.963531669865643,2,subruns\s8007_xgb_1024_multi_start_beam_main,8.759176190482547,aa1269f02663c0cf,6.626122448979592,0.0,1.86,1012
8007,xgb,1024,mutation_only_ga,main,1024,budget_exhausted,xgb_boot5_sklearn_gbm_0be70a66898be09d,2.3149274999741465,0.6122211999027058,12,1124,1008,0.896797153024911,2,subruns\s8007_xgb_1024_mutation_only_ga_main,5.280740148482653,854ee937f8651379,4.083265306122449,0.0,4.08,1016
8007,xgb,1024,iterated_local_search,main,1024,budget_exhausted,xgb_boot5_sklearn_gbm_0be70a66898be09d,0.8673737999633886,0.5574997999938205,3,1196,1008,0.842809364548495,2,subruns\s8007_xgb_1024_iterated_local_search_main,7.636748135946258,473e0c404f1ea89e,6.423673469387755,0.0,1.62,1016
8007,xgb,1024,simulated_annealing,main,1024,budget_exhausted,xgb_boot5_sklearn_gbm_0be70a66898be09d,1.867645199992694,0.6362251000246033,64,1008,1008,1.0,2,subruns\s8007_xgb_1024_simulated_annealing_main,5.935529671501548,a094bd09031b6c14,6.2,0.0,4.3,1016
8007,xgb,1024,mutation_only_adalead,main,339,neighbors_exhausted,xgb_boot5_sklearn_gbm_0be70a66898be09d,0.5619416999979876,0.24352910002926365,26,400,323,0.8075,2,subruns\s8007_xgb_1024_mutation_only_adalead_main,5.280740148482653,854ee937f8651379,3.3469387755102042,0.0,4.76,331
8007,rf,1024,matched_seed_random_walk,main,1024,budget_exhausted,rf300_seq303_628ab4e105be3552,1.7742808000184596,0.9291198999853805,9,1008,1008,1.0,2,subruns\s8007_rf_1024_matched_seed_random_walk_main,18.858208329126356,a34ce52fd39e67cc,6.777959183673469,0.0,2.04,1016
8007,rf,1024,multi_start_hill_climb,main,1024,budget_exhausted,rf300_seq303_628ab4e105be3552,2.1165506000397727,1.5044867001124658,30,1131,1008,0.8912466843501327,2,subruns\s8007_rf_1024_multi_start_hill_climb_main,17.8434306693712,81b3ae6c3500cd93,3.009795918367347,0.0,4.18,1016
8007,rf,1024,multi_start_beam,main,1024,stagnation,rf300_seq303_628ab4e105be3552,1.371399499999825,0.728167699999176,5,1043,1008,0.9664429530201343,2,subruns\s8007_rf_1024_multi_start_beam_main,18.895450401852074,16d487cfe45db5e1,5.055510204081632,0.0,1.9,1016
8007,rf,1024,mutation_only_ga,main,1024,budget_exhausted,rf300_seq303_628ab4e105be3552,2.721111499995459,0.9666630998253822,12,1129,1008,0.8928255093002657,2,subruns\s8007_rf_1024_mutation_only_ga_main,17.8434306693712,81b3ae6c3500cd93,4.375510204081633,0.0,4.1,1016
8007,rf,1024,iterated_local_search,main,1024,budget_exhausted,rf300_seq303_628ab4e105be3552,0.9621343000326306,0.6851722999708727,3,1196,1008,0.842809364548495,2,subruns\s8007_rf_1024_iterated_local_search_main,18.95940052466211,f7bc1f507d6e9efd,5.8244897959183675,0.0,1.66,1016
8007,rf,1024,simulated_annealing,main,1024,budget_exhausted,rf300_seq303_628ab4e105be3552,3.85299559996929,2.607352100079879,64,1008,1008,1.0,2,subruns\s8007_rf_1024_simulated_annealing_main,17.934487709019614,a7dcf31870176ae8,5.536326530612245,0.0,4.38,1016
8007,rf,1024,mutation_only_adalead,main,1024,budget_exhausted,rf300_seq303_628ab4e105be3552,4.26684940000996,2.742915099603124,66,1029,1008,0.9795918367346939,2,subruns\s8007_rf_1024_mutation_only_adalead_main,17.8434306693712,81b3ae6c3500cd93,3.162448979591837,0.0,4.28,1016
8008,xgb,1024,matched_seed_random_walk,main,1024,budget_exhausted,xgb_boot5_sklearn_gbm_70376cb63e17c043,1.2707618999993429,0.5866008999291807,9,1008,1008,1.0,2,subruns\s8008_xgb_1024_matched_seed_random_walk_main,5.643370082965236,c42d00100e10a85d,6.795102040816326,0.06,2.5,1016
8008,xgb,1024,multi_start_hill_climb,main,1024,budget_exhausted,xgb_boot5_sklearn_gbm_70376cb63e17c043,1.1945719000068493,0.6079275000374764,30,1123,1008,0.8975957257346393,2,subruns\s8008_xgb_1024_multi_start_hill_climb_main,3.428972288773836,79055b0a90c425d5,3.9812244897959186,0.0,3.46,1016
8008,xgb,1024,multi_start_beam,main,1024,stagnation,xgb_boot5_sklearn_gbm_70376cb63e17c043,1.1610671999515034,0.5362270999467,5,1037,1008,0.9720347155255545,2,subruns\s8008_xgb_1024_multi_start_beam_main,4.728191040438759,db804afd1f340464,5.893061224489796,0.0,2.08,1016
8008,xgb,1024,mutation_only_ga,main,1024,stagnation,xgb_boot5_sklearn_gbm_70376cb63e17c043,2.3371114000328816,0.5484913998516276,12,1132,1008,0.8904593639575972,2,subruns\s8008_xgb_1024_mutation_only_ga_main,2.6419426412364433,013b056d01042241,4.244897959183674,0.0,3.14,1016
8008,xgb,1024,iterated_local_search,main,1024,budget_exhausted,xgb_boot5_sklearn_gbm_70376cb63e17c043,0.8588590000290424,0.5822458999464288,3,1188,1008,0.8484848484848485,2,subruns\s8008_xgb_1024_iterated_local_search_main,4.728191040438759,db804afd1f340464,6.258775510204082,0.0,1.7,1016
8008,xgb,1024,simulated_annealing,main,1024,budget_exhausted,xgb_boot5_sklearn_gbm_70376cb63e17c043,2.0499945000046864,0.7122063999995589,64,1008,1008,1.0,2,subruns\s8008_xgb_1024_simulated_annealing_main,2.4044145782632773,ae29de00ad338aee,5.281632653061225,0.0,4.44,1016
8008,xgb,1024,mutation_only_adalead,main,120,neighbors_exhausted,xgb_boot5_sklearn_gbm_70376cb63e17c043,0.19952359999297187,0.07468839985085651,10,144,104,0.7222222222222222,2,subruns\s8008_xgb_1024_mutation_only_adalead_main,2.8371105503229153,bf2c39df4efd427a,2.975510204081633,0.0,3.38,112
8008,rf,1024,matched_seed_random_walk,main,1024,budget_exhausted,rf300_seq303_03bbaaf4e2a05b05,1.5900979000143707,0.86812650016509,9,1008,1008,1.0,2,subruns\s8008_rf_1024_matched_seed_random_walk_main,19.548313092986106,691bef583e133d5a,6.535510204081633,0.1,2.86,1016
8008,rf,1024,multi_start_hill_climb,main,1024,budget_exhausted,rf300_seq303_03bbaaf4e2a05b05,2.2704329999978654,1.635647700051777,30,1123,1008,0.8975957257346393,2,subruns\s8008_rf_1024_multi_start_hill_climb_main,19.04577174551404,eeb17134a9bec20e,3.3983673469387754,0.0,4.32,1016
8008,rf,1024,multi_start_beam,main,1024,budget_exhausted,rf300_seq303_03bbaaf4e2a05b05,1.352322400023695,0.6787240999983624,5,1044,1008,0.9655172413793104,2,subruns\s8008_rf_1024_multi_start_beam_main,19.307054854402043,55314698815f2578,6.26530612244898,0.08,3.02,1016
8008,rf,1024,mutation_only_ga,main,1024,budget_exhausted,rf300_seq303_03bbaaf4e2a05b05,2.572678599972278,0.9636943999212235,12,1161,1008,0.8682170542635659,2,subruns\s8008_rf_1024_mutation_only_ga_main,19.077473198150255,2096868e350ea18f,4.439183673469388,0.0,4.2,1016
8008,rf,1024,iterated_local_search,main,1024,budget_exhausted,rf300_seq303_03bbaaf4e2a05b05,0.9259426000062376,0.6346232999349013,3,1192,1008,0.8456375838926175,2,subruns\s8008_rf_1024_iterated_local_search_main,19.3598571440469,1caebdd7f9ae0805,6.186938775510204,0.08,2.3,1016
8008,rf,1024,simulated_annealing,main,1024,budget_exhausted,rf300_seq303_03bbaaf4e2a05b05,3.991093599994201,2.739703500061296,64,1008,1008,1.0,2,subruns\s8008_rf_1024_simulated_annealing_main,19.389342730771755,e9893f0be790c6a9,7.044081632653061,0.02,4.18,1016
8008,rf,1024,mutation_only_adalead,main,1024,budget_exhausted,rf300_seq303_03bbaaf4e2a05b05,4.050070600002073,2.6108982997830026,66,1035,1008,0.9739130434782609,2,subruns\s8008_rf_1024_mutation_only_adalead_main,19.389342730771755,e9893f0be790c6a9,4.235102040816327,0.0,4.72,1016
8009,xgb,1024,matched_seed_random_walk,main,1024,budget_exhausted,xgb_boot5_sklearn_gbm_a2039b13cedd4bac,1.293120699992869,0.539590899948962,9,1008,1008,1.0,2,subruns\s8009_xgb_1024_matched_seed_random_walk_main,11.025450377763999,13257505729c772b,7.701224489795918,0.0,1.84,1016
8009,xgb,1024,multi_start_hill_climb,main,1024,budget_exhausted,xgb_boot5_sklearn_gbm_a2039b13cedd4bac,1.1541650000144728,0.5860124997561797,30,1131,1008,0.8912466843501327,2,subruns\s8009_xgb_1024_multi_start_hill_climb_main,5.944206340464038,a497fb58b3b8dee6,4.402448979591837,0.0,4.38,1016
8009,xgb,1024,multi_start_beam,main,1024,stagnation,xgb_boot5_sklearn_gbm_a2039b13cedd4bac,1.1562433000071906,0.5160062999930233,5,1033,1008,0.9757986447241046,2,subruns\s8009_xgb_1024_multi_start_beam_main,6.934271123807233,3138f3cd7aa53f29,5.782857142857143,0.0,2.14,1016
8009,xgb,1024,mutation_only_ga,main,1024,stagnation,xgb_boot5_sklearn_gbm_a2039b13cedd4bac,2.330413200019393,0.5772506999783218,13,1156,1008,0.8719723183391004,2,subruns\s8009_xgb_1024_mutation_only_ga_main,6.958700321115826,288f72e98477c8b4,3.9583673469387755,0.0,3.78,1016
8009,xgb,1024,iterated_local_search,main,1024,budget_exhausted,xgb_boot5_sklearn_gbm_a2039b13cedd4bac,0.9462345000356436,0.5934836999513209,3,1196,1008,0.842809364548495,2,subruns\s8009_xgb_1024_iterated_local_search_main,8.586727266826138,1b38319d3520496d,7.342040816326531,0.0,1.6,1016
8009,xgb,1024,simulated_annealing,main,1024,budget_exhausted,xgb_boot5_sklearn_gbm_a2039b13cedd4bac,2.2029547999845818,0.7622641000780277,64,1008,1008,1.0,2,subruns\s8009_xgb_1024_simulated_annealing_main,5.944206340464038,a497fb58b3b8dee6,6.515918367346939,0.0,4.16,1016
8009,xgb,1024,mutation_only_adalead,main,1024,budget_exhausted,xgb_boot5_sklearn_gbm_a2039b13cedd4bac,2.0302929999888875,0.6494503000867553,67,1052,1008,0.9581749049429658,2,subruns\s8009_xgb_1024_mutation_only_adalead_main,6.3861152680889415,2bb3f8149c8afa00,3.0408163265306123,0.0,4.56,1016
8009,rf,1024,matched_seed_random_walk,main,1024,budget_exhausted,rf300_seq303_940ca0176ff30346,1.6333484000060707,0.8880369000253268,9,1008,1008,1.0,2,subruns\s8009_rf_1024_matched_seed_random_walk_main,17.424493213469148,e8b15c97d5773aca,6.475102040816327,0.0,1.94,1016
8009,rf,1024,multi_start_hill_climb,main,1024,budget_exhausted,rf300_seq303_940ca0176ff30346,2.1118709999718703,1.485678699973505,30,1131,1008,0.8912466843501327,2,subruns\s8009_rf_1024_multi_start_hill_climb_main,16.936658095886955,aa5305e3cc90e2f9,4.128163265306123,0.0,3.68,1016
8009,rf,1024,multi_start_beam,main,1024,stagnation,rf300_seq303_940ca0176ff30346,1.2889530999818817,0.7117084000492468,5,1045,1008,0.9645933014354067,2,subruns\s8009_rf_1024_multi_start_beam_main,17.204740781337943,94316095b0d5bc4f,4.2,0.0,1.94,1016
8009,rf,1024,mutation_only_ga,main,1005,stagnation,rf300_seq303_940ca0176ff30346,2.645202000043355,0.9415504999342375,10,1121,989,0.8822479928635147,2,subruns\s8009_rf_1024_mutation_only_ga_main,17.000565499364903,3e66524006321dc7,3.6016326530612246,0.0,3.12,997
8009,rf,1024,iterated_local_search,main,1024,budget_exhausted,rf300_seq303_940ca0176ff30346,1.0134860000107437,0.6800461999955587,3,1196,1008,0.842809364548495,2,subruns\s8009_rf_1024_iterated_local_search_main,17.152596019407124,656dbf37a5a09386,4.8612244897959185,0.0,1.5,1016
8009,rf,1024,simulated_annealing,main,1024,budget_exhausted,rf300_seq303_940ca0176ff30346,4.157311799994204,2.7683751001022756,64,1008,1008,1.0,2,subruns\s8009_rf_1024_simulated_annealing_main,16.936658095886955,aa5305e3cc90e2f9,4.68,0.0,3.56,1016
8009,rf,1024,mutation_only_adalead,main,1024,budget_exhausted,rf300_seq303_940ca0176ff30346,4.240763000037987,2.624905899865553,66,1025,1008,0.9834146341463414,2,subruns\s8009_rf_1024_mutation_only_adalead_main,16.936658095886955,aa5305e3cc90e2f9,3.4816326530612245,0.0,3.04,1016
8010,xgb,1024,matched_seed_random_walk,main,1024,budget_exhausted,xgb_boot5_sklearn_gbm_122b586f2b8f6dd7,1.2945312999654561,0.5358501999871805,9,1008,1008,1.0,2,subruns\s8010_xgb_1024_matched_seed_random_walk_main,5.400618030652626,471075e387e9ad62,4.919183673469388,0.0,1.74,1016
8010,xgb,1024,multi_start_hill_climb,main,1024,budget_exhausted,xgb_boot5_sklearn_gbm_122b586f2b8f6dd7,1.1514886999502778,0.5593216998968273,29,1092,1008,0.9230769230769231,2,subruns\s8010_xgb_1024_multi_start_hill_climb_main,5.175390840207539,66d029ae85767e7a,6.151020408163265,0.0,2.74,1016
8010,xgb,1024,multi_start_beam,main,1023,stagnation,xgb_boot5_sklearn_gbm_122b586f2b8f6dd7,1.1924795999657363,0.5835600000573322,5,1035,1007,0.9729468599033816,2,subruns\s8010_xgb_1024_multi_start_beam_main,5.400618030652626,471075e387e9ad62,4.143673469387755,0.0,1.86,1015
8010,xgb,1024,mutation_only_ga,main,799,stagnation,xgb_boot5_sklearn_gbm_122b586f2b8f6dd7,2.2017837000312284,0.5397774000302888,8,896,783,0.8738839285714286,2,subruns\s8010_xgb_1024_mutation_only_ga_main,5.175390840207539,66d029ae85767e7a,3.8914285714285715,0.04,2.68,791
8010,xgb,1024,iterated_local_search,main,1024,budget_exhausted,xgb_boot5_sklearn_gbm_122b586f2b8f6dd7,0.9337385999970138,0.5885290000587702,3,1196,1008,0.842809364548495,2,subruns\s8010_xgb_1024_iterated_local_search_main,5.175390840207539,66d029ae85767e7a,4.995918367346939,0.0,1.44,1016
8010,xgb,1024,simulated_annealing,main,1024,budget_exhausted,xgb_boot5_sklearn_gbm_122b586f2b8f6dd7,1.8563125999644399,0.6406679996289313,64,1008,1008,1.0,2,subruns\s8010_xgb_1024_simulated_annealing_main,5.377301004061187,4503aea6aebd55f9,6.8579591836734695,0.0,4.22,1016
8010,xgb,1024,mutation_only_adalead,main,310,neighbors_exhausted,xgb_boot5_sklearn_gbm_122b586f2b8f6dd7,0.5269909999915399,0.22279470012290403,23,352,294,0.8352272727272727,2,subruns\s8010_xgb_1024_mutation_only_adalead_main,5.175390840207539,66d029ae85767e7a,2.7183673469387757,0.04,2.42,302
8010,rf,1024,matched_seed_random_walk,main,1024,budget_exhausted,rf300_seq303_4a89f2fe73d92e3d,1.5762569000362419,0.8620381000218913,9,1008,1008,1.0,2,subruns\s8010_rf_1024_matched_seed_random_walk_main,16.521830863198073,22af56db7f0f6e3b,7.775510204081633,0.0,2.02,1016
8010,rf,1024,multi_start_hill_climb,main,1024,budget_exhausted,rf300_seq303_4a89f2fe73d92e3d,2.078505099983886,1.4960620999336243,30,1131,1008,0.8912466843501327,2,subruns\s8010_rf_1024_multi_start_hill_climb_main,15.848337827925498,d2aa743632c9f00d,3.3559183673469386,0.0,4.16,1016
8010,rf,1024,multi_start_beam,main,1024,budget_exhausted,rf300_seq303_4a89f2fe73d92e3d,1.396550000004936,0.7078800999443047,5,1048,1008,0.9618320610687023,2,subruns\s8010_rf_1024_multi_start_beam_main,16.348807255489813,3c23b60d44caae96,6.210612244897959,0.0,2.18,1016
8010,rf,1024,mutation_only_ga,main,1023,neighbors_exhausted,rf300_seq303_4a89f2fe73d92e3d,2.8664172999560833,0.9609289999934845,11,1135,1007,0.8872246696035242,2,subruns\s8010_rf_1024_mutation_only_ga_main,15.884311453962546,472215570f42134d,3.773061224489796,0.0,4.0,1015
8010,rf,1024,iterated_local_search,main,1024,budget_exhausted,rf300_seq303_4a89f2fe73d92e3d,0.9218657000456005,0.6093391999602318,3,1196,1008,0.842809364548495,2,subruns\s8010_rf_1024_iterated_local_search_main,16.66474643565188,31b6e87445590df7,7.226122448979591,0.0,1.58,1016
8010,rf,1024,simulated_annealing,main,1024,budget_exhausted,rf300_seq303_4a89f2fe73d92e3d,4.056284299993422,2.763817399623804,64,1008,1008,1.0,2,subruns\s8010_rf_1024_simulated_annealing_main,16.343420347879263,39d0921d9733204e,5.3763265306122445,0.0,4.48,1016
8010,rf,1024,mutation_only_adalead,main,1024,budget_exhausted,rf300_seq303_4a89f2fe73d92e3d,4.280153799976688,2.6573331000981852,66,1026,1008,0.9824561403508771,2,subruns\s8010_rf_1024_mutation_only_adalead_main,15.868188467383279,6ed14198e66e6909,3.2081632653061223,0.0,4.18,1016
8011,xgb,1024,matched_seed_random_walk,main,1024,budget_exhausted,xgb_boot5_sklearn_gbm_bf0af55e4ab4849f,1.2459893999621272,0.5480548999621533,9,1008,1008,1.0,2,subruns\s8011_xgb_1024_matched_seed_random_walk_main,11.839782601507686,584b74302b7bf870,8.085714285714285,0.04,1.94,1016
8011,xgb,1024,multi_start_hill_climb,main,1024,budget_exhausted,xgb_boot5_sklearn_gbm_bf0af55e4ab4849f,1.0762895999941975,0.5404371998738497,30,1131,1008,0.8912466843501327,2,subruns\s8011_xgb_1024_multi_start_hill_climb_main,6.6587249023520485,e2d2d7615b6fb6cf,3.88734693877551,0.0,5.16,1016
8011,xgb,1024,multi_start_beam,main,1024,stagnation,xgb_boot5_sklearn_gbm_bf0af55e4ab4849f,1.032257299986668,0.4743957000900991,5,1043,1008,0.9664429530201343,2,subruns\s8011_xgb_1024_multi_start_beam_main,9.711986935295457,a590a0fb558eefd8,7.408979591836735,0.0,2.12,1016
8011,xgb,1024,mutation_only_ga,main,1011,stagnation,xgb_boot5_sklearn_gbm_bf0af55e4ab4849f,1.8636806000140496,0.4329063998302445,10,1128,995,0.8820921985815603,2,subruns\s8011_xgb_1024_mutation_only_ga_main,8.09049100369962,6bd7037b985d7f18,4.488979591836735,0.0,4.8,1003
8011,xgb,1024,iterated_local_search,main,1024,budget_exhausted,xgb_boot5_sklearn_gbm_bf0af55e4ab4849f,0.6730747999972664,0.42464879993349314,3,1196,1008,0.842809364548495,2,subruns\s8011_xgb_1024_iterated_local_search_main,9.596512820243507,be130467ce15a54d,7.152653061224489,0.02,1.66,1016
8011,xgb,1024,simulated_annealing,main,1024,budget_exhausted,xgb_boot5_sklearn_gbm_bf0af55e4ab4849f,1.6525647999951616,0.5688964001019485,64,1008,1008,1.0,2,subruns\s8011_xgb_1024_simulated_annealing_main,7.575856633855741,ab6c35921d45e526,5.375510204081633,0.0,5.02,1016
8011,xgb,1024,mutation_only_adalead,main,438,neighbors_exhausted,xgb_boot5_sklearn_gbm_bf0af55e4ab4849f,0.6389750000089407,0.22895669989520684,32,496,422,0.8508064516129032,2,subruns\s8011_xgb_1024_mutation_only_adalead_main,7.810238595680644,787e3483cd0b3da2,2.756734693877551,0.0,4.92,430
8011,rf,1024,matched_seed_random_walk,main,1024,budget_exhausted,rf300_seq303_835fa83239e46f36,1.3387835000175983,0.7300051000784151,9,1008,1008,1.0,2,subruns\s8011_rf_1024_matched_seed_random_walk_main,18.62316427898125,61895dc0782c820a,7.371428571428571,0.0,1.88,1016
8011,rf,1024,multi_start_hill_climb,main,1024,budget_exhausted,rf300_seq303_835fa83239e46f36,1.7772949999780394,1.2119531999342144,30,1131,1008,0.8912466843501327,2,subruns\s8011_rf_1024_multi_start_hill_climb_main,17.780449526261783,47f72f16e95a6d84,3.1975510204081634,0.0,5.16,1016
8011,rf,1024,multi_start_beam,main,1020,stagnation,rf300_seq303_835fa83239e46f36,1.0930334000149742,0.5773344999179244,4,1037,1004,0.9681774349083896,2,subruns\s8011_rf_1024_multi_start_beam_main,18.62316427898125,61895dc0782c820a,6.048979591836734,0.0,1.96,1012
8011,rf,1024,mutation_only_ga,main,1024,budget_exhausted,rf300_seq303_835fa83239e46f36,2.1568296999903396,0.791652400046587,11,1126,1008,0.8952042628774423,2,subruns\s8011_rf_1024_mutation_only_ga_main,17.984606702048442,2c19e48909873d42,4.382857142857143,0.0,3.78,1016
8011,rf,1024,iterated_local_search,main,1024,budget_exhausted,rf300_seq303_835fa83239e46f36,0.7613803999847732,0.5095193999586627,3,1196,1008,0.842809364548495,2,subruns\s8011_rf_1024_iterated_local_search_main,18.207010566287323,72dc1e09f9e11726,5.982857142857143,0.0,1.5,1016
8011,rf,1024,simulated_annealing,main,1024,budget_exhausted,rf300_seq303_835fa83239e46f36,3.2764612000319175,2.1801014001248404,64,1008,1008,1.0,2,subruns\s8011_rf_1024_simulated_annealing_main,17.80780395134297,be181752e57b54e7,5.46530612244898,0.0,4.9,1016
8011,rf,1024,mutation_only_adalead,main,1024,budget_exhausted,rf300_seq303_835fa83239e46f36,3.766524799983017,2.3551317999954335,66,1032,1008,0.9767441860465116,2,subruns\s8011_rf_1024_mutation_only_adalead_main,17.724810771544117,8a0b1943ad6f9024,3.746938775510204,0.0,4.8,1016
8012,xgb,1024,matched_seed_random_walk,main,1024,budget_exhausted,xgb_boot5_sklearn_gbm_c8846803f4a48bbd,1.2170526999980211,0.5221251000184566,9,1008,1008,1.0,2,subruns\s8012_xgb_1024_matched_seed_random_walk_main,5.4844743267067635,4ed3bf59ad61533a,6.802448979591837,0.0,2.0,1016
8012,xgb,1024,multi_start_hill_climb,main,1024,budget_exhausted,xgb_boot5_sklearn_gbm_c8846803f4a48bbd,1.0198982000001706,0.4746206001145765,30,1127,1008,0.8944099378881988,2,subruns\s8012_xgb_1024_multi_start_hill_climb_main,3.505755685819311,324e4a5b4c06daaf,5.68,0.0,4.58,1016
8012,xgb,1024,multi_start_beam,main,1024,budget_exhausted,xgb_boot5_sklearn_gbm_c8846803f4a48bbd,0.9740200000233017,0.4650217000162229,5,1050,1008,0.96,2,subruns\s8012_xgb_1024_multi_start_beam_main,5.898424215458469,842b5dbe597dedeb,6.096326530612245,0.0,1.94,1016
8012,xgb,1024,mutation_only_ga,main,844,stagnation,xgb_boot5_sklearn_gbm_c8846803f4a48bbd,1.571747099980712,0.38068680005380884,8,896,828,0.9241071428571429,2,subruns\s8012_xgb_1024_mutation_only_ga_main,4.764500523542518,303f3d40a5e50b16,6.524081632653061,0.0,3.64,836
8012,xgb,1024,iterated_local_search,main,1024,budget_exhausted,xgb_boot5_sklearn_gbm_c8846803f4a48bbd,0.8091884999885224,0.49137219990370795,3,1196,1008,0.842809364548495,2,subruns\s8012_xgb_1024_iterated_local_search_main,5.4844743267067635,4ed3bf59ad61533a,6.3763265306122445,0.0,1.54,1016
8012,xgb,1024,simulated_annealing,main,1024,budget_exhausted,xgb_boot5_sklearn_gbm_c8846803f4a48bbd,1.6056121999863535,0.542937699938193,64,1008,1008,1.0,2,subruns\s8012_xgb_1024_simulated_annealing_main,6.196888179715349,0a48be3a8e458939,6.653061224489796,0.0,3.96,1016
8012,xgb,1024,mutation_only_adalead,main,495,neighbors_exhausted,xgb_boot5_sklearn_gbm_c8846803f4a48bbd,0.7462108000181615,0.28182640013983473,36,560,479,0.8553571428571428,2,subruns\s8012_xgb_1024_mutation_only_adalead_main,3.505755685819311,324e4a5b4c06daaf,3.083265306122449,0.0,4.6,487
8012,rf,1024,matched_seed_random_walk,main,1024,budget_exhausted,rf300_seq303_c35b5353924bfabf,1.2948989999713376,0.708632200025022,9,1008,1008,1.0,2,subruns\s8012_rf_1024_matched_seed_random_walk_main,16.39051340154385,6037ab1bc0b5963d,6.182040816326531,0.0,2.38,1016
8012,rf,1024,multi_start_hill_climb,main,1024,budget_exhausted,rf300_seq303_c35b5353924bfabf,1.7706217999802902,1.2369317000266165,30,1131,1008,0.8912466843501327,2,subruns\s8012_rf_1024_multi_start_hill_climb_main,16.383750872377853,bc58181e65b6eaf4,5.62530612244898,0.0,3.96,1016
8012,rf,1024,multi_start_beam,main,1022,stagnation,rf300_seq303_c35b5353924bfabf,1.147035899979528,0.659674699883908,5,1033,1006,0.9738625363020329,2,subruns\s8012_rf_1024_multi_start_beam_main,16.120539818660294,7453ab1f592f3252,4.6971428571428575,0.0,1.98,1014
8012,rf,1024,mutation_only_ga,main,805,stagnation,rf300_seq303_c35b5353924bfabf,1.7074418000411242,0.5719551999354735,8,896,789,0.8805803571428571,2,subruns\s8012_rf_1024_mutation_only_ga_main,16.312126286505396,69a7c0995f3de141,3.7379591836734694,0.0,2.74,797
8012,rf,1024,iterated_local_search,main,1024,budget_exhausted,rf300_seq303_c35b5353924bfabf,0.7704245999921113,0.5169249000609852,3,1196,1008,0.842809364548495,2,subruns\s8012_rf_1024_iterated_local_search_main,16.240512483326935,ac76ce2043866e74,4.708571428571428,0.0,1.44,1016
8012,rf,1024,simulated_annealing,main,1024,budget_exhausted,rf300_seq303_c35b5353924bfabf,3.2464779000147246,2.183726199553348,64,1008,1008,1.0,2,subruns\s8012_rf_1024_simulated_annealing_main,16.48574245033935,0c8c16aeb74426a2,6.662857142857143,0.0,4.7,1016
8012,rf,1024,mutation_only_adalead,main,1024,budget_exhausted,rf300_seq303_c35b5353924bfabf,3.779130199982319,2.3598231998621486,65,1021,1008,0.9872673849167483,2,subruns\s8012_rf_1024_mutation_only_adalead_main,15.849281357896965,d82396aad5055c03,3.730612244897959,0.0,3.92,1016
8013,xgb,1024,matched_seed_random_walk,main,1024,budget_exhausted,xgb_boot5_sklearn_gbm_40e6927172aec559,1.0540329000214115,0.4624183000996709,9,1008,1008,1.0,2,subruns\s8013_xgb_1024_matched_seed_random_walk_main,7.535538054325286,0288b5e2e9aba434,8.157551020408164,0.0,1.86,1016
8013,xgb,1024,multi_start_hill_climb,main,1024,budget_exhausted,xgb_boot5_sklearn_gbm_40e6927172aec559,1.0047514999751002,0.47400929988361895,30,1131,1008,0.8912466843501327,2,subruns\s8013_xgb_1024_multi_start_hill_climb_main,0.49981622742041243,531eaf80066be805,3.1044897959183673,0.0,4.18,1016
8013,xgb,1024,multi_start_beam,main,1024,budget_exhausted,xgb_boot5_sklearn_gbm_40e6927172aec559,0.9839645000174642,0.45574359997408465,5,1040,1008,0.9692307692307692,2,subruns\s8013_xgb_1024_multi_start_beam_main,6.033838064121154,39d5c423d5d2c0a2,7.508571428571429,0.0,2.28,1016
8013,xgb,1024,mutation_only_ga,main,1014,stagnation,xgb_boot5_sklearn_gbm_40e6927172aec559,1.8075479000108317,0.44936829997459427,10,1086,998,0.9189686924493554,2,subruns\s8013_xgb_1024_mutation_only_ga_main,3.248347505057827,565c62ababc38bc6,6.221224489795919,0.0,4.44,1006
8013,xgb,1024,iterated_local_search,main,1024,budget_exhausted,xgb_boot5_sklearn_gbm_40e6927172aec559,0.6661431000102311,0.4247419000021182,3,1196,1008,0.842809364548495,2,subruns\s8013_xgb_1024_iterated_local_search_main,7.535538054325286,0288b5e2e9aba434,7.838367346938775,0.0,1.9,1016
8013,xgb,1024,simulated_annealing,main,1024,budget_exhausted,xgb_boot5_sklearn_gbm_40e6927172aec559,1.6099408000009134,0.5371975998859853,64,1008,1008,1.0,2,subruns\s8013_xgb_1024_simulated_annealing_main,2.280769268230279,33d9d35a9259fb8d,6.431020408163265,0.0,4.78,1016
8013,xgb,1024,mutation_only_adalead,main,613,neighbors_exhausted,xgb_boot5_sklearn_gbm_40e6927172aec559,0.9185342999990098,0.32679260009899735,44,688,597,0.8677325581395349,2,subruns\s8013_xgb_1024_mutation_only_adalead_main,0.49981622742041243,531eaf80066be805,3.463673469387755,0.0,4.5,605
8013,rf,1024,matched_seed_random_walk,main,1024,budget_exhausted,rf300_seq303_838665c0f2bd7682,1.305166099977214,0.6975018000230193,9,1008,1008,1.0,2,subruns\s8013_rf_1024_matched_seed_random_walk_main,19.335656354617836,809e8bb69d175cc4,8.17142857142857,0.0,2.0,1016
8013,rf,1024,multi_start_hill_climb,main,1024,budget_exhausted,rf300_seq303_838665c0f2bd7682,1.834809200023301,1.2835088999127038,30,1131,1008,0.8912466843501327,2,subruns\s8013_rf_1024_multi_start_hill_climb_main,16.934172480262568,7b1a757a3ed6b614,3.155918367346939,0.0,3.94,1016
8013,rf,1024,multi_start_beam,main,1024,stagnation,rf300_seq303_838665c0f2bd7682,1.1554526999825612,0.6077167000621557,6,1051,1008,0.9590865842055185,2,subruns\s8013_rf_1024_multi_start_beam_main,18.575910959950747,8df8974d2a27d64e,6.333061224489796,0.0,2.32,1016
8013,rf,1024,mutation_only_ga,main,1024,stagnation,rf300_seq303_838665c0f2bd7682,2.267171799961943,0.7568375999107957,12,1095,1008,0.9205479452054794,2,subruns\s8013_rf_1024_mutation_only_ga_main,17.115465797138516,f26af78ef466a72b,4.26530612244898,0.0,4.26,1016
8013,rf,1024,iterated_local_search,main,1024,budget_exhausted,rf300_seq303_838665c0f2bd7682,0.791168000025209,0.5392784000141546,3,1195,1008,0.8435146443514644,2,subruns\s8013_rf_1024_iterated_local_search_main,18.265055173973614,49c09db1316d64a5,6.724897959183673,0.0,1.86,1016
8013,rf,1024,simulated_annealing,main,1024,budget_exhausted,rf300_seq303_838665c0f2bd7682,3.2342345000361092,2.179524499922991,64,1008,1008,1.0,2,subruns\s8013_rf_1024_simulated_annealing_main,17.119783866120475,d4a4432d3840cfd5,4.975510204081632,0.0,4.58,1016
8013,rf,1024,mutation_only_adalead,main,1024,budget_exhausted,rf300_seq303_838665c0f2bd7682,3.512648900039494,2.2153168997028843,65,1021,1008,0.9872673849167483,2,subruns\s8013_rf_1024_mutation_only_adalead_main,16.934172480262568,7b1a757a3ed6b614,3.0048979591836735,0.0,4.24,1016
8014,xgb,1024,matched_seed_random_walk,main,1024,budget_exhausted,xgb_boot5_sklearn_gbm_60093a6298c8f328,1.0712560000247322,0.45135140005731955,9,1008,1008,1.0,2,subruns\s8014_xgb_1024_matched_seed_random_walk_main,4.717344211977936,c0b48c2834309493,7.6938775510204085,0.0,2.58,1016
8014,xgb,1024,multi_start_hill_climb,main,1024,budget_exhausted,xgb_boot5_sklearn_gbm_60093a6298c8f328,0.9993000999675132,0.4950795999611728,30,1131,1008,0.8912466843501327,2,subruns\s8014_xgb_1024_multi_start_hill_climb_main,4.617404200543462,e53a12f90b7baffb,5.560816326530612,0.0,4.4,1016
8014,xgb,1024,multi_start_beam,main,1024,budget_exhausted,xgb_boot5_sklearn_gbm_60093a6298c8f328,0.9532965000253171,0.4625002999091521,4,1029,1008,0.9795918367346939,2,subruns\s8014_xgb_1024_multi_start_beam_main,6.116269203677167,9f92197bdd9272b1,7.096326530612245,0.0,2.18,1016
8014,xgb,1024,mutation_only_ga,main,1024,budget_exhausted,xgb_boot5_sklearn_gbm_60093a6298c8f328,1.8764010000159033,0.46612669999012724,12,1122,1008,0.8983957219251337,2,subruns\s8014_xgb_1024_mutation_only_ga_main,4.135898835103954,a88973ea05d0b425,3.501224489795918,0.0,4.7,1016
8014,xgb,1024,iterated_local_search,main,1024,budget_exhausted,xgb_boot5_sklearn_gbm_60093a6298c8f328,0.6950359999900684,0.4435573000810109,3,1195,1008,0.8435146443514644,2,subruns\s8014_xgb_1024_iterated_local_search_main,6.344781416696155,eb336b42881d6d3f,6.873469387755102,0.0,2.04,1016
8014,xgb,1024,simulated_annealing,main,1024,budget_exhausted,xgb_boot5_sklearn_gbm_60093a6298c8f328,1.6488383000250906,0.5426912998664193,64,1008,1008,1.0,2,subruns\s8014_xgb_1024_simulated_annealing_main,3.491477723549086,156e074d90aa85e0,6.22530612244898,0.0,5.22,1016
8014,xgb,1024,mutation_only_adalead,main,285,neighbors_exhausted,xgb_boot5_sklearn_gbm_60093a6298c8f328,0.40088480000849813,0.15942159993574023,22,336,269,0.8005952380952381,2,subruns\s8014_xgb_1024_mutation_only_adalead_main,2.8379201400150933,7f336619f955416b,2.9281632653061225,0.0,5.14,277
8014,rf,1024,matched_seed_random_walk,main,1024,budget_exhausted,rf300_seq303_268d159219c9018c,1.3046397999860346,0.7077656000619754,9,1008,1008,1.0,2,subruns\s8014_rf_1024_matched_seed_random_walk_main,16.704264274933983,b9ea53fb342aef37,6.67265306122449,0.0,1.9,1016
8014,rf,1024,multi_start_hill_climb,main,1024,budget_exhausted,rf300_seq303_268d159219c9018c,1.7647266000276431,1.2503156001330353,30,1131,1008,0.8912466843501327,2,subruns\s8014_rf_1024_multi_start_hill_climb_main,16.102016631891427,26600cc710357d90,3.4693877551020407,0.0,3.76,1016
8014,rf,1024,multi_start_beam,main,1023,neighbors_exhausted,rf300_seq303_268d159219c9018c,1.094869100023061,0.5614669999922626,4,1040,1007,0.9682692307692308,2,subruns\s8014_rf_1024_multi_start_beam_main,16.202461469201587,ef768e3bda82b373,3.783673469387755,0.0,2.34,1015
8014,rf,1024,mutation_only_ga,main,1024,budget_exhausted,rf300_seq303_268d159219c9018c,2.2235790999839082,0.7769740998046473,13,1121,1008,0.8991971454058876,2,subruns\s8014_rf_1024_mutation_only_ga_main,16.138445117411674,e04da33deff3a725,4.153469387755102,0.0,3.88,1016
8014,rf,1024,iterated_local_search,main,1024,budget_exhausted,rf300_seq303_268d159219c9018c,0.7809692000155337,0.5304535999894142,3,1196,1008,0.842809364548495,2,subruns\s8014_rf_1024_iterated_local_search_main,16.389075202473,fa2cd9be8f2cf841,5.328979591836735,0.0,1.9,1016
8014,rf,1024,simulated_annealing,main,1024,budget_exhausted,rf300_seq303_268d159219c9018c,3.21839190000901,2.1738904002704658,64,1008,1008,1.0,2,subruns\s8014_rf_1024_simulated_annealing_main,16.604921174440406,168d79b32f260034,5.959183673469388,0.0,4.32,1016
8014,rf,1024,mutation_only_adalead,main,1024,budget_exhausted,rf300_seq303_268d159219c9018c,3.596439399989322,2.174241899861954,65,1021,1008,0.9872673849167483,2,subruns\s8014_rf_1024_mutation_only_adalead_main,16.16173247029985,7858fae92100c2d8,4.511836734693878,0.0,4.34,1016
8015,xgb,1024,matched_seed_random_walk,main,1024,budget_exhausted,xgb_boot5_sklearn_gbm_cbce0c1f363f952f,1.0910195999895222,0.4479177001048811,9,1008,1008,1.0,2,subruns\s8015_xgb_1024_matched_seed_random_walk_main,7.125666665967581,60b8a5befa290633,8.523265306122449,0.0,1.8,1016
8015,xgb,1024,multi_start_hill_climb,main,1024,budget_exhausted,xgb_boot5_sklearn_gbm_cbce0c1f363f952f,1.007961199968122,0.49951359996339306,29,1092,1008,0.9230769230769231,2,subruns\s8015_xgb_1024_multi_start_hill_climb_main,6.651236161775141,75eed6e066870a17,6.581224489795918,0.04,3.84,1016
8015,xgb,1024,multi_start_beam,main,1021,stagnation,xgb_boot5_sklearn_gbm_cbce0c1f363f952f,0.93510940001579,0.4342930999118835,4,1034,1005,0.971953578336557,2,subruns\s8015_xgb_1024_multi_start_beam_main,8.168673029815306,59805dfbd78e165a,7.95265306122449,0.0,1.98,1013
8015,xgb,1024,mutation_only_ga,main,1024,stagnation,xgb_boot5_sklearn_gbm_cbce0c1f363f952f,1.9274851999944076,0.4764045000774786,13,1165,1008,0.8652360515021459,2,subruns\s8015_xgb_1024_mutation_only_ga_main,7.132409868919995,4f3caa5d4a97d73e,7.196734693877551,0.0,3.5,1016
8015,xgb,1024,iterated_local_search,main,1024,budget_exhausted,xgb_boot5_sklearn_gbm_cbce0c1f363f952f,0.746292199997697,0.4796241999720223,3,1192,1008,0.8456375838926175,2,subruns\s8015_xgb_1024_iterated_local_search_main,7.125666665967581,60b8a5befa290633,7.59265306122449,0.0,1.64,1016
8015,xgb,1024,simulated_annealing,main,1024,budget_exhausted,xgb_boot5_sklearn_gbm_cbce0c1f363f952f,1.641526099992916,0.5643162002088502,64,1008,1008,1.0,2,subruns\s8015_xgb_1024_simulated_annealing_main,6.962259232525819,32fa2e0aea65b105,6.193469387755102,0.0,4.48,1016
8015,xgb,1024,mutation_only_adalead,main,206,neighbors_exhausted,xgb_boot5_sklearn_gbm_cbce0c1f363f952f,0.3161746000405401,0.11983189993770793,16,240,190,0.7916666666666666,2,subruns\s8015_xgb_1024_mutation_only_adalead_main,7.125666665967581,60b8a5befa290633,2.529795918367347,0.0,2.9,198
8015,rf,1024,matched_seed_random_walk,main,1024,budget_exhausted,rf300_seq303_69af230cb17e6fd5,1.3253994000260718,0.7139739000122063,9,1008,1008,1.0,2,subruns\s8015_rf_1024_matched_seed_random_walk_main,17.79061205171928,9dc4b3d61df15d98,6.503673469387755,0.0,1.84,1016
8015,rf,1024,multi_start_hill_climb,main,1024,budget_exhausted,rf300_seq303_69af230cb17e6fd5,1.727651099965442,1.2341842998284847,30,1127,1008,0.8944099378881988,2,subruns\s8015_rf_1024_multi_start_hill_climb_main,16.797951653667123,e64e9141139e7197,5.411428571428571,0.0,4.04,1016
8015,rf,1024,multi_start_beam,main,1023,stagnation,rf300_seq303_69af230cb17e6fd5,1.1207869999925606,0.598594100039918,6,1049,1007,0.9599618684461392,2,subruns\s8015_rf_1024_multi_start_beam_main,17.421795550606806,6cb84492e43642e8,6.532244897959184,0.0,2.04,1015
8015,rf,1024,mutation_only_ga,main,1023,stagnation,rf300_seq303_69af230cb17e6fd5,2.2970065000117756,0.787824799946975,12,1137,1007,0.8856640281442393,2,subruns\s8015_rf_1024_mutation_only_ga_main,16.995667024305824,abb068cad99e9140,5.997551020408164,0.0,3.32,1015
8015,rf,1024,iterated_local_search,main,1024,budget_exhausted,rf300_seq303_69af230cb17e6fd5,0.8561296000261791,0.5382022999692708,3,1192,1008,0.8456375838926175,2,subruns\s8015_rf_1024_iterated_local_search_main,17.062196791155838,8dfba7db19a123b1,5.702040816326531,0.0,1.6,1016
8015,rf,1024,simulated_annealing,main,1024,budget_exhausted,rf300_seq303_69af230cb17e6fd5,3.229537100007292,2.1513604001374915,64,1008,1008,1.0,2,subruns\s8015_rf_1024_simulated_annealing_main,16.797951653667123,e64e9141139e7197,6.629387755102041,0.0,3.86,1016
8015,rf,1024,mutation_only_adalead,main,1024,budget_exhausted,rf300_seq303_69af230cb17e6fd5,3.550173600029666,2.2252937003504485,67,1046,1008,0.9636711281070746,2,subruns\s8015_rf_1024_mutation_only_adalead_main,16.90429380424193,e430b1cb567b2273,2.8718367346938773,0.0,3.32,1016
8016,xgb,1024,matched_seed_random_walk,main,1024,budget_exhausted,xgb_boot5_sklearn_gbm_d8bc205f4ef8a088,1.0721565000130795,0.44794239988550544,9,1008,1008,1.0,2,subruns\s8016_xgb_1024_matched_seed_random_walk_main,6.744028150425882,f43e145ab001c485,6.255510204081633,0.0,1.86,1016
8016,xgb,1024,multi_start_hill_climb,main,1024,budget_exhausted,xgb_boot5_sklearn_gbm_d8bc205f4ef8a088,1.006844000017736,0.49090269999578595,30,1131,1008,0.8912466843501327,2,subruns\s8016_xgb_1024_multi_start_hill_climb_main,0.2587070141893374,bfcd46bf0b26a435,4.398367346938776,0.0,4.58,1016
8016,xgb,1024,multi_start_beam,main,1024,stagnation,xgb_boot5_sklearn_gbm_d8bc205f4ef8a088,0.9370398999890313,0.4371095000533387,5,1038,1008,0.9710982658959537,2,subruns\s8016_xgb_1024_multi_start_beam_main,3.0963140288517357,083c63be6ad7e1f9,5.629387755102041,0.0,2.14,1016
8016,xgb,1024,mutation_only_ga,main,1023,stagnation,xgb_boot5_sklearn_gbm_d8bc205f4ef8a088,1.8927502000005916,0.4686826999532059,11,1112,1007,0.9055755395683454,2,subruns\s8016_xgb_1024_mutation_only_ga_main,1.00780205403555,6100a4220a2f2e7b,5.227755102040816,0.0,4.42,1015
8016,xgb,1024,iterated_local_search,main,1024,budget_exhausted,xgb_boot5_sklearn_gbm_d8bc205f4ef8a088,0.7230965999769978,0.45087729999795556,3,1193,1008,0.8449287510477788,2,subruns\s8016_xgb_1024_iterated_local_search_main,4.5660534452213515,b2db85c47237a72e,6.470204081632653,0.0,1.78,1016
8016,xgb,1024,simulated_annealing,main,1024,budget_exhausted,xgb_boot5_sklearn_gbm_d8bc205f4ef8a088,1.6653551999479532,0.5526390997110866,64,1008,1008,1.0,2,subruns\s8016_xgb_1024_simulated_annealing_main,0.5017733763593204,302acc7046928d0b,5.2293877551020405,0.0,4.6,1016
8016,xgb,1024,mutation_only_adalead,main,350,neighbors_exhausted,xgb_boot5_sklearn_gbm_d8bc205f4ef8a088,0.5111237000091933,0.20009500009473413,27,416,334,0.8028846153846154,2,subruns\s8016_xgb_1024_mutation_only_adalead_main,0.8096796033644468,2fe39e80843f5d46,3.046530612244898,0.0,4.56,342
8016,rf,1024,matched_seed_random_walk,main,1024,budget_exhausted,rf300_seq303_8049e9b702481181,1.330561899987515,0.7383001999696717,9,1008,1008,1.0,2,subruns\s8016_rf_1024_matched_seed_random_walk_main,15.289496010224994,6ab8756b5b8ecb17,6.613061224489796,0.0,2.18,1016
8016,rf,1024,multi_start_hill_climb,main,1024,budget_exhausted,rf300_seq303_8049e9b702481181,1.7592228000285104,1.2132385997683741,30,1131,1008,0.8912466843501327,2,subruns\s8016_rf_1024_multi_start_hill_climb_main,14.412214518423177,7dcade6872ebedd4,4.361632653061225,0.0,4.68,1016
8016,rf,1024,multi_start_beam,main,1024,budget_exhausted,rf300_seq303_8049e9b702481181,1.0504853999591433,0.565025300020352,4,1037,1008,0.9720347155255545,2,subruns\s8016_rf_1024_multi_start_beam_main,14.919950606899762,83b33007e6a042dc,5.317551020408163,0.0,1.9,1016
8016,rf,1024,mutation_only_ga,main,1024,stagnation,rf300_seq303_8049e9b702481181,2.458126799960155,0.806710299977567,13,1131,1008,0.8912466843501327,2,subruns\s8016_rf_1024_mutation_only_ga_main,14.612170483919225,009a7dda7d87091d,4.8579591836734695,0.0,4.26,1016
8016,rf,1024,iterated_local_search,main,1024,budget_exhausted,rf300_seq303_8049e9b702481181,0.7958407999831252,0.5470701999729499,3,1193,1008,0.8449287510477788,2,subruns\s8016_rf_1024_iterated_local_search_main,15.004876133870527,706a03b0e9242d71,5.52734693877551,0.0,1.68,1016
8016,rf,1024,simulated_annealing,main,1024,budget_exhausted,rf300_seq303_8049e9b702481181,3.260060800006613,2.1435138997621834,64,1008,1008,1.0,2,subruns\s8016_rf_1024_simulated_annealing_main,14.511913614977573,743293a8aaa76a90,5.564081632653061,0.0,4.46,1016
8016,rf,1024,mutation_only_adalead,main,1024,budget_exhausted,rf300_seq303_8049e9b702481181,3.595851299993228,2.2109727999777533,65,1018,1008,0.9901768172888016,2,subruns\s8016_rf_1024_mutation_only_adalead_main,14.404234705449774,9b6087ee729acfd8,3.899591836734694,0.0,4.5,1016
8017,xgb,1024,matched_seed_random_walk,main,1024,budget_exhausted,xgb_boot5_sklearn_gbm_1dd1a82e417ba743,1.1122596999630332,0.49053199985064566,9,1008,1008,1.0,2,subruns\s8017_xgb_1024_matched_seed_random_walk_main,8.213549021862555,0f51c5ff87214e97,6.935510204081632,0.0,1.78,1016
8017,xgb,1024,multi_start_hill_climb,main,1024,budget_exhausted,xgb_boot5_sklearn_gbm_1dd1a82e417ba743,1.0316021000035107,0.4809962000581436,30,1131,1008,0.8912466843501327,2,subruns\s8017_xgb_1024_multi_start_hill_climb_main,4.6781617113648135,d24b06c699102077,4.457959183673469,0.0,3.92,1016
8017,xgb,1024,multi_start_beam,main,1024,stagnation,xgb_boot5_sklearn_gbm_1dd1a82e417ba743,0.9935844000428915,0.4900892999721691,5,1040,1008,0.9692307692307692,2,subruns\s8017_xgb_1024_multi_start_beam_main,6.477246390759167,d49214bc1c82a6c5,5.782857142857143,0.0,2.26,1016
8017,xgb,1024,mutation_only_ga,main,1023,neighbors_exhausted,xgb_boot5_sklearn_gbm_1dd1a82e417ba743,1.7702237000339665,0.4596805000328459,11,1107,1007,0.9096657633242999,2,subruns\s8017_xgb_1024_mutation_only_ga_main,4.535566012745809,9c4a8a09553a0583,4.498775510204082,0.0,3.94,1015
8017,xgb,1024,iterated_local_search,main,1024,budget_exhausted,xgb_boot5_sklearn_gbm_1dd1a82e417ba743,0.7378002000041306,0.4932873999350704,3,1196,1008,0.842809364548495,2,subruns\s8017_xgb_1024_iterated_local_search_main,6.491870788812162,3aaf4901705c958a,6.436734693877551,0.0,1.68,1016
8017,xgb,1024,simulated_annealing,main,1024,budget_exhausted,xgb_boot5_sklearn_gbm_1dd1a82e417ba743,1.5936540000257082,0.5375567994778976,64,1008,1008,1.0,2,subruns\s8017_xgb_1024_simulated_annealing_main,6.1833509995912825,613b8180d4134fb8,6.14938775510204,0.0,4.48,1016
8017,xgb,1024,mutation_only_adalead,main,363,neighbors_exhausted,xgb_boot5_sklearn_gbm_1dd1a82e417ba743,0.5715141999535263,0.21934419975150377,30,464,347,0.7478448275862069,2,subruns\s8017_xgb_1024_mutation_only_adalead_main,4.02491012132076,0d9b5f3c05cec09a,3.220408163265306,0.0,4.7,355
8017,rf,1024,matched_seed_random_walk,main,1024,budget_exhausted,rf300_seq303_3264fd5c14bc0836,1.3935687000048347,0.7252938998863101,9,1008,1008,1.0,2,subruns\s8017_rf_1024_matched_seed_random_walk_main,17.834365518079473,1a1cc1ab69b72949,7.685714285714286,0.0,2.14,1016
8017,rf,1024,multi_start_hill_climb,main,1024,budget_exhausted,rf300_seq303_3264fd5c14bc0836,1.7018555999966338,1.2033573996741325,30,1131,1008,0.8912466843501327,2,subruns\s8017_rf_1024_multi_start_hill_climb_main,16.0282141383944,ed0b61d899a63138,4.411428571428571,0.0,3.98,1016
8017,rf,1024,multi_start_beam,main,1024,budget_exhausted,rf300_seq303_3264fd5c14bc0836,1.1032320000231266,0.6131886999355629,5,1037,1008,0.9720347155255545,2,subruns\s8017_rf_1024_multi_start_beam_main,17.51011552202511,0f62fc09a50367fd,7.034285714285715,0.0,2.62,1016
8017,rf,1024,mutation_only_ga,main,1024,budget_exhausted,rf300_seq303_3264fd5c14bc0836,2.172707799996715,0.7745098000741564,11,1107,1008,0.9105691056910569,2,subruns\s8017_rf_1024_mutation_only_ga_main,16.0282141383944,ed0b61d899a63138,4.795918367346939,0.0,4.46,1016
8017,rf,1024,iterated_local_search,main,1024,budget_exhausted,rf300_seq303_3264fd5c14bc0836,0.7847219000104815,0.5199692000169307,3,1196,1008,0.842809364548495,2,subruns\s8017_rf_1024_iterated_local_search_main,16.707561518033348,9acd5c10409c0f53,7.638367346938775,0.0,2.44,1016
8017,rf,1024,simulated_annealing,main,1024,budget_exhausted,rf300_seq303_3264fd5c14bc0836,3.300128799979575,2.1713228998705745,64,1008,1008,1.0,2,subruns\s8017_rf_1024_simulated_annealing_main,16.154534303242485,76464bb98cde9a4a,5.00734693877551,0.0,4.22,1016
8017,rf,1024,mutation_only_adalead,main,1024,budget_exhausted,rf300_seq303_3264fd5c14bc0836,3.4760893000056967,2.176523699890822,65,1021,1008,0.9872673849167483,2,subruns\s8017_rf_1024_mutation_only_adalead_main,16.08667530123686,bd32a9c7ed3247af,3.562448979591837,0.0,4.16,1016
8018,xgb,1024,matched_seed_random_walk,main,1024,budget_exhausted,xgb_boot5_sklearn_gbm_267b42e8f1ae908c,1.081143699993845,0.4600825001252815,9,1008,1008,1.0,2,subruns\s8018_xgb_1024_matched_seed_random_walk_main,9.902789193971888,1b824f80fb963c55,8.328979591836735,0.0,2.0,1016
8018,xgb,1024,multi_start_hill_climb,main,1024,budget_exhausted,xgb_boot5_sklearn_gbm_267b42e8f1ae908c,0.9798628000426106,0.4722128998837434,30,1131,1008,0.8912466843501327,2,subruns\s8018_xgb_1024_multi_start_hill_climb_main,8.1553178052894,347dfee5e887e4a0,5.882448979591837,0.0,4.52,1016
8018,xgb,1024,multi_start_beam,main,1024,budget_exhausted,xgb_boot5_sklearn_gbm_267b42e8f1ae908c,0.9803573999670334,0.4739268000703305,5,1038,1008,0.9710982658959537,2,subruns\s8018_xgb_1024_multi_start_beam_main,9.893431984557857,a3e80c9f21d39f86,6.418775510204082,0.0,2.42,1016
8018,xgb,1024,mutation_only_ga,main,1023,neighbors_exhausted,xgb_boot5_sklearn_gbm_267b42e8f1ae908c,1.9420338000054471,0.45461040001828223,11,1103,1007,0.9129646418857661,2,subruns\s8018_xgb_1024_mutation_only_ga_main,8.299962122230335,daddf4fcb11fb681,4.801632653061224,0.0,4.06,1015
8018,xgb,1024,iterated_local_search,main,1024,budget_exhausted,xgb_boot5_sklearn_gbm_267b42e8f1ae908c,0.6865709000267088,0.4339109000284225,3,1196,1008,0.842809364548495,2,subruns\s8018_xgb_1024_iterated_local_search_main,10.041437347656883,a13e615b09c43c2f,6.157551020408163,0.0,2.02,1016
8018,xgb,1024,simulated_annealing,main,1024,budget_exhausted,xgb_boot5_sklearn_gbm_267b42e8f1ae908c,1.6392019999912009,0.5466133996960707,64,1008,1008,1.0,2,subruns\s8018_xgb_1024_simulated_annealing_main,6.9722022732917655,c1b0721433deb169,4.1085714285714285,0.0,4.98,1016
8018,xgb,1024,mutation_only_adalead,main,846,neighbors_exhausted,xgb_boot5_sklearn_gbm_267b42e8f1ae908c,1.4845841999631375,0.4779387000016868,59,928,830,0.8943965517241379,2,subruns\s8018_xgb_1024_mutation_only_adalead_main,8.872447096124107,0a29477fc119e398,3.239183673469388,0.0,4.54,838
8018,rf,1024,matched_seed_random_walk,main,1024,budget_exhausted,rf300_seq303_5be9b7e0e79705aa,1.2818192000268027,0.6828463999554515,9,1008,1008,1.0,2,subruns\s8018_rf_1024_matched_seed_random_walk_main,17.06016760165702,44b814ac936a6b50,6.029387755102041,0.0,2.16,1016
8018,rf,1024,multi_start_hill_climb,main,1024,budget_exhausted,rf300_seq303_5be9b7e0e79705aa,1.7364304999937303,1.238570400106255,30,1131,1008,0.8912466843501327,2,subruns\s8018_rf_1024_multi_start_hill_climb_main,16.322273199739165,b97aee34813faa9b,4.6906122448979595,0.0,4.12,1016
8018,rf,1024,multi_start_beam,main,1021,stagnation,rf300_seq303_5be9b7e0e79705aa,1.0416207000380382,0.5466587000410073,4,1041,1005,0.9654178674351584,2,subruns\s8018_rf_1024_multi_start_beam_main,16.754192950297213,711906862ab5d19a,4.502040816326531,0.0,1.84,1013
8018,rf,1024,mutation_only_ga,main,1024,stagnation,rf300_seq303_5be9b7e0e79705aa,2.2188868999946862,0.8203790999832563,13,1143,1008,0.8818897637795275,2,subruns\s8018_rf_1024_mutation_only_ga_main,16.17724928721594,4279e3171f8150b9,3.6840816326530614,0.0,3.48,1016
8018,rf,1024,iterated_local_search,main,1024,budget_exhausted,rf300_seq303_5be9b7e0e79705aa,0.7737447000108659,0.5328834999236278,3,1196,1008,0.842809364548495,2,subruns\s8018_rf_1024_iterated_local_search_main,16.630395336975084,b1ab11917d108d18,3.9681632653061225,0.0,1.54,1016
8018,rf,1024,simulated_annealing,main,1024,budget_exhausted,rf300_seq303_5be9b7e0e79705aa,3.239962099993136,2.1384168000658974,64,1008,1008,1.0,2,subruns\s8018_rf_1024_simulated_annealing_main,16.234457529974275,7422f6a14e294b59,6.04,0.0,4.74,1016
8018,rf,1024,mutation_only_adalead,main,1024,budget_exhausted,rf300_seq303_5be9b7e0e79705aa,3.5336261999909766,2.229233699850738,65,1020,1008,0.9882352941176471,2,subruns\s8018_rf_1024_mutation_only_adalead_main,15.786684057603473,a7a1e6c922511039,3.2342857142857144,0.0,3.86,1016
8019,xgb,1024,matched_seed_random_walk,main,1024,budget_exhausted,xgb_boot5_sklearn_gbm_92a2414ecddbcf62,1.083870000031311,0.50014130002819,9,1008,1008,1.0,2,subruns\s8019_xgb_1024_matched_seed_random_walk_main,9.377326429891827,18ab209992b31fb1,8.733877551020408,0.0,2.7,1016
8019,xgb,1024,multi_start_hill_climb,main,1024,budget_exhausted,xgb_boot5_sklearn_gbm_92a2414ecddbcf62,1.030660499993246,0.47811210015788674,30,1131,1008,0.8912466843501327,2,subruns\s8019_xgb_1024_multi_start_hill_climb_main,5.883681097241589,789c32aa4e670486,5.089795918367347,0.0,4.18,1016
8019,xgb,1024,multi_start_beam,main,1024,stagnation,xgb_boot5_sklearn_gbm_92a2414ecddbcf62,0.9634400999639183,0.41781820001779124,5,1037,1008,0.9720347155255545,2,subruns\s8019_xgb_1024_multi_start_beam_main,8.432147237520372,a29626effbd281b6,6.214693877551021,0.0,2.22,1016
8019,xgb,1024,mutation_only_ga,main,1024,budget_exhausted,xgb_boot5_sklearn_gbm_92a2414ecddbcf62,1.9042476000031456,0.4792326000169851,12,1128,1008,0.8936170212765957,2,subruns\s8019_xgb_1024_mutation_only_ga_main,7.085365932539959,bf7ea91b63599149,6.502040816326531,0.0,4.12,1016
8019,xgb,1024,iterated_local_search,main,1024,budget_exhausted,xgb_boot5_sklearn_gbm_92a2414ecddbcf62,0.72594079998089,0.4618492000736296,3,1193,1008,0.8449287510477788,2,subruns\s8019_xgb_1024_iterated_local_search_main,8.432147237520372,a29626effbd281b6,6.154285714285714,0.0,1.8,1016
8019,xgb,1024,simulated_annealing,main,1024,budget_exhausted,xgb_boot5_sklearn_gbm_92a2414ecddbcf62,1.6100340000120923,0.5370778002543375,64,1008,1008,1.0,2,subruns\s8019_xgb_1024_simulated_annealing_main,6.414848870135879,fe7e74a1fa824691,6.618775510204082,0.0,4.96,1016
8019,xgb,1024,mutation_only_adalead,main,190,neighbors_exhausted,xgb_boot5_sklearn_gbm_92a2414ecddbcf62,0.27122649998636916,0.11149780004052445,15,224,174,0.7767857142857143,2,subruns\s8019_xgb_1024_mutation_only_adalead_main,6.0860300895089825,c8f9c4881aa1d4c5,2.6816326530612247,0.0,3.8,182
8019,rf,1024,matched_seed_random_walk,main,1024,budget_exhausted,rf300_seq303_43c02ad25698f0f3,1.388806900009513,0.7129192000138573,9,1008,1008,1.0,2,subruns\s8019_rf_1024_matched_seed_random_walk_main,18.138250404595873,99068147d8b78682,8.13469387755102,0.0,2.22,1016
8019,rf,1024,multi_start_hill_climb,main,1024,budget_exhausted,rf300_seq303_43c02ad25698f0f3,1.8223727000295185,1.3051053999806754,30,1127,1008,0.8944099378881988,2,subruns\s8019_rf_1024_multi_start_hill_climb_main,18.146651655006732,75ef621584c52ff1,3.44,0.0,3.54,1016
8019,rf,1024,multi_start_beam,main,1023,stagnation,rf300_seq303_43c02ad25698f0f3,1.1044431999907829,0.596045599959325,5,1042,1007,0.9664107485604606,2,subruns\s8019_rf_1024_multi_start_beam_main,18.30997117094059,b6826082368ff4c2,5.6269387755102045,0.0,2.02,1015
8019,rf,1024,mutation_only_ga,main,1023,stagnation,rf300_seq303_43c02ad25698f0f3,2.3074058999773115,0.8035564000019804,12,1133,1007,0.8887908208296558,2,subruns\s8019_rf_1024_mutation_only_ga_main,18.14505848133621,13e5e0af9cf4a73d,3.890612244897959,0.0,3.44,1015
8019,rf,1024,iterated_local_search,main,1024,budget_exhausted,rf300_seq303_43c02ad25698f0f3,0.7603178999852389,0.5195685999351554,3,1158,1008,0.8704663212435233,2,subruns\s8019_rf_1024_iterated_local_search_main,18.397436043410064,b13074b6c73b3eca,6.034285714285715,0.0,1.5,1016
8019,rf,1024,simulated_annealing,main,1024,budget_exhausted,rf300_seq303_43c02ad25698f0f3,3.148659400001634,2.087486699980218,64,1008,1008,1.0,2,subruns\s8019_rf_1024_simulated_annealing_main,18.173539670971895,5a450b71817619e4,5.498775510204082,0.0,4.6,1016
8019,rf,1024,mutation_only_adalead,main,1024,budget_exhausted,rf300_seq303_43c02ad25698f0f3,3.8175469000125304,2.3415871997131035,65,1020,1008,0.9882352941176471,2,subruns\s8019_rf_1024_mutation_only_adalead_main,17.97414011182955,973e3022239e9639,3.573061224489796,0.0,4.34,1016
8020,xgb,1024,matched_seed_random_walk,main,1024,budget_exhausted,xgb_boot5_sklearn_gbm_ee45eab1d745b279,1.077274999988731,0.4727794001228176,9,1008,1008,1.0,2,subruns\s8020_xgb_1024_matched_seed_random_walk_main,5.559342334134137,b179f82906cef25a,6.097142857142857,0.0,2.0,1016
8020,xgb,1024,multi_start_hill_climb,main,1024,budget_exhausted,xgb_boot5_sklearn_gbm_ee45eab1d745b279,0.9901138999848627,0.4682790999067947,30,1131,1008,0.8912466843501327,2,subruns\s8020_xgb_1024_multi_start_hill_climb_main,5.211658932090275,05efe0f1a1762925,3.8677551020408165,0.0,4.28,1016
8020,xgb,1024,multi_start_beam,main,1024,budget_exhausted,xgb_boot5_sklearn_gbm_ee45eab1d745b279,0.9909229999757372,0.4820125999394804,4,1034,1008,0.9748549323017408,2,subruns\s8020_xgb_1024_multi_start_beam_main,5.440085227455446,7c1c2e188e1e2283,5.353469387755102,0.0,2.24,1016
8020,xgb,1024,mutation_only_ga,main,1024,stagnation,xgb_boot5_sklearn_gbm_ee45eab1d745b279,2.0560173999983817,0.46202510001603514,12,1117,1008,0.9024171888988362,2,subruns\s8020_xgb_1024_mutation_only_ga_main,5.211658932090275,05efe0f1a1762925,4.28,0.0,4.16,1016
8020,xgb,1024,iterated_local_search,main,1024,budget_exhausted,xgb_boot5_sklearn_gbm_ee45eab1d745b279,0.6923626000061631,0.43371660000411794,3,1196,1008,0.842809364548495,2,subruns\s8020_xgb_1024_iterated_local_search_main,5.746136915531181,67686f27b0ba7df3,5.295510204081633,0.0,1.76,1016
8020,xgb,1024,simulated_annealing,main,1024,budget_exhausted,xgb_boot5_sklearn_gbm_ee45eab1d745b279,1.6520832000533119,0.5579948999802582,64,1008,1008,1.0,2,subruns\s8020_xgb_1024_simulated_annealing_main,5.144691991013461,1fb887125ade3235,5.152653061224489,0.0,4.48,1016
8020,xgb,1024,mutation_only_adalead,main,1024,budget_exhausted,xgb_boot5_sklearn_gbm_ee45eab1d745b279,1.927454199991189,0.5790310996235348,69,1063,1008,0.9482596425211665,2,subruns\s8020_xgb_1024_mutation_only_adalead_main,5.211658932090275,05efe0f1a1762925,3.3804081632653062,0.0,4.4,1016
8020,rf,1024,matched_seed_random_walk,main,1024,budget_exhausted,rf300_seq303_ebc87fb27df6ccb5,1.3424905000138097,0.7222956999903545,9,1008,1008,1.0,2,subruns\s8020_rf_1024_matched_seed_random_walk_main,18.52951522343967,1be6c89ab696f52e,6.870204081632653,0.0,2.4,1016
8020,rf,1024,multi_start_hill_climb,main,1024,budget_exhausted,rf300_seq303_ebc87fb27df6ccb5,1.7569265000056475,1.2340781000093557,30,1131,1008,0.8912466843501327,2,subruns\s8020_rf_1024_multi_start_hill_climb_main,18.312097554213167,8228c76871bc34b9,3.360816326530612,0.0,4.04,1016
8020,rf,1024,multi_start_beam,main,1024,stagnation,rf300_seq303_ebc87fb27df6ccb5,1.0717835999676026,0.5812945000361651,5,1032,1008,0.9767441860465116,2,subruns\s8020_rf_1024_multi_start_beam_main,18.377661039254637,9ee02cd0f6b2f1de,3.605714285714286,0.0,2.18,1016
8020,rf,1024,mutation_only_ga,main,1021,stagnation,rf300_seq303_ebc87fb27df6ccb5,2.18581609998364,0.7285815000650473,11,1136,1005,0.8846830985915493,2,subruns\s8020_rf_1024_mutation_only_ga_main,18.388861995294302,38c9a9652b97b79a,4.388571428571429,0.0,3.66,1013
8020,rf,1024,iterated_local_search,main,1024,budget_exhausted,rf300_seq303_ebc87fb27df6ccb5,0.7827259000041522,0.530304400017485,3,1196,1008,0.842809364548495,2,subruns\s8020_rf_1024_iterated_local_search_main,18.377661039254637,b955e5096a83c215,3.702857142857143,0.0,1.68,1016
8020,rf,1024,simulated_annealing,main,1024,budget_exhausted,rf300_seq303_ebc87fb27df6ccb5,3.542042199987918,2.3289379997295327,64,1008,1008,1.0,2,subruns\s8020_rf_1024_simulated_annealing_main,19.244656929351624,da89f93c9fb35eb0,7.521632653061224,0.0,4.76,1016
8020,rf,1024,mutation_only_adalead,main,1024,budget_exhausted,rf300_seq303_ebc87fb27df6ccb5,3.55669840000337,2.1727617998840287,66,1030,1008,0.9786407766990292,2,subruns\s8020_rf_1024_mutation_only_adalead_main,18.312097554213167,8228c76871bc34b9,2.9804081632653063,0.0,3.36,1016
8021,xgb,1024,matched_seed_random_walk,main,1024,budget_exhausted,xgb_boot5_sklearn_gbm_522aaac79a2436d8,1.0574901000363752,0.42278650001389906,9,1008,1008,1.0,2,subruns\s8021_xgb_1024_matched_seed_random_walk_main,9.321934959351593,26c83343a4c56b89,5.118367346938776,0.0,2.04,1016
8021,xgb,1024,multi_start_hill_climb,main,1024,budget_exhausted,xgb_boot5_sklearn_gbm_522aaac79a2436d8,0.9377388000139035,0.4506139000877738,30,1131,1008,0.8912466843501327,2,subruns\s8021_xgb_1024_multi_start_hill_climb_main,2.583741142756895,126fd5bd74fd45ce,3.3959183673469386,0.0,4.78,1016
8021,xgb,1024,multi_start_beam,main,1024,stagnation,xgb_boot5_sklearn_gbm_522aaac79a2436d8,0.9556940000038594,0.45293840003432706,5,1044,1008,0.9655172413793104,2,subruns\s8021_xgb_1024_multi_start_beam_main,3.7916260330787224,f9371036e02d30a4,4.471020408163265,0.0,2.08,1016
8021,xgb,1024,mutation_only_ga,main,700,stagnation,xgb_boot5_sklearn_gbm_522aaac79a2436d8,1.1824707000050694,0.3182399000506848,7,768,684,0.890625,2,subruns\s8021_xgb_1024_mutation_only_ga_main,4.688852448392931,df77a48175b08e64,3.3485714285714288,0.0,3.46,692
8021,xgb,1024,iterated_local_search,main,1024,budget_exhausted,xgb_boot5_sklearn_gbm_522aaac79a2436d8,0.7387559000053443,0.44988019997254014,3,1195,1008,0.8435146443514644,2,subruns\s8021_xgb_1024_iterated_local_search_main,5.050774708445918,5e438bdda0285734,4.72,0.0,1.52,1016
8021,xgb,1024,simulated_annealing,main,1024,budget_exhausted,xgb_boot5_sklearn_gbm_522aaac79a2436d8,1.5759034000220709,0.5293801003135741,64,1008,1008,1.0,2,subruns\s8021_xgb_1024_simulated_annealing_main,2.583741142756895,126fd5bd74fd45ce,5.044081632653061,0.0,4.52,1016
8021,xgb,1024,mutation_only_adalead,main,181,neighbors_exhausted,xgb_boot5_sklearn_gbm_522aaac79a2436d8,0.24403479997999966,0.0963006999809295,14,208,165,0.7932692307692307,2,subruns\s8021_xgb_1024_mutation_only_adalead_main,2.156765669104396,48ea7923adce63c1,2.532244897959184,0.0,3.86,173
8021,rf,1024,matched_seed_random_walk,main,1024,budget_exhausted,rf300_seq303_459699902ff7edc3,1.3940119000035338,0.7727537999744527,9,1008,1008,1.0,2,subruns\s8021_rf_1024_matched_seed_random_walk_main,18.623726621898257,b92283d033276e0a,6.354285714285714,0.0,2.44,1016
8021,rf,1024,multi_start_hill_climb,main,1024,budget_exhausted,rf300_seq303_459699902ff7edc3,1.7385341000044718,1.215019700000994,30,1127,1008,0.8944099378881988,2,subruns\s8021_rf_1024_multi_start_hill_climb_main,18.465879038913208,3555caa0a0762cae,3.2685714285714287,0.0,3.3,1016
8021,rf,1024,multi_start_beam,main,1017,stagnation,rf300_seq303_459699902ff7edc3,1.0313254999928176,0.5623236000537872,4,1032,1001,0.9699612403100775,2,subruns\s8021_rf_1024_multi_start_beam_main,18.553143779541156,bb9af7f91372bf7a,4.954285714285715,0.0,1.84,1009
8021,rf,1024,mutation_only_ga,main,913,stagnation,rf300_seq303_459699902ff7edc3,1.9290391000104137,0.6375510000507347,9,1024,897,0.8759765625,2,subruns\s8021_rf_1024_mutation_only_ga_main,18.553143779541156,a51c1c5336374886,4.526530612244898,0.0,2.68,905
8021,rf,1024,iterated_local_search,main,1024,budget_exhausted,rf300_seq303_459699902ff7edc3,0.8247423999710009,0.5439225999871269,3,1196,1008,0.842809364548495,2,subruns\s8021_rf_1024_iterated_local_search_main,18.553143779541156,bb9af7f91372bf7a,4.7036734693877555,0.0,1.52,1016
8021,rf,1024,simulated_annealing,main,1024,budget_exhausted,rf300_seq303_459699902ff7edc3,3.2067364000249654,2.1242019996861927,64,1008,1008,1.0,2,subruns\s8021_rf_1024_simulated_annealing_main,19.20046524548047,93648e797eb0fb0a,5.701224489795918,0.0,4.02,1016
8021,rf,1024,mutation_only_adalead,main,1024,budget_exhausted,rf300_seq303_459699902ff7edc3,3.738344600016717,2.3136634996626526,67,1038,1008,0.9710982658959537,2,subruns\s8021_rf_1024_mutation_only_adalead_main,18.465879038913208,3555caa0a0762cae,3.235918367346939,0.0,3.08,1016
8022,xgb,1024,matched_seed_random_walk,main,1024,budget_exhausted,xgb_boot5_sklearn_gbm_463b9fc8f5d30f8a,1.0618774999747984,0.4586999000166543,9,1008,1008,1.0,2,subruns\s8022_xgb_1024_matched_seed_random_walk_main,6.880525750819496,4a728fe6142266ff,6.96734693877551,0.0,2.6,1016
8022,xgb,1024,multi_start_hill_climb,main,1024,budget_exhausted,xgb_boot5_sklearn_gbm_463b9fc8f5d30f8a,1.027106299996376,0.4879968000459485,30,1131,1008,0.8912466843501327,2,subruns\s8022_xgb_1024_multi_start_hill_climb_main,3.462653044901594,75d3c86501536506,5.978775510204081,0.0,4.04,1016
8022,xgb,1024,multi_start_beam,main,1024,stagnation,xgb_boot5_sklearn_gbm_463b9fc8f5d30f8a,0.9079741999739781,0.41415330005111173,5,1040,1008,0.9692307692307692,2,subruns\s8022_xgb_1024_multi_start_beam_main,4.806559071852058,38cf4456c352bf62,6.8244897959183675,0.0,2.5,1016
8022,xgb,1024,mutation_only_ga,main,1023,stagnation,xgb_boot5_sklearn_gbm_463b9fc8f5d30f8a,1.976478099997621,0.4762932999874465,11,1118,1007,0.9007155635062611,2,subruns\s8022_xgb_1024_mutation_only_ga_main,2.778505540870385,f5a1609608fc7b93,4.716734693877551,0.0,4.7,1015
8022,xgb,1024,iterated_local_search,main,1024,budget_exhausted,xgb_boot5_sklearn_gbm_463b9fc8f5d30f8a,0.7134790000272915,0.46569359995191917,3,1196,1008,0.842809364548495,2,subruns\s8022_xgb_1024_iterated_local_search_main,5.4471014860742875,c8777d5d7b5f8d48,7.22530612244898,0.0,2.22,1016
8022,xgb,1024,simulated_annealing,main,1024,budget_exhausted,xgb_boot5_sklearn_gbm_463b9fc8f5d30f8a,1.6251770000089891,0.5420371000072919,64,1008,1008,1.0,2,subruns\s8022_xgb_1024_simulated_annealing_main,4.665678110029954,2fddb9e4b46ed5a6,6.748571428571428,0.0,4.96,1016
8022,xgb,1024,mutation_only_adalead,main,127,neighbors_exhausted,xgb_boot5_sklearn_gbm_463b9fc8f5d30f8a,0.18016990000614896,0.06654440006241202,11,160,111,0.69375,1,subruns\s8022_xgb_1024_mutation_only_adalead_main,3.462653044901594,75d3c86501536506,2.2889795918367346,0.0,3.38,119
8022,rf,1024,matched_seed_random_walk,main,1024,budget_exhausted,rf300_seq303_3047c2825a265608,1.414966199954506,0.7082383999950252,9,1008,1008,1.0,2,subruns\s8022_rf_1024_matched_seed_random_walk_main,18.83078516577254,e038a1a323485e58,5.954285714285715,0.0,3.34,1016
8022,rf,1024,multi_start_hill_climb,main,1024,budget_exhausted,rf300_seq303_3047c2825a265608,1.691105099976994,1.1932850999874063,30,1131,1008,0.8912466843501327,2,subruns\s8022_rf_1024_multi_start_hill_climb_main,18.603474806739268,972f860025c2d415,4.2024489795918365,0.0,4.16,1016
8022,rf,1024,multi_start_beam,main,1024,budget_exhausted,rf300_seq303_3047c2825a265608,1.0593878000508994,0.5597229999839328,5,1059,1008,0.9518413597733711,2,subruns\s8022_rf_1024_multi_start_beam_main,18.48675839215235,443eeda5ef6db545,5.85061224489796,0.0,3.18,1016
8022,rf,1024,mutation_only_ga,main,1024,stagnation,rf300_seq303_3047c2825a265608,2.265203399991151,0.78859070019098,13,1112,1008,0.9064748201438849,2,subruns\s8022_rf_1024_mutation_only_ga_main,18.46673125903604,a74c5d38f03a018f,5.437551020408163,0.0,4.56,1016
8022,rf,1024,iterated_local_search,main,1024,budget_exhausted,rf300_seq303_3047c2825a265608,0.8282424999633804,0.5673117999103852,3,1192,1008,0.8456375838926175,2,subruns\s8022_rf_1024_iterated_local_search_main,18.83078516577254,e038a1a323485e58,6.54530612244898,0.0,2.64,1016
8022,rf,1024,simulated_annealing,main,1024,budget_exhausted,rf300_seq303_3047c2825a265608,3.3185451999888755,2.1875442000455223,64,1008,1008,1.0,2,subruns\s8022_rf_1024_simulated_annealing_main,18.74809389581831,05d8ec40d9ebd6ff,6.573877551020408,0.0,4.22,1016
8022,rf,1024,mutation_only_adalead,main,1024,budget_exhausted,rf300_seq303_3047c2825a265608,3.4872673000209033,2.149512800213415,66,1026,1008,0.9824561403508771,2,subruns\s8022_rf_1024_mutation_only_adalead_main,18.327569169968726,387bdbcb0666c9b8,3.760816326530612,0.0,4.1,1016
8023,xgb,1024,matched_seed_random_walk,main,1024,budget_exhausted,xgb_boot5_sklearn_gbm_943c4e5825ce4cec,1.0680655000032857,0.47423210000852123,9,1008,1008,1.0,2,subruns\s8023_xgb_1024_matched_seed_random_walk_main,11.360447632229484,e9ca8a33d0e7e4df,6.155102040816327,0.0,1.96,1016
8023,xgb,1024,multi_start_hill_climb,main,1024,budget_exhausted,xgb_boot5_sklearn_gbm_943c4e5825ce4cec,0.9716925999964587,0.44206470012431964,30,1131,1008,0.8912466843501327,2,subruns\s8023_xgb_1024_multi_start_hill_climb_main,8.217164934806458,07d79444caad42c7,4.668571428571428,0.0,3.92,1016
8023,xgb,1024,multi_start_beam,main,1024,budget_exhausted,xgb_boot5_sklearn_gbm_943c4e5825ce4cec,0.9253078000037931,0.44194920000154525,4,1036,1008,0.972972972972973,2,subruns\s8023_xgb_1024_multi_start_beam_main,11.129252325118472,a5cd472d9ee61930,6.398367346938776,0.0,2.44,1016
8023,xgb,1024,mutation_only_ga,main,1023,neighbors_exhausted,xgb_boot5_sklearn_gbm_943c4e5825ce4cec,1.8146329000010155,0.46186759998090565,11,1112,1007,0.9055755395683454,2,subruns\s8023_xgb_1024_mutation_only_ga_main,7.95424961949328,61e88fdf6eb6a171,5.627755102040816,0.0,4.56,1015
8023,xgb,1024,iterated_local_search,main,1024,budget_exhausted,xgb_boot5_sklearn_gbm_943c4e5825ce4cec,0.6933315999922343,0.4366355999954976,3,1193,1008,0.8449287510477788,2,subruns\s8023_xgb_1024_iterated_local_search_main,11.360447632229484,e9ca8a33d0e7e4df,6.480816326530612,0.0,1.62,1016
8023,xgb,1024,simulated_annealing,main,1024,budget_exhausted,xgb_boot5_sklearn_gbm_943c4e5825ce4cec,1.6277580999885686,0.553839200118091,64,1008,1008,1.0,2,subruns\s8023_xgb_1024_simulated_annealing_main,6.309670425734365,1cfaddc3a49cf9b6,7.119183673469387,0.0,4.7,1016
8023,xgb,1024,mutation_only_adalead,main,574,neighbors_exhausted,xgb_boot5_sklearn_gbm_943c4e5825ce4cec,0.8430397000047378,0.2950389999896288,43,672,558,0.8303571428571429,2,subruns\s8023_xgb_1024_mutation_only_adalead_main,9.981649486993343,df25386a05befe01,3.043265306122449,0.0,5.4,566
8023,rf,1024,matched_seed_random_walk,main,1024,budget_exhausted,rf300_seq303_e9349ebea662949c,1.2841923999949358,0.6870815999573097,9,1008,1008,1.0,2,subruns\s8023_rf_1024_matched_seed_random_walk_main,18.88599065569143,e9ca8a33d0e7e4df,7.340408163265306,0.0,2.22,1016
8023,rf,1024,multi_start_hill_climb,main,1024,budget_exhausted,rf300_seq303_e9349ebea662949c,1.7853613999905065,1.24663239979418,30,1131,1008,0.8912466843501327,2,subruns\s8023_rf_1024_multi_start_hill_climb_main,17.677187849707863,99a45487a2f836c2,3.3224489795918366,0.0,4.72,1016
8023,rf,1024,multi_start_beam,main,1024,budget_exhausted,rf300_seq303_e9349ebea662949c,1.0885995000135154,0.5961180000449531,4,1040,1008,0.9692307692307692,2,subruns\s8023_rf_1024_multi_start_beam_main,18.356101038005082,4f02d533ab8e1457,6.154285714285714,0.0,2.54,1016
8023,rf,1024,mutation_only_ga,main,1024,budget_exhausted,rf300_seq303_e9349ebea662949c,2.1509645000332966,0.7991995998308994,12,1102,1008,0.9147005444646098,2,subruns\s8023_rf_1024_mutation_only_ga_main,18.20939716670108,8ceb8354f1709073,6.9951020408163265,0.0,3.64,1016
8023,rf,1024,iterated_local_search,main,1024,budget_exhausted,rf300_seq303_e9349ebea662949c,0.8440902000293136,0.5436957000638358,3,1196,1008,0.842809364548495,2,subruns\s8023_rf_1024_iterated_local_search_main,18.70217046953488,96b4a1fe761eb31e,4.622040816326531,0.0,1.48,1016
8023,rf,1024,simulated_annealing,main,1024,budget_exhausted,rf300_seq303_e9349ebea662949c,3.2057950000162236,2.140832200064324,64,1008,1008,1.0,2,subruns\s8023_rf_1024_simulated_annealing_main,17.94121893514631,43ca3194e2909fdd,6.763265306122449,0.0,4.8,1016
8023,rf,1024,mutation_only_adalead,main,1024,budget_exhausted,rf300_seq303_e9349ebea662949c,3.543243199994322,2.1866024000919424,65,1022,1008,0.9863013698630136,2,subruns\s8023_rf_1024_mutation_only_adalead_main,18.202883463221703,89afd9bb1bace576,3.6889795918367345,0.0,4.26,1016
8024,xgb,1024,matched_seed_random_walk,main,1024,budget_exhausted,xgb_boot5_sklearn_gbm_ab57ac105a17ae54,1.0694171999930404,0.45134409988531843,9,1008,1008,1.0,2,subruns\s8024_xgb_1024_matched_seed_random_walk_main,6.474698253654258,407fb9419c6908a8,8.016326530612245,0.0,1.94,1016
8024,xgb,1024,multi_start_hill_climb,main,1024,budget_exhausted,xgb_boot5_sklearn_gbm_ab57ac105a17ae54,0.9598175999708474,0.46454319974873215,30,1131,1008,0.8912466843501327,2,subruns\s8024_xgb_1024_multi_start_hill_climb_main,2.7822678536394028,48a6078b8d2094bb,3.6946938775510203,0.0,4.7,1016
8024,xgb,1024,multi_start_beam,main,1024,stagnation,xgb_boot5_sklearn_gbm_ab57ac105a17ae54,1.0012036000262015,0.4495878000743687,5,1036,1008,0.972972972972973,2,subruns\s8024_xgb_1024_multi_start_beam_main,5.935488082611623,715fe671ebcd421c,4.094693877551021,0.0,2.08,1016
8024,xgb,1024,mutation_only_ga,main,1024,budget_exhausted,xgb_boot5_sklearn_gbm_ab57ac105a17ae54,1.8759880000143312,0.44667289999779314,12,1094,1008,0.9213893967093236,2,subruns\s8024_xgb_1024_mutation_only_ga_main,1.4518090867884192,85c270aea9f6e43a,4.253877551020408,0.0,4.78,1016
8024,xgb,1024,iterated_local_search,main,1024,budget_exhausted,xgb_boot5_sklearn_gbm_ab57ac105a17ae54,0.6785287999664433,0.43284080002922565,3,1196,1008,0.842809364548495,2,subruns\s8024_xgb_1024_iterated_local_search_main,5.935488082611623,715fe671ebcd421c,7.300408163265306,0.0,1.6,1016
8024,xgb,1024,simulated_annealing,main,1024,budget_exhausted,xgb_boot5_sklearn_gbm_ab57ac105a17ae54,1.6442936999956146,0.5626558998483233,64,1008,1008,1.0,2,subruns\s8024_xgb_1024_simulated_annealing_main,3.847286112435435,3b028f7eb53bdd60,7.074285714285714,0.0,4.78,1016
8024,xgb,1024,mutation_only_adalead,main,242,neighbors_exhausted,xgb_boot5_sklearn_gbm_ab57ac105a17ae54,0.348728500015568,0.13192190020345151,18,272,226,0.8308823529411765,2,subruns\s8024_xgb_1024_mutation_only_adalead_main,0.2789737046669664,9152362f18d918ee,2.9681632653061225,0.0,4.92,234
8024,rf,1024,matched_seed_random_walk,main,1024,budget_exhausted,rf300_seq303_ed3927b0e3ee253e,1.288005099981092,0.6779876000946388,9,1008,1008,1.0,2,subruns\s8024_rf_1024_matched_seed_random_walk_main,18.525745464296016,5aaf9cfafd3ff414,7.989387755102041,0.0,2.26,1016
8024,rf,1024,multi_start_hill_climb,main,1024,budget_exhausted,rf300_seq303_ed3927b0e3ee253e,1.8135150999878533,1.278912500187289,30,1131,1008,0.8912466843501327,2,subruns\s8024_rf_1024_multi_start_hill_climb_main,17.56827609596069,aa651f109b92b99d,3.9159183673469387,0.0,4.18,1016
8024,rf,1024,multi_start_beam,main,1024,stagnation,rf300_seq303_ed3927b0e3ee253e,1.0811547000193968,0.5795376999885775,5,1036,1008,0.972972972972973,2,subruns\s8024_rf_1024_multi_start_beam_main,18.35335453799997,d0831e4165f515ba,4.76,0.0,2.2,1016
8024,rf,1024,mutation_only_ga,main,1024,stagnation,rf300_seq303_ed3927b0e3ee253e,2.221886800020002,0.8108101000543684,12,1111,1008,0.9072907290729073,2,subruns\s8024_rf_1024_mutation_only_ga_main,17.58575492308545,a5a5b736faaab8fa,4.097142857142857,0.0,3.94,1016
8024,rf,1024,iterated_local_search,main,1024,budget_exhausted,rf300_seq303_ed3927b0e3ee253e,0.816391600004863,0.5479999000672251,3,1196,1008,0.842809364548495,2,subruns\s8024_rf_1024_iterated_local_search_main,18.443990205244354,801c9a51819988ee,6.501224489795918,0.0,1.62,1016
8024,rf,1024,simulated_annealing,main,1024,budget_exhausted,rf300_seq303_ed3927b0e3ee253e,3.2074319000239484,2.135602399997879,64,1008,1008,1.0,2,subruns\s8024_rf_1024_simulated_annealing_main,17.762548060277197,998ea957a389d960,5.9412244897959186,0.0,4.76,1016
8024,rf,1024,mutation_only_adalead,main,1024,budget_exhausted,rf300_seq303_ed3927b0e3ee253e,3.573148499999661,2.144317099940963,66,1033,1008,0.9757986447241046,2,subruns\s8024_rf_1024_mutation_only_adalead_main,17.511747022442073,5d58bc7c8d411020,3.1346938775510202,0.0,4.54,1016
8025,xgb,1024,matched_seed_random_walk,main,1024,budget_exhausted,xgb_boot5_sklearn_gbm_3d922cb8f2e39833,1.0795944000128657,0.4732634999672882,9,1008,1008,1.0,2,subruns\s8025_xgb_1024_matched_seed_random_walk_main,7.666749113416229,a971a9d66fd36192,7.99265306122449,0.0,1.7,1016
8025,xgb,1024,multi_start_hill_climb,main,1024,budget_exhausted,xgb_boot5_sklearn_gbm_3d922cb8f2e39833,0.9818595999968238,0.4603538000374101,30,1131,1008,0.8912466843501327,2,subruns\s8025_xgb_1024_multi_start_hill_climb_main,3.3864302536294666,a19f8c8f97a051d7,5.093061224489796,0.0,4.26,1016
8025,xgb,1024,multi_start_beam,main,1020,stagnation,xgb_boot5_sklearn_gbm_3d922cb8f2e39833,0.8891492999973707,0.42090439988533035,4,1029,1004,0.9757045675413022,2,subruns\s8025_xgb_1024_multi_start_beam_main,6.405969945044106,e0b0cbda4a55daab,6.008979591836734,0.0,1.76,1012
8025,xgb,1024,mutation_only_ga,main,702,stagnation,xgb_boot5_sklearn_gbm_3d922cb8f2e39833,1.3634025999926962,0.3154999000253156,7,768,686,0.8932291666666666,2,subruns\s8025_xgb_1024_mutation_only_ga_main,6.405969945044106,e0b0cbda4a55daab,5.0416326530612245,0.0,2.66,694
8025,xgb,1024,iterated_local_search,main,1024,budget_exhausted,xgb_boot5_sklearn_gbm_3d922cb8f2e39833,0.7265384999918751,0.45630449993768707,3,1196,1008,0.842809364548495,2,subruns\s8025_xgb_1024_iterated_local_search_main,6.405969945044106,e0b0cbda4a55daab,7.204081632653061,0.0,1.66,1016
8025,xgb,1024,simulated_annealing,main,1024,budget_exhausted,xgb_boot5_sklearn_gbm_3d922cb8f2e39833,1.5801225999603048,0.5364066997426562,64,1008,1008,1.0,2,subruns\s8025_xgb_1024_simulated_annealing_main,2.067163724459628,1ccb934ce53b9579,7.034285714285715,0.0,3.88,1016
8025,xgb,1024,mutation_only_adalead,main,317,neighbors_exhausted,xgb_boot5_sklearn_gbm_3d922cb8f2e39833,0.4455151000292972,0.17076179990544915,26,400,301,0.7525,2,subruns\s8025_xgb_1024_mutation_only_adalead_main,5.458423162618835,333efadb794926f2,2.7175510204081634,0.0,3.16,309
8025,rf,1024,matched_seed_random_walk,main,1024,budget_exhausted,rf300_seq303_ddc1d7ab60546be1,1.2826378000318073,0.6952564999228343,9,1008,1008,1.0,2,subruns\s8025_rf_1024_matched_seed_random_walk_main,17.056073062396344,cbaac3d744c20110,7.022857142857143,0.0,1.76,1016
8025,rf,1024,multi_start_hill_climb,main,1024,budget_exhausted,rf300_seq303_ddc1d7ab60546be1,1.7904788000159897,1.2694791999529116,30,1131,1008,0.8912466843501327,2,subruns\s8025_rf_1024_multi_start_hill_climb_main,15.82073988761491,1f09288fcd5c7dd2,3.3583673469387754,0.0,4.54,1016
8025,rf,1024,multi_start_beam,main,1024,stagnation,rf300_seq303_ddc1d7ab60546be1,1.047788500029128,0.5656335999956354,5,1048,1008,0.9618320610687023,2,subruns\s8025_rf_1024_multi_start_beam_main,16.85745428954009,923c26c24fbf40d5,5.360816326530612,0.0,1.94,1016
8025,rf,1024,mutation_only_ga,main,1020,stagnation,rf300_seq303_ddc1d7ab60546be1,2.129523399984464,0.7287943999981508,11,1126,1004,0.8916518650088809,2,subruns\s8025_rf_1024_mutation_only_ga_main,15.929790178195153,4deef75f6481db0d,3.7175510204081634,0.0,4.16,1012
8025,rf,1024,iterated_local_search,main,1024,budget_exhausted,rf300_seq303_ddc1d7ab60546be1,0.809488800005056,0.5023653999669477,3,1196,1008,0.842809364548495,2,subruns\s8025_rf_1024_iterated_local_search_main,17.08469176590688,dc42a40b14b2a25a,5.570612244897959,0.0,1.58,1016
8025,rf,1024,simulated_annealing,main,1024,budget_exhausted,rf300_seq303_ddc1d7ab60546be1,3.2390732999774627,2.170559099991806,64,1008,1008,1.0,2,subruns\s8025_rf_1024_simulated_annealing_main,16.00425235494164,9e5552a660f1ad4e,6.531428571428571,0.0,4.36,1016
8025,rf,1024,mutation_only_adalead,main,1024,budget_exhausted,rf300_seq303_ddc1d7ab60546be1,3.701805799966678,2.3162034000852145,67,1034,1008,0.9748549323017408,2,subruns\s8025_rf_1024_mutation_only_adalead_main,15.82073988761491,1f09288fcd5c7dd2,3.1061224489795918,0.0,4.64,1016
8026,xgb,1024,matched_seed_random_walk,main,1024,budget_exhausted,xgb_boot5_sklearn_gbm_acd5a0ea562f6cdc,1.1202232000068761,0.4759129999438301,9,1008,1008,1.0,2,subruns\s8026_xgb_1024_matched_seed_random_walk_main,10.015679694760056,3f5ad696450cc15c,6.937142857142857,0.0,1.96,1016
8026,xgb,1024,multi_start_hill_climb,main,1024,budget_exhausted,xgb_boot5_sklearn_gbm_acd5a0ea562f6cdc,1.0059022000059485,0.48314490023767576,30,1131,1008,0.8912466843501327,2,subruns\s8026_xgb_1024_multi_start_hill_climb_main,3.650470225511704,187b34a6bbc245ab,3.088979591836735,0.0,4.72,1016
8026,xgb,1024,multi_start_beam,main,1023,stagnation,xgb_boot5_sklearn_gbm_acd5a0ea562f6cdc,0.8877281000022776,0.40202339994721115,4,1045,1007,0.9636363636363636,2,subruns\s8026_xgb_1024_multi_start_beam_main,6.916198791196026,399f19d9e54ea6ba,5.482448979591837,0.0,2.04,1015
8026,xgb,1024,mutation_only_ga,main,1024,budget_exhausted,xgb_boot5_sklearn_gbm_acd5a0ea562f6cdc,1.9682576000341214,0.4320978000178002,12,1163,1008,0.8667239896818573,2,subruns\s8026_xgb_1024_mutation_only_ga_main,4.072266407541376,c1bf42e40a99e1a0,3.7175510204081634,0.0,4.3,1016
8026,xgb,1024,iterated_local_search,main,1024,budget_exhausted,xgb_boot5_sklearn_gbm_acd5a0ea562f6cdc,0.7287568000028841,0.47759929997846484,3,1193,1008,0.8449287510477788,2,subruns\s8026_xgb_1024_iterated_local_search_main,7.465021299799469,e0ec1c737b64fd6e,5.518367346938776,0.0,1.58,1016
8026,xgb,1024,simulated_annealing,main,1024,budget_exhausted,xgb_boot5_sklearn_gbm_acd5a0ea562f6cdc,1.5631948999944143,0.5364785006386228,64,1008,1008,1.0,2,subruns\s8026_xgb_1024_simulated_annealing_main,3.650470225511704,187b34a6bbc245ab,3.1812244897959183,0.0,5.08,1016
8026,xgb,1024,mutation_only_adalead,main,129,neighbors_exhausted,xgb_boot5_sklearn_gbm_acd5a0ea562f6cdc,0.1857486999942921,0.07369250012561679,11,160,113,0.70625,2,subruns\s8026_xgb_1024_mutation_only_adalead_main,4.626725999416232,7acf85bf60509182,3.0008163265306123,0.0,3.98,121
8026,rf,1024,matched_seed_random_walk,main,1024,budget_exhausted,rf300_seq303_3bec2f95ebb17d9f,1.3058773999800906,0.7103884000098333,9,1008,1008,1.0,2,subruns\s8026_rf_1024_matched_seed_random_walk_main,19.63888285273226,c8580b4930b5144f,7.254693877551021,0.0,1.8,1016
8026,rf,1024,multi_start_hill_climb,main,1024,budget_exhausted,rf300_seq303_3bec2f95ebb17d9f,1.775369499984663,1.2227923001046292,30,1131,1008,0.8912466843501327,2,subruns\s8026_rf_1024_multi_start_hill_climb_main,18.162189736508857,9c1e28280e6de388,3.0342857142857143,0.0,4.74,1016
8026,rf,1024,multi_start_beam,main,1024,budget_exhausted,rf300_seq303_3bec2f95ebb17d9f,1.0974977999576367,0.5786920001264662,5,1043,1008,0.9664429530201343,2,subruns\s8026_rf_1024_multi_start_beam_main,19.717265393336177,746e7717523ac91a,6.898775510204081,0.0,2.22,1016
8026,rf,1024,mutation_only_ga,main,1024,budget_exhausted,rf300_seq303_3bec2f95ebb17d9f,2.1771713999914937,0.7516589000588283,11,1109,1008,0.90892696122633,2,subruns\s8026_rf_1024_mutation_only_ga_main,18.67039404949731,5d0b4d69824cbf23,4.53469387755102,0.0,3.38,1016
8026,rf,1024,iterated_local_search,main,1024,budget_exhausted,rf300_seq303_3bec2f95ebb17d9f,0.7542465000296943,0.5154544000397436,3,1196,1008,0.842809364548495,2,subruns\s8026_rf_1024_iterated_local_search_main,19.55088945084399,f4a1e0c6e142b740,6.217142857142857,0.0,1.58,1016
8026,rf,1024,simulated_annealing,main,1024,budget_exhausted,rf300_seq303_3bec2f95ebb17d9f,3.606875299999956,2.3561055999598466,64,1008,1008,1.0,2,subruns\s8026_rf_1024_simulated_annealing_main,19.289544369981616,14896150dd7ea5f2,7.114285714285714,0.0,4.42,1016
8026,rf,1024,mutation_only_adalead,main,1024,budget_exhausted,rf300_seq303_3bec2f95ebb17d9f,3.446005099976901,2.171445499872789,67,1053,1008,0.9572649572649573,2,subruns\s8026_rf_1024_mutation_only_adalead_main,18.162189736508857,9c1e28280e6de388,3.230204081632653,0.0,4.3,1016
8027,xgb,1024,matched_seed_random_walk,main,1024,budget_exhausted,xgb_boot5_sklearn_gbm_80a93dedc6c08cd3,1.097706799977459,0.45724740013247356,9,1008,1008,1.0,2,subruns\s8027_xgb_1024_matched_seed_random_walk_main,11.862106165725201,701ffa85125218af,6.85469387755102,0.0,2.02,1016
8027,xgb,1024,multi_start_hill_climb,main,1024,budget_exhausted,xgb_boot5_sklearn_gbm_80a93dedc6c08cd3,1.004419400007464,0.46359920006943867,30,1131,1008,0.8912466843501327,2,subruns\s8027_xgb_1024_multi_start_hill_climb_main,8.990069613033738,d4cb9f7511ae2afa,5.195102040816327,0.0,4.86,1016
8027,xgb,1024,multi_start_beam,main,1024,stagnation,xgb_boot5_sklearn_gbm_80a93dedc6c08cd3,0.9691488000098616,0.4469325999962166,5,1044,1008,0.9655172413793104,2,subruns\s8027_xgb_1024_multi_start_beam_main,11.292870889115285,96cff2f0acfefc45,5.768979591836735,0.0,2.28,1016
8027,xgb,1024,mutation_only_ga,main,1024,budget_exhausted,xgb_boot5_sklearn_gbm_80a93dedc6c08cd3,1.9431870999978855,0.4417602000175975,12,1145,1008,0.880349344978166,2,subruns\s8027_xgb_1024_mutation_only_ga_main,9.690054374506317,2113cf4a85be314a,4.073469387755102,0.0,3.5,1016
8027,xgb,1024,iterated_local_search,main,1024,budget_exhausted,xgb_boot5_sklearn_gbm_80a93dedc6c08cd3,0.6973815999808721,0.44207879988243803,3,1196,1008,0.842809364548495,2,subruns\s8027_xgb_1024_iterated_local_search_main,9.690054374506317,278df4ed239b1224,6.348571428571429,0.0,1.72,1016
8027,xgb,1024,simulated_annealing,main,1024,budget_exhausted,xgb_boot5_sklearn_gbm_80a93dedc6c08cd3,1.6200419000233524,0.5598506004316732,64,1008,1008,1.0,2,subruns\s8027_xgb_1024_simulated_annealing_main,8.015547824526887,d88cd8b7447d452a,6.418775510204082,0.0,4.86,1016
8027,xgb,1024,mutation_only_adalead,main,302,neighbors_exhausted,xgb_boot5_sklearn_gbm_80a93dedc6c08cd3,0.40667900000698864,0.15847999998368323,23,352,286,0.8125,2,subruns\s8027_xgb_1024_mutation_only_adalead_main,8.423931920456734,29eaa0c6151d6ec1,2.68734693877551,0.0,3.6,294
8027,rf,1024,matched_seed_random_walk,main,1024,budget_exhausted,rf300_seq303_2905ea8ace2734c3,1.3311395999626257,0.7240607001585886,9,1008,1008,1.0,2,subruns\s8027_rf_1024_matched_seed_random_walk_main,19.46601147826175,1c96d6f37686d4de,7.394285714285714,0.0,1.96,1016
8027,rf,1024,multi_start_hill_climb,main,1024,budget_exhausted,rf300_seq303_2905ea8ace2734c3,1.7205848000012338,1.2202491001808085,29,1092,1008,0.9230769230769231,2,subruns\s8027_rf_1024_multi_start_hill_climb_main,19.473465072534424,71983657ea1ba9ab,5.582040816326531,0.0,4.02,1016
8027,rf,1024,multi_start_beam,main,1022,stagnation,rf300_seq303_2905ea8ace2734c3,1.0217581000179052,0.5539818000397645,4,1039,1006,0.9682386910490857,2,subruns\s8027_rf_1024_multi_start_beam_main,19.554498298009776,633328710f1bb2cd,5.595102040816326,0.0,2.06,1014
8027,rf,1024,mutation_only_ga,main,586,stagnation,rf300_seq303_2905ea8ace2734c3,1.2832917000050656,0.44424369995249435,6,640,570,0.890625,2,subruns\s8027_rf_1024_mutation_only_ga_main,19.46601147826175,1c96d6f37686d4de,4.603265306122449,0.0,2.54,578
8027,rf,1024,iterated_local_search,main,1024,budget_exhausted,rf300_seq303_2905ea8ace2734c3,0.7913947000051849,0.5363682000315748,3,1158,1008,0.8704663212435233,2,subruns\s8027_rf_1024_iterated_local_search_main,19.46601147826175,1c96d6f37686d4de,6.337959183673469,0.0,1.48,1016
8027,rf,1024,simulated_annealing,main,1024,budget_exhausted,rf300_seq303_2905ea8ace2734c3,3.241760400007479,2.1657191000995226,64,1008,1008,1.0,2,subruns\s8027_rf_1024_simulated_annealing_main,19.46601147826175,1c96d6f37686d4de,7.403265306122449,0.0,3.96,1016
8027,rf,1024,mutation_only_adalead,main,1024,budget_exhausted,rf300_seq303_2905ea8ace2734c3,3.666713999991771,2.2720723002566956,66,1032,1008,0.9767441860465116,2,subruns\s8027_rf_1024_mutation_only_adalead_main,19.392811404157857,f2ac211c2ab21a27,3.199183673469388,0.0,2.46,1016
8028,xgb,1024,matched_seed_random_walk,main,1024,budget_exhausted,xgb_boot5_sklearn_gbm_e2d99b765befe025,1.0767452000291087,0.45403410005383193,9,1008,1008,1.0,2,subruns\s8028_xgb_1024_matched_seed_random_walk_main,8.545774976009833,b2c3e20955cd146e,7.778775510204081,0.0,1.86,1016
8028,xgb,1024,multi_start_hill_climb,main,1024,budget_exhausted,xgb_boot5_sklearn_gbm_e2d99b765befe025,0.988609499996528,0.4724792999913916,30,1131,1008,0.8912466843501327,2,subruns\s8028_xgb_1024_multi_start_hill_climb_main,5.952247668923346,60b4fbbb58d6fce0,3.8481632653061224,0.0,4.5,1016
8028,xgb,1024,multi_start_beam,main,1023,stagnation,xgb_boot5_sklearn_gbm_e2d99b765befe025,0.9346012999885716,0.45478219992946833,4,1044,1007,0.9645593869731801,2,subruns\s8028_xgb_1024_multi_start_beam_main,8.489715648351506,5489856010b14b19,6.452244897959184,0.0,1.98,1015
8028,xgb,1024,mutation_only_ga,main,1024,stagnation,xgb_boot5_sklearn_gbm_e2d99b765befe025,1.8924882999854162,0.46262369997566566,13,1133,1008,0.8896734333627537,2,subruns\s8028_xgb_1024_mutation_only_ga_main,3.6438534013087702,2256fa71a24e0755,4.83265306122449,0.0,4.42,1016
8028,xgb,1024,iterated_local_search,main,1024,budget_exhausted,xgb_boot5_sklearn_gbm_e2d99b765befe025,0.6680131999892183,0.42437510000308976,3,1196,1008,0.842809364548495,2,subruns\s8028_xgb_1024_iterated_local_search_main,8.097255226039124,10e5be70cec5076e,6.751836734693877,0.0,1.66,1016
8028,xgb,1024,simulated_annealing,main,1024,budget_exhausted,xgb_boot5_sklearn_gbm_e2d99b765befe025,1.6334153999923728,0.5493661998189054,64,1008,1008,1.0,2,subruns\s8028_xgb_1024_simulated_annealing_main,3.6438534013087702,2256fa71a24e0755,5.65469387755102,0.0,4.66,1016
8028,xgb,1024,mutation_only_adalead,main,884,neighbors_exhausted,xgb_boot5_sklearn_gbm_e2d99b765befe025,1.45522780000465,0.45487809978658333,61,960,868,0.9041666666666667,2,subruns\s8028_xgb_1024_mutation_only_adalead_main,6.357191513132073,058a1486b39a6e6a,3.3151020408163263,0.0,4.62,876
8028,rf,1024,matched_seed_random_walk,main,1024,budget_exhausted,rf300_seq303_844b6af566eeb3a6,1.422322200029157,0.7543774000369012,9,1008,1008,1.0,2,subruns\s8028_rf_1024_matched_seed_random_walk_main,16.70988507436676,1cdfe0f0e214baf5,7.226122448979591,0.0,2.4,1016
8028,rf,1024,multi_start_hill_climb,main,1024,budget_exhausted,rf300_seq303_844b6af566eeb3a6,1.7871691000182182,1.2596896000322886,30,1131,1008,0.8912466843501327,2,subruns\s8028_rf_1024_multi_start_hill_climb_main,16.1089786589055,2d1c156159476843,3.6685714285714286,0.0,4.36,1016
8028,rf,1024,multi_start_beam,main,1024,stagnation,rf300_seq303_844b6af566eeb3a6,1.0685590000357479,0.5967563000740483,5,1044,1008,0.9655172413793104,2,subruns\s8028_rf_1024_multi_start_beam_main,16.618915224328646,37bf891059933e98,3.9314285714285715,0.0,2.0,1016
8028,rf,1024,mutation_only_ga,main,585,stagnation,rf300_seq303_844b6af566eeb3a6,1.224479499971494,0.42173709999769926,6,640,569,0.8890625,2,subruns\s8028_rf_1024_mutation_only_ga_main,16.618915224328646,37bf891059933e98,4.484081632653061,0.0,3.06,577
8028,rf,1024,iterated_local_search,main,1024,budget_exhausted,rf300_seq303_844b6af566eeb3a6,0.8115474000223912,0.5446634999825619,3,1161,1008,0.8682170542635659,2,subruns\s8028_rf_1024_iterated_local_search_main,16.618915224328646,37bf891059933e98,4.806530612244898,0.0,2.2,1016
8028,rf,1024,simulated_annealing,main,1024,budget_exhausted,rf300_seq303_844b6af566eeb3a6,3.1984889999730512,2.136760700144805,64,1008,1008,1.0,2,subruns\s8028_rf_1024_simulated_annealing_main,16.590262172001303,ccb0b70920d84cf5,5.155102040816327,0.0,3.74,1016
8028,rf,1024,mutation_only_adalead,main,1024,budget_exhausted,rf300_seq303_844b6af566eeb3a6,3.463954799983185,2.113639100047294,65,1022,1008,0.9863013698630136,2,subruns\s8028_rf_1024_mutation_only_adalead_main,16.11214850754525,0c3d6b2670fbc6fa,3.8269387755102042,0.0,4.04,1016
8029,xgb,1024,matched_seed_random_walk,main,1024,budget_exhausted,xgb_boot5_sklearn_gbm_01c3804c57e702ce,1.0414556000032462,0.43664670002181083,9,1008,1008,1.0,2,subruns\s8029_xgb_1024_matched_seed_random_walk_main,9.266549149966249,b75a4e4e10a92cab,6.996734693877551,0.0,2.18,1016
8029,xgb,1024,multi_start_hill_climb,main,1024,budget_exhausted,xgb_boot5_sklearn_gbm_01c3804c57e702ce,1.0179497000062838,0.5017139999545179,30,1131,1008,0.8912466843501327,2,subruns\s8029_xgb_1024_multi_start_hill_climb_main,5.160356653366888,d83d782799c997db,4.949387755102041,0.0,4.44,1016
8029,xgb,1024,multi_start_beam,main,1023,stagnation,xgb_boot5_sklearn_gbm_01c3804c57e702ce,0.9534083000035025,0.4425414999714121,5,1042,1007,0.9664107485604606,2,subruns\s8029_xgb_1024_multi_start_beam_main,9.922287321061095,621f03891c5566d0,7.258775510204082,0.0,2.1,1015
8029,xgb,1024,mutation_only_ga,main,1024,budget_exhausted,xgb_boot5_sklearn_gbm_01c3804c57e702ce,2.0406580999842845,0.4761383000877686,12,1148,1008,0.8780487804878049,2,subruns\s8029_xgb_1024_mutation_only_ga_main,3.9219276215122094,25006939c31f6f5a,6.303673469387755,0.0,3.7,1016
8029,xgb,1024,iterated_local_search,main,1024,budget_exhausted,xgb_boot5_sklearn_gbm_01c3804c57e702ce,0.7363531000446528,0.46255409996956587,3,1196,1008,0.842809364548495,2,subruns\s8029_xgb_1024_iterated_local_search_main,8.24274515594298,f99c4bc2a2dd9f80,6.278367346938776,0.0,1.78,1016
8029,xgb,1024,simulated_annealing,main,1024,budget_exhausted,xgb_boot5_sklearn_gbm_01c3804c57e702ce,2.0759551000082865,0.6342016999842599,64,1008,1008,1.0,2,subruns\s8029_xgb_1024_simulated_annealing_main,3.646984137152921,09772ccd194328fe,5.826122448979592,0.0,5.04,1016
8029,xgb,1024,mutation_only_adalead,main,648,neighbors_exhausted,xgb_boot5_sklearn_gbm_01c3804c57e702ce,1.0297133999993093,0.38144699996337295,47,736,632,0.8586956521739131,2,subruns\s8029_xgb_1024_mutation_only_adalead_main,6.803862239963282,b82f9f8e423e54ba,3.2448979591836733,0.0,4.42,640
8029,rf,1024,matched_seed_random_walk,main,1024,budget_exhausted,rf300_seq303_cdb3f04f0f35db2b,1.3505441999877803,0.6987418999779038,9,1008,1008,1.0,2,subruns\s8029_rf_1024_matched_seed_random_walk_main,19.27796708487265,11cbeae406e5d832,7.615510204081633,0.0,1.9,1016
8029,rf,1024,multi_start_hill_climb,main,1024,budget_exhausted,rf300_seq303_cdb3f04f0f35db2b,1.726561599993147,1.227051900117658,30,1131,1008,0.8912466843501327,2,subruns\s8029_rf_1024_multi_start_hill_climb_main,18.10815288266048,ee252487e41adf92,4.857142857142857,0.0,3.88,1016
8029,rf,1024,multi_start_beam,main,1019,stagnation,rf300_seq303_cdb3f04f0f35db2b,1.0370762000093237,0.5429240999510512,4,1036,1003,0.9681467181467182,2,subruns\s8029_rf_1024_multi_start_beam_main,18.444886119436628,56be7bd9c95d8704,6.542040816326531,0.0,1.88,1011
8029,rf,1024,mutation_only_ga,main,818,stagnation,rf300_seq303_cdb3f04f0f35db2b,1.9196902999537997,0.6260425999062136,8,896,802,0.8950892857142857,2,subruns\s8029_rf_1024_mutation_only_ga_main,18.283873104294955,7b1f215a9147c5bb,4.499591836734694,0.0,3.14,810
8029,rf,1024,iterated_local_search,main,1024,budget_exhausted,rf300_seq303_cdb3f04f0f35db2b,0.7799510000040755,0.5318144999910146,3,1196,1008,0.842809364548495,2,subruns\s8029_rf_1024_iterated_local_search_main,18.283873104294955,7b1f215a9147c5bb,5.544489795918367,0.0,1.7,1016
8029,rf,1024,simulated_annealing,main,1024,budget_exhausted,rf300_seq303_cdb3f04f0f35db2b,3.8967793000047095,2.6281433000112884,64,1008,1008,1.0,2,subruns\s8029_rf_1024_simulated_annealing_main,18.23982129158952,675c747ce8b2321a,5.475102040816327,0.0,4.74,1016
8029,rf,1024,mutation_only_adalead,main,1024,budget_exhausted,rf300_seq303_cdb3f04f0f35db2b,4.182059999962803,2.6488580998848192,66,1029,1008,0.9795918367346939,2,subruns\s8029_rf_1024_mutation_only_adalead_main,18.174382618918308,b03dc127ed0c4d81,3.780408163265306,0.0,4.06,1016
8030,xgb,1024,matched_seed_random_walk,main,1024,budget_exhausted,xgb_boot5_sklearn_gbm_98d1a075a23065a6,1.3185265999636613,0.5896659000427462,9,1008,1008,1.0,2,subruns\s8030_xgb_1024_matched_seed_random_walk_main,7.97366896347432,6f196a5bf6b82a9c,7.786938775510204,0.0,2.08,1016
8030,xgb,1024,multi_start_hill_climb,main,1024,budget_exhausted,xgb_boot5_sklearn_gbm_98d1a075a23065a6,1.1581691000028513,0.587516599916853,29,1092,1008,0.9230769230769231,2,subruns\s8030_xgb_1024_multi_start_hill_climb_main,3.432192998733604,6e1ff5998aeb223f,2.9583673469387755,0.0,4.32,1016
8030,xgb,1024,multi_start_beam,main,1024,stagnation,xgb_boot5_sklearn_gbm_98d1a075a23065a6,1.138816400023643,0.5144986999803223,5,1027,1008,0.9814995131450828,2,subruns\s8030_xgb_1024_multi_start_beam_main,8.925359971772318,c8a1f800dc8718f4,5.976326530612245,0.0,2.02,1016
8030,xgb,1024,mutation_only_ga,main,1024,budget_exhausted,xgb_boot5_sklearn_gbm_98d1a075a23065a6,1.9283629999845289,0.46175619994755834,11,1137,1008,0.8865435356200527,2,subruns\s8030_xgb_1024_mutation_only_ga_main,3.672126261030588,91bb60c157c89525,4.395102040816327,0.0,4.08,1016
8030,xgb,1024,iterated_local_search,main,1024,budget_exhausted,xgb_boot5_sklearn_gbm_98d1a075a23065a6,0.6912646000273526,0.4304157000151463,3,1196,1008,0.842809364548495,2,subruns\s8030_xgb_1024_iterated_local_search_main,8.278207499770442,7ffb0e41f2d80b58,6.90204081632653,0.0,1.62,1016
8030,xgb,1024,simulated_annealing,main,1024,budget_exhausted,xgb_boot5_sklearn_gbm_98d1a075a23065a6,1.568406100035645,0.522797999845352,64,1008,1008,1.0,2,subruns\s8030_xgb_1024_simulated_annealing_main,4.541705303432497,7cd187517fb0f975,4.480816326530612,0.0,4.62,1016
8030,xgb,1024,mutation_only_adalead,main,118,neighbors_exhausted,xgb_boot5_sklearn_gbm_98d1a075a23065a6,0.18257419997826219,0.06928779988083988,10,144,102,0.7083333333333334,2,subruns\s8030_xgb_1024_mutation_only_adalead_main,8.077359892639937,99512ff00374b80c,2.5795918367346937,0.0,2.8,110
8030,rf,1024,matched_seed_random_walk,main,1024,budget_exhausted,rf300_seq303_86866c465b065f55,1.544036200037226,0.8329497999511659,9,1008,1008,1.0,2,subruns\s8030_rf_1024_matched_seed_random_walk_main,17.21325723940907,6f196a5bf6b82a9c,7.627755102040816,0.0,1.72,1016
8030,rf,1024,multi_start_hill_climb,main,1024,budget_exhausted,rf300_seq303_86866c465b065f55,1.7676123999990523,1.2513838996528648,30,1131,1008,0.8912466843501327,2,subruns\s8030_rf_1024_multi_start_hill_climb_main,16.134677654000395,7ef2882cf78ab7d4,3.5738775510204084,0.0,4.1,1016
8030,rf,1024,multi_start_beam,main,1023,stagnation,rf300_seq303_86866c465b065f55,1.3453344999579713,0.6975737999891862,4,1048,1007,0.9608778625954199,2,subruns\s8030_rf_1024_multi_start_beam_main,17.385342054210913,957b181b60e4f3e6,7.733061224489796,0.0,2.3,1015
8030,rf,1024,mutation_only_ga,main,1024,budget_exhausted,rf300_seq303_86866c465b065f55,2.720351700030733,0.9762048999546096,11,1098,1008,0.9180327868852459,2,subruns\s8030_rf_1024_mutation_only_ga_main,16.95375509266981,71b0c54c26e684a4,6.458775510204082,0.0,3.8,1016
8030,rf,1024,iterated_local_search,main,1024,budget_exhausted,rf300_seq303_86866c465b065f55,0.9416141000110656,0.638319100078661,3,1193,1008,0.8449287510477788,2,subruns\s8030_rf_1024_iterated_local_search_main,18.30539442674921,0f6845bf3d2c5c7f,7.813061224489796,0.0,1.64,1016
8030,rf,1024,simulated_annealing,main,1024,budget_exhausted,rf300_seq303_86866c465b065f55,3.9775537000386976,2.683312100241892,64,1008,1008,1.0,2,subruns\s8030_rf_1024_simulated_annealing_main,16.264995015226393,c714ddac69c413e1,5.606530612244898,0.0,4.0,1016
8030,rf,1024,mutation_only_adalead,main,1024,budget_exhausted,rf300_seq303_86866c465b065f55,4.038612699951045,2.585223999922164,66,1025,1008,0.9834146341463414,2,subruns\s8030_rf_1024_mutation_only_adalead_main,16.134677654000395,7ef2882cf78ab7d4,3.5877551020408163,0.0,4.08,1016
8031,xgb,1024,matched_seed_random_walk,main,1024,budget_exhausted,xgb_boot5_sklearn_gbm_29e93d5f568ee202,1.3036373000359163,0.5780967999598943,9,1008,1008,1.0,2,subruns\s8031_xgb_1024_matched_seed_random_walk_main,10.701493181329276,b5a74d16fc463a13,8.560816326530611,0.0,2.64,1016
8031,xgb,1024,multi_start_hill_climb,main,1024,budget_exhausted,xgb_boot5_sklearn_gbm_29e93d5f568ee202,1.1237636000150815,0.5590014000190422,29,1092,1008,0.9230769230769231,2,subruns\s8031_xgb_1024_multi_start_hill_climb_main,7.4582049350047885,42c63fc07bee9499,6.773061224489796,0.0,4.3,1016
8031,xgb,1024,multi_start_beam,main,1024,budget_exhausted,xgb_boot5_sklearn_gbm_29e93d5f568ee202,1.1443912999820895,0.5640044000465423,4,1036,1008,0.972972972972973,2,subruns\s8031_xgb_1024_multi_start_beam_main,8.184827908870675,bc75f92ad6570514,5.911836734693877,0.0,1.92,1016
8031,xgb,1024,mutation_only_ga,main,919,stagnation,xgb_boot5_sklearn_gbm_29e93d5f568ee202,2.060699099965859,0.493049000040628,9,1024,903,0.8818359375,2,subruns\s8031_xgb_1024_mutation_only_ga_main,9.262662179629205,b3df71fec9c4a1d1,6.373877551020408,0.0,3.18,911
8031,xgb,1024,iterated_local_search,main,1024,budget_exhausted,xgb_boot5_sklearn_gbm_29e93d5f568ee202,0.8282402000040747,0.532614899915643,3,1154,1008,0.8734835355285961,2,subruns\s8031_xgb_1024_iterated_local_search_main,8.184827908870675,bc75f92ad6570514,7.354285714285714,0.0,1.98,1016
8031,xgb,1024,simulated_annealing,main,1024,budget_exhausted,xgb_boot5_sklearn_gbm_29e93d5f568ee202,1.8730598000111058,0.6126745004439726,65,1009,1008,0.9990089197224975,2,subruns\s8031_xgb_1024_simulated_annealing_main,7.48863241434689,adf163425eb9a780,6.511836734693878,0.0,4.72,1016
8031,xgb,1024,mutation_only_adalead,main,335,neighbors_exhausted,xgb_boot5_sklearn_gbm_29e93d5f568ee202,0.5845938000129536,0.22611579985823482,28,432,319,0.7384259259259259,2,subruns\s8031_xgb_1024_mutation_only_adalead_main,7.4582049350047885,42c63fc07bee9499,2.890612244897959,0.0,4.38,327
8031,rf,1024,matched_seed_random_walk,main,1024,budget_exhausted,rf300_seq303_fd2c3873e3e7d08f,1.4107385000097565,0.786963100079447,9,1008,1008,1.0,2,subruns\s8031_rf_1024_matched_seed_random_walk_main,17.49253747801153,165765d145bf9868,7.45469387755102,0.0,2.22,1016
8031,rf,1024,multi_start_hill_climb,main,1024,budget_exhausted,rf300_seq303_fd2c3873e3e7d08f,1.7174044999992475,1.2255689998273738,30,1131,1008,0.8912466843501327,2,subruns\s8031_rf_1024_multi_start_hill_climb_main,16.23860112587824,ee0cbe3e451690d1,3.586938775510204,0.0,4.44,1016
8031,rf,1024,multi_start_beam,main,1024,budget_exhausted,rf300_seq303_fd2c3873e3e7d08f,1.0099428999819793,0.5460461000329815,4,1033,1008,0.9757986447241046,2,subruns\s8031_rf_1024_multi_start_beam_main,16.804774005927495,68f5bdbae3dbc42c,5.156734693877551,0.0,2.62,1016
8031,rf,1024,mutation_only_ga,main,1024,budget_exhausted,rf300_seq303_fd2c3873e3e7d08f,2.3056456999620423,0.7575458998908289,11,1086,1008,0.9281767955801105,2,subruns\s8031_rf_1024_mutation_only_ga_main,16.373350700802334,def7d0375db8be44,4.099591836734694,0.0,4.2,1016
8031,rf,1024,iterated_local_search,main,1024,budget_exhausted,rf300_seq303_fd2c3873e3e7d08f,0.7944057999993674,0.5398814000072889,3,1196,1008,0.842809364548495,2,subruns\s8031_rf_1024_iterated_local_search_main,17.2096458255405,82ae90547d940a48,6.129795918367347,0.0,2.02,1016
8031,rf,1024,simulated_annealing,main,1024,budget_exhausted,rf300_seq303_fd2c3873e3e7d08f,3.1874306999961846,2.1263246000162326,64,1008,1008,1.0,2,subruns\s8031_rf_1024_simulated_annealing_main,16.6470918647021,6f54472def159683,6.453061224489796,0.0,4.44,1016
8031,rf,1024,mutation_only_adalead,main,1024,budget_exhausted,rf300_seq303_fd2c3873e3e7d08f,3.4844606000115164,2.1779895002837293,65,1020,1008,0.9882352941176471,2,subruns\s8031_rf_1024_mutation_only_adalead_main,16.23860112587824,ee0cbe3e451690d1,3.166530612244898,0.0,4.3,1016
8032,xgb,1024,matched_seed_random_walk,main,1024,budget_exhausted,xgb_boot5_sklearn_gbm_2f720d2750d1f48f,1.2619572000112385,0.57880560006015,9,1008,1008,1.0,2,subruns\s8032_xgb_1024_matched_seed_random_walk_main,7.658073474807054,7ec554eb787d2231,7.243265306122449,0.0,1.8,1016
8032,xgb,1024,multi_start_hill_climb,main,1024,budget_exhausted,xgb_boot5_sklearn_gbm_2f720d2750d1f48f,1.1200771000003442,0.5433539997320622,29,1092,1008,0.9230769230769231,2,subruns\s8032_xgb_1024_multi_start_hill_climb_main,1.870214297624474,2254963fb55b4f1e,4.093877551020408,0.0,3.92,1016
8032,xgb,1024,multi_start_beam,main,1023,stagnation,xgb_boot5_sklearn_gbm_2f720d2750d1f48f,1.180187100020703,0.5634885000181384,4,1047,1007,0.9617956064947469,2,subruns\s8032_xgb_1024_multi_start_beam_main,6.1746335400808885,d3d724206c7c1901,6.642448979591837,0.0,1.82,1015
8032,xgb,1024,mutation_only_ga,main,1010,stagnation,xgb_boot5_sklearn_gbm_2f720d2750d1f48f,2.0121752000413835,0.4902872000820935,10,1123,994,0.8851291184327693,2,subruns\s8032_xgb_1024_mutation_only_ga_main,2.943432828389065,9b3eabcd98c93cf8,4.501224489795918,0.0,3.74,1002
8032,xgb,1024,iterated_local_search,main,1024,budget_exhausted,xgb_boot5_sklearn_gbm_2f720d2750d1f48f,0.7221914000110701,0.4280830000061542,3,1196,1008,0.842809364548495,2,subruns\s8032_xgb_1024_iterated_local_search_main,4.956417389314103,4577f17dbf417c2c,6.1420408163265305,0.0,1.7,1016
8032,xgb,1024,simulated_annealing,main,1024,budget_exhausted,xgb_boot5_sklearn_gbm_2f720d2750d1f48f,1.5907017000135966,0.5212177001521923,64,1008,1008,1.0,2,subruns\s8032_xgb_1024_simulated_annealing_main,5.34676787151199,cb951f369f5a0353,4.950204081632653,0.0,4.1,1016
8032,xgb,1024,mutation_only_adalead,main,270,neighbors_exhausted,xgb_boot5_sklearn_gbm_2f720d2750d1f48f,0.40408690000185743,0.1520442001055926,21,320,254,0.79375,2,subruns\s8032_xgb_1024_mutation_only_adalead_main,3.601900431126988,e5a790f6bd9cba00,3.053061224489796,0.0,3.54,262
8032,rf,1024,matched_seed_random_walk,main,1024,budget_exhausted,rf300_seq303_bb45488a3fb35f80,1.3072028000024147,0.7089370000758208,9,1008,1008,1.0,2,subruns\s8032_rf_1024_matched_seed_random_walk_main,16.55113523212998,1a6620ee8030ef5c,7.252244897959184,0.0,2.36,1016
8032,rf,1024,multi_start_hill_climb,main,1024,budget_exhausted,rf300_seq303_bb45488a3fb35f80,1.754676999989897,1.2584352000849321,30,1131,1008,0.8912466843501327,2,subruns\s8032_rf_1024_multi_start_hill_climb_main,15.90843478565443,799086c20d81cee0,3.9681632653061225,0.0,3.92,1016
8032,rf,1024,multi_start_beam,main,1019,stagnation,rf300_seq303_bb45488a3fb35f80,1.073809200024698,0.5628054999397136,4,1030,1003,0.9737864077669903,2,subruns\s8032_rf_1024_multi_start_beam_main,16.55113523212998,1a6620ee8030ef5c,6.349387755102041,0.0,1.9,1011
8032,rf,1024,mutation_only_ga,main,1024,budget_exhausted,rf300_seq303_bb45488a3fb35f80,2.1646579999942333,0.7705156999290921,12,1134,1008,0.8888888888888888,2,subruns\s8032_rf_1024_mutation_only_ga_main,15.952485371358668,61b0873431289098,5.502857142857143,0.0,3.36,1016
8032,rf,1024,iterated_local_search,main,1024,budget_exhausted,rf300_seq303_bb45488a3fb35f80,0.8224008000106551,0.5115868999855593,3,1189,1008,0.847771236333053,2,subruns\s8032_rf_1024_iterated_local_search_main,16.55113523212998,1a6620ee8030ef5c,6.204897959183674,0.0,1.42,1016
8032,rf,1024,simulated_annealing,main,1024,budget_exhausted,rf300_seq303_bb45488a3fb35f80,3.1964110999833792,2.1084246998652816,64,1008,1008,1.0,2,subruns\s8032_rf_1024_simulated_annealing_main,16.60292345764376,2220e35e2ac58bef,7.020408163265306,0.0,4.6,1016
8032,rf,1024,mutation_only_adalead,main,1024,budget_exhausted,rf300_seq303_bb45488a3fb35f80,3.7062831000075676,2.326995800307486,66,1036,1008,0.972972972972973,2,subruns\s8032_rf_1024_mutation_only_adalead_main,16.423626747394394,ce2e422daed57f3d,2.789387755102041,0.0,3.68,1016
8033,xgb,1024,matched_seed_random_walk,main,1024,budget_exhausted,xgb_boot5_sklearn_gbm_00204e2ee19d450e,1.0911135000060312,0.43384859996149316,9,1008,1008,1.0,2,subruns\s8033_xgb_1024_matched_seed_random_walk_main,11.747009612938196,d2120602335d0aa6,7.053061224489796,0.06,2.1,1016
8033,xgb,1024,multi_start_hill_climb,main,1024,budget_exhausted,xgb_boot5_sklearn_gbm_00204e2ee19d450e,0.9662123000016436,0.4642320998827927,29,1092,1008,0.9230769230769231,2,subruns\s8033_xgb_1024_multi_start_hill_climb_main,8.985122146439346,48ab7b4450100e83,4.461224489795918,0.0,4.02,1016
8033,xgb,1024,multi_start_beam,main,1024,budget_exhausted,xgb_boot5_sklearn_gbm_00204e2ee19d450e,0.8896448999876156,0.4239852000027895,4,1039,1008,0.9701636188642926,2,subruns\s8033_xgb_1024_multi_start_beam_main,10.38599109347501,e1873dd9e6db5170,5.74204081632653,0.0,1.88,1016
8033,xgb,1024,mutation_only_ga,main,1024,budget_exhausted,xgb_boot5_sklearn_gbm_00204e2ee19d450e,1.8767287000082433,0.4531108000664972,11,1108,1008,0.9097472924187726,2,subruns\s8033_xgb_1024_mutation_only_ga_main,9.445565346924145,2dcd39f50249ab56,4.773061224489796,0.0,4.24,1016
8033,xgb,1024,iterated_local_search,main,1024,budget_exhausted,xgb_boot5_sklearn_gbm_00204e2ee19d450e,0.698822200007271,0.43414960004156455,3,1196,1008,0.842809364548495,2,subruns\s8033_xgb_1024_iterated_local_search_main,10.536880620356143,b1c6684141c866a8,6.1722448979591835,0.0,1.42,1016
8033,xgb,1024,simulated_annealing,main,1024,budget_exhausted,xgb_boot5_sklearn_gbm_00204e2ee19d450e,1.6558688000077382,0.5490494998521172,64,1008,1008,1.0,2,subruns\s8033_xgb_1024_simulated_annealing_main,9.982973661104735,d18edf5986f29446,7.497959183673469,0.02,4.62,1016
8033,xgb,1024,mutation_only_adalead,main,359,neighbors_exhausted,xgb_boot5_sklearn_gbm_00204e2ee19d450e,0.46499509998830035,0.1752633000141941,26,400,343,0.8575,2,subruns\s8033_xgb_1024_mutation_only_adalead_main,8.206121447932826,93b0adb236aa3130,3.397551020408163,0.0,4.36,351
8033,rf,1024,matched_seed_random_walk,main,1024,budget_exhausted,rf300_seq303_5da2b6ab63adb4c6,1.3200491000316106,0.7146595999947749,9,1008,1008,1.0,2,subruns\s8033_rf_1024_matched_seed_random_walk_main,17.6596898806417,a770c1c5dabbd9d7,7.496326530612245,0.0,1.86,1016
8033,rf,1024,multi_start_hill_climb,main,1024,budget_exhausted,rf300_seq303_5da2b6ab63adb4c6,1.7907995999557897,1.2712285001762211,30,1131,1008,0.8912466843501327,2,subruns\s8033_rf_1024_multi_start_hill_climb_main,16.86144640601163,41a697a1f9f1b57d,3.303673469387755,0.0,4.1,1016
8033,rf,1024,multi_start_beam,main,1024,budget_exhausted,rf300_seq303_5da2b6ab63adb4c6,1.0532108999905176,0.5668683000840247,5,1032,1008,0.9767441860465116,2,subruns\s8033_rf_1024_multi_start_beam_main,17.17701839105933,33e8944682da0e10,5.804897959183673,0.0,1.94,1016
8033,rf,1024,mutation_only_ga,main,1023,stagnation,rf300_seq303_5da2b6ab63adb4c6,2.287903699965682,0.7834584000520408,12,1138,1007,0.8848857644991213,2,subruns\s8033_rf_1024_mutation_only_ga_main,17.412702430460513,e1a7b22740f16718,6.477551020408163,0.0,3.3,1015
8033,rf,1024,iterated_local_search,main,1024,budget_exhausted,rf300_seq303_5da2b6ab63adb4c6,0.7752738000126556,0.5343737000366673,3,1196,1008,0.842809364548495,2,subruns\s8033_rf_1024_iterated_local_search_main,17.181574813932066,1afe211e36a30814,6.771428571428571,0.0,1.54,1016
8033,rf,1024,simulated_annealing,main,1024,budget_exhausted,rf300_seq303_5da2b6ab63adb4c6,3.319628399971407,2.2148720003315248,64,1008,1008,1.0,2,subruns\s8033_rf_1024_simulated_annealing_main,17.233643710443914,673f32eab8ef29bf,7.147755102040817,0.02,4.32,1016
8033,rf,1024,mutation_only_adalead,main,1024,budget_exhausted,rf300_seq303_5da2b6ab63adb4c6,3.6191340999794193,2.257790499832481,65,1020,1008,0.9882352941176471,2,subruns\s8033_rf_1024_mutation_only_adalead_main,17.044916696933075,8ef39a8dcaa94e89,3.566530612244898,0.0,3.78,1016
8034,xgb,1024,matched_seed_random_walk,main,1024,budget_exhausted,xgb_boot5_sklearn_gbm_0803d16c9064ee7d,1.0622112999553792,0.46617459994740784,9,1008,1008,1.0,2,subruns\s8034_xgb_1024_matched_seed_random_walk_main,6.231076293751649,1602ace7710e866e,7.985306122448979,0.0,1.96,1016
8034,xgb,1024,multi_start_hill_climb,main,1024,budget_exhausted,xgb_boot5_sklearn_gbm_0803d16c9064ee7d,1.0499535000417382,0.4832360999425873,30,1131,1008,0.8912466843501327,2,subruns\s8034_xgb_1024_multi_start_hill_climb_main,1.1119652544155734,2f5e6f35d86fd8bc,4.2089795918367345,0.0,4.74,1016
8034,xgb,1024,multi_start_beam,main,1024,budget_exhausted,xgb_boot5_sklearn_gbm_0803d16c9064ee7d,0.8877990000182763,0.42086179996840656,5,1039,1008,0.9701636188642926,2,subruns\s8034_xgb_1024_multi_start_beam_main,5.701882420853364,6fbdf250640e8654,6.997551020408164,0.0,2.06,1016
8034,xgb,1024,mutation_only_ga,main,1024,budget_exhausted,xgb_boot5_sklearn_gbm_0803d16c9064ee7d,1.9166441999841481,0.47491429990623146,12,1099,1008,0.9171974522292994,2,subruns\s8034_xgb_1024_mutation_only_ga_main,2.4712496041478493,37c7ed469747149c,5.0718367346938775,0.0,4.42,1016
8034,xgb,1024,iterated_local_search,main,1024,budget_exhausted,xgb_boot5_sklearn_gbm_0803d16c9064ee7d,0.7239227999816649,0.4549015000811778,3,1196,1008,0.842809364548495,2,subruns\s8034_xgb_1024_iterated_local_search_main,5.701882420853364,6fbdf250640e8654,7.633469387755102,0.0,1.76,1016
8034,xgb,1024,simulated_annealing,main,1024,budget_exhausted,xgb_boot5_sklearn_gbm_0803d16c9064ee7d,1.580625600006897,0.541334799840115,64,1008,1008,1.0,2,subruns\s8034_xgb_1024_simulated_annealing_main,4.015332373077774,54c207b37f75f3a7,5.735510204081633,0.0,4.96,1016
8034,xgb,1024,mutation_only_adalead,main,150,neighbors_exhausted,xgb_boot5_sklearn_gbm_0803d16c9064ee7d,0.22883789998013526,0.08683579991338775,13,192,134,0.6979166666666666,2,subruns\s8034_xgb_1024_mutation_only_adalead_main,7.232116292231734,47492713df720b75,2.849795918367347,0.0,3.42,142
8034,rf,1024,matched_seed_random_walk,main,1024,budget_exhausted,rf300_seq303_8c5e0b000dd47e6c,1.3785248000058345,0.7098178000887856,9,1008,1008,1.0,2,subruns\s8034_rf_1024_matched_seed_random_walk_main,18.643783666581037,ced965138079f050,7.953469387755102,0.0,1.98,1016
8034,rf,1024,multi_start_hill_climb,main,1024,budget_exhausted,rf300_seq303_8c5e0b000dd47e6c,1.7283098999760114,1.2367708997335285,30,1131,1008,0.8912466843501327,2,subruns\s8034_rf_1024_multi_start_hill_climb_main,17.889321051140513,b1e45c2e15c802d0,4.604081632653061,0.0,4.32,1016
8034,rf,1024,multi_start_beam,main,1024,stagnation,rf300_seq303_8c5e0b000dd47e6c,1.0798934999620542,0.5919572000275366,5,1041,1008,0.968299711815562,2,subruns\s8034_rf_1024_multi_start_beam_main,18.24507235377309,602761d391e75905,5.85469387755102,0.0,2.42,1016
8034,rf,1024,mutation_only_ga,main,1024,stagnation,rf300_seq303_8c5e0b000dd47e6c,2.3348717000335455,0.8395973000442609,12,1140,1008,0.8842105263157894,2,subruns\s8034_rf_1024_mutation_only_ga_main,17.91098029499773,414b8cdfbc000ec0,4.249795918367347,0.0,4.4,1016
8034,rf,1024,iterated_local_search,main,1024,budget_exhausted,rf300_seq303_8c5e0b000dd47e6c,0.7724987000110559,0.5307339999708347,3,1196,1008,0.842809364548495,2,subruns\s8034_rf_1024_iterated_local_search_main,18.412859715544567,a68f5f17b2b8d562,5.735510204081633,0.02,1.62,1016
8034,rf,1024,simulated_annealing,main,1024,budget_exhausted,rf300_seq303_8c5e0b000dd47e6c,3.3823172000120394,2.259850099857431,64,1008,1008,1.0,2,subruns\s8034_rf_1024_simulated_annealing_main,18.012559822732648,e2d9bfa51d6b286d,5.858775510204081,0.0,4.68,1016
8034,rf,1024,mutation_only_adalead,main,1024,budget_exhausted,rf300_seq303_8c5e0b000dd47e6c,3.5962715000496246,2.191074599919375,66,1028,1008,0.980544747081712,2,subruns\s8034_rf_1024_mutation_only_adalead_main,17.713334374735588,7617710b3fac4e77,3.8824489795918367,0.0,4.92,1016
8035,xgb,1024,matched_seed_random_walk,main,1024,budget_exhausted,xgb_boot5_sklearn_gbm_1bf731118fc4646d,1.0660854000016116,0.44818400003714487,9,1008,1008,1.0,2,subruns\s8035_xgb_1024_matched_seed_random_walk_main,10.485343595826155,633328710f1bb2cd,6.652244897959184,0.0,1.72,1016
8035,xgb,1024,multi_start_hill_climb,main,1024,budget_exhausted,xgb_boot5_sklearn_gbm_1bf731118fc4646d,0.9775991999777034,0.45529329986311495,29,1092,1008,0.9230769230769231,2,subruns\s8035_xgb_1024_multi_start_hill_climb_main,9.102948880925982,3a0110d5f6763556,4.417959183673469,0.0,4.02,1016
8035,xgb,1024,multi_start_beam,main,1024,stagnation,xgb_boot5_sklearn_gbm_1bf731118fc4646d,0.957817199989222,0.4389882000396028,5,1053,1008,0.9572649572649573,2,subruns\s8035_xgb_1024_multi_start_beam_main,8.956711917871058,0b78bc171527f3a7,5.948571428571428,0.0,2.32,1016
8035,xgb,1024,mutation_only_ga,main,1024,budget_exhausted,xgb_boot5_sklearn_gbm_1bf731118fc4646d,1.9499049000442028,0.491769099899102,12,1149,1008,0.8772845953002611,2,subruns\s8035_xgb_1024_mutation_only_ga_main,7.668177626393532,704919364efa3a33,5.3461224489795915,0.0,3.62,1016
8035,xgb,1024,iterated_local_search,main,1024,budget_exhausted,xgb_boot5_sklearn_gbm_1bf731118fc4646d,0.7067146000335924,0.45004679990233853,3,1158,1008,0.8704663212435233,2,subruns\s8035_xgb_1024_iterated_local_search_main,9.914984901130216,756d62b16a3fbde9,6.44734693877551,0.0,1.66,1016
8035,xgb,1024,simulated_annealing,main,1024,budget_exhausted,xgb_boot5_sklearn_gbm_1bf731118fc4646d,1.6483464000048116,0.5415234998217784,64,1008,1008,1.0,2,subruns\s8035_xgb_1024_simulated_annealing_main,9.780861012546351,3f4718bb73a4438e,6.777959183673469,0.0,4.34,1016
8035,xgb,1024,mutation_only_adalead,main,1024,budget_exhausted,xgb_boot5_sklearn_gbm_1bf731118fc4646d,1.9249766999855638,0.5590025002020411,66,1032,1008,0.9767441860465116,2,subruns\s8035_xgb_1024_mutation_only_adalead_main,10.144430458363896,49a7792f48002632,3.6244897959183673,0.0,2.98,1016
8035,rf,1024,matched_seed_random_walk,main,1024,budget_exhausted,rf300_seq303_039cb93b4d43f4ac,1.2803958000149578,0.6690612999373116,9,1008,1008,1.0,2,subruns\s8035_rf_1024_matched_seed_random_walk_main,18.559400732012353,6836c0efb593a1d3,6.427755102040816,0.0,1.82,1016
8035,rf,1024,multi_start_hill_climb,main,1024,budget_exhausted,rf300_seq303_039cb93b4d43f4ac,1.767266999988351,1.2630399000481702,30,1131,1008,0.8912466843501327,2,subruns\s8035_rf_1024_multi_start_hill_climb_main,17.35853523406146,7592043bc8e8531d,4.401632653061225,0.0,4.74,1016
8035,rf,1024,multi_start_beam,main,1024,stagnation,rf300_seq303_039cb93b4d43f4ac,1.1525853000348434,0.6220631000469439,6,1044,1008,0.9655172413793104,2,subruns\s8035_rf_1024_multi_start_beam_main,18.000716274829742,dc7b19188f527fec,5.873469387755102,0.0,1.92,1016
8035,rf,1024,mutation_only_ga,main,1024,budget_exhausted,rf300_seq303_039cb93b4d43f4ac,2.1991560999886133,0.7738861999241635,12,1130,1008,0.8920353982300885,2,subruns\s8035_rf_1024_mutation_only_ga_main,17.614117879702235,3a5a372fb086328c,4.840816326530613,0.0,3.32,1016
8035,rf,1024,iterated_local_search,main,1024,budget_exhausted,rf300_seq303_039cb93b4d43f4ac,0.8019907000125386,0.5461465999251232,3,1193,1008,0.8449287510477788,2,subruns\s8035_rf_1024_iterated_local_search_main,18.44831721776847,2e599995e469fd03,5.960816326530613,0.0,1.54,1016
8035,rf,1024,simulated_annealing,main,1024,budget_exhausted,rf300_seq303_039cb93b4d43f4ac,3.251263900019694,2.1401145997224376,64,1008,1008,1.0,2,subruns\s8035_rf_1024_simulated_annealing_main,17.264982466359893,e92184d0c35a1799,6.2122448979591836,0.0,4.84,1016
8035,rf,1024,mutation_only_adalead,main,1024,budget_exhausted,rf300_seq303_039cb93b4d43f4ac,3.506144899991341,2.199003199930303,66,1021,1008,0.9872673849167483,2,subruns\s8035_rf_1024_mutation_only_adalead_main,17.441414407712305,fba1e168d6805289,3.583673469387755,0.0,4.88,1016
8036,xgb,1024,matched_seed_random_walk,main,1024,budget_exhausted,xgb_boot5_sklearn_gbm_188e722afd7bc9b6,1.0759471000055782,0.4731913999421522,9,1008,1008,1.0,2,subruns\s8036_xgb_1024_matched_seed_random_walk_main,9.36337517262201,7b5e8e14b93fcf05,8.36734693877551,0.0,1.8,1016
8036,xgb,1024,multi_start_hill_climb,main,1024,budget_exhausted,xgb_boot5_sklearn_gbm_188e722afd7bc9b6,0.9920056000119075,0.4807145001250319,30,1131,1008,0.8912466843501327,2,subruns\s8036_xgb_1024_multi_start_hill_climb_main,7.151572279227887,e0975b4fded0459c,4.582040816326531,0.0,4.12,1016
8036,xgb,1024,multi_start_beam,main,1024,budget_exhausted,xgb_boot5_sklearn_gbm_188e722afd7bc9b6,1.0074989999993704,0.4810922999167815,5,1052,1008,0.9581749049429658,2,subruns\s8036_xgb_1024_multi_start_beam_main,7.691985243435701,32a6486a2982ed60,6.6906122448979595,0.0,2.26,1016
8036,xgb,1024,mutation_only_ga,main,1024,budget_exhausted,xgb_boot5_sklearn_gbm_188e722afd7bc9b6,1.834401500003878,0.44518460001563653,13,1143,1008,0.8818897637795275,2,subruns\s8036_xgb_1024_mutation_only_ga_main,4.019917959939798,ee6c0e43a8c81fcc,4.021224489795919,0.0,4.6,1016
8036,xgb,1024,iterated_local_search,main,1024,budget_exhausted,xgb_boot5_sklearn_gbm_188e722afd7bc9b6,0.7248039999976754,0.4391589000588283,3,1193,1008,0.8449287510477788,2,subruns\s8036_xgb_1024_iterated_local_search_main,7.739387307937737,e35b9303dfcabb29,7.148571428571429,0.0,1.78,1016
8036,xgb,1024,simulated_annealing,main,1024,budget_exhausted,xgb_boot5_sklearn_gbm_188e722afd7bc9b6,1.6400550999678671,0.5671113001881167,64,1008,1008,1.0,2,subruns\s8036_xgb_1024_simulated_annealing_main,3.6835384895838033,69a9383c668496d1,5.169795918367347,0.0,4.72,1016
8036,xgb,1024,mutation_only_adalead,main,517,neighbors_exhausted,xgb_boot5_sklearn_gbm_188e722afd7bc9b6,0.7872323999763466,0.27841730014188215,40,624,501,0.8028846153846154,2,subruns\s8036_xgb_1024_mutation_only_adalead_main,7.151572279227887,e0975b4fded0459c,3.163265306122449,0.0,4.22,509
8036,rf,1024,matched_seed_random_walk,main,1024,budget_exhausted,rf300_seq303_580d5b3703125053,1.3042008999618702,0.7155886999680661,9,1008,1008,1.0,2,subruns\s8036_rf_1024_matched_seed_random_walk_main,17.78600948609143,c177604820a38045,6.410612244897959,0.0,1.7,1016
8036,rf,1024,multi_start_hill_climb,main,1024,budget_exhausted,rf300_seq303_580d5b3703125053,1.801789999997709,1.2364415999036282,30,1131,1008,0.8912466843501327,2,subruns\s8036_rf_1024_multi_start_hill_climb_main,16.509474398069273,0b6778fab8b20b99,3.463673469387755,0.0,3.22,1016
8036,rf,1024,multi_start_beam,main,1019,stagnation,rf300_seq303_580d5b3703125053,1.0496627000393346,0.5398411999922246,4,1038,1003,0.9662813102119461,2,subruns\s8036_rf_1024_multi_start_beam_main,17.100129155719845,630933e047e737af,5.420408163265306,0.0,2.14,1011
8036,rf,1024,mutation_only_ga,main,938,stagnation,rf300_seq303_580d5b3703125053,2.034184499992989,0.6484735998674296,9,1024,922,0.900390625,2,subruns\s8036_rf_1024_mutation_only_ga_main,16.802181146364774,ef6393ed99d22142,4.049795918367347,0.0,3.04,930
8036,rf,1024,iterated_local_search,main,1024,budget_exhausted,rf300_seq303_580d5b3703125053,0.8115925000165589,0.5302317999303341,3,1193,1008,0.8449287510477788,2,subruns\s8036_rf_1024_iterated_local_search_main,16.91042968786432,e29bdf8f5ceaf1f1,4.68,0.0,1.52,1016
8036,rf,1024,simulated_annealing,main,1024,budget_exhausted,rf300_seq303_580d5b3703125053,3.216384699975606,2.1582723999163136,64,1008,1008,1.0,2,subruns\s8036_rf_1024_simulated_annealing_main,16.930141026924886,5b21cd94a7b066d2,6.906122448979592,0.0,4.36,1016
8036,rf,1024,mutation_only_adalead,main,1024,budget_exhausted,rf300_seq303_580d5b3703125053,3.494924600003287,2.1324191000312567,65,1021,1008,0.9872673849167483,2,subruns\s8036_rf_1024_mutation_only_adalead_main,16.509474398069273,0b6778fab8b20b99,3.4693877551020407,0.0,3.7,1016
8037,xgb,1024,matched_seed_random_walk,main,1024,budget_exhausted,xgb_boot5_sklearn_gbm_25fd2920fd9c0f1a,1.078701100021135,0.46770049986662343,9,1008,1008,1.0,2,subruns\s8037_xgb_1024_matched_seed_random_walk_main,9.69410830308535,bc12691cc52fc722,7.661224489795918,0.0,1.92,1016
8037,xgb,1024,multi_start_hill_climb,main,1024,budget_exhausted,xgb_boot5_sklearn_gbm_25fd2920fd9c0f1a,1.134055000031367,0.5724796002032235,30,1131,1008,0.8912466843501327,2,subruns\s8037_xgb_1024_multi_start_hill_climb_main,7.35169580638333,09cd95758a58de81,4.332244897959184,0.0,4.86,1016
8037,xgb,1024,multi_start_beam,main,1024,stagnation,xgb_boot5_sklearn_gbm_25fd2920fd9c0f1a,1.0192805000115186,0.5128588000079617,5,1037,1008,0.9720347155255545,2,subruns\s8037_xgb_1024_multi_start_beam_main,8.997353931616994,7f67410cddd0b5e8,7.045714285714285,0.0,2.36,1016
8037,xgb,1024,mutation_only_ga,main,1024,budget_exhausted,xgb_boot5_sklearn_gbm_25fd2920fd9c0f1a,2.0645773999858648,0.46872579999035224,12,1112,1008,0.9064748201438849,2,subruns\s8037_xgb_1024_mutation_only_ga_main,7.096542660178502,864b9e8aaa4dba42,3.9779591836734696,0.0,4.62,1016
8037,xgb,1024,iterated_local_search,main,1024,budget_exhausted,xgb_boot5_sklearn_gbm_25fd2920fd9c0f1a,0.972733500006143,0.5839826000737958,3,1196,1008,0.842809364548495,2,subruns\s8037_xgb_1024_iterated_local_search_main,9.214197759006073,d93848397c5bfc24,7.36,0.0,1.82,1016
8037,xgb,1024,simulated_annealing,main,1024,budget_exhausted,xgb_boot5_sklearn_gbm_25fd2920fd9c0f1a,1.9792209999868646,0.6741511998116039,64,1008,1008,1.0,2,subruns\s8037_xgb_1024_simulated_annealing_main,7.634944565438159,fd83915278e38ab7,6.219591836734694,0.0,4.6,1016
8037,xgb,1024,mutation_only_adalead,main,370,neighbors_exhausted,xgb_boot5_sklearn_gbm_25fd2920fd9c0f1a,0.6526925999787636,0.24971289990935475,29,448,354,0.7901785714285714,2,subruns\s8037_xgb_1024_mutation_only_adalead_main,8.687224468163292,0fe7684a489d02e7,2.733061224489796,0.0,3.94,362
8037,rf,1024,matched_seed_random_walk,main,1024,budget_exhausted,rf300_seq303_dc7f494dd1098123,1.449208899983205,0.7834130000555888,9,1008,1008,1.0,2,subruns\s8037_rf_1024_matched_seed_random_walk_main,18.203420020619216,44a655a27bfdc9bf,7.42530612244898,0.0,1.72,1016
8037,rf,1024,multi_start_hill_climb,main,1024,budget_exhausted,rf300_seq303_dc7f494dd1098123,1.8030372000066563,1.279912900121417,30,1131,1008,0.8912466843501327,2,subruns\s8037_rf_1024_multi_start_hill_climb_main,17.775483437398933,66da2bfc849a689a,4.26530612244898,0.0,3.44,1016
8037,rf,1024,multi_start_beam,main,1021,stagnation,rf300_seq303_dc7f494dd1098123,1.1389713000389747,0.5991032999590971,5,1054,1005,0.9535104364326376,2,subruns\s8037_rf_1024_multi_start_beam_main,18.072151618122618,c8a79473cc1d95c7,6.893061224489796,0.0,1.7,1013
8037,rf,1024,mutation_only_ga,main,1024,budget_exhausted,rf300_seq303_dc7f494dd1098123,2.326296999992337,0.8165116998716258,12,1171,1008,0.860802732707088,2,subruns\s8037_rf_1024_mutation_only_ga_main,17.61009612251896,57e0e34b04833f42,5.608979591836735,0.0,2.7,1016
8037,rf,1024,iterated_local_search,main,1024,budget_exhausted,rf300_seq303_dc7f494dd1098123,0.8062570999609306,0.5600714999600314,3,1196,1008,0.842809364548495,2,subruns\s8037_rf_1024_iterated_local_search_main,17.845335889824696,4895760041f766cf,6.356734693877551,0.0,1.62,1016
8037,rf,1024,simulated_annealing,main,1024,budget_exhausted,rf300_seq303_dc7f494dd1098123,3.3692763000144623,2.252800699614454,64,1008,1008,1.0,2,subruns\s8037_rf_1024_simulated_annealing_main,17.77503830236706,ca5d609f1108cef6,5.76,0.0,4.62,1016
8037,rf,1024,mutation_only_adalead,main,1024,budget_exhausted,rf300_seq303_dc7f494dd1098123,3.990612900000997,2.423546300327871,65,1022,1008,0.9863013698630136,2,subruns\s8037_rf_1024_mutation_only_adalead_main,17.444401765852515,e81e8fa1412aea61,3.662857142857143,0.0,4.04,1016
8038,xgb,1024,matched_seed_random_walk,main,1024,budget_exhausted,xgb_boot5_sklearn_gbm_7e883944e8f36b06,1.1289414999773726,0.4872140000225045,9,1008,1008,1.0,2,subruns\s8038_xgb_1024_matched_seed_random_walk_main,8.723459660756765,04c05f850fa8f536,6.466122448979592,0.0,1.86,1016
8038,xgb,1024,multi_start_hill_climb,main,1024,budget_exhausted,xgb_boot5_sklearn_gbm_7e883944e8f36b06,1.2228334000101313,0.6062317001633346,30,1131,1008,0.8912466843501327,2,subruns\s8038_xgb_1024_multi_start_hill_climb_main,5.349644647702,f0ced8c6adf1e3e4,3.853877551020408,0.0,4.3,1016
8038,xgb,1024,multi_start_beam,main,1024,stagnation,xgb_boot5_sklearn_gbm_7e883944e8f36b06,1.194569599989336,0.553207500022836,5,1034,1008,0.9748549323017408,2,subruns\s8038_xgb_1024_multi_start_beam_main,7.5146278242290645,15890ef4804131be,6.057142857142857,0.0,1.92,1016
8038,xgb,1024,mutation_only_ga,main,1023,stagnation,xgb_boot5_sklearn_gbm_7e883944e8f36b06,2.483917300007306,0.5606015002704225,13,1132,1007,0.8895759717314488,2,subruns\s8038_xgb_1024_mutation_only_ga_main,6.281158437457116,131ec3fb42cb9093,4.842448979591837,0.0,3.92,1015
8038,xgb,1024,iterated_local_search,main,1024,budget_exhausted,xgb_boot5_sklearn_gbm_7e883944e8f36b06,0.7232342999777757,0.4640588999609463,3,1193,1008,0.8449287510477788,2,subruns\s8038_xgb_1024_iterated_local_search_main,6.863604299441903,fa6c1bbf258a89ee,5.875102040816326,0.0,1.6,1016
8038,xgb,1024,simulated_annealing,main,1024,budget_exhausted,xgb_boot5_sklearn_gbm_7e883944e8f36b06,1.6555333000142127,0.5637291999883018,64,1008,1008,1.0,2,subruns\s8038_xgb_1024_simulated_annealing_main,6.870648402994166,64aa03a4e85a0866,6.686530612244898,0.0,4.28,1016
8038,xgb,1024,mutation_only_adalead,main,272,neighbors_exhausted,xgb_boot5_sklearn_gbm_7e883944e8f36b06,0.3772148999851197,0.15072820003842935,20,304,256,0.8421052631578947,2,subruns\s8038_xgb_1024_mutation_only_adalead_main,5.692919109561029,1455ba4d2200211f,2.769795918367347,0.0,4.3,264
8038,rf,1024,matched_seed_random_walk,main,1024,budget_exhausted,rf300_seq303_3846e9d892939eb4,1.3366367000271566,0.7064827000140212,9,1008,1008,1.0,2,subruns\s8038_rf_1024_matched_seed_random_walk_main,19.284846706683425,1ebf6720b619a6ac,6.634285714285714,0.0,2.06,1016
8038,rf,1024,multi_start_hill_climb,main,1024,budget_exhausted,rf300_seq303_3846e9d892939eb4,1.7680030000046827,1.262659700063523,30,1131,1008,0.8912466843501327,2,subruns\s8038_rf_1024_multi_start_hill_climb_main,18.485807660292096,1cfc0f66520565bd,4.846530612244898,0.0,3.5,1016
8038,rf,1024,multi_start_beam,main,1023,stagnation,rf300_seq303_3846e9d892939eb4,1.148465899983421,0.5529921999550425,4,1036,1007,0.972007722007722,2,subruns\s8038_rf_1024_multi_start_beam_main,18.840621072808503,b0e1458d7a18946e,4.291428571428572,0.0,1.98,1015
8038,rf,1024,mutation_only_ga,main,1024,budget_exhausted,rf300_seq303_3846e9d892939eb4,2.282522900030017,0.8063217999297194,12,1115,1008,0.9040358744394619,2,subruns\s8038_rf_1024_mutation_only_ga_main,18.632172027951906,4082ec5eb7e86ab3,4.475102040816327,0.0,4.42,1016
8038,rf,1024,iterated_local_search,main,1024,budget_exhausted,rf300_seq303_3846e9d892939eb4,0.8521612000185996,0.5734449999872595,3,1196,1008,0.842809364548495,2,subruns\s8038_rf_1024_iterated_local_search_main,19.21642233412895,ff644d45898e0c57,4.873469387755102,0.0,1.58,1016
8038,rf,1024,simulated_annealing,main,1024,budget_exhausted,rf300_seq303_3846e9d892939eb4,3.5558700999827124,2.322256299899891,64,1008,1008,1.0,2,subruns\s8038_rf_1024_simulated_annealing_main,19.034807178078193,ac5fed8086b6be9d,6.68,0.0,5.02,1016
8038,rf,1024,mutation_only_adalead,main,1024,budget_exhausted,rf300_seq303_3846e9d892939eb4,3.728391400014516,2.3044110001064837,66,1033,1008,0.9757986447241046,2,subruns\s8038_rf_1024_mutation_only_adalead_main,18.442092806542313,04a566c9bf27e737,3.0440816326530613,0.0,4.14,1016
8039,xgb,1024,matched_seed_random_walk,main,1024,budget_exhausted,xgb_boot5_sklearn_gbm_1636b71517dd4724,1.074888200033456,0.46438030002173036,9,1008,1008,1.0,2,subruns\s8039_xgb_1024_matched_seed_random_walk_main,8.780148173474066,deab3cb7b276df33,6.0081632653061225,0.04,1.76,1016
8039,xgb,1024,multi_start_hill_climb,main,1024,budget_exhausted,xgb_boot5_sklearn_gbm_1636b71517dd4724,0.9389463999541476,0.45812580006895587,30,1131,1008,0.8912466843501327,2,subruns\s8039_xgb_1024_multi_start_hill_climb_main,3.173190356194531,9f74dd8b7a7cd1c7,2.954285714285714,0.0,4.58,1016
8039,xgb,1024,multi_start_beam,main,1024,stagnation,xgb_boot5_sklearn_gbm_1636b71517dd4724,0.9183985000126995,0.4401483999681659,5,1044,1008,0.9655172413793104,2,subruns\s8039_xgb_1024_multi_start_beam_main,6.951187655732608,90710360f6bb2420,6.5869387755102045,0.06,1.96,1016
8039,xgb,1024,mutation_only_ga,main,1024,budget_exhausted,xgb_boot5_sklearn_gbm_1636b71517dd4724,1.9550583999953233,0.4933947999961674,12,1114,1008,0.9048473967684022,2,subruns\s8039_xgb_1024_mutation_only_ga_main,3.173190356194531,9f74dd8b7a7cd1c7,3.9404081632653063,0.0,4.28,1016
8039,xgb,1024,iterated_local_search,main,1024,budget_exhausted,xgb_boot5_sklearn_gbm_1636b71517dd4724,0.7200219000224024,0.4560658000409603,3,1196,1008,0.842809364548495,2,subruns\s8039_xgb_1024_iterated_local_search_main,6.707083701661515,95ea00f9f64674d5,6.209795918367347,0.12,1.5,1016
8039,xgb,1024,simulated_annealing,main,1024,budget_exhausted,xgb_boot5_sklearn_gbm_1636b71517dd4724,1.70482720003929,0.5490979998721741,64,1008,1008,1.0,2,subruns\s8039_xgb_1024_simulated_annealing_main,5.000530738669882,776fb882515469d3,6.839183673469388,0.02,3.96,1016
8039,xgb,1024,mutation_only_adalead,main,683,neighbors_exhausted,xgb_boot5_sklearn_gbm_1636b71517dd4724,1.1388572999858297,0.39220850029960275,49,768,667,0.8684895833333334,2,subruns\s8039_xgb_1024_mutation_only_adalead_main,3.173190356194531,9f74dd8b7a7cd1c7,2.710204081632653,0.0,4.44,675
8039,rf,1024,matched_seed_random_walk,main,1024,budget_exhausted,rf300_seq303_1f9c4de566c3316c,1.2857172000221908,0.6788500999100506,9,1008,1008,1.0,2,subruns\s8039_rf_1024_matched_seed_random_walk_main,17.92444123629206,ff6aa76440b0f62f,8.361632653061225,0.0,2.24,1016
8039,rf,1024,multi_start_hill_climb,main,1024,budget_exhausted,rf300_seq303_1f9c4de566c3316c,1.7443105000420474,1.2490801000385545,30,1131,1008,0.8912466843501327,2,subruns\s8039_rf_1024_multi_start_hill_climb_main,16.53547488683068,542ee34bce4be0a3,3.5314285714285716,0.0,4.34,1016
8039,rf,1024,multi_start_beam,main,1024,budget_exhausted,rf300_seq303_1f9c4de566c3316c,1.1146103999926709,0.6063358999672346,5,1039,1008,0.9701636188642926,2,subruns\s8039_rf_1024_multi_start_beam_main,16.756114562384532,7ce8000e13dcd77d,6.671020408163265,0.0,2.56,1016
8039,rf,1024,mutation_only_ga,main,1024,budget_exhausted,rf300_seq303_1f9c4de566c3316c,2.1054294999921694,0.7599709999049082,11,1093,1008,0.9222323879231473,2,subruns\s8039_rf_1024_mutation_only_ga_main,16.416289274578006,c3b9c3ccaf1f5201,3.72,0.0,4.32,1016
8039,rf,1024,iterated_local_search,main,1024,budget_exhausted,rf300_seq303_1f9c4de566c3316c,0.8464409000007436,0.5849821000010706,3,1196,1008,0.842809364548495,2,subruns\s8039_rf_1024_iterated_local_search_main,17.66552704884792,28a28ef74fc08fd7,7.061224489795919,0.0,1.88,1016
8039,rf,1024,simulated_annealing,main,1024,budget_exhausted,rf300_seq303_1f9c4de566c3316c,3.2536319000064395,2.190161799604539,64,1008,1008,1.0,2,subruns\s8039_rf_1024_simulated_annealing_main,16.893893901795757,4949b58a5d7f3cd7,6.889795918367347,0.0,5.0,1016
8039,rf,1024,mutation_only_adalead,main,1024,budget_exhausted,rf300_seq303_1f9c4de566c3316c,3.5226441000122577,2.232110800105147,65,1021,1008,0.9872673849167483,2,subruns\s8039_rf_1024_mutation_only_adalead_main,16.40233153286027,64cfa15d2f9a9165,4.315102040816327,0.0,4.12,1016
8040,xgb,1024,matched_seed_random_walk,main,1024,budget_exhausted,xgb_boot5_sklearn_gbm_134c0cda44999ed6,1.049095300026238,0.44366790005005896,9,1008,1008,1.0,2,subruns\s8040_xgb_1024_matched_seed_random_walk_main,10.342472657406308,34265cdfae13eec4,8.001632653061224,0.0,2.18,1016
8040,xgb,1024,multi_start_hill_climb,main,1024,budget_exhausted,xgb_boot5_sklearn_gbm_134c0cda44999ed6,1.0261174999759533,0.4983334999997169,30,1131,1008,0.8912466843501327,2,subruns\s8040_xgb_1024_multi_start_hill_climb_main,4.6120314526122375,4b26ed6fcdcdc6b1,3.4791836734693877,0.0,4.46,1016
8040,xgb,1024,multi_start_beam,main,1021,stagnation,xgb_boot5_sklearn_gbm_134c0cda44999ed6,0.9029210000298917,0.41138490004232153,4,1035,1005,0.9710144927536232,2,subruns\s8040_xgb_1024_multi_start_beam_main,9.563447026103775,a00346e69d101ed2,7.491428571428571,0.0,2.12,1013
8040,xgb,1024,mutation_only_ga,main,1024,budget_exhausted,xgb_boot5_sklearn_gbm_134c0cda44999ed6,1.9499555000220425,0.4856885998742655,12,1123,1008,0.8975957257346393,2,subruns\s8040_xgb_1024_mutation_only_ga_main,6.447689098795344,e77310470de8b7fd,3.7648979591836733,0.0,4.34,1016
8040,xgb,1024,iterated_local_search,main,1024,budget_exhausted,xgb_boot5_sklearn_gbm_134c0cda44999ed6,0.7061012000194751,0.44812219991581514,3,1196,1008,0.842809364548495,2,subruns\s8040_xgb_1024_iterated_local_search_main,8.070286201997948,34508e1a358d8d1e,6.963265306122449,0.0,1.88,1016
8040,xgb,1024,simulated_annealing,main,1024,budget_exhausted,xgb_boot5_sklearn_gbm_134c0cda44999ed6,1.616709300025832,0.5383819999406114,64,1008,1008,1.0,2,subruns\s8040_xgb_1024_simulated_annealing_main,5.301572646626338,76056b4f40e5b44f,5.613877551020408,0.0,5.14,1016
8040,xgb,1024,mutation_only_adalead,main,389,neighbors_exhausted,xgb_boot5_sklearn_gbm_134c0cda44999ed6,0.5332181000267155,0.20611829997505993,29,448,373,0.8325892857142857,2,subruns\s8040_xgb_1024_mutation_only_adalead_main,5.703180909690557,f5514cfb5e1c5dee,2.8816326530612244,0.0,5.02,381
8040,rf,1024,matched_seed_random_walk,main,1024,budget_exhausted,rf300_seq303_0342fa46b8157a5f,1.3576818000292405,0.722530800034292,9,1008,1008,1.0,2,subruns\s8040_rf_1024_matched_seed_random_walk_main,18.665473911340516,5ef0df124026c30b,8.066938775510204,0.0,2.6,1016
8040,rf,1024,multi_start_hill_climb,main,1024,budget_exhausted,rf300_seq303_0342fa46b8157a5f,1.7011017000186257,1.221883999882266,29,1092,1008,0.9230769230769231,2,subruns\s8040_rf_1024_multi_start_hill_climb_main,18.033983555465266,52bea502c8e40915,4.482448979591837,0.06,3.92,1016
8040,rf,1024,multi_start_beam,main,1024,stagnation,rf300_seq303_0342fa46b8157a5f,1.1603781000012532,0.6419644000125118,6,1049,1008,0.9609151572926596,2,subruns\s8040_rf_1024_multi_start_beam_main,18.27925932712117,265470ce3170424b,7.223673469387755,0.0,2.86,1016
8040,rf,1024,mutation_only_ga,main,1024,budget_exhausted,rf300_seq303_0342fa46b8157a5f,2.393964799994137,0.7964104999555275,12,1146,1008,0.8795811518324608,2,subruns\s8040_rf_1024_mutation_only_ga_main,18.15701196422849,8c3c8a5612309164,6.271836734693878,0.04,3.9,1016
8040,rf,1024,iterated_local_search,main,1024,budget_exhausted,rf300_seq303_0342fa46b8157a5f,0.8643254000344314,0.5624476000666618,3,1126,1008,0.8952042628774423,2,subruns\s8040_rf_1024_iterated_local_search_main,18.41358885338582,28aa73d278997230,7.389387755102041,0.0,2.34,1016
8040,rf,1024,simulated_annealing,main,1024,budget_exhausted,rf300_seq303_0342fa46b8157a5f,3.2557131000212394,2.158203899685759,64,1008,1008,1.0,2,subruns\s8040_rf_1024_simulated_annealing_main,18.033983555465266,75638ad470a0ae9d,6.550204081632653,0.12,4.26,1016
8040,rf,1024,mutation_only_adalead,main,1024,budget_exhausted,rf300_seq303_0342fa46b8157a5f,3.606016300036572,2.2582388998707756,66,1033,1008,0.9757986447241046,2,subruns\s8040_rf_1024_mutation_only_adalead_main,18.609126565509158,2a7fe6b8267fa718,3.302857142857143,0.0,2.4,1016
8041,xgb,1024,matched_seed_random_walk,main,1024,budget_exhausted,xgb_boot5_sklearn_gbm_78d0c44dc6846a06,1.0858307000016794,0.4588023999822326,9,1008,1008,1.0,2,subruns\s8041_xgb_1024_matched_seed_random_walk_main,9.491680607299397,c4b1246c7668b2e3,7.575510204081633,0.0,2.38,1016
8041,xgb,1024,multi_start_hill_climb,main,1024,budget_exhausted,xgb_boot5_sklearn_gbm_78d0c44dc6846a06,0.9990540000144392,0.47446149977622554,30,1131,1008,0.8912466843501327,2,subruns\s8041_xgb_1024_multi_start_hill_climb_main,2.561606851567897,ef3b12e9206f3958,4.845714285714286,0.0,4.58,1016
8041,xgb,1024,multi_start_beam,main,1024,budget_exhausted,xgb_boot5_sklearn_gbm_78d0c44dc6846a06,0.9595933000091463,0.4368537999689579,5,1030,1008,0.9786407766990292,2,subruns\s8041_xgb_1024_multi_start_beam_main,7.6035068417292795,46a31235768064d8,6.990204081632653,0.0,2.14,1016
8041,xgb,1024,mutation_only_ga,main,934,stagnation,xgb_boot5_sklearn_gbm_78d0c44dc6846a06,1.5729283000109717,0.4083023000275716,9,1024,918,0.896484375,2,subruns\s8041_xgb_1024_mutation_only_ga_main,4.025914989985746,31d20a43318e9f66,4.938775510204081,0.0,4.22,926
8041,xgb,1024,iterated_local_search,main,1024,budget_exhausted,xgb_boot5_sklearn_gbm_78d0c44dc6846a06,0.69570099998964,0.4360638000071049,3,1196,1008,0.842809364548495,2,subruns\s8041_xgb_1024_iterated_local_search_main,6.968541964605002,8b90db5095b2fdc7,7.076734693877551,0.0,1.88,1016
8041,xgb,1024,simulated_annealing,main,1024,budget_exhausted,xgb_boot5_sklearn_gbm_78d0c44dc6846a06,1.6345160999917425,0.5564278000383638,64,1008,1008,1.0,2,subruns\s8041_xgb_1024_simulated_annealing_main,4.548674007761057,67792ad53441fece,6.464489795918367,0.0,4.6,1016
8041,xgb,1024,mutation_only_adalead,main,385,neighbors_exhausted,xgb_boot5_sklearn_gbm_78d0c44dc6846a06,0.5508161999750882,0.21015719987917691,29,448,369,0.8236607142857143,2,subruns\s8041_xgb_1024_mutation_only_adalead_main,2.087736457338013,e74cd04add8e2b89,2.80734693877551,0.0,5.08,377
8041,rf,1024,matched_seed_random_walk,main,1024,budget_exhausted,rf300_seq303_998d65881285c029,1.3863295000046492,0.7256745999329723,9,1008,1008,1.0,2,subruns\s8041_rf_1024_matched_seed_random_walk_main,15.730567489687418,c4b1246c7668b2e3,6.631836734693877,0.0,1.98,1016
8041,rf,1024,multi_start_hill_climb,main,1024,budget_exhausted,rf300_seq303_998d65881285c029,1.7719736999715678,1.2511421999079175,30,1131,1008,0.8912466843501327,2,subruns\s8041_rf_1024_multi_start_hill_climb_main,15.446475634441862,724c819bf15ab392,3.3118367346938777,0.0,3.26,1016
8041,rf,1024,multi_start_beam,main,1024,stagnation,rf300_seq303_998d65881285c029,1.196369900018908,0.6387742999941111,5,1041,1008,0.968299711815562,2,subruns\s8041_rf_1024_multi_start_beam_main,15.723229239852751,7056a2655e342375,3.4848979591836735,0.0,1.94,1016
8041,rf,1024,mutation_only_ga,main,1024,stagnation,rf300_seq303_998d65881285c029,2.358496400003787,0.887461400066968,12,1146,1008,0.8795811518324608,2,subruns\s8041_rf_1024_mutation_only_ga_main,15.446475634441862,724c819bf15ab392,3.1012244897959182,0.0,2.66,1016
8041,rf,1024,iterated_local_search,main,1024,budget_exhausted,rf300_seq303_998d65881285c029,0.8094750000163913,0.5334261999232695,3,1196,1008,0.842809364548495,2,subruns\s8041_rf_1024_iterated_local_search_main,15.7200647948082,b0a05b548c130bff,4.736326530612245,0.0,1.7,1016
8041,rf,1024,simulated_annealing,main,1024,budget_exhausted,rf300_seq303_998d65881285c029,3.990935300011188,2.660287699836772,64,1008,1008,1.0,2,subruns\s8041_rf_1024_simulated_annealing_main,15.790809674131403,112d669334a5021e,6.51265306122449,0.0,4.4,1016
8041,rf,1024,mutation_only_adalead,main,1024,budget_exhausted,rf300_seq303_998d65881285c029,3.9803882999694906,2.45206900004996,65,1021,1008,0.9872673849167483,2,subruns\s8041_rf_1024_mutation_only_adalead_main,15.446475634441862,724c819bf15ab392,3.0073469387755103,0.0,3.16,1016
8042,xgb,1024,matched_seed_random_walk,main,1024,budget_exhausted,xgb_boot5_sklearn_gbm_abda845a274eb3a5,1.0821299999952316,0.4721214000019245,9,1008,1008,1.0,2,subruns\s8042_xgb_1024_matched_seed_random_walk_main,9.573288478305809,668ce8b844c3ee78,7.753469387755102,0.0,2.06,1016
8042,xgb,1024,multi_start_hill_climb,main,1024,budget_exhausted,xgb_boot5_sklearn_gbm_abda845a274eb3a5,0.944600100046955,0.4581166000571102,30,1131,1008,0.8912466843501327,2,subruns\s8042_xgb_1024_multi_start_hill_climb_main,6.70388613806807,917c0465342d1381,3.950204081632653,0.0,3.16,1016
8042,xgb,1024,multi_start_beam,main,1023,stagnation,xgb_boot5_sklearn_gbm_abda845a274eb3a5,0.9644906999892555,0.47206320002442226,4,1037,1007,0.9710703953712633,2,subruns\s8042_xgb_1024_multi_start_beam_main,9.781373212575724,309a285f23a8624a,7.453061224489796,0.0,1.84,1015
8042,xgb,1024,mutation_only_ga,main,1024,stagnation,xgb_boot5_sklearn_gbm_abda845a274eb3a5,2.0109823999810033,0.4655726000200957,12,1128,1008,0.8936170212765957,2,subruns\s8042_xgb_1024_mutation_only_ga_main,7.428773245559856,a0d455929a87ae1f,5.539591836734694,0.0,3.78,1016
8042,xgb,1024,iterated_local_search,main,1024,budget_exhausted,xgb_boot5_sklearn_gbm_abda845a274eb3a5,0.6630475000129081,0.42023869999684393,3,1195,1008,0.8435146443514644,2,subruns\s8042_xgb_1024_iterated_local_search_main,8.800087868445292,1b9c008265ad1bd0,7.547755102040816,0.0,1.64,1016
8042,xgb,1024,simulated_annealing,main,1024,budget_exhausted,xgb_boot5_sklearn_gbm_abda845a274eb3a5,1.6969633999979123,0.5556406002142467,65,1009,1008,0.9990089197224975,2,subruns\s8042_xgb_1024_simulated_annealing_main,8.061832094374978,5f591c3ca39cc51a,7.146122448979592,0.0,4.3,1016
8042,xgb,1024,mutation_only_adalead,main,611,neighbors_exhausted,xgb_boot5_sklearn_gbm_abda845a274eb3a5,1.017189399979543,0.3559057000093162,45,704,595,0.8451704545454546,2,subruns\s8042_xgb_1024_mutation_only_adalead_main,9.156246646397708,5dc5c369fa56e081,3.15265306122449,0.0,3.48,603
8042,rf,1024,matched_seed_random_walk,main,1024,budget_exhausted,rf300_seq303_8bc5e46cb27e600f,1.4736900000134483,0.798147399968002,9,1008,1008,1.0,2,subruns\s8042_rf_1024_matched_seed_random_walk_main,17.514311965401507,29065a4ea43e6314,7.170612244897959,0.0,2.36,1016
8042,rf,1024,multi_start_hill_climb,main,1024,budget_exhausted,rf300_seq303_8bc5e46cb27e600f,1.8159487000084482,1.3032522001303732,30,1131,1008,0.8912466843501327,2,subruns\s8042_rf_1024_multi_start_hill_climb_main,17.599641207422803,70dfb07a7761dcbe,5.499591836734694,0.0,4.14,1016
8042,rf,1024,multi_start_beam,main,1024,stagnation,rf300_seq303_8bc5e46cb27e600f,1.2592237999779172,0.6817039999878034,5,1037,1008,0.9720347155255545,2,subruns\s8042_rf_1024_multi_start_beam_main,17.4155876285966,a086b438aac1ce50,3.646530612244898,0.0,1.96,1016
8042,rf,1024,mutation_only_ga,main,1024,stagnation,rf300_seq303_8bc5e46cb27e600f,2.896746600046754,0.9813857997651212,12,1107,1008,0.9105691056910569,2,subruns\s8042_rf_1024_mutation_only_ga_main,17.369715730382087,cb8fbc8317ac23f9,3.0693877551020408,0.0,2.36,1016
8042,rf,1024,iterated_local_search,main,1024,budget_exhausted,rf300_seq303_8bc5e46cb27e600f,0.8934728999738581,0.6144858999177814,3,1195,1008,0.8435146443514644,2,subruns\s8042_rf_1024_iterated_local_search_main,17.44213114615134,e884859f7f32ae21,5.723265306122449,0.0,1.44,1016
8042,rf,1024,simulated_annealing,main,1024,budget_exhausted,rf300_seq303_8bc5e46cb27e600f,3.4964515999890864,2.3622594001935795,64,1008,1008,1.0,2,subruns\s8042_rf_1024_simulated_annealing_main,17.85348122687427,1b8df86c86467cc8,6.3428571428571425,0.0,3.74,1016
8042,rf,1024,mutation_only_adalead,main,1024,budget_exhausted,rf300_seq303_8bc5e46cb27e600f,3.547448900004383,2.1385614002356306,66,1028,1008,0.980544747081712,2,subruns\s8042_rf_1024_mutation_only_adalead_main,17.369715730382087,cb8fbc8317ac23f9,2.7420408163265306,0.0,2.56,1016
8043,xgb,1024,matched_seed_random_walk,main,1024,budget_exhausted,xgb_boot5_sklearn_gbm_37e4fbe7ac33813e,1.0501735000289045,0.46714960009558126,9,1008,1008,1.0,2,subruns\s8043_xgb_1024_matched_seed_random_walk_main,8.817671122370374,d2d5f51ac1b2e94a,6.9583673469387755,0.0,1.78,1016
8043,xgb,1024,multi_start_hill_climb,main,1024,budget_exhausted,xgb_boot5_sklearn_gbm_37e4fbe7ac33813e,1.0429177000187337,0.5171897000982426,30,1131,1008,0.8912466843501327,2,subruns\s8043_xgb_1024_multi_start_hill_climb_main,6.850318574098947,c2b333f180c5aa53,5.182040816326531,0.0,4.52,1016
8043,xgb,1024,multi_start_beam,main,1024,budget_exhausted,xgb_boot5_sklearn_gbm_37e4fbe7ac33813e,0.9599612000165507,0.46209169988287613,6,1051,1008,0.9590865842055185,2,subruns\s8043_xgb_1024_multi_start_beam_main,7.868716045551818,3191125fedf6f6fc,5.529795918367347,0.0,2.06,1016
8043,xgb,1024,mutation_only_ga,main,1024,budget_exhausted,xgb_boot5_sklearn_gbm_37e4fbe7ac33813e,1.8506070000003092,0.46147689991630614,12,1140,1008,0.8842105263157894,2,subruns\s8043_xgb_1024_mutation_only_ga_main,6.409195606622745,4544a4ae124de82f,4.932244897959183,0.0,3.76,1016
8043,xgb,1024,iterated_local_search,main,1024,budget_exhausted,xgb_boot5_sklearn_gbm_37e4fbe7ac33813e,0.7360362999606878,0.453760499949567,3,1196,1008,0.842809364548495,2,subruns\s8043_xgb_1024_iterated_local_search_main,8.775328565865319,d6f6706f48fadc12,5.444081632653061,0.0,1.62,1016
8043,xgb,1024,simulated_annealing,main,1024,budget_exhausted,xgb_boot5_sklearn_gbm_37e4fbe7ac33813e,1.6027256999514066,0.5374693997437134,64,1008,1008,1.0,2,subruns\s8043_xgb_1024_simulated_annealing_main,9.046534406227455,b4af3cd780f4049f,6.475918367346939,0.0,4.18,1016
8043,xgb,1024,mutation_only_adalead,main,279,neighbors_exhausted,xgb_boot5_sklearn_gbm_37e4fbe7ac33813e,0.3869311000453308,0.15525159996468574,21,320,263,0.821875,2,subruns\s8043_xgb_1024_mutation_only_adalead_main,7.571350327872645,35fc1510238e7c5e,2.8889795918367347,0.0,3.6,271
8043,rf,1024,matched_seed_random_walk,main,1024,budget_exhausted,rf300_seq303_17c21caf923e4a78,1.343653300020378,0.7571130999713205,9,1008,1008,1.0,2,subruns\s8043_rf_1024_matched_seed_random_walk_main,18.012721736663114,1c4a4a3e5830d857,7.779591836734694,0.0,2.22,1016
8043,rf,1024,multi_start_hill_climb,main,1024,budget_exhausted,rf300_seq303_17c21caf923e4a78,1.7249623999814503,1.2467066997778602,30,1131,1008,0.8912466843501327,2,subruns\s8043_rf_1024_multi_start_hill_climb_main,17.357019401435902,c049ce7a35e2fef7,2.7208163265306125,0.0,4.1,1016
8043,rf,1024,multi_start_beam,main,1024,budget_exhausted,rf300_seq303_17c21caf923e4a78,1.1043840000056662,0.5825459999614395,4,1029,1008,0.9795918367346939,2,subruns\s8043_rf_1024_multi_start_beam_main,17.634285540952703,fc53abcc369a9d31,6.152653061224489,0.0,2.26,1016
8043,rf,1024,mutation_only_ga,main,1024,budget_exhausted,rf300_seq303_17c21caf923e4a78,2.0974674000171944,0.7602210000040941,11,1107,1008,0.9105691056910569,2,subruns\s8043_rf_1024_mutation_only_ga_main,17.45465029317877,a0db619f1d212179,3.71265306122449,0.0,3.92,1016
8043,rf,1024,iterated_local_search,main,1024,budget_exhausted,rf300_seq303_17c21caf923e4a78,0.8033345000003465,0.5586125000845641,3,1196,1008,0.842809364548495,2,subruns\s8043_rf_1024_iterated_local_search_main,17.58024078983938,14fb02a8c09a2d48,5.648163265306122,0.0,2.22,1016
8043,rf,1024,simulated_annealing,main,1024,budget_exhausted,rf300_seq303_17c21caf923e4a78,3.2582462999853306,2.1856841999688186,64,1008,1008,1.0,2,subruns\s8043_rf_1024_simulated_annealing_main,18.18130939947388,5126f10d4bb8c4d5,7.116734693877551,0.0,4.94,1016
8043,rf,1024,mutation_only_adalead,main,1024,budget_exhausted,rf300_seq303_17c21caf923e4a78,3.648993100039661,2.22176649980247,66,1027,1008,0.9814995131450828,2,subruns\s8043_rf_1024_mutation_only_adalead_main,17.410139356617524,8db8ee0907030412,2.938775510204082,0.0,4.08,1016
8044,xgb,1024,matched_seed_random_walk,main,1024,budget_exhausted,xgb_boot5_sklearn_gbm_bce9e26b8e8bdc59,1.0520498999976553,0.46447990008164197,9,1008,1008,1.0,2,subruns\s8044_xgb_1024_matched_seed_random_walk_main,11.07872849183489,de40cd82c8c5d9f1,7.528163265306122,0.0,2.2,1016
8044,xgb,1024,multi_start_hill_climb,main,1024,budget_exhausted,xgb_boot5_sklearn_gbm_bce9e26b8e8bdc59,0.9971567000029609,0.4726368999108672,30,1131,1008,0.8912466843501327,2,subruns\s8044_xgb_1024_multi_start_hill_climb_main,1.1338282728165177,15c8bcb4c050b97c,2.583673469387755,0.0,4.42,1016
8044,xgb,1024,multi_start_beam,main,1024,budget_exhausted,xgb_boot5_sklearn_gbm_bce9e26b8e8bdc59,0.9276837999932468,0.4314937000744976,5,1047,1008,0.9627507163323782,2,subruns\s8044_xgb_1024_multi_start_beam_main,5.082122773475917,fc56283731e4444e,5.438367346938776,0.0,2.64,1016
8044,xgb,1024,mutation_only_ga,main,1023,stagnation,xgb_boot5_sklearn_gbm_bce9e26b8e8bdc59,1.9386536999954842,0.49975719989743084,11,1101,1007,0.9146230699364214,2,subruns\s8044_xgb_1024_mutation_only_ga_main,0.5823075659228941,7c0b2c37550f6368,4.288163265306123,0.0,4.6,1015
8044,xgb,1024,iterated_local_search,main,1024,budget_exhausted,xgb_boot5_sklearn_gbm_bce9e26b8e8bdc59,0.7240263000130653,0.46215650002704933,3,1196,1008,0.842809364548495,2,subruns\s8044_xgb_1024_iterated_local_search_main,7.398829913319398,30a0fce5bd216470,6.725714285714286,0.0,2.16,1016
8044,xgb,1024,simulated_annealing,main,1024,budget_exhausted,xgb_boot5_sklearn_gbm_bce9e26b8e8bdc59,1.5940512000233866,0.5374743001302704,64,1008,1008,1.0,2,subruns\s8044_xgb_1024_simulated_annealing_main,3.5580968832240956,2d115a89d4839d2a,5.431020408163265,0.0,4.42,1016
8044,xgb,1024,mutation_only_adalead,main,338,neighbors_exhausted,xgb_boot5_sklearn_gbm_bce9e26b8e8bdc59,0.5264058000175282,0.18659479991765693,27,416,322,0.7740384615384616,2,subruns\s8044_xgb_1024_mutation_only_adalead_main,0.5823075659228941,7c0b2c37550f6368,2.8277551020408165,0.0,4.9,330
8044,rf,1024,matched_seed_random_walk,main,1024,budget_exhausted,rf300_seq303_69a691e599112287,1.3475845999782905,0.7191572999581695,9,1008,1008,1.0,2,subruns\s8044_rf_1024_matched_seed_random_walk_main,19.336808163787683,4049c5d1261b7468,8.159183673469387,0.0,2.26,1016
8044,rf,1024,multi_start_hill_climb,main,1024,budget_exhausted,rf300_seq303_69a691e599112287,1.7509047000203282,1.220990099827759,30,1131,1008,0.8912466843501327,2,subruns\s8044_rf_1024_multi_start_hill_climb_main,17.636373322195833,4389f9be312ea5bc,3.173877551020408,0.0,4.54,1016
8044,rf,1024,multi_start_beam,main,1024,stagnation,rf300_seq303_69a691e599112287,1.1178359999903478,0.59673449996626,5,1034,1008,0.9748549323017408,2,subruns\s8044_rf_1024_multi_start_beam_main,18.918274051212684,3657a38992def6b9,5.682448979591837,0.0,2.1,1016
8044,rf,1024,mutation_only_ga,main,1024,budget_exhausted,rf300_seq303_69a691e599112287,2.3003743999870494,0.7790084998705424,12,1099,1008,0.9171974522292994,2,subruns\s8044_rf_1024_mutation_only_ga_main,17.90604518354325,4e4f5b49b073128a,4.71265306122449,0.0,4.24,1016
8044,rf,1024,iterated_local_search,main,1024,budget_exhausted,rf300_seq303_69a691e599112287,0.801253599987831,0.5655357000068761,3,1189,1008,0.847771236333053,2,subruns\s8044_rf_1024_iterated_local_search_main,18.770509164188315,0f465f571e48e1f1,7.60734693877551,0.0,1.94,1016
8044,rf,1024,simulated_annealing,main,1024,budget_exhausted,rf300_seq303_69a691e599112287,3.306836800009478,2.1980037997709587,64,1008,1008,1.0,2,subruns\s8044_rf_1024_simulated_annealing_main,17.67203857899696,20a809a2ce6d0dc7,6.47265306122449,0.0,4.72,1016
8044,rf,1024,mutation_only_adalead,main,1024,budget_exhausted,rf300_seq303_69a691e599112287,3.4284067999687977,2.151255800272338,65,1024,1008,0.984375,2,subruns\s8044_rf_1024_mutation_only_adalead_main,17.60737863923716,0092c3eddbc43576,3.914285714285714,0.0,4.72,1016
8045,xgb,1024,matched_seed_random_walk,main,1024,budget_exhausted,xgb_boot5_sklearn_gbm_dca812f51870fb29,1.0364865000010468,0.435444499948062,9,1008,1008,1.0,2,subruns\s8045_xgb_1024_matched_seed_random_walk_main,10.96071986041462,00aafe60c8e83e72,6.915102040816326,0.0,1.74,1016
8045,xgb,1024,multi_start_hill_climb,main,1024,budget_exhausted,xgb_boot5_sklearn_gbm_dca812f51870fb29,0.9932209000107832,0.4896616000914946,30,1131,1008,0.8912466843501327,2,subruns\s8045_xgb_1024_multi_start_hill_climb_main,7.747855359226476,b322fe8e20dc112f,5.302040816326531,0.0,4.32,1016
8045,xgb,1024,multi_start_beam,main,1024,stagnation,xgb_boot5_sklearn_gbm_dca812f51870fb29,1.2026840999606065,0.5071707000606693,5,1043,1008,0.9664429530201343,2,subruns\s8045_xgb_1024_multi_start_beam_main,10.801687035062683,53d2a6b30288c486,6.462857142857143,0.02,1.92,1016
8045,xgb,1024,mutation_only_ga,main,1024,budget_exhausted,xgb_boot5_sklearn_gbm_dca812f51870fb29,1.974156000011135,0.47642590006580576,12,1111,1008,0.9072907290729073,2,subruns\s8045_xgb_1024_mutation_only_ga_main,8.404347335801651,72a92e49d859683a,5.219591836734694,0.0,4.4,1016
8045,xgb,1024,iterated_local_search,main,1024,budget_exhausted,xgb_boot5_sklearn_gbm_dca812f51870fb29,0.7124312999658287,0.40221759997075424,3,1192,1008,0.8456375838926175,2,subruns\s8045_xgb_1024_iterated_local_search_main,10.110721828452027,3625b9c14728e549,6.6971428571428575,0.0,1.6,1016
8045,xgb,1024,simulated_annealing,main,1024,budget_exhausted,xgb_boot5_sklearn_gbm_dca812f51870fb29,1.665485000004992,0.5853907997370698,64,1008,1008,1.0,2,subruns\s8045_xgb_1024_simulated_annealing_main,6.501326317990774,8b8edeb3ef29810b,6.881632653061224,0.0,4.9,1016
8045,xgb,1024,mutation_only_adalead,main,628,neighbors_exhausted,xgb_boot5_sklearn_gbm_dca812f51870fb29,0.94090339995455,0.3326365001848899,46,720,612,0.85,1,subruns\s8045_xgb_1024_mutation_only_adalead_main,4.8710066766294755,f2217b5009ad0db6,2.603265306122449,0.0,5.26,620
8045,rf,1024,matched_seed_random_walk,main,1024,budget_exhausted,rf300_seq303_1c391ad575447ec9,1.283809399988968,0.6845874999999069,9,1008,1008,1.0,2,subruns\s8045_rf_1024_matched_seed_random_walk_main,17.501586813821305,7b4ceb42fc7526eb,5.497142857142857,0.0,1.8,1016
8045,rf,1024,multi_start_hill_climb,main,1024,budget_exhausted,rf300_seq303_1c391ad575447ec9,1.781110699987039,1.2546008000499569,30,1131,1008,0.8912466843501327,2,subruns\s8045_rf_1024_multi_start_hill_climb_main,16.86607042578731,ec4430809bd575a9,2.993469387755102,0.0,2.96,1016
8045,rf,1024,multi_start_beam,main,1017,stagnation,rf300_seq303_1c391ad575447ec9,1.046418999962043,0.5584706000518054,4,1041,1001,0.9615754082612872,2,subruns\s8045_rf_1024_multi_start_beam_main,16.86607042578731,ec4430809bd575a9,3.0816326530612246,0.0,1.7,1009
8045,rf,1024,mutation_only_ga,main,597,stagnation,rf300_seq303_1c391ad575447ec9,1.2703120000078343,0.4580356999649666,6,640,581,0.9078125,2,subruns\s8045_rf_1024_mutation_only_ga_main,16.86607042578731,ec4430809bd575a9,3.4122448979591837,0.0,2.24,589
8045,rf,1024,iterated_local_search,main,1024,budget_exhausted,rf300_seq303_1c391ad575447ec9,0.7934369999566115,0.5358063000021502,3,1196,1008,0.842809364548495,2,subruns\s8045_rf_1024_iterated_local_search_main,16.86607042578731,ec4430809bd575a9,3.4751020408163265,0.0,1.52,1016
8045,rf,1024,simulated_annealing,main,1024,budget_exhausted,rf300_seq303_1c391ad575447ec9,3.290992299967911,2.2089830999611877,64,1008,1008,1.0,2,subruns\s8045_rf_1024_simulated_annealing_main,17.501586813821305,7b4ceb42fc7526eb,6.528979591836735,0.0,4.54,1016
8045,rf,1024,mutation_only_adalead,main,1024,budget_exhausted,rf300_seq303_1c391ad575447ec9,3.528318499971647,2.189016299904324,67,1039,1008,0.9701636188642926,2,subruns\s8045_rf_1024_mutation_only_adalead_main,16.86607042578731,ec4430809bd575a9,3.0563265306122447,0.0,2.78,1016
8046,xgb,1024,matched_seed_random_walk,main,1024,budget_exhausted,xgb_boot5_sklearn_gbm_a7d3d0719f18456d,1.0421597000095062,0.4565247001009993,9,1008,1008,1.0,2,subruns\s8046_xgb_1024_matched_seed_random_walk_main,9.108166996160257,c99d2f8ebd336693,7.317551020408163,0.0,1.84,1016
8046,xgb,1024,multi_start_hill_climb,main,1024,budget_exhausted,xgb_boot5_sklearn_gbm_a7d3d0719f18456d,0.9629263000097126,0.47657399997115135,30,1131,1008,0.8912466843501327,2,subruns\s8046_xgb_1024_multi_start_hill_climb_main,6.713829292776647,41aaab46b30138fa,5.217142857142857,0.0,4.08,1016
8046,xgb,1024,multi_start_beam,main,1024,budget_exhausted,xgb_boot5_sklearn_gbm_a7d3d0719f18456d,1.004044300003443,0.46957700001075864,5,1043,1008,0.9664429530201343,2,subruns\s8046_xgb_1024_multi_start_beam_main,7.711520696582193,c817a534eba3f6e6,6.790204081632653,0.0,2.14,1016
8046,xgb,1024,mutation_only_ga,main,1023,stagnation,xgb_boot5_sklearn_gbm_a7d3d0719f18456d,1.9353879999835044,0.444826899911277,11,1117,1007,0.9015219337511191,2,subruns\s8046_xgb_1024_mutation_only_ga_main,6.29022100134579,630b684d53d76df1,4.559183673469388,0.0,3.8,1015
8046,xgb,1024,iterated_local_search,main,1024,budget_exhausted,xgb_boot5_sklearn_gbm_a7d3d0719f18456d,0.664277299947571,0.43234669999219477,3,1192,1008,0.8456375838926175,2,subruns\s8046_xgb_1024_iterated_local_search_main,7.477551933195474,73d0d8222c3445eb,6.24734693877551,0.0,1.74,1016
8046,xgb,1024,simulated_annealing,main,1024,budget_exhausted,xgb_boot5_sklearn_gbm_a7d3d0719f18456d,1.6437189999851398,0.5598272002534941,64,1008,1008,1.0,2,subruns\s8046_xgb_1024_simulated_annealing_main,6.9090109567049325,79e13686e758193c,6.088163265306123,0.0,4.34,1016
8046,xgb,1024,mutation_only_adalead,main,202,neighbors_exhausted,xgb_boot5_sklearn_gbm_a7d3d0719f18456d,0.2756936000077985,0.10664680012268946,16,240,186,0.775,2,subruns\s8046_xgb_1024_mutation_only_adalead_main,6.963960406535572,b37ef75713b17f5a,2.916734693877551,0.0,2.98,194
8046,rf,1024,matched_seed_random_walk,main,1024,budget_exhausted,rf300_seq303_f9a6397ecfd9ddd2,1.305804800009355,0.7267883999156766,9,1008,1008,1.0,2,subruns\s8046_rf_1024_matched_seed_random_walk_main,16.896023505303706,3c3828634a2bea86,6.246530612244898,0.0,1.9,1016
8046,rf,1024,multi_start_hill_climb,main,1024,budget_exhausted,rf300_seq303_f9a6397ecfd9ddd2,1.8507959000417031,1.2581923999241553,30,1131,1008,0.8912466843501327,2,subruns\s8046_rf_1024_multi_start_hill_climb_main,16.716601678030635,ff9391e4955c7b83,3.9093877551020406,0.0,3.78,1016
8046,rf,1024,multi_start_beam,main,1024,budget_exhausted,rf300_seq303_f9a6397ecfd9ddd2,1.0660663000307977,0.5610023000044748,4,1039,1008,0.9701636188642926,2,subruns\s8046_rf_1024_multi_start_beam_main,16.829388246317944,0473d7230c75b39a,4.7306122448979595,0.0,2.08,1016
8046,rf,1024,mutation_only_ga,main,606,stagnation,rf300_seq303_f9a6397ecfd9ddd2,1.3016950000310317,0.4217613999499008,6,640,590,0.921875,2,subruns\s8046_rf_1024_mutation_only_ga_main,16.896023505303706,3c3828634a2bea86,4.835918367346939,0.0,2.8,598
8046,rf,1024,iterated_local_search,main,1024,budget_exhausted,rf300_seq303_f9a6397ecfd9ddd2,0.7791412000078708,0.531597499968484,3,1160,1008,0.8689655172413793,2,subruns\s8046_rf_1024_iterated_local_search_main,16.896023505303706,3c3828634a2bea86,4.915102040816326,0.0,1.7,1016
8046,rf,1024,simulated_annealing,main,1024,budget_exhausted,rf300_seq303_f9a6397ecfd9ddd2,3.176706700003706,2.118287199817132,64,1008,1008,1.0,2,subruns\s8046_rf_1024_simulated_annealing_main,17.584077652141648,f9e2e8913bba690a,7.069387755102041,0.0,4.22,1016
8046,rf,1024,mutation_only_adalead,main,1024,budget_exhausted,rf300_seq303_f9a6397ecfd9ddd2,3.589282299974002,2.179052800289355,65,1018,1008,0.9901768172888016,2,subruns\s8046_rf_1024_mutation_only_adalead_main,16.71031596263762,62d0eef4ffc07121,3.391020408163265,0.0,3.22,1016
8047,xgb,1024,matched_seed_random_walk,main,1024,budget_exhausted,xgb_boot5_sklearn_gbm_578c907a62c89622,1.1117648999788798,0.47280840011080727,9,1008,1008,1.0,2,subruns\s8047_xgb_1024_matched_seed_random_walk_main,5.418789683444777,bf38625f62369e6c,5.8579591836734695,0.0,1.66,1016
8047,xgb,1024,multi_start_hill_climb,main,1024,budget_exhausted,xgb_boot5_sklearn_gbm_578c907a62c89622,0.9592308000428602,0.47324860031949356,29,1092,1008,0.9230769230769231,2,subruns\s8047_xgb_1024_multi_start_hill_climb_main,1.242178034139573,23421e4a8335854f,2.726530612244898,0.0,3.7,1016
8047,xgb,1024,multi_start_beam,main,1024,budget_exhausted,xgb_boot5_sklearn_gbm_578c907a62c89622,1.0764880999922752,0.5077883999911137,5,1038,1008,0.9710982658959537,2,subruns\s8047_xgb_1024_multi_start_beam_main,3.1084459898600922,93fc20e617928450,5.755102040816326,0.0,2.24,1016
8047,xgb,1024,mutation_only_ga,main,1024,budget_exhausted,xgb_boot5_sklearn_gbm_578c907a62c89622,1.912913500040304,0.4581036999588832,13,1126,1008,0.8952042628774423,2,subruns\s8047_xgb_1024_mutation_only_ga_main,2.157429155922246,44532fb408104055,3.2212244897959184,0.0,3.78,1016
8047,xgb,1024,iterated_local_search,main,1024,budget_exhausted,xgb_boot5_sklearn_gbm_578c907a62c89622,0.71475789998658,0.456193899968639,3,1196,1008,0.842809364548495,2,subruns\s8047_xgb_1024_iterated_local_search_main,3.141937862777591,b725f1110c007222,5.564081632653061,0.0,1.68,1016
8047,xgb,1024,simulated_annealing,main,1024,budget_exhausted,xgb_boot5_sklearn_gbm_578c907a62c89622,1.5954889000277035,0.5424139998503961,64,1008,1008,1.0,2,subruns\s8047_xgb_1024_simulated_annealing_main,5.572945348294167,921821658abb68c0,5.811428571428571,0.0,3.96,1016
8047,xgb,1024,mutation_only_adalead,main,313,neighbors_exhausted,xgb_boot5_sklearn_gbm_578c907a62c89622,0.435298900003545,0.1631755999987945,26,400,297,0.7425,2,subruns\s8047_xgb_1024_mutation_only_adalead_main,1.242178034139573,23421e4a8335854f,2.773061224489796,0.0,4.04,305
8047,rf,1024,matched_seed_random_walk,main,1024,budget_exhausted,rf300_seq303_aec71e2ea8846528,1.4220690000220202,0.7544256998808123,9,1008,1008,1.0,2,subruns\s8047_rf_1024_matched_seed_random_walk_main,17.965845253411132,c7a5eb476f705898,7.080816326530612,0.0,1.98,1016
8047,rf,1024,multi_start_hill_climb,main,1024,budget_exhausted,rf300_seq303_aec71e2ea8846528,1.8436944999848492,1.3235284000984393,30,1131,1008,0.8912466843501327,2,subruns\s8047_rf_1024_multi_start_hill_climb_main,16.860248139378278,e3367eb9f61a47f5,3.1395918367346938,0.0,4.08,1016
8047,rf,1024,multi_start_beam,main,1023,stagnation,rf300_seq303_aec71e2ea8846528,1.0402230000472628,0.5654600998386741,5,1035,1007,0.9729468599033816,2,subruns\s8047_rf_1024_multi_start_beam_main,17.089157575037287,8061210cd18f0bd5,5.204897959183674,0.0,1.9,1015
8047,rf,1024,mutation_only_ga,main,1024,budget_exhausted,rf300_seq303_aec71e2ea8846528,2.2562174000195228,0.7981986999511719,12,1145,1008,0.880349344978166,2,subruns\s8047_rf_1024_mutation_only_ga_main,16.912716115800286,f692c685869d3450,4.163265306122449,0.0,2.84,1016
8047,rf,1024,iterated_local_search,main,1024,budget_exhausted,rf300_seq303_aec71e2ea8846528,0.7861699999775738,0.5347629000316374,3,1196,1008,0.842809364548495,2,subruns\s8047_rf_1024_iterated_local_search_main,17.220528914487947,9d99e0f3886b16f0,5.74204081632653,0.0,1.48,1016
8047,rf,1024,simulated_annealing,main,1024,budget_exhausted,rf300_seq303_aec71e2ea8846528,3.2007140000350773,2.136805100424681,64,1008,1008,1.0,2,subruns\s8047_rf_1024_simulated_annealing_main,17.378276556740314,d1eee8e3d6c55369,6.244897959183674,0.0,4.04,1016
8047,rf,1024,mutation_only_adalead,main,1024,budget_exhausted,rf300_seq303_aec71e2ea8846528,3.657545000023674,2.278829800139647,66,1029,1008,0.9795918367346939,2,subruns\s8047_rf_1024_mutation_only_adalead_main,16.860248139378278,e3367eb9f61a47f5,3.426938775510204,0.0,3.88,1016
8048,xgb,1024,matched_seed_random_walk,main,1024,budget_exhausted,xgb_boot5_sklearn_gbm_214973802b5efb73,1.0671631000004709,0.46305230003781617,9,1008,1008,1.0,2,subruns\s8048_xgb_1024_matched_seed_random_walk_main,7.903843323701591,e91bd00da988bd6c,8.14938775510204,0.0,2.16,1016
8048,xgb,1024,multi_start_hill_climb,main,1024,budget_exhausted,xgb_boot5_sklearn_gbm_214973802b5efb73,1.0093799000023864,0.5003148999530822,30,1131,1008,0.8912466843501327,2,subruns\s8048_xgb_1024_multi_start_hill_climb_main,7.191592394700185,af4bd6edefbfd086,5.02204081632653,0.0,4.12,1016
8048,xgb,1024,multi_start_beam,main,1024,stagnation,xgb_boot5_sklearn_gbm_214973802b5efb73,0.9029592999722809,0.4093184999655932,4,1041,1008,0.968299711815562,2,subruns\s8048_xgb_1024_multi_start_beam_main,7.903843323701591,e91bd00da988bd6c,4.341224489795918,0.0,2.04,1016
8048,xgb,1024,mutation_only_ga,main,919,stagnation,xgb_boot5_sklearn_gbm_214973802b5efb73,1.6745256999856792,0.3990143000264652,9,1024,903,0.8818359375,2,subruns\s8048_xgb_1024_mutation_only_ga_main,7.698206583669389,11a1fceb24383e24,4.184489795918368,0.0,3.42,911
8048,xgb,1024,iterated_local_search,main,1024,budget_exhausted,xgb_boot5_sklearn_gbm_214973802b5efb73,0.7994992000167258,0.47394170000916347,3,1192,1008,0.8456375838926175,2,subruns\s8048_xgb_1024_iterated_local_search_main,7.698206583669389,11a1fceb24383e24,6.170612244897959,0.0,1.86,1016
8048,xgb,1024,simulated_annealing,main,1024,budget_exhausted,xgb_boot5_sklearn_gbm_214973802b5efb73,1.6645096999709494,0.562349500018172,64,1008,1008,1.0,2,subruns\s8048_xgb_1024_simulated_annealing_main,8.52419397063186,109f34717f4ad230,5.283265306122449,0.0,4.28,1016
8048,xgb,1024,mutation_only_adalead,main,330,neighbors_exhausted,xgb_boot5_sklearn_gbm_214973802b5efb73,0.460051600006409,0.18039290007436648,24,368,314,0.8532608695652174,2,subruns\s8048_xgb_1024_mutation_only_adalead_main,7.382892465853658,404b6c6890f1b1ce,2.6497959183673467,0.0,2.92,322
8048,rf,1024,matched_seed_random_walk,main,1024,budget_exhausted,rf300_seq303_4482e21e1c7845e0,1.232689400028903,0.6511414001579396,9,1008,1008,1.0,2,subruns\s8048_rf_1024_matched_seed_random_walk_main,19.7378841175523,94a4660a323110de,8.532244897959183,0.0,1.8,1016
8048,rf,1024,multi_start_hill_climb,main,1024,budget_exhausted,rf300_seq303_4482e21e1c7845e0,1.7834539999603294,1.2533610999817029,29,1092,1008,0.9230769230769231,2,subruns\s8048_rf_1024_multi_start_hill_climb_main,18.829528857239165,964574653d28bc28,3.853061224489796,0.0,4.62,1016
8048,rf,1024,multi_start_beam,main,1024,budget_exhausted,rf300_seq303_4482e21e1c7845e0,1.1519337999634445,0.6041222999920137,5,1052,1008,0.9581749049429658,2,subruns\s8048_rf_1024_multi_start_beam_main,19.064648206599387,fd74b4164fea994d,8.041632653061225,0.0,2.24,1016
8048,rf,1024,mutation_only_ga,main,1024,budget_exhausted,rf300_seq303_4482e21e1c7845e0,2.061026400013361,0.7353346000891179,11,1120,1008,0.9,2,subruns\s8048_rf_1024_mutation_only_ga_main,18.438163818489045,9bb21bee726be9d9,5.044081632653061,0.0,4.64,1016
8048,rf,1024,iterated_local_search,main,1024,budget_exhausted,rf300_seq303_4482e21e1c7845e0,0.7808880999800749,0.5339137999690138,3,1193,1008,0.8449287510477788,2,subruns\s8048_rf_1024_iterated_local_search_main,19.3415308034688,a46eeaf096a5a9ac,8.16326530612245,0.0,1.54,1016
8048,rf,1024,simulated_annealing,main,1024,budget_exhausted,rf300_seq303_4482e21e1c7845e0,3.3053375000017695,2.207474299997557,64,1008,1008,1.0,2,subruns\s8048_rf_1024_simulated_annealing_main,18.945474704332394,4072c1737072a15f,6.476734693877551,0.0,4.54,1016
8048,rf,1024,mutation_only_adalead,main,1024,budget_exhausted,rf300_seq303_4482e21e1c7845e0,3.5991538999951445,2.177587900077924,66,1026,1008,0.9824561403508771,2,subruns\s8048_rf_1024_mutation_only_adalead_main,18.173515912731247,d8a9d4215d7298be,4.177142857142857,0.0,4.6,1016
8049,xgb,1024,matched_seed_random_walk,main,1024,budget_exhausted,xgb_boot5_sklearn_gbm_3bbc867f7a5838c2,1.0475145000382327,0.45439140003873035,9,1008,1008,1.0,2,subruns\s8049_xgb_1024_matched_seed_random_walk_main,9.321972893936035,280a5d7a0066ecbb,5.813061224489796,0.0,1.84,1016
8049,xgb,1024,multi_start_hill_climb,main,1024,budget_exhausted,xgb_boot5_sklearn_gbm_3bbc867f7a5838c2,0.9607638000161387,0.46475349995307624,30,1131,1008,0.8912466843501327,2,subruns\s8049_xgb_1024_multi_start_hill_climb_main,5.192660274646078,b45e95906aa676ae,3.3591836734693876,0.0,4.24,1016
8049,xgb,1024,multi_start_beam,main,1021,stagnation,xgb_boot5_sklearn_gbm_3bbc867f7a5838c2,0.8942119000130333,0.4309853000449948,4,1048,1005,0.958969465648855,2,subruns\s8049_xgb_1024_multi_start_beam_main,9.565169427778304,143e7b4099ea8895,5.321632653061225,0.0,1.96,1013
8049,xgb,1024,mutation_only_ga,main,724,stagnation,xgb_boot5_sklearn_gbm_3bbc867f7a5838c2,1.267081500031054,0.31667140003992245,7,768,708,0.921875,2,subruns\s8049_xgb_1024_mutation_only_ga_main,8.721962318260536,79dbcba68c897cfe,4.230204081632653,0.0,3.54,716
8049,xgb,1024,iterated_local_search,main,1024,budget_exhausted,xgb_boot5_sklearn_gbm_3bbc867f7a5838c2,0.6918023000471294,0.44095539994305,3,1196,1008,0.842809364548495,2,subruns\s8049_xgb_1024_iterated_local_search_main,9.321972893936035,280a5d7a0066ecbb,4.825306122448979,0.0,1.64,1016
8049,xgb,1024,simulated_annealing,main,1024,budget_exhausted,xgb_boot5_sklearn_gbm_3bbc867f7a5838c2,1.7417864000308327,0.5806565000093542,64,1008,1008,1.0,2,subruns\s8049_xgb_1024_simulated_annealing_main,5.477447421696448,5de87a8045d8ce61,4.887346938775511,0.0,4.22,1016
8049,xgb,1024,mutation_only_adalead,main,1024,budget_exhausted,xgb_boot5_sklearn_gbm_3bbc867f7a5838c2,1.6878149000112899,0.5428160998271778,72,1127,1008,0.8944099378881988,2,subruns\s8049_xgb_1024_mutation_only_adalead_main,5.192660274646078,b45e95906aa676ae,2.936326530612245,0.0,3.74,1016
8049,rf,1024,matched_seed_random_walk,main,1024,budget_exhausted,rf300_seq303_f86ddcfe9701147c,1.3212512000463903,0.7077782999840565,9,1008,1008,1.0,2,subruns\s8049_rf_1024_matched_seed_random_walk_main,18.542662675472982,c9919d975ce9f131,5.073469387755102,0.0,1.88,1016
8049,rf,1024,multi_start_hill_climb,main,1024,budget_exhausted,rf300_seq303_f86ddcfe9701147c,1.8303763999720104,1.3011018001125194,30,1131,1008,0.8912466843501327,2,subruns\s8049_rf_1024_multi_start_hill_climb_main,17.992922812908756,f7da141f4b29fd44,3.009795918367347,0.0,4.1,1016
8049,rf,1024,multi_start_beam,main,1024,budget_exhausted,rf300_seq303_f86ddcfe9701147c,1.2027137000113726,0.6365586000028998,5,1039,1008,0.9701636188642926,2,subruns\s8049_rf_1024_multi_start_beam_main,17.99921899300663,e30acf04fb611821,4.37469387755102,0.0,1.88,1016
8049,rf,1024,mutation_only_ga,main,1024,budget_exhausted,rf300_seq303_f86ddcfe9701147c,2.24629429995548,0.7891195999691263,12,1103,1008,0.9138712601994561,2,subruns\s8049_rf_1024_mutation_only_ga_main,18.001851778106204,eee99ea0c771acb2,4.475102040816327,0.0,3.8,1016
8049,rf,1024,iterated_local_search,main,1024,budget_exhausted,rf300_seq303_f86ddcfe9701147c,0.8007769000250846,0.5582659000065178,3,1193,1008,0.8449287510477788,2,subruns\s8049_rf_1024_iterated_local_search_main,18.24456803566657,790b0de29fb00269,4.569795918367347,0.0,1.56,1016
8049,rf,1024,simulated_annealing,main,1024,budget_exhausted,rf300_seq303_f86ddcfe9701147c,3.3175498000346124,2.207047700183466,64,1008,1008,1.0,2,subruns\s8049_rf_1024_simulated_annealing_main,17.74461792649262,295e26daa089ae38,5.106938775510204,0.0,4.28,1016
8049,rf,1024,mutation_only_adalead,main,1024,budget_exhausted,rf300_seq303_f86ddcfe9701147c,4.291291000030469,2.6698152004973963,65,1022,1008,0.9863013698630136,2,subruns\s8049_rf_1024_mutation_only_adalead_main,17.7791023332364,2af79140e2420d20,4.0253061224489795,0.0,4.56,1016
8050,xgb,1024,matched_seed_random_walk,main,1024,budget_exhausted,xgb_boot5_sklearn_gbm_2dfa215d09838f98,1.0479411000269465,0.45234860002528876,9,1008,1008,1.0,2,subruns\s8050_xgb_1024_matched_seed_random_walk_main,8.519300560346958,b66e6617f1e4c546,7.137142857142857,0.0,1.56,1016
8050,xgb,1024,multi_start_hill_climb,main,1024,budget_exhausted,xgb_boot5_sklearn_gbm_2dfa215d09838f98,1.0060249000089243,0.49727050005458295,30,1131,1008,0.8912466843501327,2,subruns\s8050_xgb_1024_multi_start_hill_climb_main,4.960294061942859,95c822d77d35cd1f,3.786122448979592,0.0,4.44,1016
8050,xgb,1024,multi_start_beam,main,1024,budget_exhausted,xgb_boot5_sklearn_gbm_2dfa215d09838f98,1.0095599999767728,0.4415407999185845,6,1042,1008,0.9673704414587332,2,subruns\s8050_xgb_1024_multi_start_beam_main,6.062189820985764,462f0e16488460a4,6.16,0.0,2.02,1016
8050,xgb,1024,mutation_only_ga,main,1024,budget_exhausted,xgb_boot5_sklearn_gbm_2dfa215d09838f98,1.888861800020095,0.45204130007186905,11,1114,1008,0.9048473967684022,2,subruns\s8050_xgb_1024_mutation_only_ga_main,4.174536187646643,47ec1e954f3a11e4,4.131428571428572,0.0,4.62,1016
8050,xgb,1024,iterated_local_search,main,1024,budget_exhausted,xgb_boot5_sklearn_gbm_2dfa215d09838f98,0.7470121999504045,0.45168170001124963,3,1196,1008,0.842809364548495,2,subruns\s8050_xgb_1024_iterated_local_search_main,7.699216716078531,9fe148f1ccca6bf4,6.538775510204082,0.0,1.58,1016
8050,xgb,1024,simulated_annealing,main,1024,budget_exhausted,xgb_boot5_sklearn_gbm_2dfa215d09838f98,1.6129382000071928,0.5404984998749569,64,1008,1008,1.0,2,subruns\s8050_xgb_1024_simulated_annealing_main,5.047124867435322,c65c09413848a58b,4.94204081632653,0.0,4.38,1016
8050,xgb,1024,mutation_only_adalead,main,527,neighbors_exhausted,xgb_boot5_sklearn_gbm_2dfa215d09838f98,0.7867036999668926,0.29319619992747903,37,576,511,0.8871527777777778,2,subruns\s8050_xgb_1024_mutation_only_adalead_main,4.960294061942859,95c822d77d35cd1f,3.0628571428571427,0.0,4.48,519
8050,rf,1024,matched_seed_random_walk,main,1024,budget_exhausted,rf300_seq303_d77b5b769ca04892,1.417550299956929,0.769830200180877,9,1008,1008,1.0,2,subruns\s8050_rf_1024_matched_seed_random_walk_main,18.729852151235775,31a12d2e7b744313,7.488979591836735,0.0,1.86,1016
8050,rf,1024,multi_start_hill_climb,main,1024,budget_exhausted,rf300_seq303_d77b5b769ca04892,1.7275454999762587,1.2048754998249933,30,1131,1008,0.8912466843501327,2,subruns\s8050_rf_1024_multi_start_hill_climb_main,17.43611998635717,6682958ca7376977,3.2955102040816326,0.0,4.44,1016
8050,rf,1024,multi_start_beam,main,1024,stagnation,rf300_seq303_d77b5b769ca04892,1.1819926999742165,0.6265499999863096,5,1035,1008,0.9739130434782609,2,subruns\s8050_rf_1024_multi_start_beam_main,17.878689979031638,d7fb0231bda466ae,6.0285714285714285,0.0,2.24,1016
8050,rf,1024,mutation_only_ga,main,1024,budget_exhausted,rf300_seq303_d77b5b769ca04892,2.4088866999954917,0.842128399934154,13,1148,1008,0.8780487804878049,2,subruns\s8050_rf_1024_mutation_only_ga_main,17.488846410539313,ba8359b372619d15,4.3028571428571425,0.0,3.9,1016
8050,rf,1024,iterated_local_search,main,1024,budget_exhausted,rf300_seq303_d77b5b769ca04892,0.7710671999957412,0.536290000018198,3,1193,1008,0.8449287510477788,2,subruns\s8050_rf_1024_iterated_local_search_main,17.735035652186454,3697ddede9eab9f6,5.955102040816326,0.0,1.56,1016
8050,rf,1024,simulated_annealing,main,1024,budget_exhausted,rf300_seq303_d77b5b769ca04892,3.79986759996973,2.5160507997497916,64,1008,1008,1.0,2,subruns\s8050_rf_1024_simulated_annealing_main,17.585938904822335,62a70823bb2eea38,6.444897959183673,0.0,4.8,1016
8050,rf,1024,mutation_only_adalead,main,1024,budget_exhausted,rf300_seq303_d77b5b769ca04892,3.7562434999854304,2.389585599885322,66,1031,1008,0.9776915615906887,2,subruns\s8050_rf_1024_mutation_only_adalead_main,17.40877648805557,bee69098991ec418,3.286530612244898,0.0,3.82,1016
8051,xgb,1024,matched_seed_random_walk,main,1024,budget_exhausted,xgb_boot5_sklearn_gbm_44a498f297dc17d4,1.1018279999843799,0.46669619996100664,9,1008,1008,1.0,2,subruns\s8051_xgb_1024_matched_seed_random_walk_main,9.215299520587525,fb2d7eefafbddfe9,7.442448979591837,0.0,2.04,1016
8051,xgb,1024,multi_start_hill_climb,main,1024,budget_exhausted,xgb_boot5_sklearn_gbm_44a498f297dc17d4,0.9647895999951288,0.47940139984712005,30,1131,1008,0.8912466843501327,2,subruns\s8051_xgb_1024_multi_start_hill_climb_main,6.8984155513071475,2049386efa709e72,4.384489795918367,0.0,4.58,1016
8051,xgb,1024,multi_start_beam,main,1024,stagnation,xgb_boot5_sklearn_gbm_44a498f297dc17d4,0.8945116000249982,0.4134792000404559,4,1039,1008,0.9701636188642926,2,subruns\s8051_xgb_1024_multi_start_beam_main,9.215299520587525,fb2d7eefafbddfe9,5.101224489795919,0.0,1.94,1016
8051,xgb,1024,mutation_only_ga,main,1024,stagnation,xgb_boot5_sklearn_gbm_44a498f297dc17d4,1.85175510001136,0.48663970007328317,12,1108,1008,0.9097472924187726,2,subruns\s8051_xgb_1024_mutation_only_ga_main,5.60826308720857,95ddb6143ffda179,5.4130612244897955,0.0,4.1,1016
8051,xgb,1024,iterated_local_search,main,1024,budget_exhausted,xgb_boot5_sklearn_gbm_44a498f297dc17d4,0.6795355000067502,0.4217380000045523,3,1193,1008,0.8449287510477788,2,subruns\s8051_xgb_1024_iterated_local_search_main,7.762919723931256,c741e5dfd888fe0b,5.422857142857143,0.0,1.56,1016
8051,xgb,1024,simulated_annealing,main,1024,budget_exhausted,xgb_boot5_sklearn_gbm_44a498f297dc17d4,1.5996685000136495,0.5385146997869015,64,1008,1008,1.0,2,subruns\s8051_xgb_1024_simulated_annealing_main,7.150502774038657,7c3314efa6eab5db,6.489795918367347,0.0,4.68,1016
8051,xgb,1024,mutation_only_adalead,main,169,neighbors_exhausted,xgb_boot5_sklearn_gbm_44a498f297dc17d4,0.23607210000045598,0.08912719984073192,14,208,153,0.7355769230769231,2,subruns\s8051_xgb_1024_mutation_only_adalead_main,5.60826308720857,95ddb6143ffda179,2.5787755102040815,0.0,4.2,161
8051,rf,1024,matched_seed_random_walk,main,1024,budget_exhausted,rf300_seq303_f3095005cf7957ce,1.3445751999970526,0.7188879000605084,9,1008,1008,1.0,2,subruns\s8051_rf_1024_matched_seed_random_walk_main,17.726149375321707,33eac9f1011c10a2,6.2391836734693875,0.0,1.86,1016
8051,rf,1024,multi_start_hill_climb,main,1024,budget_exhausted,rf300_seq303_f3095005cf7957ce,1.7702874999959022,1.2568447997327894,30,1131,1008,0.8912466843501327,2,subruns\s8051_rf_1024_multi_start_hill_climb_main,17.008320799729493,0c6395c211facf2b,3.526530612244898,0.0,4.28,1016
8051,rf,1024,multi_start_beam,main,1024,budget_exhausted,rf300_seq303_f3095005cf7957ce,1.1754156000097282,0.6588270000065677,5,1051,1008,0.9590865842055185,2,subruns\s8051_rf_1024_multi_start_beam_main,17.88883746801824,163e7cd3d1d71f7f,6.421224489795918,0.0,2.36,1016
8051,rf,1024,mutation_only_ga,main,1024,stagnation,rf300_seq303_f3095005cf7957ce,2.230776699958369,0.7798989000730217,12,1131,1008,0.8912466843501327,2,subruns\s8051_rf_1024_mutation_only_ga_main,16.941593730611416,0bc265dda496f13c,4.07265306122449,0.0,4.32,1016
8051,rf,1024,iterated_local_search,main,1024,budget_exhausted,rf300_seq303_f3095005cf7957ce,0.8296116000274196,0.5336393000325188,3,1196,1008,0.842809364548495,2,subruns\s8051_rf_1024_iterated_local_search_main,17.684897670915785,4ec5fbd7305eb00b,5.983673469387755,0.0,1.66,1016
8051,rf,1024,simulated_annealing,main,1024,budget_exhausted,rf300_seq303_f3095005cf7957ce,3.310428700002376,2.2256967001594603,64,1008,1008,1.0,2,subruns\s8051_rf_1024_simulated_annealing_main,17.642111805389685,3ca3fe682f0921df,6.255510204081633,0.0,4.44,1016
8051,rf,1024,mutation_only_adalead,main,1024,budget_exhausted,rf300_seq303_f3095005cf7957ce,3.5097936000092886,2.1940915001905523,65,1023,1008,0.9853372434017595,2,subruns\s8051_rf_1024_mutation_only_adalead_main,16.860603077213735,5fa5763193cdaa57,3.2065306122448978,0.0,4.64,1016
8052,xgb,1024,matched_seed_random_walk,main,1024,budget_exhausted,xgb_boot5_sklearn_gbm_3a72d46bb7ecea23,1.1271529999794438,0.5043270999449305,9,1008,1008,1.0,2,subruns\s8052_xgb_1024_matched_seed_random_walk_main,12.768497461131817,976c58db49002f4c,7.719183673469388,0.0,1.74,1016
8052,xgb,1024,multi_start_hill_climb,main,1024,budget_exhausted,xgb_boot5_sklearn_gbm_3a72d46bb7ecea23,0.9883440000121482,0.480644500174094,30,1131,1008,0.8912466843501327,2,subruns\s8052_xgb_1024_multi_start_hill_climb_main,8.656432273316117,8e7d7a299e48edcf,4.724897959183673,0.0,3.54,1016
8052,xgb,1024,multi_start_beam,main,1023,stagnation,xgb_boot5_sklearn_gbm_3a72d46bb7ecea23,0.9286468999926001,0.43310609995387495,5,1050,1007,0.959047619047619,2,subruns\s8052_xgb_1024_multi_start_beam_main,9.767636053398387,fefb717beeb474c8,5.453061224489796,0.0,2.08,1015
8052,xgb,1024,mutation_only_ga,main,1024,budget_exhausted,xgb_boot5_sklearn_gbm_3a72d46bb7ecea23,1.8967622999916784,0.4574060999439098,12,1139,1008,0.8849868305531168,2,subruns\s8052_xgb_1024_mutation_only_ga_main,8.857653804145814,35b2ce63f597f749,4.4465306122448975,0.0,3.54,1016
8052,xgb,1024,iterated_local_search,main,1024,budget_exhausted,xgb_boot5_sklearn_gbm_3a72d46bb7ecea23,0.7256792000262067,0.46898180001880974,3,1161,1008,0.8682170542635659,2,subruns\s8052_xgb_1024_iterated_local_search_main,10.058651063871153,7ec7727924548efb,6.51265306122449,0.0,1.66,1016
8052,xgb,1024,simulated_annealing,main,1024,budget_exhausted,xgb_boot5_sklearn_gbm_3a72d46bb7ecea23,1.7246780999703333,0.6001697999890894,64,1008,1008,1.0,2,subruns\s8052_xgb_1024_simulated_annealing_main,8.493419235874804,986d6cfbb919cd56,5.231836734693878,0.0,4.84,1016
8052,xgb,1024,mutation_only_adalead,main,315,neighbors_exhausted,xgb_boot5_sklearn_gbm_3a72d46bb7ecea23,0.4149364000186324,0.1676882998435758,23,352,299,0.8494318181818182,2,subruns\s8052_xgb_1024_mutation_only_adalead_main,7.741134089733097,7e02b8a6b90fab81,2.636734693877551,0.0,4.74,307
8052,rf,1024,matched_seed_random_walk,main,1024,budget_exhausted,rf300_seq303_9058ae36e8a303f0,1.373311300005298,0.7658847000566311,9,1008,1008,1.0,2,subruns\s8052_rf_1024_matched_seed_random_walk_main,19.85706624856872,01b8c2b5ff1a4c9f,7.542040816326531,0.0,1.82,1016
8052,rf,1024,multi_start_hill_climb,main,1024,budget_exhausted,rf300_seq303_9058ae36e8a303f0,1.727506200026255,1.2321843001409434,29,1092,1008,0.9230769230769231,2,subruns\s8052_rf_1024_multi_start_hill_climb_main,18.70392344675912,a67bbde512e9bdb4,4.481632653061224,0.0,3.32,1016
8052,rf,1024,multi_start_beam,main,1023,stagnation,rf300_seq303_9058ae36e8a303f0,1.0975983999669552,0.5773973000468686,5,1052,1007,0.9572243346007605,2,subruns\s8052_rf_1024_multi_start_beam_main,19.09351934017701,dc499bdcdc77cc52,4.511020408163265,0.0,1.74,1015
8052,rf,1024,mutation_only_ga,main,793,stagnation,rf300_seq303_9058ae36e8a303f0,1.7138014999800362,0.6197633999399841,8,896,777,0.8671875,2,subruns\s8052_rf_1024_mutation_only_ga_main,18.70392344675912,a67bbde512e9bdb4,3.300408163265306,0.0,2.5,785
8052,rf,1024,iterated_local_search,main,1024,budget_exhausted,rf300_seq303_9058ae36e8a303f0,0.8945993999950588,0.5790687000844628,3,1161,1008,0.8682170542635659,2,subruns\s8052_rf_1024_iterated_local_search_main,18.70392344675912,a67bbde512e9bdb4,4.533061224489796,0.0,1.56,1016
8052,rf,1024,simulated_annealing,main,1024,budget_exhausted,rf300_seq303_9058ae36e8a303f0,3.2683263999642804,2.1750529995188117,64,1008,1008,1.0,2,subruns\s8052_rf_1024_simulated_annealing_main,19.164695082208997,77c87f8bc2fa6773,5.8375510204081635,0.0,4.46,1016
8052,rf,1024,mutation_only_adalead,main,1024,budget_exhausted,rf300_seq303_9058ae36e8a303f0,3.420199699990917,2.15605480002705,67,1042,1008,0.9673704414587332,2,subruns\s8052_rf_1024_mutation_only_adalead_main,18.70392344675912,a67bbde512e9bdb4,2.9812244897959186,0.0,2.92,1016
8053,xgb,1024,matched_seed_random_walk,main,1024,budget_exhausted,xgb_boot5_sklearn_gbm_d5bd4f54dc46c4b4,1.0912445000139996,0.4700791999930516,9,1008,1008,1.0,2,subruns\s8053_xgb_1024_matched_seed_random_walk_main,8.200363450937354,b1025559791854c7,8.084081632653062,0.0,1.76,1016
8053,xgb,1024,multi_start_hill_climb,main,1024,budget_exhausted,xgb_boot5_sklearn_gbm_d5bd4f54dc46c4b4,1.1115082000032999,0.5306600998155773,30,1131,1008,0.8912466843501327,2,subruns\s8053_xgb_1024_multi_start_hill_climb_main,3.2870428533248655,71a355cb2f5efe19,3.0620408163265305,0.0,4.0,1016
8053,xgb,1024,multi_start_beam,main,1024,stagnation,xgb_boot5_sklearn_gbm_d5bd4f54dc46c4b4,0.9672214000020176,0.4420706999953836,6,1053,1008,0.9572649572649573,2,subruns\s8053_xgb_1024_multi_start_beam_main,5.039093323955398,9981aed5937444ae,3.7314285714285713,0.0,2.14,1016
8053,xgb,1024,mutation_only_ga,main,1024,stagnation,xgb_boot5_sklearn_gbm_d5bd4f54dc46c4b4,2.0508645999943838,0.4763299999758601,12,1148,1008,0.8780487804878049,2,subruns\s8053_xgb_1024_mutation_only_ga_main,3.9311194386470376,dd47739473bc0a05,3.4146938775510205,0.0,4.1,1016
8053,xgb,1024,iterated_local_search,main,1024,budget_exhausted,xgb_boot5_sklearn_gbm_d5bd4f54dc46c4b4,0.6860999999917112,0.44971040001837537,3,1193,1008,0.8449287510477788,2,subruns\s8053_xgb_1024_iterated_local_search_main,5.0973882329196245,b88e71e2d4be0083,5.051428571428572,0.0,1.54,1016
8053,xgb,1024,simulated_annealing,main,1024,budget_exhausted,xgb_boot5_sklearn_gbm_d5bd4f54dc46c4b4,1.6450193999917246,0.5559000999783166,64,1008,1008,1.0,2,subruns\s8053_xgb_1024_simulated_annealing_main,5.423509615688496,85a1525f4114f189,6.253061224489796,0.0,4.54,1016
8053,xgb,1024,mutation_only_adalead,main,170,neighbors_exhausted,xgb_boot5_sklearn_gbm_d5bd4f54dc46c4b4,0.2625190000399016,0.10331650008447468,14,208,154,0.7403846153846154,2,subruns\s8053_xgb_1024_mutation_only_adalead_main,3.2870428533248655,71a355cb2f5efe19,2.877551020408163,0.0,4.2,162
8053,rf,1024,matched_seed_random_walk,main,1024,budget_exhausted,rf300_seq303_1101990fe5b1951a,1.5463506000232883,0.823432200064417,9,1008,1008,1.0,2,subruns\s8053_rf_1024_matched_seed_random_walk_main,17.491731543802675,42f860f2ae9bfb6c,7.786938775510204,0.0,2.04,1016
8053,rf,1024,multi_start_hill_climb,main,1024,budget_exhausted,rf300_seq303_1101990fe5b1951a,1.7681040999596007,1.2548131999792531,30,1131,1008,0.8912466843501327,2,subruns\s8053_rf_1024_multi_start_hill_climb_main,16.260997821754607,756d3779e8c67c7d,4.667755102040816,0.0,3.88,1016
8053,rf,1024,multi_start_beam,main,1024,stagnation,rf300_seq303_1101990fe5b1951a,1.1383877999614924,0.6291315999696963,5,1036,1008,0.972972972972973,2,subruns\s8053_rf_1024_multi_start_beam_main,17.227655429003608,d192378eb81b05f5,5.722448979591837,0.0,2.36,1016
8053,rf,1024,mutation_only_ga,main,1024,stagnation,rf300_seq303_1101990fe5b1951a,2.1805151000153273,0.7586166999535635,11,1111,1008,0.9072907290729073,2,subruns\s8053_rf_1024_mutation_only_ga_main,16.287744893032272,b13bbd124e39684a,5.03265306122449,0.0,3.7,1016
8053,rf,1024,iterated_local_search,main,1024,budget_exhausted,rf300_seq303_1101990fe5b1951a,0.8279530000290833,0.5931355999782681,3,1193,1008,0.8449287510477788,2,subruns\s8053_rf_1024_iterated_local_search_main,16.2979743561134,4163f1b347ba6b30,6.112653061224489,0.0,1.58,1016
8053,rf,1024,simulated_annealing,main,1024,budget_exhausted,rf300_seq303_1101990fe5b1951a,3.3012890000245534,2.190198000171222,64,1008,1008,1.0,2,subruns\s8053_rf_1024_simulated_annealing_main,16.689880015539966,33cf29f9e5d90a9d,6.637551020408163,0.0,4.24,1016
8053,rf,1024,mutation_only_adalead,main,1024,budget_exhausted,rf300_seq303_1101990fe5b1951a,3.5495118999970146,2.1955607001436874,66,1022,1008,0.9863013698630136,2,subruns\s8053_rf_1024_mutation_only_adalead_main,16.458695649880493,9c5720430c4952fc,4.842448979591837,0.0,4.14,1016
8054,xgb,1024,matched_seed_random_walk,main,1024,budget_exhausted,xgb_boot5_sklearn_gbm_0ff036b8d379e267,1.0650453999987803,0.45442090003052726,9,1008,1008,1.0,2,subruns\s8054_xgb_1024_matched_seed_random_walk_main,10.1789511836678,9df48e6ed52e73a1,7.697959183673469,0.0,2.64,1016
8054,xgb,1024,multi_start_hill_climb,main,1024,budget_exhausted,xgb_boot5_sklearn_gbm_0ff036b8d379e267,1.0029370000120252,0.5056945999967866,29,1092,1008,0.9230769230769231,2,subruns\s8054_xgb_1024_multi_start_hill_climb_main,8.08323354141435,2968d6954df58024,6.364081632653061,0.0,3.7,1016
8054,xgb,1024,multi_start_beam,main,1024,stagnation,xgb_boot5_sklearn_gbm_0ff036b8d379e267,0.9615976000204682,0.4611530000111088,5,1035,1008,0.9739130434782609,2,subruns\s8054_xgb_1024_multi_start_beam_main,10.03561102296914,60620085d5bc4271,6.511836734693878,0.0,2.9,1016
8054,xgb,1024,mutation_only_ga,main,1024,budget_exhausted,xgb_boot5_sklearn_gbm_0ff036b8d379e267,1.8829781000385992,0.4833825000678189,11,1127,1008,0.8944099378881988,2,subruns\s8054_xgb_1024_mutation_only_ga_main,8.803728730208558,3ac0d1ded5f1dc26,4.803265306122449,0.0,3.92,1016
8054,xgb,1024,iterated_local_search,main,1024,budget_exhausted,xgb_boot5_sklearn_gbm_0ff036b8d379e267,0.801878200029023,0.5047049000277184,3,1196,1008,0.842809364548495,2,subruns\s8054_xgb_1024_iterated_local_search_main,10.03561102296914,60620085d5bc4271,6.533061224489796,0.0,2.68,1016
8054,xgb,1024,simulated_annealing,main,1024,budget_exhausted,xgb_boot5_sklearn_gbm_0ff036b8d379e267,1.7103625999880023,0.5851102998713031,64,1008,1008,1.0,2,subruns\s8054_xgb_1024_simulated_annealing_main,7.817539827342164,f62de35ce1ebecac,6.896326530612245,0.02,4.5,1016
8054,xgb,1024,mutation_only_adalead,main,170,neighbors_exhausted,xgb_boot5_sklearn_gbm_0ff036b8d379e267,0.23828540003160015,0.09648299985565245,12,176,154,0.875,2,subruns\s8054_xgb_1024_mutation_only_adalead_main,6.982962178304781,4356bef2f7c3e22f,3.3477551020408165,0.0,3.8,162
8054,rf,1024,matched_seed_random_walk,main,1024,budget_exhausted,rf300_seq303_44b04a29d1e2dc35,1.2926158999907784,0.6888643998536281,9,1008,1008,1.0,2,subruns\s8054_rf_1024_matched_seed_random_walk_main,18.265495339121678,42f860f2ae9bfb6c,7.203265306122449,0.0,3.34,1016
8054,rf,1024,multi_start_hill_climb,main,1024,budget_exhausted,rf300_seq303_44b04a29d1e2dc35,1.7514777000178583,1.2517609001370147,30,1131,1008,0.8912466843501327,2,subruns\s8054_rf_1024_multi_start_hill_climb_main,17.702285801345656,24f9771423bd36fc,4.155918367346938,0.0,3.74,1016
8054,rf,1024,multi_start_beam,main,1023,stagnation,rf300_seq303_44b04a29d1e2dc35,1.055206699995324,0.5821942001348361,5,1047,1007,0.9617956064947469,2,subruns\s8054_rf_1024_multi_start_beam_main,17.716074519153096,e6c8c229a23876d0,4.449795918367347,0.0,2.52,1015
8054,rf,1024,mutation_only_ga,main,814,stagnation,rf300_seq303_44b04a29d1e2dc35,1.7163098000455648,0.5708833000389859,8,896,798,0.890625,2,subruns\s8054_rf_1024_mutation_only_ga_main,17.716074519153096,e6c8c229a23876d0,3.4661224489795917,0.0,3.38,806
8054,rf,1024,iterated_local_search,main,1024,budget_exhausted,rf300_seq303_44b04a29d1e2dc35,0.7935591000132263,0.5348319000331685,3,1196,1008,0.842809364548495,2,subruns\s8054_rf_1024_iterated_local_search_main,17.716074519153096,e6c8c229a23876d0,5.174693877551021,0.0,2.52,1016
8054,rf,1024,simulated_annealing,main,1024,budget_exhausted,rf300_seq303_44b04a29d1e2dc35,3.2466304000117816,2.185632600041572,64,1008,1008,1.0,2,subruns\s8054_rf_1024_simulated_annealing_main,17.79265692736688,e3a70a4fdbe80dc1,5.875102040816326,0.0,4.58,1016
8054,rf,1024,mutation_only_adalead,main,1024,budget_exhausted,rf300_seq303_44b04a29d1e2dc35,3.7811078000231646,2.3185638002469204,66,1027,1008,0.9814995131450828,2,subruns\s8054_rf_1024_mutation_only_adalead_main,17.715412953456507,7576100631a2dc53,3.682448979591837,0.0,3.96,1016
8055,xgb,1024,matched_seed_random_walk,main,1024,budget_exhausted,xgb_boot5_sklearn_gbm_b72c0b0ac2387a75,1.0380501000327058,0.4433563000638969,9,1008,1008,1.0,2,subruns\s8055_xgb_1024_matched_seed_random_walk_main,5.7289369795018406,c4488472d6487906,7.253877551020408,0.0,1.92,1016
8055,xgb,1024,multi_start_hill_climb,main,1024,budget_exhausted,xgb_boot5_sklearn_gbm_b72c0b0ac2387a75,1.037671500002034,0.47384620003867894,30,1131,1008,0.8912466843501327,2,subruns\s8055_xgb_1024_multi_start_hill_climb_main,1.6881867708461076,3ee93968ad5664d9,3.566530612244898,0.0,4.86,1016
8055,xgb,1024,multi_start_beam,main,1024,budget_exhausted,xgb_boot5_sklearn_gbm_b72c0b0ac2387a75,0.9545909000444226,0.46373969997512177,5,1052,1008,0.9581749049429658,2,subruns\s8055_xgb_1024_multi_start_beam_main,3.7293120090681073,6e04ca8a32eb9d95,5.7240816326530615,0.0,2.42,1016
8055,xgb,1024,mutation_only_ga,main,1024,budget_exhausted,xgb_boot5_sklearn_gbm_b72c0b0ac2387a75,1.868978899961803,0.48943010007496923,11,1129,1008,0.8928255093002657,2,subruns\s8055_xgb_1024_mutation_only_ga_main,2.2848420398324136,5c6e53df24fa0959,4.1787755102040816,0.0,4.16,1016
8055,xgb,1024,iterated_local_search,main,1024,budget_exhausted,xgb_boot5_sklearn_gbm_b72c0b0ac2387a75,0.7317440999904647,0.4643862000084482,3,1193,1008,0.8449287510477788,2,subruns\s8055_xgb_1024_iterated_local_search_main,4.92274602561047,0e2b9cfc929662c0,5.358367346938776,0.0,1.7,1016
8055,xgb,1024,simulated_annealing,main,1024,budget_exhausted,xgb_boot5_sklearn_gbm_b72c0b0ac2387a75,1.5580936999758705,0.5195202998584136,64,1008,1008,1.0,2,subruns\s8055_xgb_1024_simulated_annealing_main,1.6189404527844353,b4f979124e4d9f04,6.0653061224489795,0.0,4.88,1016
8055,xgb,1024,mutation_only_adalead,main,297,neighbors_exhausted,xgb_boot5_sklearn_gbm_b72c0b0ac2387a75,0.4224178000004031,0.16429000004427508,24,368,281,0.7635869565217391,2,subruns\s8055_xgb_1024_mutation_only_adalead_main,1.6911925533532135,cc37f0ca0133850d,2.7224489795918365,0.0,4.96,289
8055,rf,1024,matched_seed_random_walk,main,1024,budget_exhausted,rf300_seq303_79efd4a4eb74726c,1.3854703000397421,0.7236122999456711,9,1008,1008,1.0,2,subruns\s8055_rf_1024_matched_seed_random_walk_main,15.76785397937531,76ee565bd5ed7c69,6.583673469387755,0.0,2.16,1016
8055,rf,1024,multi_start_hill_climb,main,1024,budget_exhausted,rf300_seq303_79efd4a4eb74726c,1.7785533000133,1.2456263998756185,30,1131,1008,0.8912466843501327,2,subruns\s8055_rf_1024_multi_start_hill_climb_main,14.949141988411471,704a54e7820dc8ff,3.470204081632653,0.0,3.64,1016
8055,rf,1024,multi_start_beam,main,1024,budget_exhausted,rf300_seq303_79efd4a4eb74726c,1.1426233000238426,0.6118655999889597,4,1034,1008,0.9748549323017408,2,subruns\s8055_rf_1024_multi_start_beam_main,15.2595192751216,f25d910a8988a4a4,4.002448979591836,0.0,2.14,1016
8055,rf,1024,mutation_only_ga,main,1022,stagnation,rf300_seq303_79efd4a4eb74726c,2.2746325000189245,0.7991131001035683,12,1158,1006,0.8687392055267703,2,subruns\s8055_rf_1024_mutation_only_ga_main,14.949141988411471,704a54e7820dc8ff,3.444081632653061,0.0,3.44,1014
8055,rf,1024,iterated_local_search,main,1024,budget_exhausted,rf300_seq303_79efd4a4eb74726c,0.7999324999982491,0.543287499982398,3,1196,1008,0.842809364548495,2,subruns\s8055_rf_1024_iterated_local_search_main,15.193177060638691,edcf808fb347d596,4.231020408163265,0.0,1.48,1016
8055,rf,1024,simulated_annealing,main,1024,budget_exhausted,rf300_seq303_79efd4a4eb74726c,3.454880299977958,2.2914002000470646,64,1008,1008,1.0,2,subruns\s8055_rf_1024_simulated_annealing_main,15.221487836247716,763103a7aa350ec4,5.674285714285714,0.0,3.9,1016
8055,rf,1024,mutation_only_adalead,main,1024,budget_exhausted,rf300_seq303_79efd4a4eb74726c,3.5688340999768116,2.2121956000919454,66,1031,1008,0.9776915615906887,2,subruns\s8055_rf_1024_mutation_only_adalead_main,14.949141988411471,704a54e7820dc8ff,2.8604081632653062,0.0,3.32,1016
8056,xgb,1024,matched_seed_random_walk,main,1024,budget_exhausted,xgb_boot5_sklearn_gbm_b4f533a416ec4d14,1.0840977999614552,0.46281170001020655,9,1008,1008,1.0,2,subruns\s8056_xgb_1024_matched_seed_random_walk_main,11.997567651724896,35de3e6095867428,7.451428571428571,0.0,1.84,1016
8056,xgb,1024,multi_start_hill_climb,main,1024,budget_exhausted,xgb_boot5_sklearn_gbm_b4f533a416ec4d14,1.0275362000102177,0.5070930999936536,30,1131,1008,0.8912466843501327,2,subruns\s8056_xgb_1024_multi_start_hill_climb_main,11.294181793129841,588a949907f8ce9b,6.852244897959183,0.0,2.22,1016
8056,xgb,1024,multi_start_beam,main,1024,budget_exhausted,xgb_boot5_sklearn_gbm_b4f533a416ec4d14,0.9734076999593526,0.44204549997812137,5,1036,1008,0.972972972972973,2,subruns\s8056_xgb_1024_multi_start_beam_main,9.25364028380377,38f1a9c6032140e0,6.0016326530612245,0.0,2.14,1016
8056,xgb,1024,mutation_only_ga,main,1024,budget_exhausted,xgb_boot5_sklearn_gbm_b4f533a416ec4d14,1.8697251999983564,0.4724140001926571,11,1122,1008,0.8983957219251337,2,subruns\s8056_xgb_1024_mutation_only_ga_main,7.077652483404921,df523b21a68be303,4.462857142857143,0.0,4.42,1016
8056,xgb,1024,iterated_local_search,main,1024,budget_exhausted,xgb_boot5_sklearn_gbm_b4f533a416ec4d14,0.6825853000045754,0.4239736000308767,3,1196,1008,0.842809364548495,2,subruns\s8056_xgb_1024_iterated_local_search_main,11.260048072625205,d699e33e5bf298b3,5.539591836734694,0.0,1.5,1016
8056,xgb,1024,simulated_annealing,main,1024,budget_exhausted,xgb_boot5_sklearn_gbm_b4f533a416ec4d14,1.6401309999637306,0.5644585000700317,64,1008,1008,1.0,2,subruns\s8056_xgb_1024_simulated_annealing_main,8.549734354544405,c7a6d12d2fea4fd2,6.779591836734694,0.0,4.68,1016
8056,xgb,1024,mutation_only_adalead,main,866,neighbors_exhausted,xgb_boot5_sklearn_gbm_b4f533a416ec4d14,1.4348778999992646,0.46564579993719235,64,1008,850,0.8432539682539683,2,subruns\s8056_xgb_1024_mutation_only_adalead_main,7.077652483404921,df523b21a68be303,3.280816326530612,0.0,4.76,858
8056,rf,1024,matched_seed_random_walk,main,1024,budget_exhausted,rf300_seq303_c636c0627bc7f870,1.4483813000260852,0.7596565999556333,9,1008,1008,1.0,2,subruns\s8056_rf_1024_matched_seed_random_walk_main,19.058880229428485,345db1f9b91c8e9f,6.0,0.0,2.06,1016
8056,rf,1024,multi_start_hill_climb,main,1024,budget_exhausted,rf300_seq303_c636c0627bc7f870,1.781442299950868,1.2732392000034451,30,1131,1008,0.8912466843501327,2,subruns\s8056_rf_1024_multi_start_hill_climb_main,18.56565447224817,8677c60a6300df3a,4.677551020408163,0.0,3.94,1016
8056,rf,1024,multi_start_beam,main,1024,stagnation,rf300_seq303_c636c0627bc7f870,1.085791599994991,0.5842699999921024,5,1042,1008,0.9673704414587332,2,subruns\s8056_rf_1024_multi_start_beam_main,18.841573142205174,3e333264844103a2,4.3093877551020405,0.0,2.06,1016
8056,rf,1024,mutation_only_ga,main,1024,budget_exhausted,rf300_seq303_c636c0627bc7f870,2.4267732000444084,0.8906261000665836,12,1121,1008,0.8991971454058876,2,subruns\s8056_rf_1024_mutation_only_ga_main,18.651839462924936,9a2bc295976bc0f8,4.196734693877551,0.0,3.7,1016
8056,rf,1024,iterated_local_search,main,1024,budget_exhausted,rf300_seq303_c636c0627bc7f870,0.8177275999914855,0.5588298999937251,3,1196,1008,0.842809364548495,2,subruns\s8056_rf_1024_iterated_local_search_main,18.87613388487438,e91472869fbff5af,4.785306122448979,0.0,1.58,1016
8056,rf,1024,simulated_annealing,main,1024,budget_exhausted,rf300_seq303_c636c0627bc7f870,3.301391799992416,2.1772165001602843,64,1008,1008,1.0,2,subruns\s8056_rf_1024_simulated_annealing_main,19.07825240552584,2f05e06b5f48a907,6.12734693877551,0.0,4.46,1016
8056,rf,1024,mutation_only_adalead,main,1024,budget_exhausted,rf300_seq303_c636c0627bc7f870,3.5653320999699645,2.174097999755759,66,1025,1008,0.9834146341463414,2,subruns\s8056_rf_1024_mutation_only_adalead_main,18.672807405698478,47b9c54dc8059d09,3.6710204081632654,0.0,3.76,1016
8057,xgb,1024,matched_seed_random_walk,main,1024,budget_exhausted,xgb_boot5_sklearn_gbm_b69787f0a2d94538,1.0104263999965042,0.43800430005649105,9,1008,1008,1.0,2,subruns\s8057_xgb_1024_matched_seed_random_walk_main,9.045975521197196,0c5b3e653e4e11c3,6.7942857142857145,0.0,1.82,1016
8057,xgb,1024,multi_start_hill_climb,main,1024,budget_exhausted,xgb_boot5_sklearn_gbm_b69787f0a2d94538,0.9828141000471078,0.4728112000739202,30,1131,1008,0.8912466843501327,2,subruns\s8057_xgb_1024_multi_start_hill_climb_main,3.3742864144308107,86399f6dfc74f353,2.80734693877551,0.0,4.72,1016
8057,xgb,1024,multi_start_beam,main,1023,stagnation,xgb_boot5_sklearn_gbm_b69787f0a2d94538,0.9947948000044562,0.4691266000736505,5,1046,1007,0.9627151051625239,2,subruns\s8057_xgb_1024_multi_start_beam_main,7.683051995807174,a47b38cef1441bcf,7.115102040816327,0.0,1.62,1015
8057,xgb,1024,mutation_only_ga,main,1024,stagnation,xgb_boot5_sklearn_gbm_b69787f0a2d94538,1.9845294000115246,0.4995280000148341,12,1138,1008,0.8857644991212654,2,subruns\s8057_xgb_1024_mutation_only_ga_main,2.5012034601231,39d2b12ddad31e76,3.602448979591837,0.0,3.8,1016
8057,xgb,1024,iterated_local_search,main,1024,budget_exhausted,xgb_boot5_sklearn_gbm_b69787f0a2d94538,0.6640152000472881,0.4212532000383362,3,1193,1008,0.8449287510477788,2,subruns\s8057_xgb_1024_iterated_local_search_main,8.069488847517992,ec28915d2cceb729,6.9951020408163265,0.0,1.64,1016
8057,xgb,1024,simulated_annealing,main,1024,budget_exhausted,xgb_boot5_sklearn_gbm_b69787f0a2d94538,1.6829267999855801,0.5756795995403081,64,1008,1008,1.0,2,subruns\s8057_xgb_1024_simulated_annealing_main,4.03080282165403,9952ebffae884dba,4.844897959183673,0.0,4.76,1016
8057,xgb,1024,mutation_only_adalead,main,374,neighbors_exhausted,xgb_boot5_sklearn_gbm_b69787f0a2d94538,0.4946540000382811,0.18405099998926744,29,448,358,0.7991071428571429,2,subruns\s8057_xgb_1024_mutation_only_adalead_main,3.3742864144308107,86399f6dfc74f353,2.833469387755102,0.0,4.72,366
8057,rf,1024,matched_seed_random_walk,main,1024,budget_exhausted,rf300_seq303_b7d645dda6c40e95,1.4609837000025436,0.7777863999945112,9,1008,1008,1.0,2,subruns\s8057_rf_1024_matched_seed_random_walk_main,18.34146631379318,0c5b3e653e4e11c3,5.631020408163265,0.0,1.88,1016
8057,rf,1024,multi_start_hill_climb,main,1024,budget_exhausted,rf300_seq303_b7d645dda6c40e95,1.779847299971152,1.274968300072942,30,1131,1008,0.8912466843501327,2,subruns\s8057_rf_1024_multi_start_hill_climb_main,17.355067742966554,566c854d6cd52438,3.1542857142857144,0.0,4.72,1016
8057,rf,1024,multi_start_beam,main,1024,budget_exhausted,rf300_seq303_b7d645dda6c40e95,1.1235848999931477,0.6418103000032715,5,1047,1008,0.9627507163323782,2,subruns\s8057_rf_1024_multi_start_beam_main,17.779364507955563,d958c93f8ea5a01f,6.048163265306123,0.0,2.24,1016
8057,rf,1024,mutation_only_ga,main,1024,budget_exhausted,rf300_seq303_b7d645dda6c40e95,2.2264911999809556,0.7565195001079701,11,1126,1008,0.8952042628774423,2,subruns\s8057_rf_1024_mutation_only_ga_main,17.767553382817315,d68dfb5a59b045fc,5.248979591836735,0.0,3.52,1016
8057,rf,1024,iterated_local_search,main,1024,budget_exhausted,rf300_seq303_b7d645dda6c40e95,0.81714679999277,0.551507500000298,3,1126,1008,0.8952042628774423,2,subruns\s8057_rf_1024_iterated_local_search_main,18.301035182030247,73cd12537b11bf0f,6.030204081632653,0.0,1.66,1016
8057,rf,1024,simulated_annealing,main,1024,budget_exhausted,rf300_seq303_b7d645dda6c40e95,3.31825030001346,2.1653840000508353,64,1008,1008,1.0,2,subruns\s8057_rf_1024_simulated_annealing_main,17.74226563805786,9952ebffae884dba,5.231836734693878,0.0,4.34,1016
8057,rf,1024,mutation_only_adalead,main,1024,budget_exhausted,rf300_seq303_b7d645dda6c40e95,3.4974936000071466,2.225316500174813,66,1033,1008,0.9757986447241046,2,subruns\s8057_rf_1024_mutation_only_adalead_main,17.355067742966554,566c854d6cd52438,3.085714285714286,0.0,4.94,1016
8058,xgb,1024,matched_seed_random_walk,main,1024,budget_exhausted,xgb_boot5_sklearn_gbm_f5aec18623a4d27a,1.0940014999941923,0.46877589996438473,9,1008,1008,1.0,2,subruns\s8058_xgb_1024_matched_seed_random_walk_main,3.581759270235517,07d66e82a96a1f82,7.044897959183674,0.0,1.7,1016
8058,xgb,1024,multi_start_hill_climb,main,1024,budget_exhausted,xgb_boot5_sklearn_gbm_f5aec18623a4d27a,1.054340900038369,0.4894106998690404,30,1131,1008,0.8912466843501327,2,subruns\s8058_xgb_1024_multi_start_hill_climb_main,-2.63327763146108,ac89c3c6eb71b208,4.155918367346938,0.0,4.26,1016
8058,xgb,1024,multi_start_beam,main,1024,budget_exhausted,xgb_boot5_sklearn_gbm_f5aec18623a4d27a,0.928960699995514,0.43420389998937026,5,1038,1008,0.9710982658959537,2,subruns\s8058_xgb_1024_multi_start_beam_main,3.375123637635401,d18ad3421536d90d,6.0253061224489795,0.0,2.0,1016
8058,xgb,1024,mutation_only_ga,main,1024,stagnation,xgb_boot5_sklearn_gbm_f5aec18623a4d27a,1.9243228000123054,0.4780262000276707,12,1122,1008,0.8983957219251337,2,subruns\s8058_xgb_1024_mutation_only_ga_main,-0.568162375441859,c8653f27dc3a84a1,3.608979591836735,0.06,4.24,1016
8058,xgb,1024,iterated_local_search,main,1024,budget_exhausted,xgb_boot5_sklearn_gbm_f5aec18623a4d27a,0.8051937000127509,0.5025442999904044,3,1193,1008,0.8449287510477788,2,subruns\s8058_xgb_1024_iterated_local_search_main,3.581759270235517,07d66e82a96a1f82,6.880816326530613,0.0,1.52,1016
8058,xgb,1024,simulated_annealing,main,1024,budget_exhausted,xgb_boot5_sklearn_gbm_f5aec18623a4d27a,1.6546247000223957,0.5652073000092059,64,1008,1008,1.0,2,subruns\s8058_xgb_1024_simulated_annealing_main,0.6269083614761211,6b6f2ab6c32c3b78,7.013061224489796,0.02,4.52,1016
8058,xgb,1024,mutation_only_adalead,main,241,neighbors_exhausted,xgb_boot5_sklearn_gbm_f5aec18623a4d27a,0.3316598000237718,0.13257010001689196,19,288,225,0.78125,2,subruns\s8058_xgb_1024_mutation_only_adalead_main,-2.63327763146108,ac89c3c6eb71b208,2.7657142857142856,0.0,4.54,233
8058,rf,1024,matched_seed_random_walk,main,1024,budget_exhausted,rf300_seq303_a2f135fd068ed150,1.3716635000309907,0.7298094999860041,9,1008,1008,1.0,2,subruns\s8058_rf_1024_matched_seed_random_walk_main,17.220208503732955,091dfd574334e7c5,7.176326530612245,0.06,2.42,1016
8058,rf,1024,multi_start_hill_climb,main,1024,budget_exhausted,rf300_seq303_a2f135fd068ed150,1.7411510999663733,1.2180801997892559,30,1131,1008,0.8912466843501327,2,subruns\s8058_rf_1024_multi_start_hill_climb_main,16.108207770768942,f4c042442c1851c8,4.1322448979591835,0.0,4.26,1016
8058,rf,1024,multi_start_beam,main,1023,stagnation,rf300_seq303_a2f135fd068ed150,1.1047691000276245,0.6008398000267334,5,1039,1007,0.9692011549566891,2,subruns\s8058_rf_1024_multi_start_beam_main,17.102578652321913,975d7095f53cf457,6.905306122448979,0.02,2.66,1015
8058,rf,1024,mutation_only_ga,main,1023,stagnation,rf300_seq303_a2f135fd068ed150,2.160953900020104,0.8102067000581883,11,1108,1007,0.9088447653429603,2,subruns\s8058_rf_1024_mutation_only_ga_main,16.422633780165395,2d4e3e2fda658eb7,5.886530612244898,0.0,4.42,1015
8058,rf,1024,iterated_local_search,main,1024,budget_exhausted,rf300_seq303_a2f135fd068ed150,0.8998776000225917,0.5838950999313965,3,1193,1008,0.8449287510477788,2,subruns\s8058_rf_1024_iterated_local_search_main,16.59416086862429,f9fc1f699fee7f35,7.371428571428571,0.08,2.42,1016
8058,rf,1024,simulated_annealing,main,1024,budget_exhausted,rf300_seq303_a2f135fd068ed150,3.262542599986773,2.192349800199736,64,1008,1008,1.0,2,subruns\s8058_rf_1024_simulated_annealing_main,16.411199870301097,6e4763983c3346cd,6.72,0.0,5.0,1016
8058,rf,1024,mutation_only_adalead,main,1024,budget_exhausted,rf300_seq303_a2f135fd068ed150,3.526627799961716,2.152659199782647,65,1020,1008,0.9882352941176471,2,subruns\s8058_rf_1024_mutation_only_adalead_main,16.353728950574546,e19af53786b6ee7f,3.6310204081632653,0.0,5.16,1016
8059,xgb,1024,matched_seed_random_walk,main,1024,budget_exhausted,xgb_boot5_sklearn_gbm_6bdf34743f7a0b54,1.0217627999954857,0.45569150015944615,9,1008,1008,1.0,2,subruns\s8059_xgb_1024_matched_seed_random_walk_main,10.110332748419598,f94d71ee54a04fad,7.012244897959183,0.0,2.02,1016
8059,xgb,1024,multi_start_hill_climb,main,1024,budget_exhausted,xgb_boot5_sklearn_gbm_6bdf34743f7a0b54,1.0902031000005081,0.5375311999814585,30,1131,1008,0.8912466843501327,2,subruns\s8059_xgb_1024_multi_start_hill_climb_main,4.573565646525873,9143933dc9e512fb,3.6497959183673467,0.0,4.66,1016
8059,xgb,1024,multi_start_beam,main,1024,stagnation,xgb_boot5_sklearn_gbm_6bdf34743f7a0b54,0.9948124999646097,0.4242155999527313,5,1042,1008,0.9673704414587332,2,subruns\s8059_xgb_1024_multi_start_beam_main,8.567992295243638,9a30fae046e1aade,6.807346938775511,0.0,1.86,1016
8059,xgb,1024,mutation_only_ga,main,1022,stagnation,xgb_boot5_sklearn_gbm_6bdf34743f7a0b54,2.028031399997417,0.5039487999747507,12,1132,1006,0.8886925795053003,2,subruns\s8059_xgb_1024_mutation_only_ga_main,4.829243905211074,b2dc95bdd0ebf9ab,3.876734693877551,0.0,4.18,1014
8059,xgb,1024,iterated_local_search,main,1024,budget_exhausted,xgb_boot5_sklearn_gbm_6bdf34743f7a0b54,0.8350963999982923,0.5503950000274926,3,1192,1008,0.8456375838926175,2,subruns\s8059_xgb_1024_iterated_local_search_main,8.097252064254288,35a30e748d21bced,6.484897959183673,0.0,1.62,1016
8059,xgb,1024,simulated_annealing,main,1024,budget_exhausted,xgb_boot5_sklearn_gbm_6bdf34743f7a0b54,1.5844607999897562,0.5402970999130048,64,1008,1008,1.0,2,subruns\s8059_xgb_1024_simulated_annealing_main,4.829243905211074,b2dc95bdd0ebf9ab,4.99265306122449,0.0,4.46,1016
8059,xgb,1024,mutation_only_adalead,main,283,neighbors_exhausted,xgb_boot5_sklearn_gbm_6bdf34743f7a0b54,0.41465880000032485,0.16349310002988204,22,336,267,0.7946428571428571,2,subruns\s8059_xgb_1024_mutation_only_adalead_main,4.829243905211074,b2dc95bdd0ebf9ab,2.6408163265306124,0.0,4.0,275
8059,rf,1024,matched_seed_random_walk,main,1024,budget_exhausted,rf300_seq303_68906afbb23022ee,1.364912400022149,0.7208243000786752,9,1008,1008,1.0,2,subruns\s8059_rf_1024_matched_seed_random_walk_main,18.139831458478046,b80bb7fcb66e6386,6.333877551020408,0.0,1.92,1016
8059,rf,1024,multi_start_hill_climb,main,1024,budget_exhausted,rf300_seq303_68906afbb23022ee,1.7132805999717675,1.2158458000631072,30,1119,1008,0.900804289544236,2,subruns\s8059_rf_1024_multi_start_hill_climb_main,17.892228541567263,95936cab42e4168b,4.402448979591837,0.08,2.92,1016
8059,rf,1024,multi_start_beam,main,1024,stagnation,rf300_seq303_68906afbb23022ee,1.1338282999931835,0.6319180999998935,5,1039,1008,0.9701636188642926,2,subruns\s8059_rf_1024_multi_start_beam_main,17.97667390179738,4e8dbfc3457df593,5.503673469387755,0.0,2.1,1016
8059,rf,1024,mutation_only_ga,main,1024,budget_exhausted,rf300_seq303_68906afbb23022ee,2.171288299956359,0.7934205999481492,12,1105,1008,0.9122171945701357,2,subruns\s8059_rf_1024_mutation_only_ga_main,17.79392712327078,9373500201d19faa,4.437551020408163,0.02,3.8,1016
8059,rf,1024,iterated_local_search,main,1024,budget_exhausted,rf300_seq303_68906afbb23022ee,0.7838912999723107,0.5353459999896586,3,1196,1008,0.842809364548495,2,subruns\s8059_rf_1024_iterated_local_search_main,17.97667390179738,4e8dbfc3457df593,5.615510204081633,0.02,1.72,1016
8059,rf,1024,simulated_annealing,main,1024,budget_exhausted,rf300_seq303_68906afbb23022ee,3.370409099967219,2.241180200362578,64,1008,1008,1.0,2,subruns\s8059_rf_1024_simulated_annealing_main,17.79392712327078,e12ee1a8d21447f0,5.502040816326531,0.0,4.44,1016
8059,rf,1024,mutation_only_adalead,main,1024,budget_exhausted,rf300_seq303_68906afbb23022ee,3.504989499982912,2.193044800136704,65,1022,1008,0.9863013698630136,2,subruns\s8059_rf_1024_mutation_only_adalead_main,17.79392712327078,9373500201d19faa,2.8212244897959184,0.0,3.98,1016
8060,xgb,1024,matched_seed_random_walk,main,1024,budget_exhausted,xgb_boot5_sklearn_gbm_a7eda786760fd04c,1.0803380000288598,0.4750925000407733,9,1008,1008,1.0,2,subruns\s8060_xgb_1024_matched_seed_random_walk_main,10.182690895952007,4f910369943a302f,7.37469387755102,0.0,2.06,1016
8060,xgb,1024,multi_start_hill_climb,main,1024,budget_exhausted,xgb_boot5_sklearn_gbm_a7eda786760fd04c,1.113385999982711,0.5044808999518864,30,1131,1008,0.8912466843501327,2,subruns\s8060_xgb_1024_multi_start_hill_climb_main,5.469724371192984,1f04d13c4af13c75,3.96,0.0,4.66,1016
8060,xgb,1024,multi_start_beam,main,1024,budget_exhausted,xgb_boot5_sklearn_gbm_a7eda786760fd04c,1.1281712999916635,0.5315918999840505,6,1049,1008,0.9609151572926596,2,subruns\s8060_xgb_1024_multi_start_beam_main,7.393510097427416,925e4286b9dec02d,5.449795918367347,0.0,2.06,1016
8060,xgb,1024,mutation_only_ga,main,1024,budget_exhausted,xgb_boot5_sklearn_gbm_a7eda786760fd04c,1.8907980999792926,0.43786619999445975,12,1139,1008,0.8849868305531168,2,subruns\s8060_xgb_1024_mutation_only_ga_main,5.469724371192984,1f04d13c4af13c75,4.506938775510204,0.0,4.58,1016
8060,xgb,1024,iterated_local_search,main,1024,budget_exhausted,xgb_boot5_sklearn_gbm_a7eda786760fd04c,0.7064009999739937,0.46619500004453585,3,1196,1008,0.842809364548495,2,subruns\s8060_xgb_1024_iterated_local_search_main,9.393190453671156,0ce2a53807b4488d,6.311836734693878,0.0,1.6,1016
8060,xgb,1024,simulated_annealing,main,1024,budget_exhausted,xgb_boot5_sklearn_gbm_a7eda786760fd04c,1.6198893999680877,0.540254500345327,64,1008,1008,1.0,2,subruns\s8060_xgb_1024_simulated_annealing_main,5.469724371192984,e0138a78b2b0ddd3,5.361632653061225,0.0,4.64,1016
8060,xgb,1024,mutation_only_adalead,main,353,neighbors_exhausted,xgb_boot5_sklearn_gbm_a7eda786760fd04c,0.48190240003168583,0.18417110008886084,28,432,337,0.7800925925925926,2,subruns\s8060_xgb_1024_mutation_only_adalead_main,6.33742261066782,46445751dfb739ba,3.3746938775510205,0.0,3.9,345
8060,rf,1024,matched_seed_random_walk,main,1024,budget_exhausted,rf300_seq303_1dcf85e09e4f732a,1.3817045000032522,0.7120133001008071,9,1008,1008,1.0,2,subruns\s8060_rf_1024_matched_seed_random_walk_main,17.811028839712826,630933e047e737af,7.843265306122449,0.0,1.92,1016
8060,rf,1024,multi_start_hill_climb,main,1024,budget_exhausted,rf300_seq303_1dcf85e09e4f732a,1.772600100026466,1.2632216999772936,30,1131,1008,0.8912466843501327,2,subruns\s8060_rf_1024_multi_start_hill_climb_main,16.8560833391076,b092c72f4e7d4e4f,6.263673469387755,0.0,2.8,1016
8060,rf,1024,multi_start_beam,main,1024,stagnation,rf300_seq303_1dcf85e09e4f732a,1.1125480000046082,0.6251466000103392,5,1039,1008,0.9701636188642926,2,subruns\s8060_rf_1024_multi_start_beam_main,17.57063110481944,4f1a421b0e6e3883,7.010612244897959,0.0,1.88,1016
8060,rf,1024,mutation_only_ga,main,1023,neighbors_exhausted,rf300_seq303_1dcf85e09e4f732a,2.2776115000015125,0.7539830000023358,11,1114,1007,0.9039497307001796,2,subruns\s8060_rf_1024_mutation_only_ga_main,17.19095051723555,250151515d61d7be,6.340408163265306,0.0,3.6,1015
8060,rf,1024,iterated_local_search,main,1024,budget_exhausted,rf300_seq303_1dcf85e09e4f732a,0.7881565000279807,0.538893899996765,3,1196,1008,0.842809364548495,2,subruns\s8060_rf_1024_iterated_local_search_main,17.50800796011788,441bc773174442a5,7.525714285714286,0.0,1.5,1016
8060,rf,1024,simulated_annealing,main,1024,budget_exhausted,rf300_seq303_1dcf85e09e4f732a,3.3040305000031367,2.1835387999308296,64,1008,1008,1.0,2,subruns\s8060_rf_1024_simulated_annealing_main,17.611203438485305,b69f0f50c1a7b0cf,7.368163265306123,0.0,4.26,1016
8060,rf,1024,mutation_only_adalead,main,1024,budget_exhausted,rf300_seq303_1dcf85e09e4f732a,3.4867071000044234,2.1884520002058707,66,1026,1008,0.9824561403508771,2,subruns\s8060_rf_1024_mutation_only_adalead_main,16.651980593344618,e354de36da196012,3.646530612244898,0.0,2.44,1016
8061,xgb,1024,matched_seed_random_walk,main,1024,budget_exhausted,xgb_boot5_sklearn_gbm_aca939daec339e81,1.0325998999760486,0.45169519999762997,9,1008,1008,1.0,2,subruns\s8061_xgb_1024_matched_seed_random_walk_main,9.534548480356042,dc88f047119e52e8,7.943673469387755,0.0,1.72,1016
8061,xgb,1024,multi_start_hill_climb,main,1024,budget_exhausted,xgb_boot5_sklearn_gbm_aca939daec339e81,1.009316600044258,0.49982860015006736,30,1131,1008,0.8912466843501327,2,subruns\s8061_xgb_1024_multi_start_hill_climb_main,3.9078016402107303,27fe52df8207861c,3.9306122448979592,0.0,3.8,1016
8061,xgb,1024,multi_start_beam,main,1020,stagnation,xgb_boot5_sklearn_gbm_aca939daec339e81,0.989277399959974,0.46031150000635535,4,1048,1004,0.9580152671755725,2,subruns\s8061_xgb_1024_multi_start_beam_main,5.649884766910962,1e571bbe5b2eb9ab,5.61469387755102,0.0,2.54,1012
8061,xgb,1024,mutation_only_ga,main,1022,stagnation,xgb_boot5_sklearn_gbm_aca939daec339e81,1.9670157000073232,0.48318499996094033,12,1141,1006,0.8816827344434707,2,subruns\s8061_xgb_1024_mutation_only_ga_main,2.553525154033979,94a5b15801731f78,3.419591836734694,0.0,4.18,1014
8061,xgb,1024,iterated_local_search,main,1024,budget_exhausted,xgb_boot5_sklearn_gbm_aca939daec339e81,0.7158153000054881,0.4675861999858171,3,1193,1008,0.8449287510477788,2,subruns\s8061_xgb_1024_iterated_local_search_main,5.649884766910962,21e1506a8b31f6c5,5.868571428571428,0.0,1.76,1016
8061,xgb,1024,simulated_annealing,main,1024,budget_exhausted,xgb_boot5_sklearn_gbm_aca939daec339e81,1.6338623999617994,0.5624300000490621,64,1008,1008,1.0,2,subruns\s8061_xgb_1024_simulated_annealing_main,3.9078016402107303,27fe52df8207861c,4.69469387755102,0.0,4.96,1016
8061,xgb,1024,mutation_only_adalead,main,371,neighbors_exhausted,xgb_boot5_sklearn_gbm_aca939daec339e81,0.5753218000172637,0.22622120007872581,28,432,355,0.8217592592592593,2,subruns\s8061_xgb_1024_mutation_only_adalead_main,2.008553446995066,d6fb7e94418fcb81,2.7183673469387757,0.0,4.62,363
8061,rf,1024,matched_seed_random_walk,main,1024,budget_exhausted,rf300_seq303_f5fa2e319de66407,1.3284979999880306,0.6887759999954142,9,1008,1008,1.0,2,subruns\s8061_rf_1024_matched_seed_random_walk_main,16.767124280513794,992e3a87be9727f4,6.7706122448979595,0.0,1.72,1016
8061,rf,1024,multi_start_hill_climb,main,1024,budget_exhausted,rf300_seq303_f5fa2e319de66407,1.7985994999762625,1.2537971001002006,30,1131,1008,0.8912466843501327,2,subruns\s8061_rf_1024_multi_start_hill_climb_main,16.526372489052793,88e6029a24375b01,3.0440816326530613,0.0,4.8,1016
8061,rf,1024,multi_start_beam,main,1019,stagnation,rf300_seq303_f5fa2e319de66407,1.0934102999744937,0.5384469000855461,4,1040,1003,0.9644230769230769,2,subruns\s8061_rf_1024_multi_start_beam_main,16.288115745649513,57cc320407c966f8,3.4522448979591838,0.0,1.84,1011
8061,rf,1024,mutation_only_ga,main,687,stagnation,rf300_seq303_f5fa2e319de66407,1.3828777999733575,0.4942432999960147,7,768,671,0.8736979166666666,2,subruns\s8061_rf_1024_mutation_only_ga_main,16.267560747375022,20190fb29989e472,3.2146938775510203,0.0,2.82,679
8061,rf,1024,iterated_local_search,main,1024,budget_exhausted,rf300_seq303_f5fa2e319de66407,0.7730403000023216,0.5189122000010684,3,1196,1008,0.842809364548495,2,subruns\s8061_rf_1024_iterated_local_search_main,16.267560747375022,20190fb29989e472,3.9583673469387755,0.0,1.54,1016
8061,rf,1024,simulated_annealing,main,1024,budget_exhausted,rf300_seq303_f5fa2e319de66407,3.253570700006094,2.175191000045743,64,1008,1008,1.0,2,subruns\s8061_rf_1024_simulated_annealing_main,16.592428906981368,64004839bf202282,6.542040816326531,0.0,4.56,1016
8061,rf,1024,mutation_only_adalead,main,1024,budget_exhausted,rf300_seq303_f5fa2e319de66407,3.705349500000011,2.249864599783905,66,1027,1008,0.9814995131450828,2,subruns\s8061_rf_1024_mutation_only_adalead_main,16.267560747375022,20190fb29989e472,2.8848979591836734,0.0,3.08,1016
8062,xgb,1024,matched_seed_random_walk,main,1024,budget_exhausted,xgb_boot5_sklearn_gbm_2ccac25c9d5338bc,1.1224732999689877,0.4800471998169087,9,1008,1008,1.0,2,subruns\s8062_xgb_1024_matched_seed_random_walk_main,7.263925708118327,a8831eaa6d9fc365,8.291428571428572,0.0,1.82,1016
8062,xgb,1024,multi_start_hill_climb,main,1024,budget_exhausted,xgb_boot5_sklearn_gbm_2ccac25c9d5338bc,1.0020680000307038,0.49953129969071597,30,1131,1008,0.8912466843501327,2,subruns\s8062_xgb_1024_multi_start_hill_climb_main,1.7628236588219082,802242532ee10449,3.886530612244898,0.12,4.78,1016
8062,xgb,1024,multi_start_beam,main,1024,stagnation,xgb_boot5_sklearn_gbm_2ccac25c9d5338bc,1.000679199991282,0.44853509991662577,6,1043,1008,0.9664429530201343,2,subruns\s8062_xgb_1024_multi_start_beam_main,4.919557453685689,6dcbc3ec7b59dfe4,5.238367346938776,0.0,1.82,1016
8062,xgb,1024,mutation_only_ga,main,1024,budget_exhausted,xgb_boot5_sklearn_gbm_2ccac25c9d5338bc,2.047402399999555,0.4648045000503771,12,1116,1008,0.9032258064516129,2,subruns\s8062_xgb_1024_mutation_only_ga_main,3.3009475849177456,397534aba1848991,3.2922448979591836,0.0,4.46,1016
8062,xgb,1024,iterated_local_search,main,1024,budget_exhausted,xgb_boot5_sklearn_gbm_2ccac25c9d5338bc,0.7104442999698222,0.4665183000615798,3,1196,1008,0.842809364548495,2,subruns\s8062_xgb_1024_iterated_local_search_main,6.431370510640939,2c092f3eadb8157b,7.12734693877551,0.0,1.46,1016
8062,xgb,1024,simulated_annealing,main,1024,budget_exhausted,xgb_boot5_sklearn_gbm_2ccac25c9d5338bc,1.6537369000143372,0.5567975001758896,64,1008,1008,1.0,2,subruns\s8062_xgb_1024_simulated_annealing_main,3.711349070761986,46224cf441ba7183,7.155102040816327,0.0,3.96,1016
8062,xgb,1024,mutation_only_adalead,main,465,neighbors_exhausted,xgb_boot5_sklearn_gbm_2ccac25c9d5338bc,0.688539499999024,0.24529730004724115,34,528,449,0.8503787878787878,2,subruns\s8062_xgb_1024_mutation_only_adalead_main,6.842159905450194,74b422f88dbd9bb5,3.670204081632653,0.0,2.62,457
8062,rf,1024,matched_seed_random_walk,main,1024,budget_exhausted,rf300_seq303_ddd1eca266d93a06,1.307045899971854,0.7177164000459015,9,1008,1008,1.0,2,subruns\s8062_rf_1024_matched_seed_random_walk_main,18.22729784055368,e8f16edd5e09b994,7.254693877551021,0.0,2.1,1016
8062,rf,1024,multi_start_hill_climb,main,1024,budget_exhausted,rf300_seq303_ddd1eca266d93a06,1.777821799973026,1.233849600132089,30,1131,1008,0.8912466843501327,2,subruns\s8062_rf_1024_multi_start_hill_climb_main,17.592104951479037,8cf1e433587d3aea,5.182857142857143,0.0,4.14,1016
8062,rf,1024,multi_start_beam,main,1021,stagnation,rf300_seq303_ddd1eca266d93a06,1.0541797000332735,0.5839415999362245,4,1035,1005,0.9710144927536232,2,subruns\s8062_rf_1024_multi_start_beam_main,17.943531174648868,5fcb12db4f1ff17f,5.324081632653061,0.0,1.82,1013
8062,rf,1024,mutation_only_ga,main,920,stagnation,rf300_seq303_ddd1eca266d93a06,2.0137643999769352,0.654499200056307,9,1024,904,0.8828125,2,subruns\s8062_rf_1024_mutation_only_ga_main,17.537287032757988,23affba8c6206200,4.177142857142857,0.0,2.78,912
8062,rf,1024,iterated_local_search,main,1024,budget_exhausted,rf300_seq303_ddd1eca266d93a06,0.8334892999846488,0.5778862999868579,3,1193,1008,0.8449287510477788,2,subruns\s8062_rf_1024_iterated_local_search_main,17.943531174648868,5fcb12db4f1ff17f,6.307755102040816,0.0,1.56,1016
8062,rf,1024,simulated_annealing,main,1024,budget_exhausted,rf300_seq303_ddd1eca266d93a06,3.279669500014279,2.1808653001789935,64,1008,1008,1.0,2,subruns\s8062_rf_1024_simulated_annealing_main,17.943531174648868,97804de572d0bb6c,6.6571428571428575,0.0,3.86,1016
8062,rf,1024,mutation_only_adalead,main,1024,budget_exhausted,rf300_seq303_ddd1eca266d93a06,4.000478899979498,2.560481599997729,66,1025,1008,0.9834146341463414,2,subruns\s8062_rf_1024_mutation_only_adalead_main,17.462619383288253,4160c518d0772401,3.229387755102041,0.0,3.58,1016
8063,xgb,1024,matched_seed_random_walk,main,1024,budget_exhausted,xgb_boot5_sklearn_gbm_c656baa31fdd3fe4,1.1063473000540398,0.46256889996584505,9,1008,1008,1.0,2,subruns\s8063_xgb_1024_matched_seed_random_walk_main,6.078271744395936,b5bdcfc059171ff6,7.946938775510204,0.04,2.3,1016
8063,xgb,1024,multi_start_hill_climb,main,1024,budget_exhausted,xgb_boot5_sklearn_gbm_c656baa31fdd3fe4,0.9740740999695845,0.47562189999734983,30,1131,1008,0.8912466843501327,2,subruns\s8063_xgb_1024_multi_start_hill_climb_main,3.141743409554136,cc509a2d5980e024,3.229387755102041,0.0,4.32,1016
8063,xgb,1024,multi_start_beam,main,1024,budget_exhausted,xgb_boot5_sklearn_gbm_c656baa31fdd3fe4,0.951535000000149,0.44383279990870506,5,1047,1008,0.9627507163323782,2,subruns\s8063_xgb_1024_multi_start_beam_main,3.6175292873892113,e9b0bd7d29377ef4,5.260408163265306,0.0,2.24,1016
8063,xgb,1024,mutation_only_ga,main,1024,stagnation,xgb_boot5_sklearn_gbm_c656baa31fdd3fe4,2.049334999988787,0.4779321000096388,12,1107,1008,0.9105691056910569,2,subruns\s8063_xgb_1024_mutation_only_ga_main,4.5677668532317615,773f80d2715494eb,4.744489795918367,0.0,3.84,1016
8063,xgb,1024,iterated_local_search,main,1024,budget_exhausted,xgb_boot5_sklearn_gbm_c656baa31fdd3fe4,0.6862620000028983,0.42705619998741895,3,1161,1008,0.8682170542635659,2,subruns\s8063_xgb_1024_iterated_local_search_main,6.59089687727329,01b0f50dfdb05f94,4.95265306122449,0.0,1.92,1016
8063,xgb,1024,simulated_annealing,main,1024,budget_exhausted,xgb_boot5_sklearn_gbm_c656baa31fdd3fe4,1.6747251999913715,0.5596163998125121,64,1008,1008,1.0,2,subruns\s8063_xgb_1024_simulated_annealing_main,3.4640378424008054,cbe635a81dbb2a88,4.562448979591837,0.0,4.08,1016
8063,xgb,1024,mutation_only_adalead,main,352,neighbors_exhausted,xgb_boot5_sklearn_gbm_c656baa31fdd3fe4,0.5464003999950364,0.2263600000878796,27,416,336,0.8076923076923077,2,subruns\s8063_xgb_1024_mutation_only_adalead_main,2.990926441692929,abee83b5875c8668,2.8946938775510205,0.0,4.14,344
8063,rf,1024,matched_seed_random_walk,main,1024,budget_exhausted,rf300_seq303_f0bb61139ef4693e,1.3739063999964856,0.755864099948667,9,1008,1008,1.0,2,subruns\s8063_rf_1024_matched_seed_random_walk_main,17.85796589614753,5c3b6628332a75bc,7.01795918367347,0.0,1.98,1016
8063,rf,1024,multi_start_hill_climb,main,1024,budget_exhausted,rf300_seq303_f0bb61139ef4693e,2.0726498999865726,1.3676135001005605,30,1131,1008,0.8912466843501327,2,subruns\s8063_rf_1024_multi_start_hill_climb_main,16.995565410694315,9906c825d8584bcf,3.8057142857142856,0.0,4.08,1016
8063,rf,1024,multi_start_beam,main,1024,stagnation,rf300_seq303_f0bb61139ef4693e,1.181109800003469,0.6155941999168135,5,1044,1008,0.9655172413793104,2,subruns\s8063_rf_1024_multi_start_beam_main,17.85796589614753,5c3b6628332a75bc,6.401632653061225,0.0,1.9,1016
8063,rf,1024,mutation_only_ga,main,1024,budget_exhausted,rf300_seq303_f0bb61139ef4693e,2.4098671000101604,0.8004085000720806,13,1122,1008,0.8983957219251337,2,subruns\s8063_rf_1024_mutation_only_ga_main,17.209596503762906,9671073961ee17a6,4.723265306122449,0.0,4.04,1016
8063,rf,1024,iterated_local_search,main,1024,budget_exhausted,rf300_seq303_f0bb61139ef4693e,0.8391116999555379,0.5643578000017442,3,1196,1008,0.842809364548495,2,subruns\s8063_rf_1024_iterated_local_search_main,17.59175806968458,56178debad0562d6,4.852244897959183,0.0,1.62,1016
8063,rf,1024,simulated_annealing,main,1024,budget_exhausted,rf300_seq303_f0bb61139ef4693e,3.290498699992895,2.229443899996113,64,1008,1008,1.0,2,subruns\s8063_rf_1024_simulated_annealing_main,17.55197721412773,51128b5e48010e04,5.973877551020408,0.0,4.44,1016
8063,rf,1024,mutation_only_adalead,main,1024,budget_exhausted,rf300_seq303_f0bb61139ef4693e,3.450398499961011,2.144183899916243,65,1022,1008,0.9863013698630136,2,subruns\s8063_rf_1024_mutation_only_adalead_main,16.995565410694315,9906c825d8584bcf,3.40734693877551,0.0,4.42,1016
8064,xgb,1024,matched_seed_random_walk,main,1024,budget_exhausted,xgb_boot5_sklearn_gbm_541e06f058d031bb,1.1141682000015862,0.4844502999330871,9,1008,1008,1.0,2,subruns\s8064_xgb_1024_matched_seed_random_walk_main,8.255105408969658,ad05d766c27dd9b3,7.342040816326531,0.0,1.9,1016
8064,xgb,1024,multi_start_hill_climb,main,1024,budget_exhausted,xgb_boot5_sklearn_gbm_541e06f058d031bb,0.9761418999987654,0.4835755999083631,30,1131,1008,0.8912466843501327,2,subruns\s8064_xgb_1024_multi_start_hill_climb_main,5.844383408779748,10a72d34dcf21276,3.733061224489796,0.0,4.18,1016
8064,xgb,1024,multi_start_beam,main,1024,budget_exhausted,xgb_boot5_sklearn_gbm_541e06f058d031bb,0.9900447000400163,0.4591799000627361,5,1034,1008,0.9748549323017408,2,subruns\s8064_xgb_1024_multi_start_beam_main,7.721399795543266,6d55e4d572b95d03,6.836734693877551,0.0,1.96,1016
8064,xgb,1024,mutation_only_ga,main,1024,budget_exhausted,xgb_boot5_sklearn_gbm_541e06f058d031bb,2.041292199981399,0.5048583999741822,11,1142,1008,0.882661996497373,2,subruns\s8064_xgb_1024_mutation_only_ga_main,5.238935534960303,7745dac753e5cc6e,4.089795918367347,0.0,4.2,1016
8064,xgb,1024,iterated_local_search,main,1024,budget_exhausted,xgb_boot5_sklearn_gbm_541e06f058d031bb,0.7247600000118837,0.4770629000267945,3,1196,1008,0.842809364548495,2,subruns\s8064_xgb_1024_iterated_local_search_main,8.255105408969658,ad05d766c27dd9b3,6.45469387755102,0.0,1.66,1016
8064,xgb,1024,simulated_annealing,main,1024,budget_exhausted,xgb_boot5_sklearn_gbm_541e06f058d031bb,1.7469179999898188,0.6075568997766823,64,1008,1008,1.0,2,subruns\s8064_xgb_1024_simulated_annealing_main,5.11133605684947,038f7e5100fc8238,4.410612244897959,0.0,4.34,1016
8064,xgb,1024,mutation_only_adalead,main,128,neighbors_exhausted,xgb_boot5_sklearn_gbm_541e06f058d031bb,0.30040180002106354,0.0861367000034079,10,144,112,0.7777777777777778,2,subruns\s8064_xgb_1024_mutation_only_adalead_main,9.044752498964895,4816d2b66cdad081,2.608979591836735,0.0,2.4,120
8064,rf,1024,matched_seed_random_walk,main,1024,budget_exhausted,rf300_seq303_2d8c9ca7f3827ba9,1.3614240000024438,0.7197549999691546,9,1008,1008,1.0,2,subruns\s8064_rf_1024_matched_seed_random_walk_main,17.63033799634803,ad05d766c27dd9b3,6.515102040816327,0.0,1.9,1016
8064,rf,1024,multi_start_hill_climb,main,1024,budget_exhausted,rf300_seq303_2d8c9ca7f3827ba9,1.760892899997998,1.2351823996868916,30,1131,1008,0.8912466843501327,2,subruns\s8064_rf_1024_multi_start_hill_climb_main,16.637979661259415,66cde3a973dbe4d3,3.4318367346938774,0.0,3.98,1016
8064,rf,1024,multi_start_beam,main,1024,budget_exhausted,rf300_seq303_2d8c9ca7f3827ba9,1.1658899000030942,0.6437117999303155,5,1034,1008,0.9748549323017408,2,subruns\s8064_rf_1024_multi_start_beam_main,17.370394963825824,3f5d945b40782627,6.071020408163266,0.0,2.08,1016
8064,rf,1024,mutation_only_ga,main,1024,budget_exhausted,rf300_seq303_2d8c9ca7f3827ba9,2.4206530999508686,0.8126641999697313,12,1138,1008,0.8857644991212654,2,subruns\s8064_rf_1024_mutation_only_ga_main,16.921603170627208,51479abd475095d6,4.479183673469388,0.0,4.28,1016
8064,rf,1024,iterated_local_search,main,1024,budget_exhausted,rf300_seq303_2d8c9ca7f3827ba9,0.7875280000152998,0.5377533999853767,3,1196,1008,0.842809364548495,2,subruns\s8064_rf_1024_iterated_local_search_main,17.63033799634803,ad05d766c27dd9b3,6.048163265306123,0.0,1.78,1016
8064,rf,1024,simulated_annealing,main,1024,budget_exhausted,rf300_seq303_2d8c9ca7f3827ba9,3.20780360000208,2.150238500384148,64,1008,1008,1.0,2,subruns\s8064_rf_1024_simulated_annealing_main,16.938449042071714,b1d276575dda52f1,5.626122448979592,0.0,3.72,1016
8064,rf,1024,mutation_only_adalead,main,1024,budget_exhausted,rf300_seq303_2d8c9ca7f3827ba9,3.3816288000089116,2.137809600273613,65,1021,1008,0.9872673849167483,2,subruns\s8064_rf_1024_mutation_only_adalead_main,16.637979661259415,66cde3a973dbe4d3,3.2955102040816326,0.0,4.2,1016
8065,xgb,1024,matched_seed_random_walk,main,1024,budget_exhausted,xgb_boot5_sklearn_gbm_058d0ba3b92910cb,1.015802400012035,0.43172609992325306,9,1008,1008,1.0,2,subruns\s8065_xgb_1024_matched_seed_random_walk_main,6.170886523319888,6963887813fffa64,7.915918367346939,0.0,1.86,1016
8065,xgb,1024,multi_start_hill_climb,main,1024,budget_exhausted,xgb_boot5_sklearn_gbm_058d0ba3b92910cb,1.0940300999791361,0.5410841999109834,30,1131,1008,0.8912466843501327,2,subruns\s8065_xgb_1024_multi_start_hill_climb_main,1.8416458186482672,68b7259d878431c9,4.1053061224489795,0.0,4.66,1016
8065,xgb,1024,multi_start_beam,main,1024,stagnation,xgb_boot5_sklearn_gbm_058d0ba3b92910cb,0.9761007000342943,0.46850449993507937,5,1039,1008,0.9701636188642926,2,subruns\s8065_xgb_1024_multi_start_beam_main,3.7308947092293243,d885e834b233097b,6.755102040816326,0.0,2.06,1016
8065,xgb,1024,mutation_only_ga,main,1012,stagnation,xgb_boot5_sklearn_gbm_058d0ba3b92910cb,1.7291776000056416,0.45781990012619644,10,1091,996,0.9129239230064161,2,subruns\s8065_xgb_1024_mutation_only_ga_main,2.0877498510572234,3815e1b735315d1e,3.7044897959183674,0.0,4.28,1004
8065,xgb,1024,iterated_local_search,main,1024,budget_exhausted,xgb_boot5_sklearn_gbm_058d0ba3b92910cb,0.759960499999579,0.4590979000204243,3,1193,1008,0.8449287510477788,2,subruns\s8065_xgb_1024_iterated_local_search_main,4.5038511594331,5c1b90def21f11d0,7.322448979591837,0.0,1.72,1016
8065,xgb,1024,simulated_annealing,main,1024,budget_exhausted,xgb_boot5_sklearn_gbm_058d0ba3b92910cb,1.6033140000072308,0.5401055999682285,64,1008,1008,1.0,2,subruns\s8065_xgb_1024_simulated_annealing_main,3.9079749460601185,62f671234b59eb90,5.524081632653061,0.0,4.64,1016
8065,xgb,1024,mutation_only_adalead,main,440,neighbors_exhausted,xgb_boot5_sklearn_gbm_058d0ba3b92910cb,0.6090087000047788,0.2353370998171158,33,512,424,0.828125,2,subruns\s8065_xgb_1024_mutation_only_adalead_main,2.385717890665363,8217d65c63046857,2.8481632653061224,0.0,4.88,432
8065,rf,1024,matched_seed_random_walk,main,1024,budget_exhausted,rf300_seq303_ad82a996749abc24,1.3264860999770463,0.7264392001670785,9,1008,1008,1.0,2,subruns\s8065_rf_1024_matched_seed_random_walk_main,16.581263782016872,a2ff2d13633588f5,6.946122448979592,0.0,1.8,1016
8065,rf,1024,multi_start_hill_climb,main,1024,budget_exhausted,rf300_seq303_ad82a996749abc24,1.8243079999811016,1.2824888998875394,30,1131,1008,0.8912466843501327,2,subruns\s8065_rf_1024_multi_start_hill_climb_main,15.929173619914005,600ba6ffdc741d1e,3.4685714285714284,0.0,4.08,1016
8065,rf,1024,multi_start_beam,main,1024,budget_exhausted,rf300_seq303_ad82a996749abc24,1.1877304000081494,0.6036786999902688,4,1031,1008,0.9776915615906887,2,subruns\s8065_rf_1024_multi_start_beam_main,15.929173619914005,600ba6ffdc741d1e,5.6269387755102045,0.0,1.94,1016
8065,rf,1024,mutation_only_ga,main,1024,budget_exhausted,rf300_seq303_ad82a996749abc24,2.1710135000175796,0.7910707000410184,12,1133,1008,0.8896734333627537,2,subruns\s8065_rf_1024_mutation_only_ga_main,15.940300919855163,4614194100d2b1ef,4.577959183673469,0.0,3.26,1016
8065,rf,1024,iterated_local_search,main,1024,budget_exhausted,rf300_seq303_ad82a996749abc24,0.8402592999627814,0.55725930002518,3,1193,1008,0.8449287510477788,2,subruns\s8065_rf_1024_iterated_local_search_main,15.929173619914005,600ba6ffdc741d1e,5.638367346938775,0.0,1.52,1016
8065,rf,1024,simulated_annealing,main,1024,budget_exhausted,rf300_seq303_ad82a996749abc24,3.325407200027257,2.1882038999465294,64,1008,1008,1.0,2,subruns\s8065_rf_1024_simulated_annealing_main,15.986530072383253,be56af10269ded6d,4.82204081632653,0.0,3.9,1016
8065,rf,1024,mutation_only_adalead,main,1024,budget_exhausted,rf300_seq303_ad82a996749abc24,3.5057546999887563,2.193702600139659,66,1031,1008,0.9776915615906887,2,subruns\s8065_rf_1024_mutation_only_adalead_main,15.929173619914005,600ba6ffdc741d1e,3.6946938775510203,0.0,4.24,1016
8066,xgb,1024,matched_seed_random_walk,main,1024,budget_exhausted,xgb_boot5_sklearn_gbm_940add1ef272d8a3,1.039662400027737,0.4766700999462046,9,1008,1008,1.0,2,subruns\s8066_xgb_1024_matched_seed_random_walk_main,9.411418536545703,3c679a40e1192e67,6.006530612244898,0.0,1.8,1016
8066,xgb,1024,multi_start_hill_climb,main,1024,budget_exhausted,xgb_boot5_sklearn_gbm_940add1ef272d8a3,1.0010994999902323,0.49642099998891354,30,1131,1008,0.8912466843501327,2,subruns\s8066_xgb_1024_multi_start_hill_climb_main,4.746288044295799,7419184b037b7988,4.18938775510204,0.0,3.54,1016
8066,xgb,1024,multi_start_beam,main,1024,stagnation,xgb_boot5_sklearn_gbm_940add1ef272d8a3,0.9820499999914318,0.47691730002406985,5,1042,1008,0.9673704414587332,2,subruns\s8066_xgb_1024_multi_start_beam_main,9.315716923805681,7f67e99944d04c46,4.0351020408163265,0.0,2.02,1016
8066,xgb,1024,mutation_only_ga,main,1024,budget_exhausted,xgb_boot5_sklearn_gbm_940add1ef272d8a3,1.861253699986264,0.44396599993342534,12,1141,1008,0.8834355828220859,2,subruns\s8066_xgb_1024_mutation_only_ga_main,4.746288044295799,7419184b037b7988,3.474285714285714,0.0,3.88,1016
8066,xgb,1024,iterated_local_search,main,1024,budget_exhausted,xgb_boot5_sklearn_gbm_940add1ef272d8a3,0.7507957000052556,0.46529250004095957,3,1196,1008,0.842809364548495,2,subruns\s8066_xgb_1024_iterated_local_search_main,7.645894583160336,6b2d1cadeac0c24a,4.019591836734694,0.0,1.62,1016
8066,xgb,1024,simulated_annealing,main,1024,budget_exhausted,xgb_boot5_sklearn_gbm_940add1ef272d8a3,1.6674933999893256,0.5571632999926805,64,1008,1008,1.0,2,subruns\s8066_xgb_1024_simulated_annealing_main,4.746288044295799,7419184b037b7988,4.213061224489796,0.0,4.1,1016
8066,xgb,1024,mutation_only_adalead,main,169,neighbors_exhausted,xgb_boot5_sklearn_gbm_940add1ef272d8a3,0.248423199984245,0.09070009994320571,15,224,153,0.6830357142857143,2,subruns\s8066_xgb_1024_mutation_only_adalead_main,4.746288044295799,7419184b037b7988,2.7281632653061223,0.0,3.96,161
8066,rf,1024,matched_seed_random_walk,main,1024,budget_exhausted,rf300_seq303_d2a944f6b5a62d94,1.4400304000009783,0.7755479000043124,9,1008,1008,1.0,2,subruns\s8066_rf_1024_matched_seed_random_walk_main,19.086138846477716,0ee059eae4155749,6.099591836734694,0.0,1.78,1016
8066,rf,1024,multi_start_hill_climb,main,1024,budget_exhausted,rf300_seq303_d2a944f6b5a62d94,1.7799592000083067,1.2656098001170903,30,1131,1008,0.8912466843501327,2,subruns\s8066_rf_1024_multi_start_hill_climb_main,16.94654129997026,780016b9eda1e4a2,3.5240816326530613,0.0,4.58,1016
8066,rf,1024,multi_start_beam,main,1024,stagnation,rf300_seq303_d2a944f6b5a62d94,1.1229841000167653,0.5971825998858549,5,1031,1008,0.9776915615906887,2,subruns\s8066_rf_1024_multi_start_beam_main,18.448014816477407,7fa752cf543fd50f,6.08,0.0,2.46,1016
8066,rf,1024,mutation_only_ga,main,1024,budget_exhausted,rf300_seq303_d2a944f6b5a62d94,2.271856500010472,0.7793167998897843,12,1091,1008,0.923923006416132,2,subruns\s8066_rf_1024_mutation_only_ga_main,16.988200010064574,5388ffdf4aa3893b,3.3951020408163264,0.0,4.54,1016
8066,rf,1024,iterated_local_search,main,1024,budget_exhausted,rf300_seq303_d2a944f6b5a62d94,0.8262538999551907,0.5513222000445239,3,1196,1008,0.842809364548495,2,subruns\s8066_rf_1024_iterated_local_search_main,18.448014816477407,7fa752cf543fd50f,6.653061224489796,0.0,1.9,1016
8066,rf,1024,simulated_annealing,main,1024,budget_exhausted,rf300_seq303_d2a944f6b5a62d94,3.2061902999994345,2.122684300004039,64,1008,1008,1.0,2,subruns\s8066_rf_1024_simulated_annealing_main,17.265412976032653,46052941338a7246,4.737959183673469,0.0,4.4,1016
8066,rf,1024,mutation_only_adalead,main,1024,budget_exhausted,rf300_seq303_d2a944f6b5a62d94,3.7248471999773756,2.220841900096275,65,1021,1008,0.9872673849167483,2,subruns\s8066_rf_1024_mutation_only_adalead_main,19.412298283725395,f13b1912bce19ea5,2.979591836734694,0.0,4.06,1016
8067,xgb,1024,matched_seed_random_walk,main,1024,budget_exhausted,xgb_boot5_sklearn_gbm_301f72b717c62a5b,1.0792769000399858,0.44944710010895506,9,1008,1008,1.0,2,subruns\s8067_xgb_1024_matched_seed_random_walk_main,8.034267220035625,405ee9d0e8a3ad82,6.2628571428571425,0.0,2.08,1016
8067,xgb,1024,multi_start_hill_climb,main,1024,budget_exhausted,xgb_boot5_sklearn_gbm_301f72b717c62a5b,1.0151050999993458,0.47657450003316626,29,1092,1008,0.9230769230769231,2,subruns\s8067_xgb_1024_multi_start_hill_climb_main,4.678104240248477,20e8187916fe32d8,3.630204081632653,0.0,4.02,1016
8067,xgb,1024,multi_start_beam,main,1024,stagnation,xgb_boot5_sklearn_gbm_301f72b717c62a5b,1.039775900018867,0.47978449991205707,5,1051,1008,0.9590865842055185,2,subruns\s8067_xgb_1024_multi_start_beam_main,7.344296519239661,d543aea1bec7735b,5.722448979591837,0.0,1.94,1016
8067,xgb,1024,mutation_only_ga,main,1022,stagnation,xgb_boot5_sklearn_gbm_301f72b717c62a5b,1.9333728999481536,0.45655780006200075,11,1131,1006,0.8894783377541998,2,subruns\s8067_xgb_1024_mutation_only_ga_main,5.941028761933781,aadcff9d276fba6e,4.779591836734694,0.0,3.64,1014
8067,xgb,1024,iterated_local_search,main,1024,budget_exhausted,xgb_boot5_sklearn_gbm_301f72b717c62a5b,0.7842594000394456,0.4603412000578828,3,1196,1008,0.842809364548495,2,subruns\s8067_xgb_1024_iterated_local_search_main,7.344296519239661,d543aea1bec7735b,6.258775510204082,0.0,1.58,1016
8067,xgb,1024,simulated_annealing,main,1024,budget_exhausted,xgb_boot5_sklearn_gbm_301f72b717c62a5b,1.6461830000043847,0.5506852000835352,64,1008,1008,1.0,2,subruns\s8067_xgb_1024_simulated_annealing_main,5.961336079701315,7b63829fe0554f8f,5.702040816326531,0.0,4.26,1016
8067,xgb,1024,mutation_only_adalead,main,123,neighbors_exhausted,xgb_boot5_sklearn_gbm_301f72b717c62a5b,0.18355820002034307,0.07227819983381778,10,144,107,0.7430555555555556,2,subruns\s8067_xgb_1024_mutation_only_adalead_main,5.941028761933781,aadcff9d276fba6e,2.889795918367347,0.0,3.02,115
8067,rf,1024,matched_seed_random_walk,main,1024,budget_exhausted,rf300_seq303_d87db896afb57f01,1.3416117000160739,0.7465630000224337,9,1008,1008,1.0,2,subruns\s8067_rf_1024_matched_seed_random_walk_main,17.401525281431844,0495382c073c9c47,7.021224489795919,0.0,2.0,1016
8067,rf,1024,multi_start_hill_climb,main,1024,budget_exhausted,rf300_seq303_d87db896afb57f01,1.7738844000268728,1.2662752002943307,30,1131,1008,0.8912466843501327,2,subruns\s8067_rf_1024_multi_start_hill_climb_main,16.675053111281414,5b3fa6ff50d32cb5,4.544489795918367,0.0,4.54,1016
8067,rf,1024,multi_start_beam,main,1024,budget_exhausted,rf300_seq303_d87db896afb57f01,1.1002537999884225,0.569003300042823,4,1040,1008,0.9692307692307692,2,subruns\s8067_rf_1024_multi_start_beam_main,16.980696649435885,832716ff1567a41e,6.380408163265306,0.0,2.18,1016
8067,rf,1024,mutation_only_ga,main,944,stagnation,rf300_seq303_d87db896afb57f01,1.9955754000111483,0.6665258000139147,9,1024,928,0.90625,2,subruns\s8067_rf_1024_mutation_only_ga_main,16.823114619566912,7f30fe4e59530264,5.823673469387755,0.0,3.86,936
8067,rf,1024,iterated_local_search,main,1024,budget_exhausted,rf300_seq303_d87db896afb57f01,0.8820915999822319,0.6377974000643007,3,1196,1008,0.842809364548495,2,subruns\s8067_rf_1024_iterated_local_search_main,17.401525281431844,0495382c073c9c47,6.755102040816326,0.0,1.7,1016
8067,rf,1024,simulated_annealing,main,1024,budget_exhausted,rf300_seq303_d87db896afb57f01,3.251760400016792,2.1733017999795265,64,1008,1008,1.0,2,subruns\s8067_rf_1024_simulated_annealing_main,17.25559686595277,33e5f2eca0283820,6.877551020408164,0.0,4.48,1016
8067,rf,1024,mutation_only_adalead,main,1024,budget_exhausted,rf300_seq303_d87db896afb57f01,3.609935799962841,2.2890993004548363,66,1028,1008,0.980544747081712,2,subruns\s8067_rf_1024_mutation_only_adalead_main,16.675053111281414,5b3fa6ff50d32cb5,4.142857142857143,0.0,4.14,1016
8068,xgb,1024,matched_seed_random_walk,main,1024,budget_exhausted,xgb_boot5_sklearn_gbm_a3367ae7d02ab407,1.053574999968987,0.46177389996591955,9,1008,1008,1.0,2,subruns\s8068_xgb_1024_matched_seed_random_walk_main,9.230926226716425,62bcf9a0eaa68825,8.162448979591836,0.0,2.5,1016
8068,xgb,1024,multi_start_hill_climb,main,1024,budget_exhausted,xgb_boot5_sklearn_gbm_a3367ae7d02ab407,1.0490088000078686,0.48390670033404604,30,1131,1008,0.8912466843501327,2,subruns\s8068_xgb_1024_multi_start_hill_climb_main,7.677981005634758,cdf7c70e83dfca61,5.520816326530612,0.0,4.02,1016
8068,xgb,1024,multi_start_beam,main,1024,stagnation,xgb_boot5_sklearn_gbm_a3367ae7d02ab407,0.9736125000054017,0.4418091999250464,6,1055,1008,0.9554502369668246,2,subruns\s8068_xgb_1024_multi_start_beam_main,8.335450054816953,4f7324c30e224122,6.59265306122449,0.0,2.58,1016
8068,xgb,1024,mutation_only_ga,main,1019,stagnation,xgb_boot5_sklearn_gbm_a3367ae7d02ab407,1.8885421000304632,0.46007489995099604,11,1142,1003,0.8782837127845884,2,subruns\s8068_xgb_1024_mutation_only_ga_main,6.924391696821199,59e645373c69548a,6.36734693877551,0.0,3.02,1011
8068,xgb,1024,iterated_local_search,main,1024,budget_exhausted,xgb_boot5_sklearn_gbm_a3367ae7d02ab407,0.7482277000090107,0.44593920005718246,3,1192,1008,0.8456375838926175,2,subruns\s8068_xgb_1024_iterated_local_search_main,8.40377318228839,579f0817e7d45bc0,7.875918367346939,0.0,2.04,1016
8068,xgb,1024,simulated_annealing,main,1024,budget_exhausted,xgb_boot5_sklearn_gbm_a3367ae7d02ab407,1.6506293999846093,0.5762775999610312,64,1008,1008,1.0,2,subruns\s8068_xgb_1024_simulated_annealing_main,7.977489892072548,5bee659f8b3f41cd,7.113469387755102,0.0,4.5,1016
8068,xgb,1024,mutation_only_adalead,main,209,neighbors_exhausted,xgb_boot5_sklearn_gbm_a3367ae7d02ab407,0.2985403999919072,0.11956419993657619,16,240,193,0.8041666666666667,2,subruns\s8068_xgb_1024_mutation_only_adalead_main,5.84085650240277,7b2faa8f18898590,3.08,0.0,3.74,201
8068,rf,1024,matched_seed_random_walk,main,1024,budget_exhausted,rf300_seq303_ec3cd41055b476e2,1.3375478999805637,0.7202837000368163,9,1008,1008,1.0,2,subruns\s8068_rf_1024_matched_seed_random_walk_main,17.935329112397266,51c7b63dff64fc13,6.82204081632653,0.0,2.18,1016
8068,rf,1024,multi_start_hill_climb,main,1024,budget_exhausted,rf300_seq303_ec3cd41055b476e2,1.72481520002475,1.2252208000863902,30,1131,1008,0.8912466843501327,2,subruns\s8068_rf_1024_multi_start_hill_climb_main,16.623422331063257,625c1db20401b434,2.9526530612244897,0.0,3.92,1016
8068,rf,1024,multi_start_beam,main,1022,stagnation,rf300_seq303_ec3cd41055b476e2,1.1752307999995537,0.6614959999569692,5,1048,1006,0.9599236641221374,2,subruns\s8068_rf_1024_multi_start_beam_main,17.602973214545184,06ce3879ca2364f5,4.42530612244898,0.0,1.98,1014
8068,rf,1024,mutation_only_ga,main,1024,budget_exhausted,rf300_seq303_ec3cd41055b476e2,2.199974600051064,0.7833855000790209,12,1119,1008,0.900804289544236,2,subruns\s8068_rf_1024_mutation_only_ga_main,16.817135338489688,67c686eadc0e2656,3.806530612244898,0.0,4.58,1016
8068,rf,1024,iterated_local_search,main,1024,budget_exhausted,rf300_seq303_ec3cd41055b476e2,0.8105631000362337,0.566583399893716,3,1192,1008,0.8456375838926175,2,subruns\s8068_rf_1024_iterated_local_search_main,17.602973214545184,06ce3879ca2364f5,5.426938775510204,0.0,1.82,1016
8068,rf,1024,simulated_annealing,main,1024,budget_exhausted,rf300_seq303_ec3cd41055b476e2,3.243583000032231,2.1608609996037558,64,1008,1008,1.0,2,subruns\s8068_rf_1024_simulated_annealing_main,17.11125656047268,4663b3d7fc0d86be,5.947755102040817,0.0,4.76,1016
8068,rf,1024,mutation_only_adalead,main,1024,budget_exhausted,rf300_seq303_ec3cd41055b476e2,3.449738499999512,2.1713242004043423,66,1036,1008,0.972972972972973,2,subruns\s8068_rf_1024_mutation_only_adalead_main,16.623422331063257,625c1db20401b434,2.7518367346938777,0.0,3.86,1016
8069,xgb,1024,matched_seed_random_walk,main,1024,budget_exhausted,xgb_boot5_sklearn_gbm_2103041490474efd,1.062873600050807,0.44378700002562255,9,1008,1008,1.0,2,subruns\s8069_xgb_1024_matched_seed_random_walk_main,8.62696413261176,4d28b27ebb5adda7,7.605714285714286,0.0,1.74,1016
8069,xgb,1024,multi_start_hill_climb,main,1024,budget_exhausted,xgb_boot5_sklearn_gbm_2103041490474efd,0.9854215999948792,0.4627427001250908,30,1131,1008,0.8912466843501327,2,subruns\s8069_xgb_1024_multi_start_hill_climb_main,5.4999134963441785,9fa79307b1975614,4.1355102040816325,0.0,4.68,1016
8069,xgb,1024,multi_start_beam,main,1022,stagnation,xgb_boot5_sklearn_gbm_2103041490474efd,0.9525380000122823,0.4602039000601508,4,1043,1006,0.9645254074784276,2,subruns\s8069_xgb_1024_multi_start_beam_main,9.685835814320797,2e74598853318f30,6.69469387755102,0.0,2.12,1014
8069,xgb,1024,mutation_only_ga,main,1024,budget_exhausted,xgb_boot5_sklearn_gbm_2103041490474efd,1.8750739000388421,0.44218610000098124,12,1115,1008,0.9040358744394619,2,subruns\s8069_xgb_1024_mutation_only_ga_main,6.4553607304614165,ef172e6b92cd5156,4.289795918367347,0.0,4.06,1016
8069,xgb,1024,iterated_local_search,main,1024,budget_exhausted,xgb_boot5_sklearn_gbm_2103041490474efd,0.6814237000071444,0.4265896999859251,3,1192,1008,0.8456375838926175,2,subruns\s8069_xgb_1024_iterated_local_search_main,7.98319961325046,1804a2deefbb4f65,6.181224489795919,0.0,1.74,1016
8069,xgb,1024,simulated_annealing,main,1024,budget_exhausted,xgb_boot5_sklearn_gbm_2103041490474efd,1.6321742999716662,0.5425745998509228,64,1008,1008,1.0,2,subruns\s8069_xgb_1024_simulated_annealing_main,4.348804003535371,29e079f9b023b8df,4.462857142857143,0.0,5.0,1016
8069,xgb,1024,mutation_only_adalead,main,482,neighbors_exhausted,xgb_boot5_sklearn_gbm_2103041490474efd,0.6816782000241801,0.25081510026939213,38,592,466,0.7871621621621622,2,subruns\s8069_xgb_1024_mutation_only_adalead_main,5.609925403784475,e8a7dde2c1361db5,3.1151020408163266,0.0,4.9,474
8069,rf,1024,matched_seed_random_walk,main,1024,budget_exhausted,rf300_seq303_f6026121f02a33a8,1.3690642000292428,0.7359934999258257,9,1008,1008,1.0,2,subruns\s8069_rf_1024_matched_seed_random_walk_main,18.8435243990511,e2337fbfff3a3cfa,6.688979591836735,0.0,1.74,1016
8069,rf,1024,multi_start_hill_climb,main,1024,budget_exhausted,rf300_seq303_f6026121f02a33a8,2.130181699991226,1.5201946999877691,30,1131,1008,0.8912466843501327,2,subruns\s8069_rf_1024_multi_start_hill_climb_main,18.33829259807367,e8f8ee28622f60ad,4.693061224489796,0.0,4.18,1016
8069,rf,1024,multi_start_beam,main,1024,budget_exhausted,rf300_seq303_f6026121f02a33a8,1.1377675000112504,0.6164389000623487,5,1043,1008,0.9664429530201343,2,subruns\s8069_rf_1024_multi_start_beam_main,18.660952122880897,407d2433e69ef654,5.284081632653061,0.0,2.12,1016
8069,rf,1024,mutation_only_ga,main,1024,budget_exhausted,rf300_seq303_f6026121f02a33a8,2.302222400030587,0.8552590998006053,12,1133,1008,0.8896734333627537,2,subruns\s8069_rf_1024_mutation_only_ga_main,18.031081782204698,4e4b9b5ca4f3c7fa,4.262040816326531,0.0,3.86,1016
8069,rf,1024,iterated_local_search,main,1024,budget_exhausted,rf300_seq303_f6026121f02a33a8,0.8370023000170477,0.5758738999720663,3,1193,1008,0.8449287510477788,2,subruns\s8069_rf_1024_iterated_local_search_main,18.82308633910151,ccc8494511c4216e,5.3763265306122445,0.0,1.64,1016
8069,rf,1024,simulated_annealing,main,1024,budget_exhausted,rf300_seq303_f6026121f02a33a8,3.594369900005404,2.405151799786836,64,1008,1008,1.0,2,subruns\s8069_rf_1024_simulated_annealing_main,18.681881802864634,fe568d2fc0d6916f,6.0620408163265305,0.0,4.5,1016
8069,rf,1024,mutation_only_adalead,main,1024,budget_exhausted,rf300_seq303_f6026121f02a33a8,3.8629210999934003,2.4413627999601886,66,1030,1008,0.9786407766990292,2,subruns\s8069_rf_1024_mutation_only_adalead_main,18.031081782204698,4e4b9b5ca4f3c7fa,3.216326530612245,0.0,3.86,1016
8070,xgb,1024,matched_seed_random_walk,main,1024,budget_exhausted,xgb_boot5_sklearn_gbm_af557f633101ece1,1.0914689999772236,0.4389523000572808,9,1008,1008,1.0,2,subruns\s8070_xgb_1024_matched_seed_random_walk_main,11.321581356994676,3b29a51c956a0f2a,7.7673469387755105,0.0,2.2,1016
8070,xgb,1024,multi_start_hill_climb,main,1024,budget_exhausted,xgb_boot5_sklearn_gbm_af557f633101ece1,0.9867152000078931,0.48210779996588826,30,1131,1008,0.8912466843501327,2,subruns\s8070_xgb_1024_multi_start_hill_climb_main,10.245446717695277,d26fcfafd7b5b6e3,5.431836734693878,0.0,3.62,1016
8070,xgb,1024,multi_start_beam,main,1024,budget_exhausted,xgb_boot5_sklearn_gbm_af557f633101ece1,0.9516434999532066,0.44814839999889955,6,1041,1008,0.968299711815562,2,subruns\s8070_xgb_1024_multi_start_beam_main,11.028512701622438,42445f348f84b49e,6.740408163265307,0.0,2.18,1016
8070,xgb,1024,mutation_only_ga,main,1024,budget_exhausted,xgb_boot5_sklearn_gbm_af557f633101ece1,1.8535559000447392,0.4403284999425523,12,1138,1008,0.8857644991212654,2,subruns\s8070_xgb_1024_mutation_only_ga_main,9.445844157655289,686650b9b45ae1c2,4.715918367346939,0.0,4.04,1016
8070,xgb,1024,iterated_local_search,main,1024,budget_exhausted,xgb_boot5_sklearn_gbm_af557f633101ece1,0.6765350999776274,0.4368551000370644,3,1196,1008,0.842809364548495,2,subruns\s8070_xgb_1024_iterated_local_search_main,11.021142095223805,0d6aae5b3164460b,7.390204081632653,0.0,1.7,1016
8070,xgb,1024,simulated_annealing,main,1024,budget_exhausted,xgb_boot5_sklearn_gbm_af557f633101ece1,2.0319688000017777,0.6239528997684829,64,1008,1008,1.0,2,subruns\s8070_xgb_1024_simulated_annealing_main,9.287537775492813,96c2d1b9d3dbdcd5,6.790204081632653,0.0,4.24,1016
8070,xgb,1024,mutation_only_adalead,main,665,neighbors_exhausted,xgb_boot5_sklearn_gbm_af557f633101ece1,1.0333261000341736,0.38320780015783384,47,736,649,0.8817934782608695,2,subruns\s8070_xgb_1024_mutation_only_adalead_main,8.29465817918505,f86786de67bd7a33,3.3436734693877552,0.0,4.12,657
8070,rf,1024,matched_seed_random_walk,main,1024,budget_exhausted,rf300_seq303_b3153680d989b07e,1.3324024000321515,0.7077905000769533,9,1008,1008,1.0,2,subruns\s8070_rf_1024_matched_seed_random_walk_main,16.70889334924859,140a37044cfd163c,6.254693877551021,0.0,2.14,1016
8070,rf,1024,multi_start_hill_climb,main,1024,budget_exhausted,rf300_seq303_b3153680d989b07e,1.8368130000308156,1.310817299876362,30,1131,1008,0.8912466843501327,2,subruns\s8070_rf_1024_multi_start_hill_climb_main,16.638000078691995,d39f5824e6acd961,3.3526530612244896,0.0,2.84,1016
8070,rf,1024,multi_start_beam,main,1024,budget_exhausted,rf300_seq303_b3153680d989b07e,1.1494526999886148,0.590314400033094,5,1043,1008,0.9664429530201343,2,subruns\s8070_rf_1024_multi_start_beam_main,16.75782184602885,76ee565bd5ed7c69,4.746938775510204,0.0,1.7,1016
8070,rf,1024,mutation_only_ga,main,683,stagnation,rf300_seq303_b3153680d989b07e,1.6020515999989584,0.535912400111556,7,768,667,0.8684895833333334,2,subruns\s8070_rf_1024_mutation_only_ga_main,16.643770195955984,a3414076dc7aaacf,4.164897959183674,0.0,2.42,675
8070,rf,1024,iterated_local_search,main,1024,budget_exhausted,rf300_seq303_b3153680d989b07e,0.9550171999726444,0.6367406999925151,3,1196,1008,0.842809364548495,2,subruns\s8070_rf_1024_iterated_local_search_main,16.7072734422597,a077d842b18eba48,4.661224489795918,0.0,1.38,1016
8070,rf,1024,simulated_annealing,main,1024,budget_exhausted,rf300_seq303_b3153680d989b07e,3.56708340003388,2.4037631998653524,64,1008,1008,1.0,2,subruns\s8070_rf_1024_simulated_annealing_main,16.81990515423165,d6a3e2ba1490de41,5.372244897959184,0.0,3.8,1016
8070,rf,1024,mutation_only_adalead,main,1024,budget_exhausted,rf300_seq303_b3153680d989b07e,3.5299141999566928,2.1945406001177616,66,1028,1008,0.980544747081712,2,subruns\s8070_rf_1024_mutation_only_adalead_main,16.643770195955984,a3414076dc7aaacf,2.8318367346938778,0.0,2.8,1016
8071,xgb,1024,matched_seed_random_walk,main,1024,budget_exhausted,xgb_boot5_sklearn_gbm_03c277de9bf3ec3a,1.0906427000300027,0.45718390005640686,9,1008,1008,1.0,2,subruns\s8071_xgb_1024_matched_seed_random_walk_main,9.736109817649952,0f72cfdbca324603,7.019591836734694,0.0,1.7,1016
8071,xgb,1024,multi_start_hill_climb,main,1024,budget_exhausted,xgb_boot5_sklearn_gbm_03c277de9bf3ec3a,0.9183402999769896,0.4481697996961884,30,1131,1008,0.8912466843501327,2,subruns\s8071_xgb_1024_multi_start_hill_climb_main,5.186764034608034,7534238bb213a2ce,3.683265306122449,0.0,4.36,1016
8071,xgb,1024,multi_start_beam,main,1023,stagnation,xgb_boot5_sklearn_gbm_03c277de9bf3ec3a,0.9718623000080697,0.46207719994708896,5,1045,1007,0.9636363636363636,2,subruns\s8071_xgb_1024_multi_start_beam_main,8.564349743994129,636fbb8b8a9bff35,6.190204081632653,0.0,2.3,1015
8071,xgb,1024,mutation_only_ga,main,1024,budget_exhausted,xgb_boot5_sklearn_gbm_03c277de9bf3ec3a,1.9918497999897227,0.48219710000557825,12,1105,1008,0.9122171945701357,2,subruns\s8071_xgb_1024_mutation_only_ga_main,5.186764034608034,7534238bb213a2ce,4.111836734693878,0.0,4.54,1016
8071,xgb,1024,iterated_local_search,main,1024,budget_exhausted,xgb_boot5_sklearn_gbm_03c277de9bf3ec3a,0.7094094999483787,0.4245058000087738,3,1195,1008,0.8435146443514644,2,subruns\s8071_xgb_1024_iterated_local_search_main,8.061291286084275,b5b038a1429fb29c,5.509387755102041,0.0,1.72,1016
8071,xgb,1024,simulated_annealing,main,1024,budget_exhausted,xgb_boot5_sklearn_gbm_03c277de9bf3ec3a,1.661859599989839,0.5654789000400342,64,1008,1008,1.0,2,subruns\s8071_xgb_1024_simulated_annealing_main,6.469040995456058,d4fcc07f59a61ed6,6.580408163265306,0.0,4.42,1016
8071,xgb,1024,mutation_only_adalead,main,759,neighbors_exhausted,xgb_boot5_sklearn_gbm_03c277de9bf3ec3a,1.196417300030589,0.4092769000562839,53,832,743,0.8930288461538461,2,subruns\s8071_xgb_1024_mutation_only_adalead_main,5.186764034608034,7534238bb213a2ce,3.388571428571429,0.0,4.78,751
8071,rf,1024,matched_seed_random_walk,main,1024,budget_exhausted,rf300_seq303_3d8f234c81579530,1.2869817999890074,0.697006800037343,9,1008,1008,1.0,2,subruns\s8071_rf_1024_matched_seed_random_walk_main,17.38514937133076,6c171ddf6c3f17b4,7.408979591836735,0.0,1.8,1016
8071,rf,1024,multi_start_hill_climb,main,1024,budget_exhausted,rf300_seq303_3d8f234c81579530,1.7819468000088818,1.2856398000149056,30,1131,1008,0.8912466843501327,2,subruns\s8071_rf_1024_multi_start_hill_climb_main,16.884364494559673,cd04fdd5f473dfa5,4.5534693877551025,0.0,2.48,1016
8071,rf,1024,multi_start_beam,main,1024,stagnation,rf300_seq303_3d8f234c81579530,1.0732324999989942,0.5813499999931082,5,1046,1008,0.9636711281070746,2,subruns\s8071_rf_1024_multi_start_beam_main,16.966738821989477,7b2ed4620ac5f8e0,5.957551020408164,0.0,1.98,1016
8071,rf,1024,mutation_only_ga,main,1022,stagnation,rf300_seq303_3d8f234c81579530,2.16809380002087,0.7872400999185629,11,1140,1006,0.8824561403508772,2,subruns\s8071_rf_1024_mutation_only_ga_main,16.7074426534708,d6996f23e32a189b,3.5706122448979594,0.0,3.24,1014
8071,rf,1024,iterated_local_search,main,1024,budget_exhausted,rf300_seq303_3d8f234c81579530,0.751322700001765,0.49627979996148497,3,1157,1008,0.8712186689714779,2,subruns\s8071_rf_1024_iterated_local_search_main,16.966738821989477,7b2ed4620ac5f8e0,6.430204081632653,0.0,1.52,1016
8071,rf,1024,simulated_annealing,main,1024,budget_exhausted,rf300_seq303_3d8f234c81579530,3.24915459996555,2.1243119999417104,64,1008,1008,1.0,2,subruns\s8071_rf_1024_simulated_annealing_main,17.48096103989581,9003a7889adc44c9,7.188571428571429,0.0,4.36,1016
8071,rf,1024,mutation_only_adalead,main,1024,budget_exhausted,rf300_seq303_3d8f234c81579530,3.4856056999997236,2.1570177997928113,65,1019,1008,0.9892051030421982,2,subruns\s8071_rf_1024_mutation_only_adalead_main,16.7065932405284,134ffb39e5964166,2.979591836734694,0.0,3.34,1016
8072,xgb,1024,matched_seed_random_walk,main,1024,budget_exhausted,xgb_boot5_sklearn_gbm_bfffb7739aad0f00,1.1827933000167832,0.5052073000115342,9,1008,1008,1.0,2,subruns\s8072_xgb_1024_matched_seed_random_walk_main,8.681413185370538,2771d3b774fca7d3,7.426938775510204,0.04,2.48,1016
8072,xgb,1024,multi_start_hill_climb,main,1024,budget_exhausted,xgb_boot5_sklearn_gbm_bfffb7739aad0f00,0.973431000020355,0.47878059977665544,30,1131,1008,0.8912466843501327,2,subruns\s8072_xgb_1024_multi_start_hill_climb_main,8.28816993225458,91f75150ee4c610d,3.3289795918367346,0.0,3.42,1016
8072,xgb,1024,multi_start_beam,main,1024,stagnation,xgb_boot5_sklearn_gbm_bfffb7739aad0f00,0.9841493999701925,0.46072960004676133,5,1052,1008,0.9581749049429658,2,subruns\s8072_xgb_1024_multi_start_beam_main,9.29241859798842,30457b88cee35bf8,3.994285714285714,0.02,2.24,1016
8072,xgb,1024,mutation_only_ga,main,590,stagnation,xgb_boot5_sklearn_gbm_bfffb7739aad0f00,1.1079344000318088,0.2764677000232041,6,640,574,0.896875,2,subruns\s8072_xgb_1024_mutation_only_ga_main,8.734522406124139,82ef31e2d4f3b13b,4.605714285714286,0.0,2.54,582
8072,xgb,1024,iterated_local_search,main,1024,budget_exhausted,xgb_boot5_sklearn_gbm_bfffb7739aad0f00,0.7315488999593072,0.4621879000333138,3,1157,1008,0.8712186689714779,2,subruns\s8072_xgb_1024_iterated_local_search_main,8.333432299305057,81058d65abe0fe2e,5.744489795918367,0.04,2.0,1016
8072,xgb,1024,simulated_annealing,main,1024,budget_exhausted,xgb_boot5_sklearn_gbm_bfffb7739aad0f00,1.5746993999928236,0.5361110999947414,64,1008,1008,1.0,2,subruns\s8072_xgb_1024_simulated_annealing_main,9.16046206636425,879168e7c7113173,5.012244897959183,0.0,3.88,1016
8072,xgb,1024,mutation_only_adalead,main,259,neighbors_exhausted,xgb_boot5_sklearn_gbm_bfffb7739aad0f00,0.37421800004085526,0.1457732999115251,21,320,243,0.759375,2,subruns\s8072_xgb_1024_mutation_only_adalead_main,8.28816993225458,91f75150ee4c610d,2.580408163265306,0.0,2.72,251
8072,rf,1024,matched_seed_random_walk,main,1024,budget_exhausted,rf300_seq303_cc0ed1038178aed9,1.3885327000170946,0.7400498999631964,9,1008,1008,1.0,2,subruns\s8072_rf_1024_matched_seed_random_walk_main,20.055983266025805,b81ec81e40502425,6.488979591836735,0.0,1.96,1016
8072,rf,1024,multi_start_hill_climb,main,1024,budget_exhausted,rf300_seq303_cc0ed1038178aed9,1.68782699998701,1.1953120999387465,29,1092,1008,0.9230769230769231,2,subruns\s8072_rf_1024_multi_start_hill_climb_main,19.51655048487879,fa4c0819ab3ff7ab,4.819591836734694,0.0,4.3,1016
8072,rf,1024,multi_start_beam,main,1024,stagnation,rf300_seq303_cc0ed1038178aed9,1.1285376999876462,0.605408199946396,5,1039,1008,0.9701636188642926,2,subruns\s8072_rf_1024_multi_start_beam_main,19.993684342323135,6cb6e4c9ae99e0b7,4.85061224489796,0.0,2.0,1016
8072,rf,1024,mutation_only_ga,main,1024,budget_exhausted,rf300_seq303_cc0ed1038178aed9,2.2267270000302233,0.7381808000500314,12,1144,1008,0.8811188811188811,2,subruns\s8072_rf_1024_mutation_only_ga_main,19.272716604406725,02d91b57d888bf7b,6.444081632653061,0.0,3.84,1016
8072,rf,1024,iterated_local_search,main,1024,budget_exhausted,rf300_seq303_cc0ed1038178aed9,0.7736268999869935,0.5297170999110676,3,1192,1008,0.8456375838926175,2,subruns\s8072_rf_1024_iterated_local_search_main,19.993684342323135,6cb6e4c9ae99e0b7,6.114285714285714,0.0,1.62,1016
8072,rf,1024,simulated_annealing,main,1024,budget_exhausted,rf300_seq303_cc0ed1038178aed9,3.2625062000006437,2.175899399793707,64,1008,1008,1.0,2,subruns\s8072_rf_1024_simulated_annealing_main,19.743974839064187,bda6ab08b0848be1,6.772244897959184,0.0,4.98,1016
8072,rf,1024,mutation_only_adalead,main,1024,budget_exhausted,rf300_seq303_cc0ed1038178aed9,3.5774727999814786,2.1640802996698767,66,1025,1008,0.9834146341463414,2,subruns\s8072_rf_1024_mutation_only_adalead_main,19.50219284781462,ea3002e61e170116,3.9893877551020407,0.0,4.48,1016
8073,xgb,1024,matched_seed_random_walk,main,1024,budget_exhausted,xgb_boot5_sklearn_gbm_7ed3cfe26bc4f00d,1.0145746000343934,0.4485171999549493,9,1008,1008,1.0,2,subruns\s8073_xgb_1024_matched_seed_random_walk_main,6.564441006407887,872e1486d18b2a1f,7.636734693877551,0.0,2.04,1016
8073,xgb,1024,multi_start_hill_climb,main,1024,budget_exhausted,xgb_boot5_sklearn_gbm_7ed3cfe26bc4f00d,0.9800653999554925,0.49185069993836805,30,1131,1008,0.8912466843501327,2,subruns\s8073_xgb_1024_multi_start_hill_climb_main,1.6683758246074287,32c2bc8aa86acd7c,6.124897959183674,0.0,4.3,1016
8073,xgb,1024,multi_start_beam,main,1024,budget_exhausted,xgb_boot5_sklearn_gbm_7ed3cfe26bc4f00d,0.9968703999766149,0.4480061999638565,5,1035,1008,0.9739130434782609,2,subruns\s8073_xgb_1024_multi_start_beam_main,2.940251814635828,43f69ee8fbddb0b9,7.579591836734694,0.0,2.5,1016
8073,xgb,1024,mutation_only_ga,main,1023,stagnation,xgb_boot5_sklearn_gbm_7ed3cfe26bc4f00d,1.8794835999724455,0.4797307000262663,11,1093,1007,0.9213174748398902,2,subruns\s8073_xgb_1024_mutation_only_ga_main,2.761705736006813,e5e7b3031f5b36a2,4.2089795918367345,0.0,4.58,1015
8073,xgb,1024,iterated_local_search,main,1024,budget_exhausted,xgb_boot5_sklearn_gbm_7ed3cfe26bc4f00d,0.7608045000233687,0.5136696000117809,3,1196,1008,0.842809364548495,2,subruns\s8073_xgb_1024_iterated_local_search_main,3.883715030877382,b99797efc275e46c,7.6571428571428575,0.0,1.76,1016
8073,xgb,1024,simulated_annealing,main,1024,budget_exhausted,xgb_boot5_sklearn_gbm_7ed3cfe26bc4f00d,1.5961209000088274,0.5391401999513619,64,1008,1008,1.0,2,subruns\s8073_xgb_1024_simulated_annealing_main,1.6855665745171837,64836258eaa394ee,5.791836734693877,0.0,4.88,1016
8073,xgb,1024,mutation_only_adalead,main,499,neighbors_exhausted,xgb_boot5_sklearn_gbm_7ed3cfe26bc4f00d,0.7373663000180386,0.2712933998554945,37,576,483,0.8385416666666666,2,subruns\s8073_xgb_1024_mutation_only_adalead_main,1.6855665745171837,64836258eaa394ee,3.233469387755102,0.0,4.86,491
8073,rf,1024,matched_seed_random_walk,main,1024,budget_exhausted,rf300_seq303_66a8dad07214fc52,1.4199658999568783,0.7510623999987729,9,1008,1008,1.0,2,subruns\s8073_rf_1024_matched_seed_random_walk_main,16.539258231722556,d65c5be01ce4b579,7.4,0.0,2.32,1016
8073,rf,1024,multi_start_hill_climb,main,1024,budget_exhausted,rf300_seq303_66a8dad07214fc52,1.774116699991282,1.2773571002180688,30,1131,1008,0.8912466843501327,2,subruns\s8073_rf_1024_multi_start_hill_climb_main,14.850209501289113,733f2561819ef860,3.8269387755102042,0.0,4.6,1016
8073,rf,1024,multi_start_beam,main,1024,budget_exhausted,rf300_seq303_66a8dad07214fc52,1.062025299994275,0.5671948000090197,5,1034,1008,0.9748549323017408,2,subruns\s8073_rf_1024_multi_start_beam_main,15.517364247401087,bd65dfd263e0d6a7,7.398367346938776,0.0,2.4,1016
8073,rf,1024,mutation_only_ga,main,1024,stagnation,rf300_seq303_66a8dad07214fc52,2.394465500023216,0.8482960999244824,11,1102,1008,0.9147005444646098,2,subruns\s8073_rf_1024_mutation_only_ga_main,14.936806161653466,d5dd6a685726c09a,4.353469387755102,0.0,4.32,1016
8073,rf,1024,iterated_local_search,main,1024,budget_exhausted,rf300_seq303_66a8dad07214fc52,0.8158460999839008,0.5601882000337355,3,1196,1008,0.842809364548495,2,subruns\s8073_rf_1024_iterated_local_search_main,15.980185773390422,a89b2ecbe48dd715,7.397551020408163,0.0,2.08,1016
8073,rf,1024,simulated_annealing,main,1024,budget_exhausted,rf300_seq303_66a8dad07214fc52,3.195336100005079,2.131627900118474,64,1008,1008,1.0,2,subruns\s8073_rf_1024_simulated_annealing_main,15.311442779161016,40174011500c378a,5.430204081632653,0.0,4.92,1016
8073,rf,1024,mutation_only_adalead,main,1024,budget_exhausted,rf300_seq303_66a8dad07214fc52,3.4651110999984667,2.1285579000250436,65,1019,1008,0.9892051030421982,2,subruns\s8073_rf_1024_mutation_only_adalead_main,14.936829326288171,ad745d2952fcca6a,3.5893877551020408,0.0,4.58,1016
8074,xgb,1024,matched_seed_random_walk,main,1024,budget_exhausted,xgb_boot5_sklearn_gbm_72f5e633f373195d,1.0364312999881804,0.4496496000792831,9,1008,1008,1.0,2,subruns\s8074_xgb_1024_matched_seed_random_walk_main,7.700781500397281,1599ac3bd39df566,7.843265306122449,0.14,2.28,1016
8074,xgb,1024,multi_start_hill_climb,main,1024,budget_exhausted,xgb_boot5_sklearn_gbm_72f5e633f373195d,1.0142445999663323,0.48729670007014647,30,1115,1008,0.9040358744394619,2,subruns\s8074_xgb_1024_multi_start_hill_climb_main,5.312934251796023,00e8e436d06cf287,5.643265306122449,0.28,3.52,1016
8074,xgb,1024,multi_start_beam,main,1024,stagnation,xgb_boot5_sklearn_gbm_72f5e633f373195d,1.01231869996991,0.4862198001355864,5,1039,1008,0.9701636188642926,2,subruns\s8074_xgb_1024_multi_start_beam_main,5.570867881283976,2b441586178f516f,6.896326530612245,0.2,2.54,1016
8074,xgb,1024,mutation_only_ga,main,1024,budget_exhausted,xgb_boot5_sklearn_gbm_72f5e633f373195d,1.8854573999997228,0.45899189996998757,11,1129,1008,0.8928255093002657,2,subruns\s8074_xgb_1024_mutation_only_ga_main,4.5419758013501985,f35bba301d4a5c1d,7.388571428571429,0.12,3.6,1016
8074,xgb,1024,iterated_local_search,main,1024,budget_exhausted,xgb_boot5_sklearn_gbm_72f5e633f373195d,0.7492183999856934,0.45615609997184947,3,1193,1008,0.8449287510477788,2,subruns\s8074_xgb_1024_iterated_local_search_main,6.578664678833235,d7ff9d732332d6b5,7.775510204081633,0.18,2.32,1016
8074,xgb,1024,simulated_annealing,main,1024,budget_exhausted,xgb_boot5_sklearn_gbm_72f5e633f373195d,1.6027343000168912,0.5420537999016233,64,1008,1008,1.0,2,subruns\s8074_xgb_1024_simulated_annealing_main,3.2446433660327445,f3406a772b51dcd2,7.044081632653061,0.06,4.54,1016
8074,xgb,1024,mutation_only_adalead,main,271,neighbors_exhausted,xgb_boot5_sklearn_gbm_72f5e633f373195d,0.39252359996316954,0.1514568998827599,23,352,255,0.7244318181818182,2,subruns\s8074_xgb_1024_mutation_only_adalead_main,5.499848669899738,e9bd4d5e9292948c,2.8155102040816327,0.26,3.68,263
8074,rf,1024,matched_seed_random_walk,main,1024,budget_exhausted,rf300_seq303_60776678f7ce5479,1.4469106000033207,0.7885659000021406,9,1008,1008,1.0,2,subruns\s8074_rf_1024_matched_seed_random_walk_main,18.471662821753906,c7036698c1761953,8.073469387755102,0.06,1.76,1016
8074,rf,1024,multi_start_hill_climb,main,1024,budget_exhausted,rf300_seq303_60776678f7ce5479,1.7242191000259481,1.2080232999287546,30,1127,1008,0.8944099378881988,2,subruns\s8074_rf_1024_multi_start_hill_climb_main,17.320475888105847,935c73277149d757,5.7608163265306125,0.0,3.24,1016
8074,rf,1024,multi_start_beam,main,1024,budget_exhausted,rf300_seq303_60776678f7ce5479,1.348909399996046,0.6932041000691243,5,1047,1008,0.9627507163323782,2,subruns\s8074_rf_1024_multi_start_beam_main,17.574747764732933,ebd32cfb16605d1f,7.559183673469388,0.02,1.94,1016
8074,rf,1024,mutation_only_ga,main,1024,budget_exhausted,rf300_seq303_60776678f7ce5479,2.222119499987457,0.7636770000099204,11,1128,1008,0.8936170212765957,2,subruns\s8074_rf_1024_mutation_only_ga_main,17.636648327435505,7dc8937d17e172d9,4.652244897959184,0.0,3.62,1016
8074,rf,1024,iterated_local_search,main,1024,budget_exhausted,rf300_seq303_60776678f7ce5479,0.7689136000117287,0.526383500022348,3,1192,1008,0.8456375838926175,2,subruns\s8074_rf_1024_iterated_local_search_main,17.768440777265738,a5aab508d923a180,7.442448979591837,0.04,1.58,1016
8074,rf,1024,simulated_annealing,main,1024,budget_exhausted,rf300_seq303_60776678f7ce5479,3.1815891000442207,2.1231457001995295,64,1008,1008,1.0,2,subruns\s8074_rf_1024_simulated_annealing_main,18.067431339727374,7bb70863d1f365b9,6.738775510204082,0.0,4.72,1016
8074,rf,1024,mutation_only_adalead,main,1024,budget_exhausted,rf300_seq303_60776678f7ce5479,3.421033599996008,2.1750341998413205,66,1030,1008,0.9786407766990292,2,subruns\s8074_rf_1024_mutation_only_adalead_main,16.936160603028814,5c090e2e34f19ed2,3.115918367346939,0.0,3.14,1016
8075,xgb,1024,matched_seed_random_walk,main,1024,budget_exhausted,xgb_boot5_sklearn_gbm_e9981993bf5abf35,1.1130946000339463,0.4855322998482734,9,1008,1008,1.0,2,subruns\s8075_xgb_1024_matched_seed_random_walk_main,6.939100462533031,fd737481d02e95f9,6.940408163265306,0.0,1.78,1016
8075,xgb,1024,multi_start_hill_climb,main,1024,budget_exhausted,xgb_boot5_sklearn_gbm_e9981993bf5abf35,1.001925199991092,0.4843930000788532,30,1131,1008,0.8912466843501327,2,subruns\s8075_xgb_1024_multi_start_hill_climb_main,3.0794338197382096,0c82f3f4929ec919,3.9828571428571427,0.0,4.36,1016
8075,xgb,1024,multi_start_beam,main,1024,stagnation,xgb_boot5_sklearn_gbm_e9981993bf5abf35,0.9749418999999762,0.4796434998861514,5,1033,1008,0.9757986447241046,2,subruns\s8075_xgb_1024_multi_start_beam_main,6.349715637926845,4dc70401dfd002bf,4.236734693877551,0.0,2.0,1016
8075,xgb,1024,mutation_only_ga,main,1024,budget_exhausted,xgb_boot5_sklearn_gbm_e9981993bf5abf35,2.0103919000248425,0.46539360005408525,12,1124,1008,0.896797153024911,2,subruns\s8075_xgb_1024_mutation_only_ga_main,3.4600441705761873,e7daa70090cf5c08,3.226122448979592,0.0,3.7,1016
8075,xgb,1024,iterated_local_search,main,1024,budget_exhausted,xgb_boot5_sklearn_gbm_e9981993bf5abf35,0.704078400041908,0.46246379998046905,3,1196,1008,0.842809364548495,2,subruns\s8075_xgb_1024_iterated_local_search_main,5.169260969036707,0fda8876243d1816,6.442448979591837,0.0,1.62,1016
8075,xgb,1024,simulated_annealing,main,1024,budget_exhausted,xgb_boot5_sklearn_gbm_e9981993bf5abf35,1.6251839000033215,0.542676100099925,64,1008,1008,1.0,2,subruns\s8075_xgb_1024_simulated_annealing_main,3.0794338197382096,0c82f3f4929ec919,5.321632653061225,0.0,3.82,1016
8075,xgb,1024,mutation_only_adalead,main,289,neighbors_exhausted,xgb_boot5_sklearn_gbm_e9981993bf5abf35,0.3973370000021532,0.16475349984830245,20,304,273,0.8980263157894737,2,subruns\s8075_xgb_1024_mutation_only_adalead_main,2.139678255771183,66a588e2057486f7,2.8938775510204082,0.0,4.12,281
8075,rf,1024,matched_seed_random_walk,main,1024,budget_exhausted,rf300_seq303_fe4c78883702d0a8,1.3228921999689192,0.7011682000011206,9,1008,1008,1.0,2,subruns\s8075_rf_1024_matched_seed_random_walk_main,16.32217473382477,7cc6b25ad4a96195,7.2293877551020405,0.0,1.9,1016
8075,rf,1024,multi_start_hill_climb,main,1024,budget_exhausted,rf300_seq303_fe4c78883702d0a8,1.8764802999794483,1.313366600079462,30,1131,1008,0.8912466843501327,2,subruns\s8075_rf_1024_multi_start_hill_climb_main,15.4477133162741,164155d0f66677bf,4.28,0.0,4.96,1016
8075,rf,1024,multi_start_beam,main,1024,stagnation,rf300_seq303_fe4c78883702d0a8,1.1051777999964543,0.6034186000470072,5,1039,1008,0.9701636188642926,2,subruns\s8075_rf_1024_multi_start_beam_main,16.16432593718192,3c14a47b93dda24c,3.1208163265306124,0.0,1.9,1016
8075,rf,1024,mutation_only_ga,main,1024,budget_exhausted,rf300_seq303_fe4c78883702d0a8,2.189812700031325,0.7553109999280423,11,1101,1008,0.9155313351498637,2,subruns\s8075_rf_1024_mutation_only_ga_main,15.89710680968787,88aa17fcaf873f26,4.490612244897959,0.0,3.88,1016
8075,rf,1024,iterated_local_search,main,1024,budget_exhausted,rf300_seq303_fe4c78883702d0a8,0.972216300026048,0.6390280000050552,3,1196,1008,0.842809364548495,2,subruns\s8075_rf_1024_iterated_local_search_main,16.284162746153047,dea11fbf8e9bc6b5,4.812244897959184,0.0,1.62,1016
8075,rf,1024,simulated_annealing,main,1024,budget_exhausted,rf300_seq303_fe4c78883702d0a8,3.195272999990266,2.139038800203707,64,1008,1008,1.0,2,subruns\s8075_rf_1024_simulated_annealing_main,15.535093546679906,0fbc4badfcaeb5e6,5.537142857142857,0.0,4.46,1016
8075,rf,1024,mutation_only_adalead,main,1024,budget_exhausted,rf300_seq303_fe4c78883702d0a8,3.68017810001038,2.2751186001696624,66,1032,1008,0.9767441860465116,2,subruns\s8075_rf_1024_mutation_only_adalead_main,15.40715446515269,6bf947b13ce0d95a,3.2,0.0,4.74,1016
8076,xgb,1024,matched_seed_random_walk,main,1024,budget_exhausted,xgb_boot5_sklearn_gbm_c788e322a5f233d6,1.0774162000161596,0.45649229985428974,9,1008,1008,1.0,2,subruns\s8076_xgb_1024_matched_seed_random_walk_main,7.778884345909115,49fa637de6124295,7.462040816326531,0.0,1.88,1016
8076,xgb,1024,multi_start_hill_climb,main,1024,budget_exhausted,xgb_boot5_sklearn_gbm_c788e322a5f233d6,1.0189398000366054,0.5075135998777114,30,1131,1008,0.8912466843501327,2,subruns\s8076_xgb_1024_multi_start_hill_climb_main,4.085058646036428,aab349f2b18d8c0a,2.7624489795918366,0.0,4.88,1016
8076,xgb,1024,multi_start_beam,main,1024,stagnation,xgb_boot5_sklearn_gbm_c788e322a5f233d6,0.9618637000094168,0.44495440000901,5,1044,1008,0.9655172413793104,2,subruns\s8076_xgb_1024_multi_start_beam_main,5.298934312544159,5df350898d8b99d8,5.128163265306123,0.0,2.38,1016
8076,xgb,1024,mutation_only_ga,main,1024,budget_exhausted,xgb_boot5_sklearn_gbm_c788e322a5f233d6,1.9131951000308618,0.45868129993323237,12,1097,1008,0.918869644484959,2,subruns\s8076_xgb_1024_mutation_only_ga_main,2.673831206742999,2e4b22565d284f87,4.662040816326531,0.0,4.22,1016
8076,xgb,1024,iterated_local_search,main,1024,budget_exhausted,xgb_boot5_sklearn_gbm_c788e322a5f233d6,0.7061001000110991,0.42027479998068884,3,1193,1008,0.8449287510477788,2,subruns\s8076_xgb_1024_iterated_local_search_main,7.19863335909505,4fcae35dddb93b75,5.828571428571428,0.0,1.72,1016
8076,xgb,1024,simulated_annealing,main,1024,budget_exhausted,xgb_boot5_sklearn_gbm_c788e322a5f233d6,1.6656948999734595,0.5757230998715386,64,1008,1008,1.0,2,subruns\s8076_xgb_1024_simulated_annealing_main,5.212816649590284,a742644b6f924c64,5.187755102040816,0.0,4.7,1016
8076,xgb,1024,mutation_only_adalead,main,273,neighbors_exhausted,xgb_boot5_sklearn_gbm_c788e322a5f233d6,0.3916016999864951,0.15888300008373335,22,336,257,0.7648809523809523,2,subruns\s8076_xgb_1024_mutation_only_adalead_main,2.6689787896304473,a785b5e7f0d04153,3.156734693877551,0.0,4.56,265
8076,rf,1024,matched_seed_random_walk,main,1024,budget_exhausted,rf300_seq303_199b6dd38a0cc11a,1.3549166999873705,0.7420144001371227,9,1008,1008,1.0,2,subruns\s8076_rf_1024_matched_seed_random_walk_main,17.955058882847194,3c3828634a2bea86,7.0081632653061225,0.0,1.86,1016
8076,rf,1024,multi_start_hill_climb,main,1024,budget_exhausted,rf300_seq303_199b6dd38a0cc11a,1.798728099965956,1.280484500050079,30,1131,1008,0.8912466843501327,2,subruns\s8076_rf_1024_multi_start_hill_climb_main,17.55777913512513,8529168657e067e1,4.354285714285714,0.0,5.08,1016
8076,rf,1024,multi_start_beam,main,1023,stagnation,rf300_seq303_199b6dd38a0cc11a,1.1107527999556623,0.6032989000086673,5,1043,1007,0.965484180249281,2,subruns\s8076_rf_1024_multi_start_beam_main,17.65934489498135,22000f3a600686e2,4.015510204081632,0.0,1.98,1015
8076,rf,1024,mutation_only_ga,main,920,stagnation,rf300_seq303_199b6dd38a0cc11a,2.1473404000280425,0.657980999967549,9,1024,904,0.8828125,2,subruns\s8076_rf_1024_mutation_only_ga_main,17.676626317508042,78bde87cd25a9ecc,4.128163265306123,0.0,2.62,912
8076,rf,1024,iterated_local_search,main,1024,budget_exhausted,rf300_seq303_199b6dd38a0cc11a,0.7704381999792531,0.510565799952019,3,1196,1008,0.842809364548495,2,subruns\s8076_rf_1024_iterated_local_search_main,17.676626317508042,78bde87cd25a9ecc,5.516734693877551,0.0,1.52,1016
8076,rf,1024,simulated_annealing,main,1024,budget_exhausted,rf300_seq303_199b6dd38a0cc11a,3.274521099985577,2.152952200092841,64,1008,1008,1.0,2,subruns\s8076_rf_1024_simulated_annealing_main,17.82060525890216,b93c5719336e9510,6.251428571428572,0.0,4.28,1016
8076,rf,1024,mutation_only_adalead,main,1024,budget_exhausted,rf300_seq303_199b6dd38a0cc11a,3.706536999961827,2.302410399715882,67,1037,1008,0.9720347155255545,2,subruns\s8076_rf_1024_mutation_only_adalead_main,17.61444117969901,3a0b09669e402ade,3.369795918367347,0.0,3.34,1016
8077,xgb,1024,matched_seed_random_walk,main,1024,budget_exhausted,xgb_boot5_sklearn_gbm_3c5cc56b2ef0682c,1.048548299993854,0.46684549999190494,9,1008,1008,1.0,2,subruns\s8077_xgb_1024_matched_seed_random_walk_main,6.935267266498167,e2d7689373b6eca6,5.8946938775510205,0.04,2.08,1016
8077,xgb,1024,multi_start_hill_climb,main,1024,budget_exhausted,xgb_boot5_sklearn_gbm_3c5cc56b2ef0682c,1.0293091000057757,0.5185835000011139,30,1131,1008,0.8912466843501327,2,subruns\s8077_xgb_1024_multi_start_hill_climb_main,4.534470552004313,3dee6ba5e6767e0f,5.0922448979591834,0.18,4.64,1016
8077,xgb,1024,multi_start_beam,main,1023,stagnation,xgb_boot5_sklearn_gbm_3c5cc56b2ef0682c,0.9325352999730967,0.4273808000725694,5,1044,1007,0.9645593869731801,2,subruns\s8077_xgb_1024_multi_start_beam_main,5.383934054661232,705bfe27ae5b48c1,7.196734693877551,0.06,2.02,1015
8077,xgb,1024,mutation_only_ga,main,1024,budget_exhausted,xgb_boot5_sklearn_gbm_3c5cc56b2ef0682c,1.8046902000205591,0.45173460006481037,13,1157,1008,0.8712186689714779,2,subruns\s8077_xgb_1024_mutation_only_ga_main,4.534470552004313,3dee6ba5e6767e0f,3.7877551020408164,0.08,3.62,1016
8077,xgb,1024,iterated_local_search,main,1024,budget_exhausted,xgb_boot5_sklearn_gbm_3c5cc56b2ef0682c,0.7576023999718018,0.46506489999592304,3,1161,1008,0.8682170542635659,2,subruns\s8077_xgb_1024_iterated_local_search_main,6.935267266498167,e2d7689373b6eca6,7.301224489795918,0.0,1.52,1016
8077,xgb,1024,simulated_annealing,main,1024,budget_exhausted,xgb_boot5_sklearn_gbm_3c5cc56b2ef0682c,1.591615899989847,0.5328038999577984,64,1008,1008,1.0,2,subruns\s8077_xgb_1024_simulated_annealing_main,5.581366501756711,753b0f62d796ce4e,5.550204081632653,0.06,4.62,1016
8077,xgb,1024,mutation_only_adalead,main,263,neighbors_exhausted,xgb_boot5_sklearn_gbm_3c5cc56b2ef0682c,0.3824266999727115,0.14462129992898554,22,336,247,0.7351190476190477,2,subruns\s8077_xgb_1024_mutation_only_adalead_main,6.797152259394982,73a8c586a603ed09,2.9779591836734696,0.02,3.2,255
8077,rf,1024,matched_seed_random_walk,main,1024,budget_exhausted,rf300_seq303_dfd47dc44ce08a12,1.344331499945838,0.7308338999864645,9,1008,1008,1.0,2,subruns\s8077_rf_1024_matched_seed_random_walk_main,18.096456210866517,02cf6e3f3aff1fbb,7.123265306122449,0.0,1.88,1016
8077,rf,1024,multi_start_hill_climb,main,1024,budget_exhausted,rf300_seq303_dfd47dc44ce08a12,1.7788948999950662,1.255000699951779,30,1131,1008,0.8912466843501327,2,subruns\s8077_rf_1024_multi_start_hill_climb_main,17.574678142662236,fd2ff88d422f81da,3.5477551020408162,0.0,2.82,1016
8077,rf,1024,multi_start_beam,main,1024,stagnation,rf300_seq303_dfd47dc44ce08a12,1.1580570999649353,0.5968441000441089,5,1043,1008,0.9664429530201343,2,subruns\s8077_rf_1024_multi_start_beam_main,17.602868615817496,acfce68b6bfdf585,3.713469387755102,0.0,1.98,1016
8077,rf,1024,mutation_only_ga,main,928,stagnation,rf300_seq303_dfd47dc44ce08a12,1.9104676999850199,0.6885355000267737,9,1024,912,0.890625,2,subruns\s8077_rf_1024_mutation_only_ga_main,17.643737120068685,915fd209911a6903,3.9338775510204083,0.0,2.62,920
8077,rf,1024,iterated_local_search,main,1024,budget_exhausted,rf300_seq303_dfd47dc44ce08a12,0.8157525999704376,0.573618299968075,3,1196,1008,0.842809364548495,2,subruns\s8077_rf_1024_iterated_local_search_main,17.602868615817496,acfce68b6bfdf585,4.073469387755102,0.0,1.44,1016
8077,rf,1024,simulated_annealing,main,1024,budget_exhausted,rf300_seq303_dfd47dc44ce08a12,3.166176499973517,2.102927199623082,64,1008,1008,1.0,2,subruns\s8077_rf_1024_simulated_annealing_main,18.246227785467,8faabafbdad544af,7.190204081632653,0.0,4.2,1016
8077,rf,1024,mutation_only_adalead,main,1024,budget_exhausted,rf300_seq303_dfd47dc44ce08a12,3.5815347000025213,2.2112545999116264,66,1028,1008,0.980544747081712,2,subruns\s8077_rf_1024_mutation_only_adalead_main,17.40430409214166,ca8f3f0905053289,3.176326530612245,0.0,3.72,1016
8078,xgb,1024,matched_seed_random_walk,main,1024,budget_exhausted,xgb_boot5_sklearn_gbm_faadf96baf68ab30,1.0895617000060156,0.47611619997769594,9,1008,1008,1.0,2,subruns\s8078_xgb_1024_matched_seed_random_walk_main,10.64482385260705,fb6534ef040b0f11,6.71265306122449,0.0,1.76,1016
8078,xgb,1024,multi_start_hill_climb,main,1024,budget_exhausted,xgb_boot5_sklearn_gbm_faadf96baf68ab30,1.0032184000010602,0.4941026998567395,30,1131,1008,0.8912466843501327,2,subruns\s8078_xgb_1024_multi_start_hill_climb_main,5.190157892594442,b07c8b0087b84d59,3.193469387755102,0.0,4.96,1016
8078,xgb,1024,multi_start_beam,main,1024,stagnation,xgb_boot5_sklearn_gbm_faadf96baf68ab30,0.9908555000438355,0.4575550000881776,5,1038,1008,0.9710982658959537,2,subruns\s8078_xgb_1024_multi_start_beam_main,7.946082312864348,0ab28348038d57ea,5.601632653061224,0.0,2.06,1016
8078,xgb,1024,mutation_only_ga,main,1024,stagnation,xgb_boot5_sklearn_gbm_faadf96baf68ab30,1.8550652000121772,0.48015550000127405,12,1124,1008,0.896797153024911,2,subruns\s8078_xgb_1024_mutation_only_ga_main,5.562104449422945,0638151f2d704b53,4.77469387755102,0.0,4.1,1016
8078,xgb,1024,iterated_local_search,main,1024,budget_exhausted,xgb_boot5_sklearn_gbm_faadf96baf68ab30,0.6709035999956541,0.4271318000392057,3,1196,1008,0.842809364548495,2,subruns\s8078_xgb_1024_iterated_local_search_main,7.946082312864348,0ab28348038d57ea,5.989387755102041,0.02,1.68,1016
8078,xgb,1024,simulated_annealing,main,1024,budget_exhausted,xgb_boot5_sklearn_gbm_faadf96baf68ab30,1.5960811999975704,0.5475093002896756,64,1008,1008,1.0,2,subruns\s8078_xgb_1024_simulated_annealing_main,7.113963414125664,b3128482c5df7835,6.975510204081632,0.02,4.56,1016
8078,xgb,1024,mutation_only_adalead,main,307,neighbors_exhausted,xgb_boot5_sklearn_gbm_faadf96baf68ab30,0.4340973000507802,0.17747879994567484,23,352,291,0.8267045454545454,2,subruns\s8078_xgb_1024_mutation_only_adalead_main,5.190157892594442,b07c8b0087b84d59,2.683265306122449,0.0,4.96,299
8078,rf,1024,matched_seed_random_walk,main,1024,budget_exhausted,rf300_seq303_0ddd1ce4e9783d06,1.3286798000335693,0.6872369999764487,9,1008,1008,1.0,2,subruns\s8078_rf_1024_matched_seed_random_walk_main,18.69223763970521,112d669334a5021e,5.966530612244898,0.0,1.74,1016
8078,rf,1024,multi_start_hill_climb,main,1024,budget_exhausted,rf300_seq303_0ddd1ce4e9783d06,1.804689300013706,1.2503652999876067,30,1131,1008,0.8912466843501327,2,subruns\s8078_rf_1024_multi_start_hill_climb_main,17.50525399469393,4a18ec2cfd5b9fba,3.886530612244898,0.0,3.98,1016
8078,rf,1024,multi_start_beam,main,1024,stagnation,rf300_seq303_0ddd1ce4e9783d06,1.1520548000116833,0.6464172000414692,5,1048,1008,0.9618320610687023,2,subruns\s8078_rf_1024_multi_start_beam_main,18.41889176707337,5a0dca8abbcc1dad,3.7983673469387753,0.0,1.9,1016
8078,rf,1024,mutation_only_ga,main,1024,budget_exhausted,rf300_seq303_0ddd1ce4e9783d06,2.2559988999855705,0.8241525000194088,12,1143,1008,0.8818897637795275,2,subruns\s8078_rf_1024_mutation_only_ga_main,17.751464845608293,b770d9f245688f59,4.75265306122449,0.0,4.24,1016
8078,rf,1024,iterated_local_search,main,1024,budget_exhausted,rf300_seq303_0ddd1ce4e9783d06,0.7670061999815516,0.5002187000354752,3,1158,1008,0.8704663212435233,2,subruns\s8078_rf_1024_iterated_local_search_main,18.46590880976795,63b01c2389de7aee,5.307755102040816,0.0,1.42,1016
8078,rf,1024,simulated_annealing,main,1024,budget_exhausted,rf300_seq303_0ddd1ce4e9783d06,3.2682335000135936,2.1510128996451385,64,1008,1008,1.0,2,subruns\s8078_rf_1024_simulated_annealing_main,18.386880485170863,c0df29bca3fe912a,7.049795918367347,0.0,4.38,1016
8078,rf,1024,mutation_only_adalead,main,1024,budget_exhausted,rf300_seq303_0ddd1ce4e9783d06,3.4664576000068337,2.1623344003455713,65,1023,1008,0.9853372434017595,2,subruns\s8078_rf_1024_mutation_only_adalead_main,17.612108880871492,5fdc29b8cf5c3f56,3.498775510204082,0.0,4.28,1016
8079,xgb,1024,matched_seed_random_walk,main,1024,budget_exhausted,xgb_boot5_sklearn_gbm_909770b8edaa596f,1.0783386999974027,0.46629430004395545,9,1008,1008,1.0,2,subruns\s8079_xgb_1024_matched_seed_random_walk_main,8.188463551667827,def2b45cbaf47254,7.692244897959184,0.0,1.92,1016
8079,xgb,1024,multi_start_hill_climb,main,1024,budget_exhausted,xgb_boot5_sklearn_gbm_909770b8edaa596f,0.9976870000245981,0.49259769992204383,29,1092,1008,0.9230769230769231,2,subruns\s8079_xgb_1024_multi_start_hill_climb_main,6.337893883231508,4e4fe4f15c6b72b3,7.290612244897959,0.0,4.46,1016
8079,xgb,1024,multi_start_beam,main,1021,stagnation,xgb_boot5_sklearn_gbm_909770b8edaa596f,0.940025300020352,0.45353120006620884,4,1037,1005,0.9691417550626809,2,subruns\s8079_xgb_1024_multi_start_beam_main,8.188463551667827,def2b45cbaf47254,5.838367346938775,0.0,2.02,1013
8079,xgb,1024,mutation_only_ga,main,1024,budget_exhausted,xgb_boot5_sklearn_gbm_909770b8edaa596f,1.9075483999913558,0.4715032000676729,12,1133,1008,0.8896734333627537,2,subruns\s8079_xgb_1024_mutation_only_ga_main,6.6427418392886555,1a9f684a8de8efd9,6.542040816326531,0.0,4.24,1016
8079,xgb,1024,iterated_local_search,main,1024,budget_exhausted,xgb_boot5_sklearn_gbm_909770b8edaa596f,0.6426709999796003,0.40190360008273274,3,1196,1008,0.842809364548495,2,subruns\s8079_xgb_1024_iterated_local_search_main,8.188463551667827,def2b45cbaf47254,6.573877551020408,0.0,1.58,1016
8079,xgb,1024,simulated_annealing,main,1024,budget_exhausted,xgb_boot5_sklearn_gbm_909770b8edaa596f,1.600964399985969,0.5433973001781851,64,1008,1008,1.0,2,subruns\s8079_xgb_1024_simulated_annealing_main,7.6418785059790455,95885ee2de27d5a3,7.394285714285714,0.0,4.14,1016
8079,xgb,1024,mutation_only_adalead,main,226,neighbors_exhausted,xgb_boot5_sklearn_gbm_909770b8edaa596f,0.33252479997463524,0.14003109995974228,18,272,210,0.7720588235294118,2,subruns\s8079_xgb_1024_mutation_only_adalead_main,7.6418785059790455,95885ee2de27d5a3,2.6408163265306124,0.0,3.0,218
8079,rf,1024,matched_seed_random_walk,main,1024,budget_exhausted,rf300_seq303_19905661de18e407,1.4471693999948911,0.7858948999783024,9,1008,1008,1.0,2,subruns\s8079_rf_1024_matched_seed_random_walk_main,16.530102857946716,201dd52ffbca2c09,5.664489795918367,0.0,1.84,1016
8079,rf,1024,multi_start_hill_climb,main,1024,budget_exhausted,rf300_seq303_19905661de18e407,1.715628200036008,1.2285344999982044,30,1131,1008,0.8912466843501327,2,subruns\s8079_rf_1024_multi_start_hill_climb_main,16.334198944225676,7243801f55043a0b,3.9648979591836735,0.0,3.1,1016
8079,rf,1024,multi_start_beam,main,1021,stagnation,rf300_seq303_19905661de18e407,1.1458253999589942,0.5908888000412844,4,1039,1005,0.9672762271414822,2,subruns\s8079_rf_1024_multi_start_beam_main,16.619650935364263,e8f16edd5e09b994,4.7240816326530615,0.0,1.84,1013
8079,rf,1024,mutation_only_ga,main,584,stagnation,rf300_seq303_19905661de18e407,1.2270987999509089,0.4661049001151696,6,640,568,0.8875,2,subruns\s8079_rf_1024_mutation_only_ga_main,16.33335405038858,5fcb12db4f1ff17f,4.103673469387755,0.0,2.84,576
8079,rf,1024,iterated_local_search,main,1024,budget_exhausted,rf300_seq303_19905661de18e407,0.7607199999620207,0.5104630999849178,3,1196,1008,0.842809364548495,2,subruns\s8079_rf_1024_iterated_local_search_main,16.33335405038858,5fcb12db4f1ff17f,4.955102040816326,0.0,1.58,1016
8079,rf,1024,simulated_annealing,main,1024,budget_exhausted,rf300_seq303_19905661de18e407,3.180141599965282,2.1195001000305638,64,1008,1008,1.0,2,subruns\s8079_rf_1024_simulated_annealing_main,16.586006089155983,883dab033d424de7,6.1053061224489795,0.0,3.82,1016
8079,rf,1024,mutation_only_adalead,main,1024,budget_exhausted,rf300_seq303_19905661de18e407,3.6105251000262797,2.1998548000701703,65,1020,1008,0.9882352941176471,2,subruns\s8079_rf_1024_mutation_only_adalead_main,16.294707472218917,5745b0f9d55e3c8b,3.284081632653061,0.0,3.46,1016
8080,xgb,1024,matched_seed_random_walk,main,1024,budget_exhausted,xgb_boot5_sklearn_gbm_441e805c61f905a3,1.0823915000073612,0.4855025000870228,9,1008,1008,1.0,2,subruns\s8080_xgb_1024_matched_seed_random_walk_main,9.810377431933883,d6fcdcc31334c6c2,7.3428571428571425,0.02,1.86,1016
8080,xgb,1024,multi_start_hill_climb,main,1024,budget_exhausted,xgb_boot5_sklearn_gbm_441e805c61f905a3,0.9974688999936916,0.475479899905622,30,1131,1008,0.8912466843501327,2,subruns\s8080_xgb_1024_multi_start_hill_climb_main,3.473823540822701,f577270b2457e71d,3.503673469387755,0.0,4.88,1016
8080,xgb,1024,multi_start_beam,main,1024,stagnation,xgb_boot5_sklearn_gbm_441e805c61f905a3,0.9512859000242315,0.4405872999923304,6,1042,1008,0.9673704414587332,2,subruns\s8080_xgb_1024_multi_start_beam_main,5.0516670190317505,83a391b1222f2bc9,6.475918367346939,0.0,2.06,1016
8080,xgb,1024,mutation_only_ga,main,1024,budget_exhausted,xgb_boot5_sklearn_gbm_441e805c61f905a3,1.89152240002295,0.4470943998894654,12,1119,1008,0.900804289544236,2,subruns\s8080_xgb_1024_mutation_only_ga_main,4.817317514379226,9c84103cb66c3953,5.808979591836735,0.04,3.9,1016
8080,xgb,1024,iterated_local_search,main,1024,budget_exhausted,xgb_boot5_sklearn_gbm_441e805c61f905a3,0.6716724000289105,0.4176848000497557,3,1196,1008,0.842809364548495,2,subruns\s8080_xgb_1024_iterated_local_search_main,5.556051046281992,a13e615b09c43c2f,6.084081632653061,0.0,1.58,1016
8080,xgb,1024,simulated_annealing,main,1024,budget_exhausted,xgb_boot5_sklearn_gbm_441e805c61f905a3,1.6748785999952815,0.5708035998395644,64,1008,1008,1.0,2,subruns\s8080_xgb_1024_simulated_annealing_main,3.473823540822701,f577270b2457e71d,4.960816326530613,0.0,4.92,1016
8080,xgb,1024,mutation_only_adalead,main,187,neighbors_exhausted,xgb_boot5_sklearn_gbm_441e805c61f905a3,0.2752278000116348,0.10819980001542717,15,224,171,0.7633928571428571,2,subruns\s8080_xgb_1024_mutation_only_adalead_main,5.134244247967663,d07352941a373992,2.606530612244898,0.0,3.48,179
8080,rf,1024,matched_seed_random_walk,main,1024,budget_exhausted,rf300_seq303_66f1757e71607618,1.304284700017888,0.696872100175824,9,1008,1008,1.0,2,subruns\s8080_rf_1024_matched_seed_random_walk_main,17.429534672716965,104966ce3f285aa2,7.445714285714286,0.02,2.0,1016
8080,rf,1024,multi_start_hill_climb,main,1024,budget_exhausted,rf300_seq303_66f1757e71607618,1.7826391000417061,1.2648601999972016,30,1131,1008,0.8912466843501327,2,subruns\s8080_rf_1024_multi_start_hill_climb_main,15.362864635168517,a891609569864891,3.7232653061224488,0.0,4.42,1016
8080,rf,1024,multi_start_beam,main,1024,budget_exhausted,rf300_seq303_66f1757e71607618,1.1737953000119887,0.5934055999969132,4,1041,1008,0.968299711815562,2,subruns\s8080_rf_1024_multi_start_beam_main,16.358187170297235,ac670da01d101be9,5.701224489795918,0.0,2.08,1016
8080,rf,1024,mutation_only_ga,main,1024,stagnation,rf300_seq303_66f1757e71607618,2.0696697999956086,0.7175316000939347,11,1099,1008,0.9171974522292994,2,subruns\s8080_rf_1024_mutation_only_ga_main,15.37940311195984,d3129cfe9b04d57f,4.126530612244898,0.0,4.36,1016
8080,rf,1024,iterated_local_search,main,1024,budget_exhausted,rf300_seq303_66f1757e71607618,0.7659107999643311,0.5243081999360584,3,1196,1008,0.842809364548495,2,subruns\s8080_rf_1024_iterated_local_search_main,16.785899366271895,0aa7659384c35eea,6.664489795918367,0.0,1.62,1016
8080,rf,1024,simulated_annealing,main,1024,budget_exhausted,rf300_seq303_66f1757e71607618,3.329289700021036,2.229245299764443,64,1008,1008,1.0,2,subruns\s8080_rf_1024_simulated_annealing_main,16.065788441893666,d7d496310c92f324,6.2995918367346935,0.0,4.44,1016
8080,rf,1024,mutation_only_adalead,main,1024,budget_exhausted,rf300_seq303_66f1757e71607618,3.386788300005719,2.16199339996092,66,1039,1008,0.9701636188642926,2,subruns\s8080_rf_1024_mutation_only_adalead_main,15.362864635168517,a891609569864891,3.073469387755102,0.0,4.42,1016
8081,xgb,1024,matched_seed_random_walk,main,1024,budget_exhausted,xgb_boot5_sklearn_gbm_9ba960c1d6b21fb7,1.0329466999974102,0.45086670003365725,9,1008,1008,1.0,2,subruns\s8081_xgb_1024_matched_seed_random_walk_main,5.545780573694161,5abd7544eb1b864d,7.939591836734694,0.02,2.56,1016
8081,xgb,1024,multi_start_hill_climb,main,1024,budget_exhausted,xgb_boot5_sklearn_gbm_9ba960c1d6b21fb7,0.996809599979315,0.5043831002549268,30,1131,1008,0.8912466843501327,2,subruns\s8081_xgb_1024_multi_start_hill_climb_main,1.96519661504352,b2ceb5a03842a598,4.35265306122449,0.0,3.98,1016
8081,xgb,1024,multi_start_beam,main,1020,stagnation,xgb_boot5_sklearn_gbm_9ba960c1d6b21fb7,0.9499684000038542,0.450951500039082,4,1044,1004,0.9616858237547893,2,subruns\s8081_xgb_1024_multi_start_beam_main,3.8070580656734783,b7f7f666c4bb46fb,4.933061224489796,0.26,2.02,1012
8081,xgb,1024,mutation_only_ga,main,1009,stagnation,xgb_boot5_sklearn_gbm_9ba960c1d6b21fb7,1.8098376000416465,0.4489815999986604,10,1114,993,0.8913824057450629,2,subruns\s8081_xgb_1024_mutation_only_ga_main,2.23007295177077,a79b372987420df6,5.627755102040816,0.04,3.38,1001
8081,xgb,1024,iterated_local_search,main,1024,budget_exhausted,xgb_boot5_sklearn_gbm_9ba960c1d6b21fb7,0.6993396000470966,0.41867500002263114,3,1193,1008,0.8449287510477788,2,subruns\s8081_xgb_1024_iterated_local_search_main,3.8070580656734783,b7f7f666c4bb46fb,6.08734693877551,0.14,1.7,1016
8081,xgb,1024,simulated_annealing,main,1024,budget_exhausted,xgb_boot5_sklearn_gbm_9ba960c1d6b21fb7,1.6020431999932043,0.5455224001198076,64,1008,1008,1.0,2,subruns\s8081_xgb_1024_simulated_annealing_main,2.667786869066968,ea3624ccdbab5dd8,5.964081632653061,0.16,3.74,1016
8081,xgb,1024,mutation_only_adalead,main,321,neighbors_exhausted,xgb_boot5_sklearn_gbm_9ba960c1d6b21fb7,0.45498860004590824,0.18652610009303316,23,352,305,0.8664772727272727,2,subruns\s8081_xgb_1024_mutation_only_adalead_main,2.0642609213420604,e38549ed50573140,2.96,0.1,3.0,313
8081,rf,1024,matched_seed_random_walk,main,1024,budget_exhausted,rf300_seq303_8a77966e2ea75c0b,1.3593637999729253,0.7127468000398949,9,1008,1008,1.0,2,subruns\s8081_rf_1024_matched_seed_random_walk_main,15.06930050238584,43f720ec668fb5ca,8.133061224489795,0.0,1.9,1016
8081,rf,1024,multi_start_hill_climb,main,1024,budget_exhausted,rf300_seq303_8a77966e2ea75c0b,1.7619987000362016,1.252058399899397,30,1131,1008,0.8912466843501327,2,subruns\s8081_rf_1024_multi_start_hill_climb_main,13.813281758387477,97a0e036d1b97127,3.3314285714285714,0.0,4.2,1016
8081,rf,1024,multi_start_beam,main,1024,budget_exhausted,rf300_seq303_8a77966e2ea75c0b,1.0976852000458166,0.5850741999456659,5,1038,1008,0.9710982658959537,2,subruns\s8081_rf_1024_multi_start_beam_main,14.851328904879814,a33b65c5aecef7fc,6.2057142857142855,0.0,2.6,1016
8081,rf,1024,mutation_only_ga,main,1023,neighbors_exhausted,rf300_seq303_8a77966e2ea75c0b,2.3614482000120915,0.7824726999970153,11,1101,1007,0.9146230699364214,2,subruns\s8081_rf_1024_mutation_only_ga_main,13.873585411476189,93cc4e5fb5e8f72c,3.936326530612245,0.0,4.06,1015
8081,rf,1024,iterated_local_search,main,1024,budget_exhausted,rf300_seq303_8a77966e2ea75c0b,0.769160500029102,0.5185068999999203,3,1196,1008,0.842809364548495,2,subruns\s8081_rf_1024_iterated_local_search_main,15.145955370960076,3a62d39d21ff6075,6.943673469387755,0.0,1.52,1016
8081,rf,1024,simulated_annealing,main,1024,budget_exhausted,rf300_seq303_8a77966e2ea75c0b,3.191962099983357,2.1105734002194367,64,1008,1008,1.0,2,subruns\s8081_rf_1024_simulated_annealing_main,13.965098755768652,a283abefe8ed4311,4.79265306122449,0.0,3.86,1016
8081,rf,1024,mutation_only_adalead,main,1024,budget_exhausted,rf300_seq303_8a77966e2ea75c0b,3.8022268999484368,2.3516169998329133,66,1031,1008,0.9776915615906887,2,subruns\s8081_rf_1024_mutation_only_adalead_main,13.809563767804264,2bde53b972036f04,2.88,0.0,3.96,1016
8082,xgb,1024,matched_seed_random_walk,main,1024,budget_exhausted,xgb_boot5_sklearn_gbm_f2af1eff7f518e25,1.1124207999673672,0.48191169986967,9,1008,1008,1.0,2,subruns\s8082_xgb_1024_matched_seed_random_walk_main,12.577113281175325,f7ab2701eab94f22,8.260408163265305,0.0,2.1,1016
8082,xgb,1024,multi_start_hill_climb,main,1024,budget_exhausted,xgb_boot5_sklearn_gbm_f2af1eff7f518e25,0.978430799965281,0.48117719998117536,30,1131,1008,0.8912466843501327,2,subruns\s8082_xgb_1024_multi_start_hill_climb_main,8.542911022743107,97395b3a68d96a35,4.535510204081633,0.0,4.36,1016
8082,xgb,1024,multi_start_beam,main,1024,stagnation,xgb_boot5_sklearn_gbm_f2af1eff7f518e25,0.9472877000225708,0.4217868999694474,5,1043,1008,0.9664429530201343,2,subruns\s8082_xgb_1024_multi_start_beam_main,10.320272651888803,2106c364fe025e8b,6.823673469387755,0.0,2.12,1016
8082,xgb,1024,mutation_only_ga,main,1024,budget_exhausted,xgb_boot5_sklearn_gbm_f2af1eff7f518e25,1.8520150000113063,0.43341200007125735,12,1142,1008,0.882661996497373,2,subruns\s8082_xgb_1024_mutation_only_ga_main,7.16663275030011,b60cde49559c619a,5.033469387755102,0.0,4.02,1016
8082,xgb,1024,iterated_local_search,main,1024,budget_exhausted,xgb_boot5_sklearn_gbm_f2af1eff7f518e25,0.6815878000343218,0.41921580000780523,3,1193,1008,0.8449287510477788,2,subruns\s8082_xgb_1024_iterated_local_search_main,10.320272651888803,2106c364fe025e8b,7.122448979591836,0.0,1.66,1016
8082,xgb,1024,simulated_annealing,main,1024,budget_exhausted,xgb_boot5_sklearn_gbm_f2af1eff7f518e25,1.711889800033532,0.5767498996574432,64,1008,1008,1.0,2,subruns\s8082_xgb_1024_simulated_annealing_main,8.542911022743107,97395b3a68d96a35,5.893061224489796,0.0,4.38,1016
8082,xgb,1024,mutation_only_adalead,main,453,neighbors_exhausted,xgb_boot5_sklearn_gbm_f2af1eff7f518e25,0.6534808999858797,0.24162770010298118,34,528,437,0.8276515151515151,2,subruns\s8082_xgb_1024_mutation_only_adalead_main,8.422575835052982,5a5e3534f158ad0e,3.1379591836734693,0.0,4.48,445
8082,rf,1024,matched_seed_random_walk,main,1024,budget_exhausted,rf300_seq303_bfb3720f09f1410c,1.321770499984268,0.6950818999903277,9,1008,1008,1.0,2,subruns\s8082_rf_1024_matched_seed_random_walk_main,18.48932053144408,c4b1246c7668b2e3,7.908571428571428,0.0,2.02,1016
8082,rf,1024,multi_start_hill_climb,main,1024,budget_exhausted,rf300_seq303_bfb3720f09f1410c,1.8041209000512026,1.266358700057026,30,1131,1008,0.8912466843501327,2,subruns\s8082_rf_1024_multi_start_hill_climb_main,17.825150941495465,dcf1855022180320,3.443265306122449,0.0,4.18,1016
8082,rf,1024,multi_start_beam,main,1024,budget_exhausted,rf300_seq303_bfb3720f09f1410c,1.1213748999871314,0.5956009000074118,5,1035,1008,0.9739130434782609,2,subruns\s8082_rf_1024_multi_start_beam_main,18.26096316192972,be2bfeddd31b6380,6.275102040816327,0.0,1.88,1016
8082,rf,1024,mutation_only_ga,main,1024,budget_exhausted,rf300_seq303_bfb3720f09f1410c,2.161054400028661,0.7416816999902949,11,1151,1008,0.8757602085143353,2,subruns\s8082_rf_1024_mutation_only_ga_main,17.926446218636045,58bbb46cda2aa9af,4.218775510204082,0.0,4.36,1016
8082,rf,1024,iterated_local_search,main,1024,budget_exhausted,rf300_seq303_bfb3720f09f1410c,0.8072813000180759,0.4993351000593975,3,1193,1008,0.8449287510477788,2,subruns\s8082_rf_1024_iterated_local_search_main,18.48932053144408,92005d5e071b7c1b,5.833469387755102,0.0,1.56,1016
8082,rf,1024,simulated_annealing,main,1024,budget_exhausted,rf300_seq303_bfb3720f09f1410c,3.271604000008665,2.1833795997081324,64,1008,1008,1.0,2,subruns\s8082_rf_1024_simulated_annealing_main,18.180172351350752,c7e32d6e6523d590,6.062857142857143,0.0,4.02,1016
8082,rf,1024,mutation_only_adalead,main,1024,budget_exhausted,rf300_seq303_bfb3720f09f1410c,3.853461500024423,2.442737100063823,66,1030,1008,0.9786407766990292,2,subruns\s8082_rf_1024_mutation_only_adalead_main,17.825150941495465,dcf1855022180320,3.210612244897959,0.0,4.08,1016
8083,xgb,1024,matched_seed_random_walk,main,1024,budget_exhausted,xgb_boot5_sklearn_gbm_9e4d42ddf2efad17,1.0969963999814354,0.4730709998984821,9,1008,1008,1.0,2,subruns\s8083_xgb_1024_matched_seed_random_walk_main,10.882293380469484,848b4cffb6f2c2ae,7.853061224489796,0.0,2.42,1016
8083,xgb,1024,multi_start_hill_climb,main,1024,budget_exhausted,xgb_boot5_sklearn_gbm_9e4d42ddf2efad17,0.9612365000066347,0.47306480002589524,30,1131,1008,0.8912466843501327,2,subruns\s8083_xgb_1024_multi_start_hill_climb_main,4.993666416682105,f19fd9ad23f30cb0,2.602448979591837,0.0,4.1,1016
8083,xgb,1024,multi_start_beam,main,1024,stagnation,xgb_boot5_sklearn_gbm_9e4d42ddf2efad17,0.9927794999675825,0.4525524000637233,5,1033,1008,0.9757986447241046,2,subruns\s8083_xgb_1024_multi_start_beam_main,5.130172470400748,c5ad59353e71cac2,7.860408163265306,0.0,3.76,1016
8083,xgb,1024,mutation_only_ga,main,1024,budget_exhausted,xgb_boot5_sklearn_gbm_9e4d42ddf2efad17,2.348538899968844,0.5768174000550061,11,1081,1008,0.9324699352451434,2,subruns\s8083_xgb_1024_mutation_only_ga_main,5.728033304320952,8d55d11f8c7ef4cb,5.915918367346939,0.0,4.7,1016
8083,xgb,1024,iterated_local_search,main,1024,budget_exhausted,xgb_boot5_sklearn_gbm_9e4d42ddf2efad17,0.6843911999603733,0.4430021000443958,3,1196,1008,0.842809364548495,2,subruns\s8083_xgb_1024_iterated_local_search_main,7.726594216132125,9ca5218a6d1ee181,7.884081632653062,0.0,3.36,1016
8083,xgb,1024,simulated_annealing,main,1024,budget_exhausted,xgb_boot5_sklearn_gbm_9e4d42ddf2efad17,1.660961200017482,0.5640782003756613,64,1008,1008,1.0,2,subruns\s8083_xgb_1024_simulated_annealing_main,4.1207228986608895,87030b4cec42ac77,5.07265306122449,0.0,4.56,1016
8083,xgb,1024,mutation_only_adalead,main,815,neighbors_exhausted,xgb_boot5_sklearn_gbm_9e4d42ddf2efad17,1.2551558000268415,0.43965599982766435,57,896,799,0.8917410714285714,2,subruns\s8083_xgb_1024_mutation_only_adalead_main,4.315859971185488,ad671a8373cfb18e,2.696326530612245,0.0,5.1,807
8083,rf,1024,matched_seed_random_walk,main,1024,budget_exhausted,rf300_seq303_f1617bc679fadcfb,1.2879623000044376,0.6914049001061358,9,1008,1008,1.0,2,subruns\s8083_rf_1024_matched_seed_random_walk_main,18.312797726571805,146d8f39437e3c66,8.071836734693878,0.0,2.8,1016
8083,rf,1024,multi_start_hill_climb,main,1024,budget_exhausted,rf300_seq303_f1617bc679fadcfb,1.7493846000288613,1.2295249002054334,30,1131,1008,0.8912466843501327,2,subruns\s8083_rf_1024_multi_start_hill_climb_main,16.454707178585537,08fb16c382d3d8c7,4.535510204081633,0.0,4.62,1016
8083,rf,1024,multi_start_beam,main,1024,budget_exhausted,rf300_seq303_f1617bc679fadcfb,1.1687884000129998,0.6314552000840195,5,1032,1008,0.9767441860465116,2,subruns\s8083_rf_1024_multi_start_beam_main,16.999744513692487,fad77172012c9ac1,7.68,0.0,2.84,1016
8083,rf,1024,mutation_only_ga,main,1024,budget_exhausted,rf300_seq303_f1617bc679fadcfb,2.0825458000181243,0.771488799888175,11,1115,1008,0.9040358744394619,2,subruns\s8083_rf_1024_mutation_only_ga_main,17.076450154103945,70aa214b5c3066d6,6.04734693877551,0.0,4.52,1016
8083,rf,1024,iterated_local_search,main,1024,budget_exhausted,rf300_seq303_f1617bc679fadcfb,0.8111668000346981,0.568972900044173,3,1193,1008,0.8449287510477788,2,subruns\s8083_rf_1024_iterated_local_search_main,17.73028694095564,480a214fd5a31681,7.7942857142857145,0.0,2.74,1016
8083,rf,1024,simulated_annealing,main,1024,budget_exhausted,rf300_seq303_f1617bc679fadcfb,3.345476799993776,2.2644005002221093,64,1008,1008,1.0,2,subruns\s8083_rf_1024_simulated_annealing_main,16.51623794236842,9e68c41d9c70cbe8,5.587755102040816,0.0,4.46,1016
8083,rf,1024,mutation_only_adalead,main,1024,budget_exhausted,rf300_seq303_f1617bc679fadcfb,3.4138334000017494,2.1777640997315757,66,1028,1008,0.980544747081712,2,subruns\s8083_rf_1024_mutation_only_adalead_main,16.45276669961263,d80fd449f049ed5c,3.5877551020408163,0.0,3.48,1016
8084,xgb,1024,matched_seed_random_walk,main,1024,budget_exhausted,xgb_boot5_sklearn_gbm_7d1802bf76c60f3b,1.087859999970533,0.494769100099802,9,1008,1008,1.0,2,subruns\s8084_xgb_1024_matched_seed_random_walk_main,10.126693702541335,26c83343a4c56b89,7.191836734693878,0.0,2.04,1016
8084,xgb,1024,multi_start_hill_climb,main,1024,budget_exhausted,xgb_boot5_sklearn_gbm_7d1802bf76c60f3b,1.373979399970267,0.6270863999961875,30,1131,1008,0.8912466843501327,2,subruns\s8084_xgb_1024_multi_start_hill_climb_main,8.16864841359105,d101d76b227bf077,5.387755102040816,0.0,4.1,1016
8084,xgb,1024,multi_start_beam,main,1024,stagnation,xgb_boot5_sklearn_gbm_7d1802bf76c60f3b,1.106483199982904,0.5099437000462785,5,1048,1008,0.9618320610687023,2,subruns\s8084_xgb_1024_multi_start_beam_main,7.335357391197843,4bef51ccec46e834,8.385306122448979,0.0,2.46,1016
8084,xgb,1024,mutation_only_ga,main,1024,budget_exhausted,xgb_boot5_sklearn_gbm_7d1802bf76c60f3b,1.8715808999841101,0.47371049999492243,13,1116,1008,0.9032258064516129,2,subruns\s8084_xgb_1024_mutation_only_ga_main,3.8852581354998117,8dd2bf9bfc2b6ba1,5.617959183673469,0.0,4.26,1016
8084,xgb,1024,iterated_local_search,main,1024,budget_exhausted,xgb_boot5_sklearn_gbm_7d1802bf76c60f3b,0.7040468999766745,0.4452576000476256,3,1193,1008,0.8449287510477788,2,subruns\s8084_xgb_1024_iterated_local_search_main,7.335357391197843,4bef51ccec46e834,8.061224489795919,0.0,2.08,1016
8084,xgb,1024,simulated_annealing,main,1024,budget_exhausted,xgb_boot5_sklearn_gbm_7d1802bf76c60f3b,1.6180196000495926,0.5363663000171073,64,1008,1008,1.0,2,subruns\s8084_xgb_1024_simulated_annealing_main,5.01422158210079,34d12d7668dee6a4,7.473469387755102,0.0,4.04,1016
8084,xgb,1024,mutation_only_adalead,main,499,neighbors_exhausted,xgb_boot5_sklearn_gbm_7d1802bf76c60f3b,0.6788327000103891,0.2614769000792876,35,544,483,0.8878676470588235,2,subruns\s8084_xgb_1024_mutation_only_adalead_main,3.8852581354998117,8dd2bf9bfc2b6ba1,3.1012244897959182,0.0,4.36,491
8084,rf,1024,matched_seed_random_walk,main,1024,budget_exhausted,rf300_seq303_d9283c3dc6ff7b95,1.3587756999768317,0.7243764000013471,9,1008,1008,1.0,2,subruns\s8084_rf_1024_matched_seed_random_walk_main,17.324645548930665,fffa904389a52862,6.8342857142857145,0.0,1.82,1016
8084,rf,1024,multi_start_hill_climb,main,1024,budget_exhausted,rf300_seq303_d9283c3dc6ff7b95,1.8110470999963582,1.289502399857156,30,1131,1008,0.8912466843501327,2,subruns\s8084_rf_1024_multi_start_hill_climb_main,17.109837328803714,1a9f6eee2b0b48b8,3.486530612244898,0.0,4.64,1016
8084,rf,1024,multi_start_beam,main,1024,stagnation,rf300_seq303_d9283c3dc6ff7b95,1.0364532999810763,0.5503216999350116,5,1050,1008,0.96,2,subruns\s8084_rf_1024_multi_start_beam_main,17.324645548930665,fffa904389a52862,6.043265306122449,0.0,2.16,1016
8084,rf,1024,mutation_only_ga,main,1024,stagnation,rf300_seq303_d9283c3dc6ff7b95,2.4782277999911457,0.8408025000826456,13,1170,1008,0.8615384615384616,2,subruns\s8084_rf_1024_mutation_only_ga_main,16.846801097641517,050dd262af9cccca,3.817142857142857,0.0,3.38,1016
8084,rf,1024,iterated_local_search,main,1024,budget_exhausted,rf300_seq303_d9283c3dc6ff7b95,0.7693636000039987,0.5195871000178158,3,1196,1008,0.842809364548495,2,subruns\s8084_rf_1024_iterated_local_search_main,17.199476464130754,c5fd83a5fdadb3ed,5.54530612244898,0.0,1.48,1016
8084,rf,1024,simulated_annealing,main,1024,budget_exhausted,rf300_seq303_d9283c3dc6ff7b95,3.3449351000017487,2.2214261001790874,64,1008,1008,1.0,2,subruns\s8084_rf_1024_simulated_annealing_main,18.057345856418245,330ce47b388b639b,6.573877551020408,0.0,4.9,1016
8084,rf,1024,mutation_only_adalead,main,1024,budget_exhausted,rf300_seq303_d9283c3dc6ff7b95,3.530227900017053,2.1701964999665506,65,1021,1008,0.9872673849167483,2,subruns\s8084_rf_1024_mutation_only_adalead_main,16.785730297128907,3761c5c7d2dd7833,3.083265306122449,0.0,4.42,1016
8085,xgb,1024,matched_seed_random_walk,main,1024,budget_exhausted,xgb_boot5_sklearn_gbm_6fc5eebec96b95e3,1.1118957999860868,0.48496979993069544,9,1008,1008,1.0,2,subruns\s8085_xgb_1024_matched_seed_random_walk_main,6.354308866568893,672e08fb15b07e7f,8.340408163265305,0.0,2.34,1016
8085,xgb,1024,multi_start_hill_climb,main,1024,budget_exhausted,xgb_boot5_sklearn_gbm_6fc5eebec96b95e3,1.004770799947437,0.49022470001364127,30,1131,1008,0.8912466843501327,2,subruns\s8085_xgb_1024_multi_start_hill_climb_main,0.2927277191615908,5fbadb358cc0cb0f,3.90530612244898,0.0,4.04,1016
8085,xgb,1024,multi_start_beam,main,1021,stagnation,xgb_boot5_sklearn_gbm_6fc5eebec96b95e3,0.9557521999813616,0.4390745999990031,4,1035,1005,0.9710144927536232,2,subruns\s8085_xgb_1024_multi_start_beam_main,6.354308866568893,672e08fb15b07e7f,6.16734693877551,0.0,1.86,1013
8085,xgb,1024,mutation_only_ga,main,1012,stagnation,xgb_boot5_sklearn_gbm_6fc5eebec96b95e3,1.9464718999806792,0.49616719991900027,10,1110,996,0.8972972972972973,2,subruns\s8085_xgb_1024_mutation_only_ga_main,0.9150833933580399,cfa134001a61cdc3,3.645714285714286,0.0,4.78,1004
8085,xgb,1024,iterated_local_search,main,1024,budget_exhausted,xgb_boot5_sklearn_gbm_6fc5eebec96b95e3,0.7145026999642141,0.44398779998300597,3,1196,1008,0.842809364548495,2,subruns\s8085_xgb_1024_iterated_local_search_main,6.254010289363974,bdd7ac5aa283f310,7.069387755102041,0.0,1.76,1016
8085,xgb,1024,simulated_annealing,main,1024,budget_exhausted,xgb_boot5_sklearn_gbm_6fc5eebec96b95e3,1.6398782000178471,0.5398235001484863,65,1009,1008,0.9990089197224975,2,subruns\s8085_xgb_1024_simulated_annealing_main,0.9953569866261013,798a80f592845e6b,5.298775510204082,0.0,4.46,1016
8085,xgb,1024,mutation_only_adalead,main,1024,budget_exhausted,xgb_boot5_sklearn_gbm_6fc5eebec96b95e3,1.7245015000225976,0.5607557999901474,75,1157,1008,0.8712186689714779,2,subruns\s8085_xgb_1024_mutation_only_adalead_main,0.4500414056427168,287afe5eaa9cbe17,3.1420408163265305,0.0,4.1,1016
8085,rf,1024,matched_seed_random_walk,main,1024,budget_exhausted,rf300_seq303_5af4c9afe77f0c93,1.333788399992045,0.7256081999512389,9,1008,1008,1.0,2,subruns\s8085_rf_1024_matched_seed_random_walk_main,17.466836824004048,84a369e5cf4dc291,7.579591836734694,0.0,2.4,1016
8085,rf,1024,multi_start_hill_climb,main,1024,budget_exhausted,rf300_seq303_5af4c9afe77f0c93,1.8788010000134818,1.3333966000936925,30,1131,1008,0.8912466843501327,2,subruns\s8085_rf_1024_multi_start_hill_climb_main,16.499705037023524,75eda5764a397823,4.603265306122449,0.0,4.1,1016
8085,rf,1024,multi_start_beam,main,1023,stagnation,rf300_seq303_5af4c9afe77f0c93,1.1022245999774896,0.6106587999383919,5,1040,1007,0.9682692307692308,2,subruns\s8085_rf_1024_multi_start_beam_main,17.181139036564726,f99ebb1ded05cd7f,7.208163265306123,0.0,3.08,1015
8085,rf,1024,mutation_only_ga,main,1024,budget_exhausted,rf300_seq303_5af4c9afe77f0c93,2.2309298000182025,0.7584159999969415,11,1108,1008,0.9097472924187726,2,subruns\s8085_rf_1024_mutation_only_ga_main,16.247063134942156,c0ae791362ec7b11,4.575510204081633,0.0,3.9,1016
8085,rf,1024,iterated_local_search,main,1024,budget_exhausted,rf300_seq303_5af4c9afe77f0c93,0.7878813000279479,0.5534746999619529,3,1196,1008,0.842809364548495,2,subruns\s8085_rf_1024_iterated_local_search_main,16.705254453888283,058d377edf7963b9,6.853877551020408,0.0,2.72,1016
8085,rf,1024,simulated_annealing,main,1024,budget_exhausted,rf300_seq303_5af4c9afe77f0c93,3.3305075999815017,2.244278400146868,64,1008,1008,1.0,2,subruns\s8085_rf_1024_simulated_annealing_main,16.788922520977003,2301021b229e6524,6.820408163265306,0.0,4.34,1016
8085,rf,1024,mutation_only_adalead,main,1024,budget_exhausted,rf300_seq303_5af4c9afe77f0c93,3.5422396000358276,2.220916700316593,65,1020,1008,0.9882352941176471,2,subruns\s8085_rf_1024_mutation_only_adalead_main,16.819546460051097,c1c02bed3a04b8a7,3.5795918367346937,0.0,4.2,1016
8086,xgb,1024,matched_seed_random_walk,main,1024,budget_exhausted,xgb_boot5_sklearn_gbm_4924aa8c860e0ee6,1.0691924000275321,0.4701510000741109,9,1008,1008,1.0,2,subruns\s8086_xgb_1024_matched_seed_random_walk_main,6.544723293682992,fdffbad30391ec22,6.488163265306122,0.0,1.6,1016
8086,xgb,1024,multi_start_hill_climb,main,1024,budget_exhausted,xgb_boot5_sklearn_gbm_4924aa8c860e0ee6,1.0073182000196539,0.504072199924849,30,1131,1008,0.8912466843501327,2,subruns\s8086_xgb_1024_multi_start_hill_climb_main,4.227582112054757,102bc226f4177009,3.969795918367347,0.0,4.02,1016
8086,xgb,1024,multi_start_beam,main,1024,stagnation,xgb_boot5_sklearn_gbm_4924aa8c860e0ee6,0.9838397999992594,0.4474349000956863,5,1043,1008,0.9664429530201343,2,subruns\s8086_xgb_1024_multi_start_beam_main,6.001780150395233,1a233846e3889b12,4.784489795918367,0.0,2.22,1016
8086,xgb,1024,mutation_only_ga,main,1021,stagnation,xgb_boot5_sklearn_gbm_4924aa8c860e0ee6,1.865680799994152,0.4646931000170298,11,1131,1005,0.8885941644562334,2,subruns\s8086_xgb_1024_mutation_only_ga_main,3.9200591503275826,b4e7c32a43f2b73c,3.8489795918367347,0.0,4.06,1013
8086,xgb,1024,iterated_local_search,main,1024,budget_exhausted,xgb_boot5_sklearn_gbm_4924aa8c860e0ee6,0.6777524999924935,0.41830319992732257,3,1196,1008,0.842809364548495,2,subruns\s8086_xgb_1024_iterated_local_search_main,6.0170813423732525,a411e1467d48ce92,6.061224489795919,0.0,1.64,1016
8086,xgb,1024,simulated_annealing,main,1024,budget_exhausted,xgb_boot5_sklearn_gbm_4924aa8c860e0ee6,1.617249200004153,0.5395837001269683,64,1008,1008,1.0,2,subruns\s8086_xgb_1024_simulated_annealing_main,4.633865794566434,fe19b3762f0adc99,4.356734693877551,0.0,4.24,1016
8086,xgb,1024,mutation_only_adalead,main,268,neighbors_exhausted,xgb_boot5_sklearn_gbm_4924aa8c860e0ee6,0.38716670003486797,0.15141229989239946,21,320,252,0.7875,2,subruns\s8086_xgb_1024_mutation_only_adalead_main,3.756309835644467,8512bdef82d512b7,2.670204081632653,0.0,3.96,260
8086,rf,1024,matched_seed_random_walk,main,1024,budget_exhausted,rf300_seq303_76e322425e2c0100,1.3547498999978416,0.6943126000114717,9,1008,1008,1.0,2,subruns\s8086_rf_1024_matched_seed_random_walk_main,18.557252726953696,2f05e06b5f48a907,6.587755102040816,0.0,1.76,1016
8086,rf,1024,multi_start_hill_climb,main,1024,budget_exhausted,rf300_seq303_76e322425e2c0100,1.8489130000234582,1.3322707996703684,30,1131,1008,0.8912466843501327,2,subruns\s8086_rf_1024_multi_start_hill_climb_main,17.499604507046705,5fe8345dcad6253e,3.5248979591836735,0.0,3.6,1016
8086,rf,1024,multi_start_beam,main,1024,budget_exhausted,rf300_seq303_76e322425e2c0100,1.117789299983997,0.6015286999754608,5,1043,1008,0.9664429530201343,2,subruns\s8086_rf_1024_multi_start_beam_main,18.319808366546187,6bc9edf03fbb93db,5.783673469387755,0.0,2.34,1016
8086,rf,1024,mutation_only_ga,main,1024,budget_exhausted,rf300_seq303_76e322425e2c0100,2.1965389999677427,0.7273668000125326,11,1153,1008,0.8742411101474414,2,subruns\s8086_rf_1024_mutation_only_ga_main,17.897501343476605,16cf5ffbb758f85c,6.328163265306123,0.0,2.86,1016
8086,rf,1024,iterated_local_search,main,1024,budget_exhausted,rf300_seq303_76e322425e2c0100,0.8145959000103176,0.5395113000413403,3,1193,1008,0.8449287510477788,2,subruns\s8086_rf_1024_iterated_local_search_main,18.384695343938834,5f6726e770e3fc99,5.884081632653062,0.0,1.52,1016
8086,rf,1024,simulated_annealing,main,1024,budget_exhausted,rf300_seq303_76e322425e2c0100,3.3787201999803074,2.245191500056535,64,1008,1008,1.0,2,subruns\s8086_rf_1024_simulated_annealing_main,18.10056309005715,c92099d3059c12ae,6.529795918367347,0.0,4.22,1016
8086,rf,1024,mutation_only_adalead,main,1024,budget_exhausted,rf300_seq303_76e322425e2c0100,3.5407565999776125,2.218351500283461,66,1023,1008,0.9853372434017595,2,subruns\s8086_rf_1024_mutation_only_adalead_main,17.764662556503783,d181e306f61a3895,3.363265306122449,0.0,4.22,1016
8087,xgb,1024,matched_seed_random_walk,main,1024,budget_exhausted,xgb_boot5_sklearn_gbm_285efa541ff4bc7d,1.2550249000196345,0.5477623000042513,9,1008,1008,1.0,2,subruns\s8087_xgb_1024_matched_seed_random_walk_main,7.350501115244053,95a9abb3ae15925c,7.170612244897959,0.0,1.9,1016
8087,xgb,1024,multi_start_hill_climb,main,1024,budget_exhausted,xgb_boot5_sklearn_gbm_285efa541ff4bc7d,1.048179799981881,0.5067467999760993,30,1131,1008,0.8912466843501327,2,subruns\s8087_xgb_1024_multi_start_hill_climb_main,4.865086313082367,194fe863dcbfc63b,3.204081632653061,0.0,4.74,1016
8087,xgb,1024,multi_start_beam,main,1023,stagnation,xgb_boot5_sklearn_gbm_285efa541ff4bc7d,0.9988773000077344,0.4808353999396786,5,1047,1007,0.9617956064947469,2,subruns\s8087_xgb_1024_multi_start_beam_main,6.9963122785192935,d1277b476d8a9618,5.933877551020408,0.0,2.02,1015
8087,xgb,1024,mutation_only_ga,main,1024,budget_exhausted,xgb_boot5_sklearn_gbm_285efa541ff4bc7d,2.397895999951288,0.5192549999337643,12,1139,1008,0.8849868305531168,2,subruns\s8087_xgb_1024_mutation_only_ga_main,5.975360945041496,64ec3e461ed7c6bc,6.763265306122449,0.0,3.0,1016
8087,xgb,1024,iterated_local_search,main,1024,budget_exhausted,xgb_boot5_sklearn_gbm_285efa541ff4bc7d,0.9125216999673285,0.5802623999770731,3,1196,1008,0.842809364548495,2,subruns\s8087_xgb_1024_iterated_local_search_main,7.081126445377896,37c2c2b8e565a8be,5.84,0.0,1.64,1016
8087,xgb,1024,simulated_annealing,main,1024,budget_exhausted,xgb_boot5_sklearn_gbm_285efa541ff4bc7d,2.073458299972117,0.7175723000545986,64,1008,1008,1.0,2,subruns\s8087_xgb_1024_simulated_annealing_main,5.176679113520427,58c7cf26e0daaeec,5.8914285714285715,0.0,4.28,1016
8087,xgb,1024,mutation_only_adalead,main,299,neighbors_exhausted,xgb_boot5_sklearn_gbm_285efa541ff4bc7d,0.43958159995963797,0.17217950022313744,24,368,283,0.7690217391304348,2,subruns\s8087_xgb_1024_mutation_only_adalead_main,6.945638945574176,44b9af3aa378d8fe,2.750204081632653,0.0,4.38,291
8087,rf,1024,matched_seed_random_walk,main,1024,budget_exhausted,rf300_seq303_11b620dfe19bb5ce,1.3383285999880172,0.7001237999065779,9,1008,1008,1.0,2,subruns\s8087_rf_1024_matched_seed_random_walk_main,18.164107415456826,3c090cf8ebd5739b,5.508571428571429,0.0,2.12,1016
8087,rf,1024,multi_start_hill_climb,main,1024,budget_exhausted,rf300_seq303_11b620dfe19bb5ce,1.7728812000132166,1.2528385000186972,30,1131,1008,0.8912466843501327,2,subruns\s8087_rf_1024_multi_start_hill_climb_main,17.274069848896772,99b212b975c18098,3.6122448979591835,0.0,4.32,1016
8087,rf,1024,multi_start_beam,main,1023,stagnation,rf300_seq303_11b620dfe19bb5ce,1.1095516000059433,0.5892799999564886,4,1040,1007,0.9682692307692308,2,subruns\s8087_rf_1024_multi_start_beam_main,17.46903783088274,7c39c18fdc4202dd,3.8081632653061224,0.0,2.06,1015
8087,rf,1024,mutation_only_ga,main,1024,budget_exhausted,rf300_seq303_11b620dfe19bb5ce,2.16997759998776,0.7903148998739198,12,1122,1008,0.8983957219251337,2,subruns\s8087_rf_1024_mutation_only_ga_main,17.394478503128184,6419391212696afd,3.9991836734693877,0.0,4.02,1016
8087,rf,1024,iterated_local_search,main,1024,budget_exhausted,rf300_seq303_11b620dfe19bb5ce,0.7994112000451423,0.5601908000535332,3,1196,1008,0.842809364548495,2,subruns\s8087_rf_1024_iterated_local_search_main,17.95253501418444,a3c001d1afc1a702,4.1991836734693875,0.0,1.6,1016
8087,rf,1024,simulated_annealing,main,1024,budget_exhausted,rf300_seq303_11b620dfe19bb5ce,3.3179514999501407,2.203898299834691,64,1008,1008,1.0,2,subruns\s8087_rf_1024_simulated_annealing_main,17.641649041245984,bc5f8c5265749739,5.64734693877551,0.0,3.84,1016
8087,rf,1024,mutation_only_adalead,main,1024,budget_exhausted,rf300_seq303_11b620dfe19bb5ce,3.5203434000140987,2.199856300081592,65,1021,1008,0.9872673849167483,2,subruns\s8087_rf_1024_mutation_only_adalead_main,17.253610864099247,a4c1dd5c39645de8,4.053877551020408,0.0,4.34,1016
8088,xgb,1024,matched_seed_random_walk,main,1024,budget_exhausted,xgb_boot5_sklearn_gbm_cbb553d99360c6e7,1.2010222999961115,0.5311410999274813,9,1008,1008,1.0,2,subruns\s8088_xgb_1024_matched_seed_random_walk_main,9.796409114984975,21ecf11d1d74fd6d,7.945306122448979,0.0,2.14,1016
8088,xgb,1024,multi_start_hill_climb,main,1024,budget_exhausted,xgb_boot5_sklearn_gbm_cbb553d99360c6e7,1.0004949999856763,0.4907201999449171,30,1127,1008,0.8944099378881988,2,subruns\s8088_xgb_1024_multi_start_hill_climb_main,5.332516862558269,5d062e5d3c41f24b,4.462857142857143,0.0,4.78,1016
8088,xgb,1024,multi_start_beam,main,1020,stagnation,xgb_boot5_sklearn_gbm_cbb553d99360c6e7,0.9663365000160411,0.4411164000630379,4,1042,1004,0.963531669865643,2,subruns\s8088_xgb_1024_multi_start_beam_main,7.45517094187115,76b51a80abd87f5d,3.9640816326530612,0.0,1.88,1012
8088,xgb,1024,mutation_only_ga,main,1024,stagnation,xgb_boot5_sklearn_gbm_cbb553d99360c6e7,2.3721904999692924,0.5791158999782056,13,1115,1008,0.9040358744394619,2,subruns\s8088_xgb_1024_mutation_only_ga_main,3.181767840473477,6400be6967d687cd,3.740408163265306,0.0,4.6,1016
8088,xgb,1024,iterated_local_search,main,1024,budget_exhausted,xgb_boot5_sklearn_gbm_cbb553d99360c6e7,0.906020599999465,0.5932753999368288,3,1195,1008,0.8435146443514644,2,subruns\s8088_xgb_1024_iterated_local_search_main,7.45517094187115,76b51a80abd87f5d,5.181224489795919,0.0,1.6,1016
8088,xgb,1024,simulated_annealing,main,1024,budget_exhausted,xgb_boot5_sklearn_gbm_cbb553d99360c6e7,2.0510769999818876,0.7049092001980171,64,1008,1008,1.0,2,subruns\s8088_xgb_1024_simulated_annealing_main,4.309309144581813,fc47d04e221761cb,4.980408163265306,0.0,4.54,1016
8088,xgb,1024,mutation_only_adalead,main,266,neighbors_exhausted,xgb_boot5_sklearn_gbm_cbb553d99360c6e7,0.3918372999760322,0.15536070027155802,21,320,250,0.78125,2,subruns\s8088_xgb_1024_mutation_only_adalead_main,6.547180082148889,73f5264bc960064e,2.7379591836734694,0.0,3.38,258
8088,rf,1024,matched_seed_random_walk,main,1024,budget_exhausted,rf300_seq303_012ba4926e21b4b1,1.3523678000201471,0.703773400047794,9,1008,1008,1.0,2,subruns\s8088_rf_1024_matched_seed_random_walk_main,18.58270429483235,2394601bd1b636d1,6.648979591836735,0.0,2.16,1016
8088,rf,1024,multi_start_hill_climb,main,1024,budget_exhausted,rf300_seq303_012ba4926e21b4b1,1.7858710000291467,1.2408764999709092,30,1131,1008,0.8912466843501327,2,subruns\s8088_rf_1024_multi_start_hill_climb_main,17.025916814299055,10cb7e431e0b5727,3.0930612244897957,0.0,4.26,1016
8088,rf,1024,multi_start_beam,main,1024,stagnation,rf300_seq303_012ba4926e21b4b1,1.1429198000114411,0.6009019000339322,5,1052,1008,0.9581749049429658,2,subruns\s8088_rf_1024_multi_start_beam_main,16.963450517128773,0c903454bd616fb6,5.973061224489796,0.0,2.08,1016
8088,rf,1024,mutation_only_ga,main,1024,stagnation,rf300_seq303_012ba4926e21b4b1,2.268412299978081,0.7758757000556216,12,1131,1008,0.8912466843501327,2,subruns\s8088_rf_1024_mutation_only_ga_main,16.963450517128773,0c903454bd616fb6,5.00734693877551,0.0,3.58,1016
8088,rf,1024,iterated_local_search,main,1024,budget_exhausted,rf300_seq303_012ba4926e21b4b1,0.7752683000289835,0.5340939000016078,3,1196,1008,0.842809364548495,2,subruns\s8088_rf_1024_iterated_local_search_main,17.31910232235449,d237ef389c47e5ec,6.251428571428572,0.0,1.62,1016
8088,rf,1024,simulated_annealing,main,1024,budget_exhausted,rf300_seq303_012ba4926e21b4b1,3.327839900040999,2.1770730998250656,64,1008,1008,1.0,2,subruns\s8088_rf_1024_simulated_annealing_main,17.3651422235048,3cf4bbe4f1702495,6.419591836734694,0.0,4.18,1016
8088,rf,1024,mutation_only_adalead,main,1024,budget_exhausted,rf300_seq303_012ba4926e21b4b1,3.5708572000148706,2.2037259999196976,66,1032,1008,0.9767441860465116,2,subruns\s8088_rf_1024_mutation_only_adalead_main,16.839490075823864,31582d60d4a4035b,3.6146938775510202,0.0,4.1,1016
8089,xgb,1024,matched_seed_random_walk,main,1024,budget_exhausted,xgb_boot5_sklearn_gbm_ac97b181b73ae19b,1.1012289999634959,0.4817938000196591,9,1008,1008,1.0,2,subruns\s8089_xgb_1024_matched_seed_random_walk_main,7.747869488932463,008a9f27f5de3377,7.079183673469387,0.0,2.04,1016
8089,xgb,1024,multi_start_hill_climb,main,1024,budget_exhausted,xgb_boot5_sklearn_gbm_ac97b181b73ae19b,0.9983902999665588,0.48326800006907433,30,1131,1008,0.8912466843501327,2,subruns\s8089_xgb_1024_multi_start_hill_climb_main,2.1400976576707587,880c8f058d4d28c3,3.3853061224489798,0.0,4.7,1016
8089,xgb,1024,multi_start_beam,main,1024,budget_exhausted,xgb_boot5_sklearn_gbm_ac97b181b73ae19b,0.9170126999961212,0.4369311999180354,4,1029,1008,0.9795918367346939,2,subruns\s8089_xgb_1024_multi_start_beam_main,5.666445241283895,6ecbac149d0ca71b,4.959183673469388,0.0,2.16,1016
8089,xgb,1024,mutation_only_ga,main,1021,stagnation,xgb_boot5_sklearn_gbm_ac97b181b73ae19b,2.0537244000006467,0.48106699995696545,11,1119,1005,0.8981233243967829,2,subruns\s8089_xgb_1024_mutation_only_ga_main,2.1400976576707587,880c8f058d4d28c3,3.6881632653061223,0.0,5.1,1013
8089,xgb,1024,iterated_local_search,main,1024,budget_exhausted,xgb_boot5_sklearn_gbm_ac97b181b73ae19b,0.7059711000183597,0.45709800004260615,3,1196,1008,0.842809364548495,2,subruns\s8089_xgb_1024_iterated_local_search_main,5.661708111347675,98fc4054d3fa2896,5.78204081632653,0.0,1.58,1016
8089,xgb,1024,simulated_annealing,main,1024,budget_exhausted,xgb_boot5_sklearn_gbm_ac97b181b73ae19b,1.6093763000098988,0.5476800000178628,64,1008,1008,1.0,2,subruns\s8089_xgb_1024_simulated_annealing_main,2.8204365012016193,986c3494d25989ac,4.293061224489796,0.0,4.78,1016
8089,xgb,1024,mutation_only_adalead,main,586,neighbors_exhausted,xgb_boot5_sklearn_gbm_ac97b181b73ae19b,0.8696156000369228,0.309518399881199,41,640,570,0.890625,2,subruns\s8089_xgb_1024_mutation_only_adalead_main,2.1400976576707587,880c8f058d4d28c3,2.9036734693877553,0.0,5.26,578
8089,rf,1024,matched_seed_random_walk,main,1024,budget_exhausted,rf300_seq303_c4b1138b2a7a98d1,1.3255248999921605,0.6760671999072656,9,1008,1008,1.0,2,subruns\s8089_rf_1024_matched_seed_random_walk_main,18.161177228772047,62c69cab85988ba7,5.90204081632653,0.0,1.94,1016
8089,rf,1024,multi_start_hill_climb,main,1024,budget_exhausted,rf300_seq303_c4b1138b2a7a98d1,1.7633648999617435,1.2599775001290254,30,1131,1008,0.8912466843501327,2,subruns\s8089_rf_1024_multi_start_hill_climb_main,16.707898230713194,0818642dc9b5bb6b,3.2424489795918365,0.0,3.5,1016
8089,rf,1024,multi_start_beam,main,1024,budget_exhausted,rf300_seq303_c4b1138b2a7a98d1,1.0524923999910243,0.5768130000215024,4,1034,1008,0.9748549323017408,2,subruns\s8089_rf_1024_multi_start_beam_main,17.725265101281174,34e696700b58290e,3.28734693877551,0.0,1.96,1016
8089,rf,1024,mutation_only_ga,main,1024,stagnation,rf300_seq303_c4b1138b2a7a98d1,2.1585937999770977,0.7772391000180505,12,1131,1008,0.8912466843501327,2,subruns\s8089_rf_1024_mutation_only_ga_main,17.082242486405598,809cfbaf9cf139ad,5.022857142857143,0.0,3.5,1016
8089,rf,1024,iterated_local_search,main,1024,budget_exhausted,rf300_seq303_c4b1138b2a7a98d1,0.7997873999993317,0.5429811999783851,3,1196,1008,0.842809364548495,2,subruns\s8089_rf_1024_iterated_local_search_main,17.76634564632343,3e585e25938eaa00,4.328163265306123,0.0,1.56,1016
8089,rf,1024,simulated_annealing,main,1024,budget_exhausted,rf300_seq303_c4b1138b2a7a98d1,3.2162086000316776,2.1478448003181256,64,1008,1008,1.0,2,subruns\s8089_rf_1024_simulated_annealing_main,16.791984916531526,dcaf4a6fc5ea2280,5.048163265306123,0.0,4.42,1016
8089,rf,1024,mutation_only_adalead,main,1024,budget_exhausted,rf300_seq303_c4b1138b2a7a98d1,3.5415666000335477,2.1823216002667323,65,1022,1008,0.9863013698630136,2,subruns\s8089_rf_1024_mutation_only_adalead_main,16.614321404943492,aa4774dcf8638e82,3.003265306122449,0.0,3.98,1016
8090,xgb,1024,matched_seed_random_walk,main,1024,budget_exhausted,xgb_boot5_sklearn_gbm_c48abb83f61b3f75,1.1121315999771468,0.49522629991406575,9,1008,1008,1.0,2,subruns\s8090_xgb_1024_matched_seed_random_walk_main,5.04719762552743,f841db3554ab0fc1,7.18938775510204,0.0,1.82,1016
8090,xgb,1024,multi_start_hill_climb,main,1024,budget_exhausted,xgb_boot5_sklearn_gbm_c48abb83f61b3f75,0.9933782999869436,0.4860814999556169,30,1131,1008,0.8912466843501327,2,subruns\s8090_xgb_1024_multi_start_hill_climb_main,5.710826824129722,d9c5f37ec888c355,4.348571428571429,0.02,3.46,1016
8090,xgb,1024,multi_start_beam,main,1019,stagnation,xgb_boot5_sklearn_gbm_c48abb83f61b3f75,0.9512514999951236,0.4139761999831535,4,1033,1003,0.9709583736689255,2,subruns\s8090_xgb_1024_multi_start_beam_main,5.294937899166767,3cf0c37e172e4571,6.333877551020408,0.02,1.96,1011
8090,xgb,1024,mutation_only_ga,main,1024,budget_exhausted,xgb_boot5_sklearn_gbm_c48abb83f61b3f75,2.0664863000274636,0.4806986998883076,12,1127,1008,0.8944099378881988,2,subruns\s8090_xgb_1024_mutation_only_ga_main,5.04719762552743,f841db3554ab0fc1,7.147755102040817,0.1,3.48,1016
8090,xgb,1024,iterated_local_search,main,1024,budget_exhausted,xgb_boot5_sklearn_gbm_c48abb83f61b3f75,0.7108911999966949,0.45537069998681545,3,1196,1008,0.842809364548495,2,subruns\s8090_xgb_1024_iterated_local_search_main,5.04719762552743,f841db3554ab0fc1,6.315102040816327,0.0,1.46,1016
8090,xgb,1024,simulated_annealing,main,1024,budget_exhausted,xgb_boot5_sklearn_gbm_c48abb83f61b3f75,1.6154031000332907,0.5405489002587274,65,1009,1008,0.9990089197224975,2,subruns\s8090_xgb_1024_simulated_annealing_main,5.014000506334955,369a463bd52d0c59,6.696326530612245,0.08,4.34,1016
8090,xgb,1024,mutation_only_adalead,main,282,neighbors_exhausted,xgb_boot5_sklearn_gbm_c48abb83f61b3f75,0.39886309998109937,0.15547270001843572,21,320,266,0.83125,2,subruns\s8090_xgb_1024_mutation_only_adalead_main,5.04719762552743,f841db3554ab0fc1,2.7412244897959184,0.0,2.66,274
8090,rf,1024,matched_seed_random_walk,main,1024,budget_exhausted,rf300_seq303_84768bc8a945a724,1.2662640000344254,0.6781490999856032,9,1008,1008,1.0,2,subruns\s8090_rf_1024_matched_seed_random_walk_main,16.99482673530768,3cf0c37e172e4571,7.815510204081632,0.0,1.92,1016
8090,rf,1024,multi_start_hill_climb,main,1024,budget_exhausted,rf300_seq303_84768bc8a945a724,1.8003704999573529,1.2353874000255018,30,1115,1008,0.9040358744394619,2,subruns\s8090_rf_1024_multi_start_hill_climb_main,15.299418343744431,f8666b4ff848d629,3.3248979591836734,0.0,3.9,1016
8090,rf,1024,multi_start_beam,main,1018,stagnation,rf300_seq303_84768bc8a945a724,1.0518304000142962,0.559396900003776,4,1035,1002,0.9681159420289855,2,subruns\s8090_rf_1024_multi_start_beam_main,15.56376271778794,ae1cc5524d277b12,7.577959183673469,0.0,1.94,1010
8090,rf,1024,mutation_only_ga,main,1024,budget_exhausted,rf300_seq303_84768bc8a945a724,2.2799240999738686,0.7350890999659896,11,1110,1008,0.9081081081081082,2,subruns\s8090_rf_1024_mutation_only_ga_main,15.401899458866053,0ee559d777088156,5.474285714285714,0.0,3.96,1016
8090,rf,1024,iterated_local_search,main,1024,budget_exhausted,rf300_seq303_84768bc8a945a724,0.7982793000410311,0.5435303999693133,3,1195,1008,0.8435146443514644,2,subruns\s8090_rf_1024_iterated_local_search_main,15.558635962291676,a38a1278893de1ac,7.4130612244897955,0.0,1.66,1016
8090,rf,1024,simulated_annealing,main,1024,budget_exhausted,rf300_seq303_84768bc8a945a724,3.2146966000436805,2.1524440000066534,64,1008,1008,1.0,2,subruns\s8090_rf_1024_simulated_annealing_main,15.558635962291676,a38a1278893de1ac,5.4130612244897955,0.0,3.56,1016
8090,rf,1024,mutation_only_adalead,main,1024,budget_exhausted,rf300_seq303_84768bc8a945a724,3.5357198000419885,2.1820601001381874,65,1020,1008,0.9882352941176471,2,subruns\s8090_rf_1024_mutation_only_adalead_main,15.199347307845668,afca355471496ed8,3.6775510204081634,0.0,3.6,1016
8091,xgb,1024,matched_seed_random_walk,main,1024,budget_exhausted,xgb_boot5_sklearn_gbm_9f0c7a3f688e347d,1.0545777000370435,0.4813020998844877,9,1008,1008,1.0,2,subruns\s8091_xgb_1024_matched_seed_random_walk_main,6.465084332277674,9e55b7291756fd17,7.688163265306122,0.0,3.24,1016
8091,xgb,1024,multi_start_hill_climb,main,1024,budget_exhausted,xgb_boot5_sklearn_gbm_9f0c7a3f688e347d,0.9672750000027008,0.46385149989509955,30,1131,1008,0.8912466843501327,2,subruns\s8091_xgb_1024_multi_start_hill_climb_main,2.7446098197818274,8d4d9326ba909299,4.965714285714285,0.0,5.06,1016
8091,xgb,1024,multi_start_beam,main,1024,budget_exhausted,xgb_boot5_sklearn_gbm_9f0c7a3f688e347d,0.8966202000156045,0.42637570010265335,4,1039,1008,0.9701636188642926,2,subruns\s8091_xgb_1024_multi_start_beam_main,6.266951170801422,4069b8d406efe2b4,6.707755102040816,0.0,3.32,1016
8091,xgb,1024,mutation_only_ga,main,999,stagnation,xgb_boot5_sklearn_gbm_9f0c7a3f688e347d,1.834224099991843,0.4350219999323599,10,1114,983,0.8824057450628366,2,subruns\s8091_xgb_1024_mutation_only_ga_main,4.0855315008918,994132c0acb4675c,5.3730612244897955,0.0,4.22,991
8091,xgb,1024,iterated_local_search,main,1024,budget_exhausted,xgb_boot5_sklearn_gbm_9f0c7a3f688e347d,0.8469816999859177,0.5373259001062252,3,1195,1008,0.8435146443514644,2,subruns\s8091_xgb_1024_iterated_local_search_main,5.353142191398634,01363824c5c6ecd5,6.262040816326531,0.0,2.68,1016
8091,xgb,1024,simulated_annealing,main,1024,budget_exhausted,xgb_boot5_sklearn_gbm_9f0c7a3f688e347d,1.6043802999774925,0.5527223000535741,64,1008,1008,1.0,2,subruns\s8091_xgb_1024_simulated_annealing_main,4.723831857710608,1a0541075612cd14,5.755102040816326,0.0,4.86,1016
8091,xgb,1024,mutation_only_adalead,main,503,neighbors_exhausted,xgb_boot5_sklearn_gbm_9f0c7a3f688e347d,0.767135199974291,0.2850758001441136,40,624,487,0.780448717948718,2,subruns\s8091_xgb_1024_mutation_only_adalead_main,1.2855735319907862,74d6d7d8e6fb3a70,2.924081632653061,0.02,5.32,495
8091,rf,1024,matched_seed_random_walk,main,1024,budget_exhausted,rf300_seq303_edf2b524bfb755c4,1.4795631999731995,0.8311062999418937,9,1008,1008,1.0,2,subruns\s8091_rf_1024_matched_seed_random_walk_main,18.188577400435456,441b6797e084761b,7.329795918367347,0.0,2.36,1016
8091,rf,1024,multi_start_hill_climb,main,1024,budget_exhausted,rf300_seq303_edf2b524bfb755c4,1.8209286999772303,1.295469999895431,30,1131,1008,0.8912466843501327,2,subruns\s8091_rf_1024_multi_start_hill_climb_main,18.26480083444089,5f04bdecd09af91c,3.1697959183673468,0.0,4.68,1016
8091,rf,1024,multi_start_beam,main,1024,stagnation,rf300_seq303_edf2b524bfb755c4,1.115029799984768,0.5859541000681929,5,1040,1008,0.9692307692307692,2,subruns\s8091_rf_1024_multi_start_beam_main,18.15903053335578,6e098ac93da6d78b,4.629387755102041,0.0,2.1,1016
8091,rf,1024,mutation_only_ga,main,1023,stagnation,rf300_seq303_edf2b524bfb755c4,2.257388899975922,0.7820421001524664,11,1115,1007,0.9031390134529148,2,subruns\s8091_rf_1024_mutation_only_ga_main,17.766151365305063,72488b9b6895c3ce,3.9044897959183675,0.0,3.42,1015
8091,rf,1024,iterated_local_search,main,1024,budget_exhausted,rf300_seq303_edf2b524bfb755c4,0.8172680999850854,0.5630556999822147,3,1196,1008,0.842809364548495,2,subruns\s8091_rf_1024_iterated_local_search_main,17.871898711742137,26f71566c72b27dd,5.029387755102041,0.0,1.82,1016
8091,rf,1024,simulated_annealing,main,1024,budget_exhausted,rf300_seq303_edf2b524bfb755c4,3.293984099989757,2.2061931000789627,64,1008,1008,1.0,2,subruns\s8091_rf_1024_simulated_annealing_main,18.996534047979907,256e4bab79196d41,6.789387755102041,0.0,4.68,1016
8091,rf,1024,mutation_only_adalead,main,1024,budget_exhausted,rf300_seq303_edf2b524bfb755c4,3.5405482000205666,2.201758900191635,66,1029,1008,0.9795918367346939,2,subruns\s8091_rf_1024_mutation_only_adalead_main,17.766151365305063,72488b9b6895c3ce,2.7485714285714287,0.0,3.4,1016
8092,xgb,1024,matched_seed_random_walk,main,1024,budget_exhausted,xgb_boot5_sklearn_gbm_513303ea0df55746,1.0676469000172801,0.47707160003483295,9,1008,1008,1.0,2,subruns\s8092_xgb_1024_matched_seed_random_walk_main,8.481502521367824,72ef418ae0ef6b56,8.224489795918368,0.0,1.98,1016
8092,xgb,1024,multi_start_hill_climb,main,1024,budget_exhausted,xgb_boot5_sklearn_gbm_513303ea0df55746,0.9810677000205033,0.4838220000965521,30,1131,1008,0.8912466843501327,2,subruns\s8092_xgb_1024_multi_start_hill_climb_main,4.390081890344213,e87b2f12571e26bc,3.2122448979591836,0.0,4.48,1016
8092,xgb,1024,multi_start_beam,main,1024,stagnation,xgb_boot5_sklearn_gbm_513303ea0df55746,0.9010158000164665,0.41075609996914864,5,1040,1008,0.9692307692307692,2,subruns\s8092_xgb_1024_multi_start_beam_main,6.7661536724384534,25a5217a0a711274,6.914285714285715,0.0,1.82,1016
8092,xgb,1024,mutation_only_ga,main,1024,budget_exhausted,xgb_boot5_sklearn_gbm_513303ea0df55746,2.058169399970211,0.47022670006845146,12,1143,1008,0.8818897637795275,2,subruns\s8092_xgb_1024_mutation_only_ga_main,7.525107309008814,1da63bb3143de08b,4.533061224489796,0.0,4.3,1016
8092,xgb,1024,iterated_local_search,main,1024,budget_exhausted,xgb_boot5_sklearn_gbm_513303ea0df55746,0.7061972000519745,0.4432654000702314,3,1193,1008,0.8449287510477788,2,subruns\s8092_xgb_1024_iterated_local_search_main,6.498128285875993,b92e0d4ba84392b9,7.344489795918367,0.0,1.6,1016
8092,xgb,1024,simulated_annealing,main,1024,budget_exhausted,xgb_boot5_sklearn_gbm_513303ea0df55746,1.6053453999920748,0.54585700010648,64,1008,1008,1.0,2,subruns\s8092_xgb_1024_simulated_annealing_main,7.361808709207395,da952f408e44189f,6.2391836734693875,0.0,4.7,1016
8092,xgb,1024,mutation_only_adalead,main,372,neighbors_exhausted,xgb_boot5_sklearn_gbm_513303ea0df55746,0.5698882999713533,0.21195939992321655,29,448,356,0.7946428571428571,2,subruns\s8092_xgb_1024_mutation_only_adalead_main,4.390081890344213,e87b2f12571e26bc,2.8179591836734694,0.0,4.44,364
8092,rf,1024,matched_seed_random_walk,main,1024,budget_exhausted,rf300_seq303_43d0d644c057fd7c,1.4395423000096343,0.778981699841097,9,1008,1008,1.0,2,subruns\s8092_rf_1024_matched_seed_random_walk_main,16.29508680302338,b6201cd4e9c98d9e,6.613877551020408,0.0,2.06,1016
8092,rf,1024,multi_start_hill_climb,main,1024,budget_exhausted,rf300_seq303_43d0d644c057fd7c,1.8775039000320248,1.3063187000225298,30,1131,1008,0.8912466843501327,2,subruns\s8092_rf_1024_multi_start_hill_climb_main,15.827758342138553,a069be86504ca843,3.422040816326531,0.0,3.46,1016
8092,rf,1024,multi_start_beam,main,1024,budget_exhausted,rf300_seq303_43d0d644c057fd7c,1.088196099968627,0.5965758999809623,5,1053,1008,0.9572649572649573,2,subruns\s8092_rf_1024_multi_start_beam_main,16.115381881188227,f48ac6200b0c5020,3.8604081632653062,0.0,2.34,1016
8092,rf,1024,mutation_only_ga,main,1009,stagnation,rf300_seq303_43d0d644c057fd7c,2.134480300010182,0.6976429999340326,10,1111,993,0.8937893789378938,2,subruns\s8092_rf_1024_mutation_only_ga_main,15.874482701345915,dfcada04e4a16e27,3.467755102040816,0.0,3.18,1001
8092,rf,1024,iterated_local_search,main,1024,budget_exhausted,rf300_seq303_43d0d644c057fd7c,0.8268999999854714,0.5627136999974027,3,1196,1008,0.842809364548495,2,subruns\s8092_rf_1024_iterated_local_search_main,16.002054234780207,26aed7dec88c5ba9,4.664489795918367,0.0,1.54,1016
8092,rf,1024,simulated_annealing,main,1024,budget_exhausted,rf300_seq303_43d0d644c057fd7c,3.291252200026065,2.169876000029035,64,1008,1008,1.0,2,subruns\s8092_rf_1024_simulated_annealing_main,15.874482701345915,dfcada04e4a16e27,5.365714285714286,0.0,4.02,1016
8092,rf,1024,mutation_only_adalead,main,1024,budget_exhausted,rf300_seq303_43d0d644c057fd7c,3.567176600045059,2.172182500420604,65,1024,1008,0.984375,2,subruns\s8092_rf_1024_mutation_only_adalead_main,15.827758342138553,a069be86504ca843,2.8702040816326533,0.0,3.3,1016
8093,xgb,1024,matched_seed_random_walk,main,1024,budget_exhausted,xgb_boot5_sklearn_gbm_ebfba182ca61d43d,1.0964275999576785,0.4499275999260135,9,1008,1008,1.0,2,subruns\s8093_xgb_1024_matched_seed_random_walk_main,10.137074768380284,8da1c81197f639ae,8.05795918367347,0.0,2.24,1016
8093,xgb,1024,multi_start_hill_climb,main,1024,budget_exhausted,xgb_boot5_sklearn_gbm_ebfba182ca61d43d,0.96612619998632,0.4685300003620796,30,1131,1008,0.8912466843501327,2,subruns\s8093_xgb_1024_multi_start_hill_climb_main,3.219494798266394,4e5891ed0a51a04f,3.0171428571428573,0.0,4.44,1016
8093,xgb,1024,multi_start_beam,main,1020,stagnation,xgb_boot5_sklearn_gbm_ebfba182ca61d43d,1.018082799972035,0.4873075999203138,4,1040,1004,0.9653846153846154,2,subruns\s8093_xgb_1024_multi_start_beam_main,8.14352068109342,59ed1d2b39bbadfa,7.009795918367347,0.0,2.12,1012
8093,xgb,1024,mutation_only_ga,main,1024,budget_exhausted,xgb_boot5_sklearn_gbm_ebfba182ca61d43d,1.9892276000464335,0.4850484000053257,12,1150,1008,0.8765217391304347,2,subruns\s8093_xgb_1024_mutation_only_ga_main,4.997189300201025,8f80b34502c73a83,5.08734693877551,0.0,3.84,1016
8093,xgb,1024,iterated_local_search,main,1024,budget_exhausted,xgb_boot5_sklearn_gbm_ebfba182ca61d43d,0.7338061999762431,0.4701026999973692,3,1196,1008,0.842809364548495,2,subruns\s8093_xgb_1024_iterated_local_search_main,8.14352068109342,59ed1d2b39bbadfa,6.104489795918368,0.0,1.78,1016
8093,xgb,1024,simulated_annealing,main,1024,budget_exhausted,xgb_boot5_sklearn_gbm_ebfba182ca61d43d,1.6486574999871664,0.5524786999449134,64,1008,1008,1.0,2,subruns\s8093_xgb_1024_simulated_annealing_main,4.785996603113256,be9d3ab04dba4205,5.302040816326531,0.0,4.08,1016
8093,xgb,1024,mutation_only_adalead,main,275,neighbors_exhausted,xgb_boot5_sklearn_gbm_ebfba182ca61d43d,0.4296055999584496,0.14755420002620667,23,352,259,0.7357954545454546,2,subruns\s8093_xgb_1024_mutation_only_adalead_main,3.219494798266394,4e5891ed0a51a04f,2.71265306122449,0.0,4.36,267
8093,rf,1024,matched_seed_random_walk,main,1024,budget_exhausted,rf300_seq303_ae9e2382450ec900,1.3831040000077337,0.7713163998560049,9,1008,1008,1.0,2,subruns\s8093_rf_1024_matched_seed_random_walk_main,18.123402123351568,0ddb7ca2ad2125aa,8.104489795918367,0.0,1.86,1016
8093,rf,1024,multi_start_hill_climb,main,1024,budget_exhausted,rf300_seq303_ae9e2382450ec900,1.8039712000172585,1.2718212001491338,30,1127,1008,0.8944099378881988,2,subruns\s8093_rf_1024_multi_start_hill_climb_main,16.92440123623344,cd5491717ee5411c,3.0661224489795917,0.0,3.82,1016
8093,rf,1024,multi_start_beam,main,1017,stagnation,rf300_seq303_ae9e2382450ec900,1.1377832000143826,0.6358855999424122,4,1055,1001,0.9488151658767773,2,subruns\s8093_rf_1024_multi_start_beam_main,17.42622215118048,3164299fc4738f4a,5.426938775510204,0.0,1.98,1009
8093,rf,1024,mutation_only_ga,main,1007,stagnation,rf300_seq303_ae9e2382450ec900,2.155907699954696,0.7573703999514692,10,1112,991,0.8911870503597122,2,subruns\s8093_rf_1024_mutation_only_ga_main,17.14758214634259,4409bcca979bab32,3.9624489795918367,0.0,3.84,999
8093,rf,1024,iterated_local_search,main,1024,budget_exhausted,rf300_seq303_ae9e2382450ec900,0.8255924999830313,0.5111433999845758,3,1189,1008,0.847771236333053,2,subruns\s8093_rf_1024_iterated_local_search_main,17.365939572189827,d19fbff1a651e9be,5.326530612244898,0.0,1.52,1016
8093,rf,1024,simulated_annealing,main,1024,budget_exhausted,rf300_seq303_ae9e2382450ec900,3.236916999972891,2.1855656998232007,64,1008,1008,1.0,2,subruns\s8093_rf_1024_simulated_annealing_main,17.073658745954525,77f3a7d22bc5acfa,5.47265306122449,0.0,4.32,1016
8093,rf,1024,mutation_only_adalead,main,1024,budget_exhausted,rf300_seq303_ae9e2382450ec900,3.5214170000399463,2.1553508997312747,66,1025,1008,0.9834146341463414,2,subruns\s8093_rf_1024_mutation_only_adalead_main,16.953871126818896,3b39a71ac81d9c5d,3.1722448979591835,0.0,3.74,1016
8094,xgb,1024,matched_seed_random_walk,main,1024,budget_exhausted,xgb_boot5_sklearn_gbm_68dcdf8326fc5757,1.0506335999816656,0.4661303000757471,9,1008,1008,1.0,2,subruns\s8094_xgb_1024_matched_seed_random_walk_main,8.395515032161315,13b4e9c8f1f7a251,8.02204081632653,0.0,1.96,1016
8094,xgb,1024,multi_start_hill_climb,main,1024,budget_exhausted,xgb_boot5_sklearn_gbm_68dcdf8326fc5757,0.9758954000426456,0.47139670012984425,30,1131,1008,0.8912466843501327,2,subruns\s8094_xgb_1024_multi_start_hill_climb_main,3.9955571923709448,4748507a95d27752,4.395102040816327,0.0,4.54,1016
8094,xgb,1024,multi_start_beam,main,1022,stagnation,xgb_boot5_sklearn_gbm_68dcdf8326fc5757,1.0826017999788746,0.5018288998981006,5,1043,1006,0.9645254074784276,2,subruns\s8094_xgb_1024_multi_start_beam_main,7.620317679792845,415add9fec3dbbc4,7.918367346938775,0.0,2.0,1014
8094,xgb,1024,mutation_only_ga,main,1024,stagnation,xgb_boot5_sklearn_gbm_68dcdf8326fc5757,1.9285971999634057,0.44433329987805337,12,1134,1008,0.8888888888888888,2,subruns\s8094_xgb_1024_mutation_only_ga_main,6.048254337462369,e95e373ecf980f94,5.293877551020408,0.0,3.66,1016
8094,xgb,1024,iterated_local_search,main,1024,budget_exhausted,xgb_boot5_sklearn_gbm_68dcdf8326fc5757,0.7306504999869503,0.4734197999932803,3,1189,1008,0.847771236333053,2,subruns\s8094_xgb_1024_iterated_local_search_main,6.509110344478897,fc64f51ef72fd721,7.151020408163265,0.0,1.64,1016
8094,xgb,1024,simulated_annealing,main,1024,budget_exhausted,xgb_boot5_sklearn_gbm_68dcdf8326fc5757,1.648570799967274,0.5587566000176594,64,1008,1008,1.0,2,subruns\s8094_xgb_1024_simulated_annealing_main,4.086405756805629,8e7b54eccb8f1524,5.689795918367347,0.0,4.84,1016
8094,xgb,1024,mutation_only_adalead,main,293,neighbors_exhausted,xgb_boot5_sklearn_gbm_68dcdf8326fc5757,0.4288962999708019,0.1558035998023115,24,368,277,0.7527173913043478,2,subruns\s8094_xgb_1024_mutation_only_adalead_main,8.16704542655898,5489856010b14b19,2.6677551020408163,0.0,2.36,285
8094,rf,1024,matched_seed_random_walk,main,1024,budget_exhausted,rf300_seq303_5205701ee7c90e2c,1.3775376999983564,0.7723337998613715,9,1008,1008,1.0,2,subruns\s8094_rf_1024_matched_seed_random_walk_main,18.397056670147418,ccdb7e1aab9732b8,8.166530612244898,0.0,2.22,1016
8094,rf,1024,multi_start_hill_climb,main,1024,budget_exhausted,rf300_seq303_5205701ee7c90e2c,1.7988645000150427,1.276440400048159,30,1131,1008,0.8912466843501327,2,subruns\s8094_rf_1024_multi_start_hill_climb_main,16.707697848676926,0e63a16ad38b61f8,3.660408163265306,0.0,3.82,1016
8094,rf,1024,multi_start_beam,main,1024,budget_exhausted,rf300_seq303_5205701ee7c90e2c,1.1918650000006892,0.6708289999514818,5,1053,1008,0.9572649572649573,2,subruns\s8094_rf_1024_multi_start_beam_main,17.795769584148204,d2a56151004ce0fd,6.9248979591836735,0.0,1.98,1016
8094,rf,1024,mutation_only_ga,main,1024,budget_exhausted,rf300_seq303_5205701ee7c90e2c,2.185273299983237,0.7958464999683201,11,1115,1008,0.9040358744394619,2,subruns\s8094_rf_1024_mutation_only_ga_main,16.95702176045508,3005bad07fb892b6,4.46530612244898,0.0,4.5,1016
8094,rf,1024,iterated_local_search,main,1024,budget_exhausted,rf300_seq303_5205701ee7c90e2c,0.7769559000153095,0.5211949999793433,3,1158,1008,0.8704663212435233,2,subruns\s8094_rf_1024_iterated_local_search_main,17.809369971471668,7e85849c76aaac08,6.996734693877551,0.0,1.58,1016
8094,rf,1024,simulated_annealing,main,1024,budget_exhausted,rf300_seq303_5205701ee7c90e2c,3.2284336000448093,2.144106699852273,64,1008,1008,1.0,2,subruns\s8094_rf_1024_simulated_annealing_main,17.181271913328334,9b1ec457198009e8,6.08734693877551,0.0,4.54,1016
8094,rf,1024,mutation_only_adalead,main,1024,budget_exhausted,rf300_seq303_5205701ee7c90e2c,3.4536435000482015,2.1726615001098253,66,1028,1008,0.980544747081712,2,subruns\s8094_rf_1024_mutation_only_adalead_main,16.707697848676926,0e63a16ad38b61f8,3.3142857142857145,0.0,4.1,1016
8095,xgb,1024,matched_seed_random_walk,main,1024,budget_exhausted,xgb_boot5_sklearn_gbm_e13a5d9c61deebd8,1.5620303000323474,0.7411373000359163,9,1008,1008,1.0,2,subruns\s8095_xgb_1024_matched_seed_random_walk_main,8.885857461032183,acddcb5cc04b986b,6.679183673469388,0.0,2.28,1016
8095,xgb,1024,multi_start_hill_climb,main,1024,budget_exhausted,xgb_boot5_sklearn_gbm_e13a5d9c61deebd8,1.0066744000068866,0.5017666000057943,30,1131,1008,0.8912466843501327,2,subruns\s8095_xgb_1024_multi_start_hill_climb_main,1.53044305843573,6e25cac310347941,3.902857142857143,0.0,4.76,1016
8095,xgb,1024,multi_start_beam,main,1024,stagnation,xgb_boot5_sklearn_gbm_e13a5d9c61deebd8,0.9892078000120819,0.4515789999277331,5,1048,1008,0.9618320610687023,2,subruns\s8095_xgb_1024_multi_start_beam_main,3.153692466346203,d99687aab4fa14fe,3.3510204081632655,0.0,2.18,1016
8095,xgb,1024,mutation_only_ga,main,1024,stagnation,xgb_boot5_sklearn_gbm_e13a5d9c61deebd8,1.9156087000155821,0.4523876999155618,11,1138,1008,0.8857644991212654,2,subruns\s8095_xgb_1024_mutation_only_ga_main,1.4499081146866,4a253d3562cf2e53,4.0318367346938775,0.0,3.84,1016
8095,xgb,1024,iterated_local_search,main,1024,budget_exhausted,xgb_boot5_sklearn_gbm_e13a5d9c61deebd8,0.7137386999675073,0.4490826000110246,3,1193,1008,0.8449287510477788,2,subruns\s8095_xgb_1024_iterated_local_search_main,3.153692466346203,d99687aab4fa14fe,3.957551020408163,0.0,1.54,1016
8095,xgb,1024,simulated_annealing,main,1024,budget_exhausted,xgb_boot5_sklearn_gbm_e13a5d9c61deebd8,1.6197987999767065,0.5537528999848291,64,1008,1008,1.0,2,subruns\s8095_xgb_1024_simulated_annealing_main,4.8877099142333,17e155f1aa6628f3,6.116734693877551,0.0,4.4,1016
8095,xgb,1024,mutation_only_adalead,main,193,neighbors_exhausted,xgb_boot5_sklearn_gbm_e13a5d9c61deebd8,0.2617927999817766,0.10235560010187328,15,224,177,0.7901785714285714,2,subruns\s8095_xgb_1024_mutation_only_adalead_main,1.4499081146866,4a253d3562cf2e53,2.606530612244898,0.0,4.42,185
8095,rf,1024,matched_seed_random_walk,main,1024,budget_exhausted,rf300_seq303_d5186831da2d09ba,1.387604999996256,0.7234127999981865,9,1008,1008,1.0,2,subruns\s8095_rf_1024_matched_seed_random_walk_main,17.497967901645428,acddcb5cc04b986b,6.924081632653062,0.0,1.9,1016
8095,rf,1024,multi_start_hill_climb,main,1024,budget_exhausted,rf300_seq303_d5186831da2d09ba,1.7228335000108927,1.225752700062003,29,1092,1008,0.9230769230769231,2,subruns\s8095_rf_1024_multi_start_hill_climb_main,17.070383956361926,51ef3b1a14eb01ce,5.779591836734694,0.0,3.7,1016
8095,rf,1024,multi_start_beam,main,1024,stagnation,rf300_seq303_d5186831da2d09ba,1.1338155000121333,0.5834814999834634,5,1041,1008,0.968299711815562,2,subruns\s8095_rf_1024_multi_start_beam_main,17.33556484344639,456b819c9b06ebc5,4.7975510204081635,0.0,1.88,1016
8095,rf,1024,mutation_only_ga,main,1024,budget_exhausted,rf300_seq303_d5186831da2d09ba,2.3330462999874726,0.8049287998583168,12,1169,1008,0.8622754491017964,2,subruns\s8095_rf_1024_mutation_only_ga_main,16.93820454147003,915f16f0fc322e51,4.086530612244898,0.0,3.28,1016
8095,rf,1024,iterated_local_search,main,1024,budget_exhausted,rf300_seq303_d5186831da2d09ba,0.8285099000204355,0.5667223999626003,3,1192,1008,0.8456375838926175,2,subruns\s8095_rf_1024_iterated_local_search_main,17.497967901645428,acddcb5cc04b986b,5.714285714285714,0.0,1.46,1016
8095,rf,1024,simulated_annealing,main,1024,budget_exhausted,rf300_seq303_d5186831da2d09ba,3.232674200029578,2.1751810999703594,64,1008,1008,1.0,2,subruns\s8095_rf_1024_simulated_annealing_main,17.287332610089972,fa65e74683481d18,6.184489795918368,0.0,3.86,1016
8095,rf,1024,mutation_only_adalead,main,1024,budget_exhausted,rf300_seq303_d5186831da2d09ba,3.622933999984525,2.2185791999218054,66,1021,1008,0.9872673849167483,2,subruns\s8095_rf_1024_mutation_only_adalead_main,17.070383956361926,51ef3b1a14eb01ce,3.726530612244898,0.0,4.08,1016
8096,xgb,1024,matched_seed_random_walk,main,1024,budget_exhausted,xgb_boot5_sklearn_gbm_74f98aa89b595336,1.581764700007625,0.7107837001094595,9,1008,1008,1.0,2,subruns\s8096_xgb_1024_matched_seed_random_walk_main,9.62380123507709,d19fbff1a651e9be,7.421224489795918,0.0,1.78,1016
8096,xgb,1024,multi_start_hill_climb,main,1024,budget_exhausted,xgb_boot5_sklearn_gbm_74f98aa89b595336,1.0056838999735191,0.49757990008220077,29,1092,1008,0.9230769230769231,2,subruns\s8096_xgb_1024_multi_start_hill_climb_main,4.311868058509026,577f9f710cc5611d,3.9885714285714284,0.0,4.04,1016
8096,xgb,1024,multi_start_beam,main,1024,stagnation,xgb_boot5_sklearn_gbm_74f98aa89b595336,0.953539100009948,0.4509539999999106,5,1041,1008,0.968299711815562,2,subruns\s8096_xgb_1024_multi_start_beam_main,8.246854648442156,1ad18e47d5b622e8,6.8677551020408165,0.0,2.04,1016
8096,xgb,1024,mutation_only_ga,main,1024,budget_exhausted,xgb_boot5_sklearn_gbm_74f98aa89b595336,1.9653961000149138,0.45658659987384453,12,1147,1008,0.8788142981691369,2,subruns\s8096_xgb_1024_mutation_only_ga_main,4.311868058509026,577f9f710cc5611d,4.696326530612245,0.0,3.64,1016
8096,xgb,1024,iterated_local_search,main,1024,budget_exhausted,xgb_boot5_sklearn_gbm_74f98aa89b595336,0.7217531999922357,0.45598649996099994,3,1192,1008,0.8456375838926175,2,subruns\s8096_xgb_1024_iterated_local_search_main,6.6374674424983535,8c795f861bdff5f2,7.315918367346939,0.0,1.7,1016
8096,xgb,1024,simulated_annealing,main,1024,budget_exhausted,xgb_boot5_sklearn_gbm_74f98aa89b595336,1.6406069999793544,0.5547594001982361,64,1008,1008,1.0,2,subruns\s8096_xgb_1024_simulated_annealing_main,5.663062352166821,a8e309bfdf6d676c,6.380408163265306,0.0,4.34,1016
8096,xgb,1024,mutation_only_adalead,main,278,neighbors_exhausted,xgb_boot5_sklearn_gbm_74f98aa89b595336,0.38970449997577816,0.15215299994451925,22,336,262,0.7797619047619048,2,subruns\s8096_xgb_1024_mutation_only_adalead_main,4.311868058509026,577f9f710cc5611d,2.662857142857143,0.0,4.14,270
8096,rf,1024,matched_seed_random_walk,main,1024,budget_exhausted,rf300_seq303_a9c110e094bc0c56,1.364302099973429,0.7274961999501102,9,1008,1008,1.0,2,subruns\s8096_rf_1024_matched_seed_random_walk_main,17.818864333633435,b38ceebca3f52b31,5.986122448979592,0.0,2.0,1016
8096,rf,1024,multi_start_hill_climb,main,1024,budget_exhausted,rf300_seq303_a9c110e094bc0c56,1.7493533000233583,1.2414007998304442,30,1131,1008,0.8912466843501327,2,subruns\s8096_rf_1024_multi_start_hill_climb_main,16.608376127644235,53f99460920be5ba,4.180408163265306,0.0,4.2,1016
8096,rf,1024,multi_start_beam,main,1024,budget_exhausted,rf300_seq303_a9c110e094bc0c56,1.140453499974683,0.5903418000089005,4,1034,1008,0.9748549323017408,2,subruns\s8096_rf_1024_multi_start_beam_main,17.31397782357209,d8415699657d004d,5.98204081632653,0.0,2.22,1016
8096,rf,1024,mutation_only_ga,main,1024,budget_exhausted,rf300_seq303_a9c110e094bc0c56,2.3003483999636956,0.8184638001257554,12,1112,1008,0.9064748201438849,2,subruns\s8096_rf_1024_mutation_only_ga_main,16.286440067560214,8ae401e4a760022b,3.816326530612245,0.0,4.08,1016
8096,rf,1024,iterated_local_search,main,1024,budget_exhausted,rf300_seq303_a9c110e094bc0c56,0.8191359000047669,0.5743128000176512,3,1192,1008,0.8456375838926175,2,subruns\s8096_rf_1024_iterated_local_search_main,17.060822481954713,362b5fadfe572d5d,6.37469387755102,0.0,2.28,1016
8096,rf,1024,simulated_annealing,main,1024,budget_exhausted,rf300_seq303_a9c110e094bc0c56,3.2581143000279553,2.1808695003273897,64,1008,1008,1.0,2,subruns\s8096_rf_1024_simulated_annealing_main,16.608376127644235,53f99460920be5ba,5.738775510204082,0.0,4.3,1016
8096,rf,1024,mutation_only_adalead,main,1024,budget_exhausted,rf300_seq303_a9c110e094bc0c56,3.529663299967069,2.1969665000215173,65,1023,1008,0.9853372434017595,2,subruns\s8096_rf_1024_mutation_only_adalead_main,16.286440067560214,8ae401e4a760022b,3.2775510204081635,0.0,4.2,1016
8097,xgb,1024,matched_seed_random_walk,main,1024,budget_exhausted,xgb_boot5_sklearn_gbm_0984cd050901e8ff,1.102772800019011,0.4731035000295378,9,1008,1008,1.0,2,subruns\s8097_xgb_1024_matched_seed_random_walk_main,11.786726118991126,3beafbe733d8adfa,7.644081632653061,0.02,1.9,1016
8097,xgb,1024,multi_start_hill_climb,main,1024,budget_exhausted,xgb_boot5_sklearn_gbm_0984cd050901e8ff,0.9941423000418581,0.4812800001818687,29,1092,1008,0.9230769230769231,2,subruns\s8097_xgb_1024_multi_start_hill_climb_main,9.381913616964972,5db573a011909003,6.25795918367347,0.0,4.06,1016
8097,xgb,1024,multi_start_beam,main,1023,stagnation,xgb_boot5_sklearn_gbm_0984cd050901e8ff,1.0303233000449836,0.48231450002640486,6,1051,1007,0.9581351094196003,2,subruns\s8097_xgb_1024_multi_start_beam_main,10.821358211924132,bb9c94ac0294b537,7.900408163265306,0.06,2.16,1015
8097,xgb,1024,mutation_only_ga,main,813,stagnation,xgb_boot5_sklearn_gbm_0984cd050901e8ff,1.5121583000291139,0.3530707999598235,8,896,797,0.8895089285714286,2,subruns\s8097_xgb_1024_mutation_only_ga_main,11.035617958955513,05ce6692dc3eab0c,6.1053061224489795,0.0,3.6,805
8097,xgb,1024,iterated_local_search,main,1024,budget_exhausted,xgb_boot5_sklearn_gbm_0984cd050901e8ff,0.763229499978479,0.47585460008122027,3,1161,1008,0.8682170542635659,2,subruns\s8097_xgb_1024_iterated_local_search_main,11.39923788779695,ddabdf75264528a5,8.031836734693877,0.06,1.38,1016
8097,xgb,1024,simulated_annealing,main,1024,budget_exhausted,xgb_boot5_sklearn_gbm_0984cd050901e8ff,1.6213521999889053,0.557376800046768,64,1008,1008,1.0,2,subruns\s8097_xgb_1024_simulated_annealing_main,10.213460153313092,0348acbf14928f05,7.759183673469388,0.0,5.08,1016
8097,xgb,1024,mutation_only_adalead,main,1024,budget_exhausted,xgb_boot5_sklearn_gbm_0984cd050901e8ff,1.8895739000290632,0.534997399954591,67,1042,1008,0.9673704414587332,2,subruns\s8097_xgb_1024_mutation_only_adalead_main,10.948029781442436,c13df8e1338f20ff,3.0653061224489795,0.0,3.98,1016
8097,rf,1024,matched_seed_random_walk,main,1024,budget_exhausted,rf300_seq303_1ab834495336b3eb,1.4190125000313856,0.7672115000314079,9,1008,1008,1.0,2,subruns\s8097_rf_1024_matched_seed_random_walk_main,18.99956451284074,db975968d08b8a71,6.304489795918367,0.0,1.9,1016
8097,rf,1024,multi_start_hill_climb,main,1024,budget_exhausted,rf300_seq303_1ab834495336b3eb,1.816837200021837,1.2707684001652524,30,1131,1008,0.8912466843501327,2,subruns\s8097_rf_1024_multi_start_hill_climb_main,18.088571493286956,86159a45992b1183,2.76,0.0,3.54,1016
8097,rf,1024,multi_start_beam,main,1024,stagnation,rf300_seq303_1ab834495336b3eb,1.0726850999635644,0.6058849000255577,5,1049,1008,0.9609151572926596,2,subruns\s8097_rf_1024_multi_start_beam_main,18.635522199830067,9c7805e3a5902edd,6.09795918367347,0.0,1.84,1016
8097,rf,1024,mutation_only_ga,main,1024,budget_exhausted,rf300_seq303_1ab834495336b3eb,2.2461613999912515,0.7735327000264078,12,1153,1008,0.8742411101474414,2,subruns\s8097_rf_1024_mutation_only_ga_main,18.511626553359765,ffad0e2ec0d096fc,4.595102040816326,0.0,2.62,1016
8097,rf,1024,iterated_local_search,main,1024,budget_exhausted,rf300_seq303_1ab834495336b3eb,0.7669984000385739,0.5200099000358023,3,1196,1008,0.842809364548495,2,subruns\s8097_rf_1024_iterated_local_search_main,18.560038843717404,82c755f4dea18c16,6.1355102040816325,0.0,1.44,1016
8097,rf,1024,simulated_annealing,main,1024,budget_exhausted,rf300_seq303_1ab834495336b3eb,3.310746199975256,2.2139432998374104,64,1008,1008,1.0,2,subruns\s8097_rf_1024_simulated_annealing_main,18.560038843717404,82c755f4dea18c16,7.03265306122449,0.0,4.18,1016
8097,rf,1024,mutation_only_adalead,main,1024,budget_exhausted,rf300_seq303_1ab834495336b3eb,3.5341664999723434,2.155845899542328,65,1023,1008,0.9853372434017595,2,subruns\s8097_rf_1024_mutation_only_adalead_main,18.635522199830067,16f94e458e169f61,3.240816326530612,0.0,3.12,1016
8098,xgb,1024,matched_seed_random_walk,main,1024,budget_exhausted,xgb_boot5_sklearn_gbm_8445c6664954d705,1.1114564999588765,0.46888230001786724,9,1008,1008,1.0,2,subruns\s8098_xgb_1024_matched_seed_random_walk_main,8.337521318018611,882921d4a216e933,6.682448979591837,0.0,1.92,1016
8098,xgb,1024,multi_start_hill_climb,main,1024,budget_exhausted,xgb_boot5_sklearn_gbm_8445c6664954d705,0.9940456000040285,0.49155360012082383,30,1131,1008,0.8912466843501327,2,subruns\s8098_xgb_1024_multi_start_hill_climb_main,5.606804347095481,a2f59f7a67329636,3.599183673469388,0.0,4.88,1016
8098,xgb,1024,multi_start_beam,main,1024,stagnation,xgb_boot5_sklearn_gbm_8445c6664954d705,1.0139493999886326,0.4866204999270849,5,1039,1008,0.9701636188642926,2,subruns\s8098_xgb_1024_multi_start_beam_main,8.847802474344059,ab24f215ba0d88b7,6.555102040816327,0.0,2.06,1016
8098,xgb,1024,mutation_only_ga,main,1022,neighbors_exhausted,xgb_boot5_sklearn_gbm_8445c6664954d705,1.9759708999772556,0.4772067999583669,11,1111,1006,0.9054905490549054,2,subruns\s8098_xgb_1024_mutation_only_ga_main,6.421024860006616,b769d661a55d6e63,4.528163265306122,0.0,4.38,1014
8098,xgb,1024,iterated_local_search,main,1024,budget_exhausted,xgb_boot5_sklearn_gbm_8445c6664954d705,0.6877889000461437,0.43330839998088777,3,1196,1008,0.842809364548495,2,subruns\s8098_xgb_1024_iterated_local_search_main,8.847802474344059,ab24f215ba0d88b7,6.529795918367347,0.0,1.66,1016
8098,xgb,1024,simulated_annealing,main,1024,budget_exhausted,xgb_boot5_sklearn_gbm_8445c6664954d705,1.6206761000212282,0.5384886002866551,64,1008,1008,1.0,2,subruns\s8098_xgb_1024_simulated_annealing_main,6.498221097790315,8dc4f2fda323c3ab,5.9746938775510205,0.0,4.6,1016
8098,xgb,1024,mutation_only_adalead,main,635,neighbors_exhausted,xgb_boot5_sklearn_gbm_8445c6664954d705,0.9953685000073165,0.3516725998488255,47,736,619,0.8410326086956522,2,subruns\s8098_xgb_1024_mutation_only_adalead_main,6.116363767294475,44b4631be62037b2,3.5346938775510206,0.0,5.0,627
8098,rf,1024,matched_seed_random_walk,main,1024,budget_exhausted,rf300_seq303_8e9099181e4983b0,1.4215133999823593,0.7942162999534048,9,1008,1008,1.0,2,subruns\s8098_rf_1024_matched_seed_random_walk_main,18.667109851933944,b2d66a911fc7bdb8,6.858775510204081,0.0,2.14,1016
8098,rf,1024,multi_start_hill_climb,main,1024,budget_exhausted,rf300_seq303_8e9099181e4983b0,1.8040144999977201,1.2667289001401514,30,1131,1008,0.8912466843501327,2,subruns\s8098_rf_1024_multi_start_hill_climb_main,17.012964369036737,99bec473fce78185,4.040816326530612,0.0,4.24,1016
8098,rf,1024,multi_start_beam,main,1024,stagnation,rf300_seq303_8e9099181e4983b0,1.1111038000090048,0.5813249999191612,5,1042,1008,0.9673704414587332,2,subruns\s8098_rf_1024_multi_start_beam_main,18.17899747018053,6bd9ca6ca5c8d71e,6.134693877551021,0.0,2.46,1016
8098,rf,1024,mutation_only_ga,main,1022,stagnation,rf300_seq303_8e9099181e4983b0,2.1553839000407606,0.7366861999034882,11,1122,1006,0.8966131907308378,2,subruns\s8098_rf_1024_mutation_only_ga_main,17.11756834098164,a47b1783f807b03c,4.476734693877551,0.0,4.34,1014
8098,rf,1024,iterated_local_search,main,1024,budget_exhausted,rf300_seq303_8e9099181e4983b0,0.8089276000391692,0.5650503999786451,3,1196,1008,0.842809364548495,2,subruns\s8098_rf_1024_iterated_local_search_main,18.095625520585244,a0cedb5b1857f906,6.213061224489796,0.0,1.84,1016
8098,rf,1024,simulated_annealing,main,1024,budget_exhausted,rf300_seq303_8e9099181e4983b0,3.290384099993389,2.1998828999930993,64,1008,1008,1.0,2,subruns\s8098_rf_1024_simulated_annealing_main,17.576996949493807,0aeccfff11d5a53f,6.685714285714286,0.0,4.7,1016
8098,rf,1024,mutation_only_adalead,main,1024,budget_exhausted,rf300_seq303_8e9099181e4983b0,3.536173400003463,2.1812563001876697,66,1027,1008,0.9814995131450828,2,subruns\s8098_rf_1024_mutation_only_adalead_main,17.11756834098164,a47b1783f807b03c,2.9714285714285715,0.0,5.28,1016
8099,xgb,1024,matched_seed_random_walk,main,1024,budget_exhausted,xgb_boot5_sklearn_gbm_bfb7bfef37a5a369,1.1025092999916524,0.48713740007951856,9,1008,1008,1.0,2,subruns\s8099_xgb_1024_matched_seed_random_walk_main,6.460160611119576,6ebdc3d6e11663e3,8.706122448979592,0.0,1.78,1016
8099,xgb,1024,multi_start_hill_climb,main,1024,budget_exhausted,xgb_boot5_sklearn_gbm_bfb7bfef37a5a369,0.9631955000222661,0.468647800211329,29,1092,1008,0.9230769230769231,2,subruns\s8099_xgb_1024_multi_start_hill_climb_main,3.225694774302299,ba1f3122e79d9fe3,4.347755102040816,0.0,3.26,1016
8099,xgb,1024,multi_start_beam,main,1024,budget_exhausted,xgb_boot5_sklearn_gbm_bfb7bfef37a5a369,0.9689300000318326,0.4689655000693165,5,1043,1008,0.9664429530201343,2,subruns\s8099_xgb_1024_multi_start_beam_main,3.225694774302299,ba1f3122e79d9fe3,6.315918367346939,0.0,1.98,1016
8099,xgb,1024,mutation_only_ga,main,819,stagnation,xgb_boot5_sklearn_gbm_bfb7bfef37a5a369,1.5343468000064604,0.36842320003779605,8,896,803,0.8962053571428571,2,subruns\s8099_xgb_1024_mutation_only_ga_main,5.0559424000725315,04262e5563cde7c1,5.885714285714286,0.0,4.06,811
8099,xgb,1024,iterated_local_search,main,1024,budget_exhausted,xgb_boot5_sklearn_gbm_bfb7bfef37a5a369,0.7286421000026166,0.49000380001962185,3,1196,1008,0.842809364548495,2,subruns\s8099_xgb_1024_iterated_local_search_main,3.2409132712451765,1adb86d8a2b903e2,7.57469387755102,0.0,1.54,1016
8099,xgb,1024,simulated_annealing,main,1024,budget_exhausted,xgb_boot5_sklearn_gbm_bfb7bfef37a5a369,1.578198999981396,0.5378707997733727,64,1008,1008,1.0,2,subruns\s8099_xgb_1024_simulated_annealing_main,6.131139160194905,f0f3ebea1f19f2b0,6.689795918367347,0.0,4.3,1016
8099,xgb,1024,mutation_only_adalead,main,126,neighbors_exhausted,xgb_boot5_sklearn_gbm_bfb7bfef37a5a369,0.1966324999812059,0.06924879999132827,12,176,110,0.625,1,subruns\s8099_xgb_1024_mutation_only_adalead_main,8.58647148594168,6538a0da8e4dabd9,2.6040816326530614,0.0,1.88,118
8099,rf,1024,matched_seed_random_walk,main,1024,budget_exhausted,rf300_seq303_e4d30b865a8225a7,1.3302530000219122,0.7052510001230985,9,1008,1008,1.0,2,subruns\s8099_rf_1024_matched_seed_random_walk_main,17.1743976627385,52d65cd118552ffe,7.823673469387755,0.0,1.74,1016
8099,rf,1024,multi_start_hill_climb,main,1024,budget_exhausted,rf300_seq303_e4d30b865a8225a7,1.807017499988433,1.2855175000149757,30,1127,1008,0.8944099378881988,2,subruns\s8099_rf_1024_multi_start_hill_climb_main,16.237803844499457,2d90cbf61f1ac5dd,3.3118367346938777,0.0,4.56,1016
8099,rf,1024,multi_start_beam,main,1023,stagnation,rf300_seq303_e4d30b865a8225a7,1.078849799989257,0.5860910000628792,5,1051,1007,0.9581351094196003,2,subruns\s8099_rf_1024_multi_start_beam_main,17.00298765241127,6e5bfca20ea7dbbd,6.364081632653061,0.0,1.84,1015
8099,rf,1024,mutation_only_ga,main,1024,budget_exhausted,rf300_seq303_e4d30b865a8225a7,2.3157781999907456,0.776032900030259,12,1156,1008,0.8719723183391004,2,subruns\s8099_rf_1024_mutation_only_ga_main,16.818744001494622,efb18be90e84d97a,6.357551020408163,0.0,3.28,1016
8099,rf,1024,iterated_local_search,main,1024,budget_exhausted,rf300_seq303_e4d30b865a8225a7,0.764700300002005,0.5129630999872461,3,1122,1008,0.8983957219251337,2,subruns\s8099_rf_1024_iterated_local_search_main,17.1743976627385,52d65cd118552ffe,6.146122448979592,0.0,1.36,1016
8099,rf,1024,simulated_annealing,main,1024,budget_exhausted,rf300_seq303_e4d30b865a8225a7,3.2514632999664173,2.1705255999113433,64,1008,1008,1.0,2,subruns\s8099_rf_1024_simulated_annealing_main,16.10137510178789,ed6575e297255fdd,6.373877551020408,0.0,4.38,1016
8099,rf,1024,mutation_only_adalead,main,1024,budget_exhausted,rf300_seq303_e4d30b865a8225a7,3.916727699979674,2.463488899928052,65,1022,1008,0.9863013698630136,2,subruns\s8099_rf_1024_mutation_only_adalead_main,16.32031233639959,26bbcb5402401da6,3.0595918367346937,0.0,3.78,1016
8100,xgb,1024,matched_seed_random_walk,main,1024,budget_exhausted,xgb_boot5_sklearn_gbm_ad8be09aae6410ad,1.0722520000417717,0.4746608000132255,9,1008,1008,1.0,2,subruns\s8100_xgb_1024_matched_seed_random_walk_main,9.181440916346425,c8247d7a5e9cc7c0,7.577142857142857,0.0,1.84,1016
8100,xgb,1024,multi_start_hill_climb,main,1024,budget_exhausted,xgb_boot5_sklearn_gbm_ad8be09aae6410ad,1.0005831999587826,0.48948870005551726,30,1131,1008,0.8912466843501327,2,subruns\s8100_xgb_1024_multi_start_hill_climb_main,4.3264310948132145,26c86ca5535e073e,3.2220408163265306,0.0,4.36,1016
8100,xgb,1024,multi_start_beam,main,1024,stagnation,xgb_boot5_sklearn_gbm_ad8be09aae6410ad,0.995451900002081,0.4618778000585735,5,1043,1008,0.9664429530201343,2,subruns\s8100_xgb_1024_multi_start_beam_main,7.208507745259254,1f51f0d85668aeac,5.593469387755102,0.0,2.5,1016
8100,xgb,1024,mutation_only_ga,main,1024,stagnation,xgb_boot5_sklearn_gbm_ad8be09aae6410ad,2.0558309000334702,0.4902080000611022,12,1118,1008,0.9016100178890877,2,subruns\s8100_xgb_1024_mutation_only_ga_main,4.485674316948809,a02897872501a52f,4.311836734693878,0.0,4.2,1016
8100,xgb,1024,iterated_local_search,main,1024,budget_exhausted,xgb_boot5_sklearn_gbm_ad8be09aae6410ad,0.7028440000140108,0.4096486000344157,3,1196,1008,0.842809364548495,2,subruns\s8100_xgb_1024_iterated_local_search_main,7.208507745259254,1f51f0d85668aeac,6.743673469387755,0.0,1.86,1016
8100,xgb,1024,simulated_annealing,main,1024,budget_exhausted,xgb_boot5_sklearn_gbm_ad8be09aae6410ad,1.654157100012526,0.5662324003060348,64,1008,1008,1.0,2,subruns\s8100_xgb_1024_simulated_annealing_main,5.515210346078679,7f2d4c62545ebb6d,5.542040816326531,0.0,4.16,1016
8100,xgb,1024,mutation_only_adalead,main,639,neighbors_exhausted,xgb_boot5_sklearn_gbm_ad8be09aae6410ad,0.9595830999896862,0.3546434997697361,50,784,623,0.7946428571428571,2,subruns\s8100_xgb_1024_mutation_only_adalead_main,4.3264310948132145,26c86ca5535e073e,3.4971428571428573,0.0,4.6,631
8100,rf,1024,matched_seed_random_walk,main,1024,budget_exhausted,rf300_seq303_e0a0e1ce091cf2a2,1.3485033999895677,0.7632066000369377,9,1008,1008,1.0,2,subruns\s8100_rf_1024_matched_seed_random_walk_main,18.39021146339937,a79afe314ea05ab9,6.51265306122449,0.0,1.74,1016
8100,rf,1024,multi_start_hill_climb,main,1024,budget_exhausted,rf300_seq303_e0a0e1ce091cf2a2,1.7951156999915838,1.245968600094784,30,1131,1008,0.8912466843501327,2,subruns\s8100_rf_1024_multi_start_hill_climb_main,17.560763805510124,26aed7dec88c5ba9,3.96,0.0,4.06,1016
8100,rf,1024,multi_start_beam,main,1024,stagnation,rf300_seq303_e0a0e1ce091cf2a2,1.0734359999769367,0.5810916000045836,5,1050,1008,0.96,2,subruns\s8100_rf_1024_multi_start_beam_main,17.887294326400536,1f51f0d85668aeac,5.659591836734694,0.0,1.94,1016
8100,rf,1024,mutation_only_ga,main,1024,budget_exhausted,rf300_seq303_e0a0e1ce091cf2a2,2.1511912000132725,0.7262520999647677,11,1142,1008,0.882661996497373,2,subruns\s8100_rf_1024_mutation_only_ga_main,17.560763805510124,26aed7dec88c5ba9,4.380408163265306,0.0,3.58,1016
8100,rf,1024,iterated_local_search,main,1024,budget_exhausted,rf300_seq303_e0a0e1ce091cf2a2,0.7569940999965183,0.5145806000218727,3,1161,1008,0.8682170542635659,2,subruns\s8100_rf_1024_iterated_local_search_main,17.560763805510124,26aed7dec88c5ba9,5.668571428571428,0.0,1.42,1016
8100,rf,1024,simulated_annealing,main,1024,budget_exhausted,rf300_seq303_e0a0e1ce091cf2a2,3.6271294000325724,2.4661488999263383,64,1008,1008,1.0,2,subruns\s8100_rf_1024_simulated_annealing_main,17.811191607020422,99123ff581165f19,5.573877551020408,0.0,3.72,1016
8100,rf,1024,mutation_only_adalead,main,1024,budget_exhausted,rf300_seq303_e0a0e1ce091cf2a2,3.3950127999996766,2.1186515998560935,66,1029,1008,0.9795918367346939,2,subruns\s8100_rf_1024_mutation_only_adalead_main,17.560763805510124,26aed7dec88c5ba9,3.0783673469387756,0.0,3.54,1016
