seed,policy,arm,model_seed,n_unique_predicted,stop_reason,best_pred_gbsa,best_candidate_id,n_candidates,n_groups,seconds_total,model_id,feas_rate,rejection_rate,diversity_top50,ood_fraction_top50,mean_min_train_hamming_top50,top50_ids,spearman_model_a_vs_1,spearman_model_a_vs_2
201,stratified_random,A,201,8192,budget_exhausted,11.83845329284668,0bd7738497759f24,8192,2,118.019,xgb_boot5_xgboost,1.0,0.0,8.465306122448979,0.0,4.7,"('002182320409f4e5', '0046ab99f34824e6', '0a5874dc98298313', '0bd7738497759f24', '0ed4475671ebda65', '241ab6dee4001b46', '27f44a9b0cbbd222', '3c3af2c6b02089a0', '464ee7c95a23f385', '4a2a52ba954dcd00', '4ae3d1c4760122df', '4d9bc39900e3f8fd', '517bceb0d3c06de6', '53a34e850aa2c249', '56a6f2f4dc5f7bcd', '5ec81e24293701d2', '6380d298fc426a62', '68afb7b73c6d4c78', '6e83ccb06921fbac', '6ff8f9a79397b1ea', '75fcd57086ba7c77', '7a6f5592836112f1', '7c84662aeabbc775', '7f1f39a8c0e9cfe8', '8173fb9b4867c76d', '8837d8b687f07579', '8a4d5cfc09f31bc8', '8d2110c180a6cfa7', 'a24359db37b0a525', 'ae83f099bb6b4efe', 'af483779b3e3ee56', 'b75ecb160929c51e', 'b87dc0b91ac48249', 'c3b69ddf5cfafd58', 'c4e0d6ec427c523c', 'cbd09e8acdffad55', 'd34f4ea94eb2cb19', 'd8307432e69c911a', 'd8fa0fa882a188e1', 'db15eee8bef33d91', 'dc40a84e79567bf5', 'e00c144bf879a410', 'e2aa0ecb657526e9', 'e43407fb54d57346', 'e4a7b4612ca97b8a', 'f37705c3283740ae', 'f4d464ea230ab328', 'f984e6628233b1ff', 'fa1833076aed56c6', 'fc6597ac212f4acd')",0.3256182472989197,0.35423769507803116
201,multi_start_hill_climb,A,201,4225,local_optima,5.547965049743652,59e73cf9706ed7c2,4217,2,46.525,xgb_boot5_xgboost,0.9111494500754799,0.09230105671770542,3.983673469387755,0.0,4.3,"('04700b1caa93dd09', '04cd3a262f81fb59', '04e292cc367d7102', '0e6350a0297b2754', '1126618b5836ee87', '1ac86fe1918a6647', '1b36607a30708146', '1f7cf9f8b8d55a8a', '2a3ec334f39a85f5', '341d3744f4eeab91', '37f880d339ae9b8c', '39519fbc09e5c8a7', '47f1b103737f24a6', '4cacf1878bff19f3', '4efafe98c13883b5', '59e73cf9706ed7c2', '5bf00341a7410698', '5dae1fd2fa0f315f', '6604b4ca2327f9d5', '6b24a0b1ceef53cd', '72a56db794ddee1a', '755ffcf210b2f2de', '77c5da02594dcf76', '783b9fdc2d95497c', '82018b2cdc26b724', '85a1ee48c80eae83', '8a845760f3b9f376', '939677caa313afbc', '95c42418074afc0a', '96d80389c7d273f4', '975a4d109239d1bb', '97861281d53f6f54', '9a7c39fd50be2e16', '9d6856ef4b71552e', '9e3cd5231e88c77d', '9f1def6539447081', '9fb2356ee6cf60da', 'a05907e3923bdb3f', 'b15fa7f953299f43', 'b3492030dd798968', 'b75c16d275e40a35', 'c56e7c708c77d620', 'c7d253c930a08fee', 'ca843a768f68110d', 'ccd25d2e7722662c', 'd2228e20892643be', 'd3aa67df7bd53e64', 'd726c49312982c38', 'e4fbda9ee6558866', 'fe511656639cbd16')",0.3008403361344539,0.19030012004801922
201,multi_start_beam,A,201,6020,max_generations,5.623649597167969,5dae1fd2fa0f315f,6012,2,70.545,xgb_boot5_xgboost,0.7838541666666666,0.21822916666666667,3.916734693877551,0.0,4.2,"('04700b1caa93dd09', '04cd3a262f81fb59', '0e6350a0297b2754', '1126618b5836ee87', '1ac86fe1918a6647', '1b36607a30708146', '1f7cf9f8b8d55a8a', '259969c2b3152d61', '2a3ec334f39a85f5', '321c0301e2964bc2', '341d3744f4eeab91', '37f880d339ae9b8c', '39519fbc09e5c8a7', '47f1b103737f24a6', '4cacf1878bff19f3', '4efafe98c13883b5', '5bf00341a7410698', '5dae1fd2fa0f315f', '72a56db794ddee1a', '755ffcf210b2f2de', '77c5da02594dcf76', '82018b2cdc26b724', '85a1ee48c80eae83', '862e847d46ad612e', '88f8ce5f7957e59a', '891aebefdf577766', '8a845760f3b9f376', '8c4f3c810274413f', '939677caa313afbc', '95c42418074afc0a', '96d80389c7d273f4', '975a4d109239d1bb', '9a7c39fd50be2e16', '9d6856ef4b71552e', '9e3cd5231e88c77d', '9fb2356ee6cf60da', 'b15fa7f953299f43', 'b3492030dd798968', 'b7345e5889fd712d', 'c56e7c708c77d620', 'c7d253c930a08fee', 'ca843a768f68110d', 'd2228e20892643be', 'd3aa67df7bd53e64', 'd726c49312982c38', 'dc7cf5858511151c', 'e4fbda9ee6558866', 'e80c35850813ee7e', 'fb50f08d1bdb5b7a', 'fe511656639cbd16')",0.31524609843937573,0.14266506602641055
202,stratified_random,A,202,8192,budget_exhausted,12.807764053344727,7b350b7506a4de09,8192,2,101.381,xgb_boot5_xgboost,1.0,0.0,8.344489795918367,0.0,4.72,"('0686a346c1f082f4', '06dd4138962b8d50', '0b5f5ba3e96e0491', '0ba622240487efd1', '113edd0e2f85852e', '1c1a4517b6a97071', '229b10598fc17f10', '26ca8684b1c738c8', '27216923c665a5ac', '2a83a2fd2f2d0b81', '2afe769888e1625d', '37765fad64d1420c', '408eeabe97657bd4', '464535a2369e6956', '4647b71787127846', '46fa51e4cf12b9a7', '4aab8b00256f1444', '53645cea90b1bf6e', '5f10cb1dd91df739', '64225739e98437ce', '6763f72ae44223e9', '6be2bb7aa17a4217', '6e94a5246adb9933', '7159f980fd2203bd', '73a463c285a9a757', '7a0d46b437e8e3c3', '7b350b7506a4de09', '8298535307012794', '8658a17d9c91b016', '8a298ec80c87a757', '907c7c18889e2eb0', '912a8778da42cc1d', '9285ef4fade6e49b', '9687218ea21b4924', 'a4027c7c219b85ed', 'abca644d30beee7c', 'ad61f2c4553bd50b', 'ad81cca840e05855', 'b22bbe218d09f982', 'b92089cb540fd7f8', 'bbbcad32b3f7b570', 'c7167cc5229b6716', 'c9dcd25988796ede', 'cf0f5301c33bd804', 'd845dd970f0d0a56', 'e5747c06f5d0fcf0', 'eeae4ba89e0996f8', 'f2c825eb0fd1d80d', 'fb9154cbd5bac193', 'fc45cdbe1b28a857')",-0.01973589435774312,0.2506122448979592
202,multi_start_hill_climb,A,202,3892,local_optima,6.464585304260254,b4fb9d7fe52c5804,3884,2,51.4,xgb_boot5_xgboost,0.9164115846479868,0.08735578055097716,3.235918367346939,0.0,3.64,"('0533b81089025316', '054f2a049c63b530', '06fe8fe8f7887d16', '0e083304ebd8813f', '125d93401e057361', '14a2bcc405fc4579', '1526edae36e25a34', '167819ceb411e8b2', '176c9226b693163e', '19beca13ff235354', '19f20f55aacc37e0', '1c0bcd07d821db0b', '20c063998320602b', '22e26cbb743a5d7a', '30bf9ef23f34d2c1', '3334d09ca27ae87c', '3361b1affc61202a', '34152bc4a61dce61', '375b22881d516d76', '3b8bd440dfef9df8', '5896236d36ca98cc', '5c769e3473bc91cc', '6afd4fa5ee112916', '6e15dc9bf89d644c', '6fb155475ff534be', '7b98767dec2c6fa5', '7e2e79b8841b99a0', '883708b3c14d39f2', '8d215ea882c23dd2', '97b37ceadb3a1c4d', '9b77c42650cd66aa', 'a1e6650f640d60ff', 'aa44b78cb5ea7013', 'b4fb9d7fe52c5804', 'c0e5efe28fc527be', 'c162e2a48f9eb6d0', 'c3c93f97876ea22a', 'cb8d67b4751fef55', 'cc26a6433fe477c7', 'cd05186e9659349b', 'cec01d1a83655dd4', 'd32e3b4b773691f0', 'dd77607e3f95199f', 'ddef4c6edf14572c', 'e84e81961ee490a3', 'f5fb7fe816ff8c06', 'f9657c06896cce25', 'f9dc5552cc4a3b0c', 'fb70d8b9375d1c8c', 'ffea583ca8fcea95')",0.15674222051479061,0.25941221667306946
202,multi_start_beam,A,202,4052,stagnation,6.464585304260254,b4fb9d7fe52c5804,4044,2,48.534,xgb_boot5_xgboost,0.8793402777777778,0.12413194444444445,3.464489795918367,0.0,3.28,"('010f2e1eab205465', '053b4c44bac69d7e', '054f2a049c63b530', '0dc1b85066937a51', '10eea1531542e77d', '125d93401e057361', '14a2bcc405fc4579', '167819ceb411e8b2', '19f123712e25a683', '1c0bcd07d821db0b', '20c063998320602b', '22e26cbb743a5d7a', '34152bc4a61dce61', '375b22881d516d76', '6afd4fa5ee112916', '6ccf77d95bd40ea6', '6e15dc9bf89d644c', '6fb155475ff534be', '70218ce0b263c180', '7036fe6f39563b53', '722adf07f1632675', '748d64a98766e54d', '74d56bc7acfef7f0', '764e8daaae0bf1af', '772740d316c7bac9', '7b0673be01b00037', '7e2e79b8841b99a0', '883708b3c14d39f2', '8d215ea882c23dd2', '97b37ceadb3a1c4d', '9b77c42650cd66aa', 'a12e7c1eb2723fe8', 'a1e6650f640d60ff', 'aa44b78cb5ea7013', 'add15850ecd90b50', 'b4fb9d7fe52c5804', 'b7077ccba3cb5ba3', 'bc0c1d04090f0a49', 'c08750ca02b98882', 'cb8d67b4751fef55', 'cd05186e9659349b', 'd32e3b4b773691f0', 'd40862bd921a68f5', 'dc8d3d47ec3fbeb0', 'ddef4c6edf14572c', 'e84e81961ee490a3', 'edc799cead923db3', 'f0dd1fbdb45c07aa', 'f9657c06896cce25', 'f9dc5552cc4a3b0c')",0.26834421820975796,0.4795428351901653
203,stratified_random,A,203,8192,budget_exhausted,11.727453231811523,d1c40f9158519305,8192,2,102.947,xgb_boot5_xgboost,1.0,0.0,7.896326530612245,0.22,4.76,"('1096c4c004bd22f6', '135bac1d672dbb68', '160c5479cf4d4448', '1ae4fdc249968ffe', '1e3073c1f386c5c0', '202b18de7c42d7b0', '20f7c86868d6953b', '245185c819c1101e', '25b8b37f5c6dcb65', '268b24614e912f78', '2b5fae216ba94b5f', '2fa4cba9aeb1cca9', '309b7d8caae1e356', '344b4a308f5b0389', '3b8ed28ba04fc3ea', '3bc049dc2b75fa5e', '41e6e846951945b9', '4ca0ec577ee9f7c3', '5445915d83712d90', '5aae2e2f7f331f19', '607ea33c7b9ae7a1', '655bc3c556d2d898', '6a8a94ed3a924b47', '70c5a5ce0da8e8bc', '72f8716c4bf220f3', '78363800cf8e40e7', '792f2539ae0ebbcf', '7abf46318fd80ed9', '83382489ee0ca4ac', '835c3da2ce458f4a', '8d69ae562aaffab6', '8e28367febd61181', '90e052c895f3c288', '98ff03c6788b369e', 'a305a25c64ac4246', 'aadc63fede41b036', 'aeb3e325a9efe130', 'b4c7ffdbb7fb481f', 'b7d7c2b43a721a04', 'c0745499a5d2ef22', 'c3666ec08130df2f', 'cded6955f3c88504', 'cdf966505c59daaa', 'd1c40f9158519305', 'd61b5f289594cf24', 'd9b719bd39f72205', 'ddf060fce901a997', 'e5bb3afe2fca77fb', 'ec9b0e58fee02a7d', 'fe78adba6e9cd105')",-0.010036014405762348,-0.03836734693877549
203,multi_start_hill_climb,A,203,3638,local_optima,7.923011779785156,ce9b1b7b427eb70f,3630,2,52.654,xgb_boot5_xgboost,0.9163727959697733,0.08765743073047859,5.533061224489796,0.0,3.44,"('01b7ed254019f9b2', '02a03bd26f95a636', '065eb7f676c2fbac', '08e99eeaa9cfe7e6', '0998b875d3ba6c78', '09d0eb1045e9d938', '0f72cfdbca324603', '16a0b600efe50db0', '195f9702b1a1466e', '19ab05c94758b1ce', '1c96d6f37686d4de', '2186e5b6a8599aca', '22207b7ad1b8ad44', '26afd49470d91136', '309a285f23a8624a', '334473497486727b', '33c45d462d22fe55', '34130a4cbef40f17', '38329486f3f3063d', '3e22876583dd844a', '3ff20ade4f421c37', '52e268d5b886a9ef', '55414280be16f4ea', '66868e0608071c2a', '692a1c8f7e21cfb7', '6d657ba320ccd3e9', '701b6a5e888aaafb', '7a3561fe56a46c4b', '7e8778740df3fb79', '87666825766c1ebc', '8910277f5201fa62', '8e0580086a7bc398', '8e930d5d228afb97', '8f9dbfdd8c442540', '96cff2f0acfefc45', 'ad7d454ffc5f56f2', 'b0b5c2f56c0f9586', 'b62135d10deee527', 'b6f26e95ddcb1797', 'b731f5175d1944d1', 'b87dacf6525070c5', 'bd18e94afeab73b5', 'bf000aa57b7ccd92', 'c17b71c6262387bd', 'c4bbdec4b1695acc', 'c5cc9374f9da0994', 'ce9b1b7b427eb70f', 'e42892d076ccb158', 'e8fe7ec055d65bc8', 'eeaf59fa4c0de5c7')",0.01628242082440505,0.06681557270702398
203,multi_start_beam,A,203,3802,stagnation,7.923011779785156,ce9b1b7b427eb70f,3794,2,59.056,xgb_boot5_xgboost,0.8250868055555556,0.17838541666666666,4.491428571428571,0.0,3.04,"('01b7ed254019f9b2', '02a03bd26f95a636', '03981e5589fbe48f', '03cace113b0b7a40', '06e671036ed871eb', '08e99eeaa9cfe7e6', '0998b875d3ba6c78', '19ab05c94758b1ce', '1c96d6f37686d4de', '2186e5b6a8599aca', '2ff6211a5fc8d6f2', '309a285f23a8624a', '334473497486727b', '34130a4cbef40f17', '3d32e973b810f9e1', '3e22876583dd844a', '3ff20ade4f421c37', '47e1edb5354f2802', '49daad92ba3d6f2a', '4d3c5e4e4d07ecfa', '4ea525c00ff77ac8', '51680e070be42faa', '55414280be16f4ea', '587beabb4f70a8c1', '5e6f2cc48113c9eb', '66868e0608071c2a', '668ce8b844c3ee78', '6d657ba320ccd3e9', '701b6a5e888aaafb', '7db9a3dfb9241c27', '87666825766c1ebc', '8e0580086a7bc398', '8f9dbfdd8c442540', '92ebe766c17e6b35', '96cff2f0acfefc45', '9a8095b09ddc7ed9', 'a1613da0f3d57b35', 'a23e9108cccfc64f', 'a8660bb979aea3a7', 'ab45b84b8b16b25e', 'ad7d454ffc5f56f2', 'b731f5175d1944d1', 'bd1a9adcae4aab65', 'ce9b1b7b427eb70f', 'e42892d076ccb158', 'e5d4e6f2370fe699', 'ea6d96b75e0d8bcf', 'eeaf59fa4c0de5c7', 'fa1e528e4dd966e6', 'fa8f9e814e04b958')",0.3176162801818246,-0.040271036617215386
204,stratified_random,A,204,8192,budget_exhausted,11.7736177444458,226330431987c415,8192,2,130.799,xgb_boot5_xgboost,1.0,0.0,8.80326530612245,0.24,4.76,"('09fd85e5d6a65a78', '0be52cef66fc6392', '0f04351373e842f0', '0f1b5ef32f25835b', '124a59e1eaf187a0', '1591d2748a8aba80', '173c13fd6173ea88', '197fb46f63d9405c', '1acc85b4736a0db3', '226330431987c415', '2691e0d12a1c4e86', '29cf25a703e7d2a1', '2fed9146d7e50deb', '30463d9a950f74c7', '3d7fff310d18e358', '3f10fb88cec3b484', '41f25145d0c70273', '4848d2baabf46365', '4959067cf626228c', '4a6ab1a3b027dde2', '4d2c85399e4eca6f', '4fda5b586d50c0db', '584d67f8e57907bd', '6049ef1fd3cfbfb5', '607a37aff25ecb51', '6bf3a67e23cce99a', '6ec62e639ef1ce4a', '7799f6a6d747d076', '7c1d9aa0bb3b60ce', '8d2467557370a8d4', '90139affd6652efe', '95675a6b3ef72e97', '9c711e00cfcada75', '9cf7ed30b5594ac9', '9ee2f2ca13cf20c7', 'a920b1ce3f5eecde', 'a95f2bc1f3f064f9', 'abf74e2a6e9374e0', 'ac67d4714ce86f3b', 'b05fd47f99fd34fe', 'b552c1769bca2a5a', 'd0058905ea475806', 'd30f988c439c0ffd', 'd7679ddee14427a2', 'e560aeb63aebdfbe', 'efc52515b5bf3be7', 'f149422a61b79efb', 'f555c9aa34b5c720', 'fa67ac25fc407192', 'fdecb722a7e91bfb')",-0.0012485593545908391,0.16864750659138583
204,multi_start_hill_climb,A,204,3841,local_optima,8.03227710723877,cd28e4cd64727ed0,3833,2,62.971,xgb_boot5_xgboost,0.9145238095238095,0.08928571428571429,3.6955102040816326,0.0,4.76,"('008d6efaf2608e44', '0507aa4833ffa652', '083e2b9758ce55b2', '0f54fa37e76d31d9', '1557993045e0fa1e', '1be77026a5b6f7e7', '2441b2fc519b7e93', '29855d782d363a11', '29d654e72d594f4e', '2b92818aaa858ba3', '340736df0a01e219', '36a2d0b4cf63870b', '3d1ddb5d0ce098e2', '414b079e131cd660', '44f58d0018f8eac9', '480031aa42624b2d', '4f78ff5dfe1c29fd', '4fc76249a479fb42', '5376ade81051cb92', '54795452768ec2d3', '54d37752aa5db7c0', '561c7236ecc441fe', '5773b4b2e2fe27dd', '60d8fd7e6d7b4169', '612f94887f3235bb', '61c23b89ad834191', '70bfbb1d933970a8', '72653e82a832cc7f', '76645cf6b4d764c7', '7d509691079c1707', '814d15723742b425', '89fe9c8cfa68ac33', '9ac5429b8358f534', '9e23231f19cd0ecd', 'a2b6b7820f5f515b', 'bb9b1289373c8bd7', 'c8c69023ae1940b6', 'ca134cbc7dd9ec43', 'cd28e4cd64727ed0', 'd2bd703f7c4d5079', 'ea27ccd3a6ca7fdb', 'eabc094da598138a', 'eae3852b8c87508e', 'ed70a15a352ab14f', 'f1e8aa42ecbce054', 'f27370c057f57ceb', 'f6dfd04ef67c8f80', 'fa95f637e9f40fa0', 'fb6c6118db43ecae', 'fb873b196a1e7e5b')",0.019880906646177473,0.0820207452938917
204,multi_start_beam,A,204,5495,stagnation,8.03227710723877,cd28e4cd64727ed0,5487,2,87.069,xgb_boot5_xgboost,0.8255709134615384,0.17683293269230768,4.013877551020408,0.0,4.6,"('01950406c8b80f93', '083e2b9758ce55b2', '0f54fa37e76d31d9', '122a62b45c453a6c', '17ee138c58f5aba1', '1be77026a5b6f7e7', '29855d782d363a11', '29d654e72d594f4e', '2ec048a67db7fc8a', '30265166fc82d4a5', '36a2d0b4cf63870b', '414b079e131cd660', '44f58d0018f8eac9', '480031aa42624b2d', '490f620dc8869627', '4fc76249a479fb42', '54795452768ec2d3', '54d37752aa5db7c0', '561c7236ecc441fe', '57b3822276495c73', '60d8fd7e6d7b4169', '659c4287b44ca269', '6f9bac251f8379e9', '70e76212c86b3b7a', '72653e82a832cc7f', '795431cfee344ea5', '7d509691079c1707', '814d15723742b425', '86f60d7383ae055c', '89fe9c8cfa68ac33', '8af9866540445bd0', '8b305a435397fe64', '9e23231f19cd0ecd', 'a734ee16381b42ad', 'b12cb927f4d03eaf', 'bad4d7903b441440', 'bb9b1289373c8bd7', 'c8369a858bc56022', 'ca134cbc7dd9ec43', 'cd28e4cd64727ed0', 'ddb4b4f930a293c3', 'e9b1309c845406c5', 'eabc094da598138a', 'ed70a15a352ab14f', 'f0f365c40119770f', 'f27370c057f57ceb', 'f8977336cbcb8996', 'fa95f637e9f40fa0', 'fc470317d6c278f3', 'fd65d501a0b162e6')",0.26574131886076563,0.05172662216031892
205,stratified_random,A,205,8192,budget_exhausted,11.379510879516602,2c9f2d0b188d0a60,8192,2,120.335,xgb_boot5_xgboost,1.0,0.0,8.462857142857143,0.0,4.78,"('0be84f809ec2668c', '1db196a837fbda7b', '21cff84c8bcef7fb', '26472cefe6faa577', '26d5cdab7576a9d1', '2c9f2d0b188d0a60', '2d845c3baf9d65d0', '2e02f122dd3d186d', '318c02d3dd097b15', '36d75678d3c94958', '3e05426c5c8acafc', '488cf6524b9a20a8', '4ae1435a5e999da8', '539188e2d657c815', '53e3d341ac9e2e57', '577fd7be1164a58b', '5c943f60bf32fa09', '60c1df732d93200d', '6decaa6908a07b6a', '742c0128fdc36a8b', '752c3f21da3dbadc', '787367b8592cb2cf', '8225e61136cf661c', '88cef47b2d98e261', '89d351d5473ecebf', '8bcc86461237d201', '96afc5bba9e7660d', '98493a6def6bc263', 'a39904bfef45e974', 'aa222e8ec220cad5', 'aa33bc4c5d3f6074', 'af77d2731d2d5ec1', 'bcd19e6c7ce38f66', 'c223af534a5f5317', 'c6f62df67f035a98', 'c951d423d2fc1a7e', 'c99bd4d54bbacbf3', 'cae2a13ca9ccfbb6', 'd8a833f091c477e1', 'dd01a7302b2d4225', 'e20bcee540755ccc', 'e3b745d03a8f61ec', 'e660ba35cc5b40b9', 'e6e19a491c68db2a', 'ec85b4156a2d0540', 'ee2ce6e2b92613c3', 'eeefa0b49e7aa87b', 'f02cd2b96b3700e7', 'f2c74cc8c358ecb0', 'f5785e48275aaf41')",0.2967106842737095,0.2520528211284514
205,multi_start_hill_climb,A,205,5425,local_optima,4.859114170074463,5734fd189ca17e16,5417,2,83.331,xgb_boot5_xgboost,0.8992209514337809,0.10343112879164594,3.5093877551020407,0.0,4.5,"('0066b32d75dd182e', '0078b7abd02ace86', '02a8da862a52bc34', '051d6ca9543f0d60', '058bc07e2416ec68', '06c9a0dad965e873', '0b90b5a925f0cd16', '0da80ce6ae25d8f0', '260d62547fb58548', '297c145af750c016', '29be161247318916', '2c03e1e4aab54c5f', '30e3b94ae98730b5', '35de411380bda194', '3e96800cb557afa4', '3f912ea5a60347cb', '3f976a2cfc8179f5', '453d52272d87cf82', '4a24ddf2b66a2b18', '4d41296f351c6244', '5734fd189ca17e16', '5b2b82a1bee04b0f', '5f4616b11d291715', '76226900853024e5', '8688a56d3d7b7880', '8bf1bf2b790cf7ff', '8cb3402a33650f10', '8cce5c5faa54cbd6', '8f1ea935c504c47b', '9101c6bf0c8eb94a', '9d5a4cfb32a43a65', 'aa5449a70078f5cc', 'ad837588de3897c5', 'b0d22b51dac9f3d0', 'b2355fdd8431aaba', 'b4e570d400c4c16f', 'b863bcd31920700b', 'b98ad70740c1b53f', 'c090ce65797c2db1', 'c2805b3749230a42', 'c8e151ff96c4e072', 'c9692ad8c0b0ca42', 'cb42db1ea0742c3b', 'cf280942ba6564e1', 'd2758a840d2cebab', 'd3e127351bc1fa11', 'e8a9118cbae7f61d', 'e917151180bed79c', 'ec94ef4f87f88a1d', 'f30f23912c2ce098')",-0.1581626528177023,-0.1870722981786426
205,multi_start_beam,A,205,5515,stagnation,4.859114170074463,5734fd189ca17e16,5507,2,68.368,xgb_boot5_xgboost,0.8285757211538461,0.173828125,3.683265306122449,0.0,4.36,"('0066b32d75dd182e', '0078b7abd02ace86', '02a8da862a52bc34', '051d6ca9543f0d60', '058bc07e2416ec68', '06c9a0dad965e873', '0b90b5a925f0cd16', '0da80ce6ae25d8f0', '1b6d82ede742c6cc', '23d1bfb395c91181', '260d62547fb58548', '297c145af750c016', '29be161247318916', '2c03e1e4aab54c5f', '30e3b94ae98730b5', '35de411380bda194', '3c20e5bdc0fe1142', '3e96800cb557afa4', '3f912ea5a60347cb', '3f976a2cfc8179f5', '453d52272d87cf82', '4a24ddf2b66a2b18', '56f9bcceda536539', '5734fd189ca17e16', '5b2b82a1bee04b0f', '5f4616b11d291715', '76226900853024e5', '7e4e700fd7cb3c22', '8cb3402a33650f10', '8cce5c5faa54cbd6', '8d56411e04be967e', '8f1ea935c504c47b', '9d5a4cfb32a43a65', 'a9b8f36f01b0505a', 'ad837588de3897c5', 'b98ad70740c1b53f', 'c090ce65797c2db1', 'c2805b3749230a42', 'c3a9b4d55582a4e3', 'c8e151ff96c4e072', 'c9692ad8c0b0ca42', 'cb42db1ea0742c3b', 'cf280942ba6564e1', 'd2758a840d2cebab', 'd3e127351bc1fa11', 'dc3e7e41f797170f', 'e8a9118cbae7f61d', 'e917151180bed79c', 'f30f23912c2ce098', 'fc532fc1177e9e8f')",-0.05455898952177031,-0.097176199506958
206,stratified_random,A,206,8192,budget_exhausted,9.477234840393066,b220f7e0ad328156,8192,2,122.503,xgb_boot5_xgboost,1.0,0.0,8.083265306122449,0.0,4.86,"('0ca60f3800753fa0', '159b36225db8eaf4', '1d94ad4d3d5bb409', '1fea5183f2c462ca', '2458951d6cc431d0', '29899102a015cba6', '29f7aa3d4bbd8e20', '2dc4aabfbc59d8fe', '351fd204234ce0ce', '382a9dbae6e0c495', '3b1fa4ac236b45bc', '40e2d8ec8f9f779b', '45dd12b149818d1c', '47b9fb9819b96f25', '49f7abc936f8f8a0', '4a61fbc469a43c69', '4c0d50ca2e5056c3', '504a5b204033aa87', '548103ac3488725d', '5578f7ac694d9cf1', '56ad22a16fc86748', '5927839b11d1f806', '59d85e6a1cfa1d3c', '5df77b6af627c24d', '5df891a4e32b7d0a', '5e754449fb97df9c', '5f0f1efc6d6a140a', '61bdd0977e0c196d', '8067504448168399', '81136feabd7d5839', '815dd101b6bfbb40', '82e26c1a8e7e86a1', '89200d176b891276', '920819ac3b582281', '923bab14642d550e', '96423fa3e1211e5a', '9a2b15f53617a55b', 'a5b689b10c7645a6', 'ab6ab8f8c29452e7', 'ae9233126ca49f84', 'b220f7e0ad328156', 'be39650e68d4e966', 'c1029b6e4a55bf52', 'c709a0351284cd44', 'c8a893a0a714066f', 'e00a6aa985b8f31b', 'e0e6ec42c5b56913', 'e369e895a9198143', 'ea1989aefc4ccbf3', 'fcbdf326056b5ef4')",0.3820888355342137,0.2900840336134454
206,multi_start_hill_climb,A,206,3779,local_optima,5.090219020843506,f7180fcf2d9eb916,3771,2,61.795,xgb_boot5_xgboost,0.9150121065375303,0.08886198547215496,4.460408163265306,0.0,3.84,"('0ece17caf659dfa6', '14bd15b2a0675e93', '14e47ebc23ae37a1', '18b51b11be44977d', '25357938c63bd255', '255c81c2791146ec', '26ce8445e1159d03', '2731d6daa0f6063c', '28668dd512c1de53', '3168779b19ab1744', '39aa9ff443650e61', '3be26fdf25394a99', '3bf88fe250a46c87', '3f499bb5bcae92df', '472a1b64567a5975', '47c44a0f8a0fc58b', '4d9cb713069ebe32', '52f09596c98d3e4d', '563f9ed9a63f9270', '5b493114a127c354', '5d42ecb525098c16', '5f5cbf3138375fdd', '63a52ab07a2c6f1e', '654fa2aa75f15ace', '691fe08b7dc44deb', '6b6ac106fb64247c', '6ddc7f5338abd69b', '72c1bcbd76e2fdc4', '7f00211cad20eeaa', '8623518a26e1ad7c', '8808439c9298fba0', '8d69d167b3d1bb9a', '8d899a724d36b4dc', '984dcddc8612ad1f', 'a3cb16cab1a86c05', 'ab11ea0a30d9e14d', 'ac641e43070b9dc2', 'ae972e1ce1975e32', 'b1b094385dbc4096', 'b434be10cb50ca73', 'b6bbbc2b78cfc4ae', 'bcd48eb6f1575bb4', 'c80728f5a6a4c21f', 'cdf4a353ddf24cf5', 'de7f91f3c499894c', 'e70a296cce3afd3d', 'e882200fcbd21475', 'f3411fcf2b0b87fe', 'f47e0a6330dad340', 'f7180fcf2d9eb916')",0.2207646082440327,0.21696305492139906
206,multi_start_beam,A,206,4641,stagnation,5.090219020843506,f7180fcf2d9eb916,4633,2,63.373,xgb_boot5_xgboost,0.8240411931818182,0.1787997159090909,4.3428571428571425,0.0,4.14,"('0022418ea031a682', '14e47ebc23ae37a1', '25357938c63bd255', '2557a206a0b72782', '2bbb1d4f550e7f17', '3168779b19ab1744', '39aa9ff443650e61', '409d186ee4f5137a', '44867593c6916e33', '472a1b64567a5975', '4c9cfdeab58e663f', '4d9cb713069ebe32', '5165ca71aea7689b', '52f09596c98d3e4d', '5860eec81e0fc2b2', '5b493114a127c354', '5d8f513da19fb7e7', '60252ce6f58e762f', '6428f171ef17c8ca', '64a23f67ab11c831', '654fa2aa75f15ace', '691fe08b7dc44deb', '6b6ac106fb64247c', '6da7516957a9aa4a', '6ddc7f5338abd69b', '72c1bcbd76e2fdc4', '7a0a914d0be37550', '801ef3844916c91e', '80ad727a3d1057fd', '80db145359f83a3a', '8623518a26e1ad7c', '8808439c9298fba0', '883b650b553a676f', '94baab086550940d', '9b0332129a72b8dc', '9d0246fa08dfc742', '9d59120ea203ceb7', 'ab380ae02416823c', 'ac0999a8f48c24d1', 'ad12f92a1f76a0d3', 'afc5926e1f7e0bbd', 'bd8f01996feb0ad3', 'c15d549f1b37e5b1', 'cdf4a353ddf24cf5', 'd7007f080473c567', 'de7f91f3c499894c', 'e70a296cce3afd3d', 'f43cc02d6a12013b', 'f7180fcf2d9eb916', 'fea7d0b2d39d9d64')",0.27303508778512287,0.254658982923291
207,stratified_random,A,207,8192,budget_exhausted,9.565614700317383,74b08421a23ef20e,8192,2,117.689,xgb_boot5_xgboost,1.0,0.0,8.280816326530612,0.1,4.58,"('0328d954e2f1dd45', '0db4b4240f14617c', '0fde42b5d0493cf5', '11e59caf6c4b38bf', '125b914702ac10fb', '1d90e25db8952819', '204b2d90deda8fd5', '28b3db22886d9f97', '2e96f2706c438848', '3149b97ade8aa006', '3745933694e00de4', '3ee4d81001022c0d', '476a5e428a211d88', '4827d1b76ea37944', '4b35f22747914958', '4b8771e5b23ecafe', '4d800be7a50e8493', '4e2cf3412b570725', '4ffe730c0ea685d0', '52f88e0c606b4163', '5a89a5848a985384', '643b9cae833daedb', '70475e44c270804a', '74b08421a23ef20e', '7e5423bdb6a2bb72', '7fe58d979ee34101', '849893a95ee71300', '88e7514cccb829b2', '9309e75b5b8ee71f', '937045e849e69b99', '9ada87d4b63ef66d', 'afd3fd37dcd4f5d4', 'b143310ed895c2e7', 'ba6bcb754dfcb510', 'c0f8c1f2a6a21489', 'c241890375fd7d98', 'c3a9bb79d10db92a', 'c551128ce05ee0b1', 'c5fc2bc4ab8ab445', 'ca0e83f92f2e3827', 'cbe007da9f7ccb5f', 'd0fbf0a972889c7f', 'd908d92e27985ad5', 'd9126951cb26e8ba', 'da423281822d8677', 'e74491e2d2667101', 'f0b39ea0fedde2e8', 'f2a208fda668392b', 'fc24550aaf4d1eee', 'ff0fbfad6c5f575c')",0.277406962785114,0.20172869147659064
207,multi_start_hill_climb,A,207,3841,local_optima,7.394505977630615,f22c4d4e0aea416a,3833,2,62.466,xgb_boot5_xgboost,0.9136536631779257,0.09015223596574691,4.615510204081633,0.0,4.56,"('0070962f14df9587', '18fbf9528a6aad0d', '1cb455951b328100', '263618d942bae2e1', '2eb4a663cdad076e', '3105f07ab6837ddc', '32fb04d5a976d26b', '336c60a94f5ac9ea', '34589f7eb7cb30c7', '368d3e7a4b32edcc', '3b2ac49af193c9f2', '45137a13f49b1088', '4875d91ccf07beb5', '4a08c7c6957a79b4', '58856eaf027867e5', '64328b0f8a8fa8cf', '6612906527788ddc', '6ccb5a9e18cc2837', '6e20d8047c717e3e', '6f5ce788cb1e8c2f', '71221c44dc80b2f3', '74a6104fa91b9f0c', '80822a02e25302d5', '8bf1fbb7752ffa51', '8c28bf9887039673', '8d72d97df3a4e3e0', '90f3bbe9bc2b6ea0', '91a00fc16456b763', '92b45ae04495b38f', '9e0095e83622c272', 'a9ecb455366262b4', 'ad72386b9d68a48e', 'ae425d81b98ddc85', 'af0a85baa5d71ea5', 'b13c878ec3da395b', 'ca9abebeb790cf5f', 'cd364ba827a17471', 'ce8e0cc8e0ab7fbd', 'cfae627cb9e2f9ff', 'd49acf382508acdc', 'edda61aef72dc46d', 'ef85d865cb16142a', 'efd3ff940464ec0f', 'f06d44c3da7ef1b8', 'f0b48731f941b54f', 'f22c4d4e0aea416a', 'f35366c227bcd047', 'f9146c270d2f4737', 'f9c4a6ba4d78948e', 'fa4d97ca38230ce2')",0.11270108043217286,0.23505402160864347
207,multi_start_beam,A,207,5426,stagnation,7.6605987548828125,4a08c7c6957a79b4,5418,2,75.318,xgb_boot5_xgboost,0.8152043269230769,0.18719951923076922,3.235918367346939,0.0,4.94,"('0070962f14df9587', '0b7de5d2c20bda74', '0f776c448fdddd2b', '18fbf9528a6aad0d', '1cb455951b328100', '263618d942bae2e1', '2eb4a663cdad076e', '2fc5aaa1177af1ab', '3105f07ab6837ddc', '32fb04d5a976d26b', '336c60a94f5ac9ea', '34589f7eb7cb30c7', '368d3e7a4b32edcc', '40fa10cea72938fb', '4875d91ccf07beb5', '4a08c7c6957a79b4', '64328b0f8a8fa8cf', '6612906527788ddc', '664475a0b33c0ee2', '6aad56d4156cb772', '6ccb5a9e18cc2837', '703df72a5a2e374a', '74a6104fa91b9f0c', '80822a02e25302d5', '87d9f50574bc8c7c', '9e0095e83622c272', 'a9ecb455366262b4', 'aa28b0ac7628b997', 'ad72386b9d68a48e', 'af0a85baa5d71ea5', 'ca9abebeb790cf5f', 'cd364ba827a17471', 'cedeccf6cafd9a45', 'cf79d5b930a600c8', 'cfae627cb9e2f9ff', 'd12d59f71c1c931a', 'd49acf382508acdc', 'dc8a951773a23773', 'dd2dbfd47e1b67c5', 'df0abde5aaa02ba1', 'e219cac8d9282351', 'ece5f62d78448f5e', 'edda61aef72dc46d', 'ef85d865cb16142a', 'efd3ff940464ec0f', 'f35366c227bcd047', 'f9146c270d2f4737', 'fa4d97ca38230ce2', 'fb9dc8b667ac6d5c', 'fca5bc3929f640ef')",0.09819927971188476,0.390828331332533
208,stratified_random,A,208,8192,budget_exhausted,10.355201721191406,d25d027e608a8b7a,8192,2,126.547,xgb_boot5_xgboost,1.0,0.0,7.90204081632653,0.0,4.7,"('02d0c09628426d25', '02e086544528fa16', '0559e39387a2c8d5', '09dd513870ae3e58', '0a28f8364f6936a6', '0ec45ceb150a852f', '13b1afeeba1d6d48', '2784b5b7d41a18dc', '295df27c6ed52547', '2bb3f8149c8afa00', '2f1fd08f6306137a', '2f941b3105bdf9d3', '37522e7efe7dec6e', '3a408cc99bdf16b1', '476790a97949d0a9', '49713813bb1a2ab9', '49c85d91d4f651ee', '4cd2ae5c2510ec13', '4d54e3bd2cd38653', '4d93389d580b4f62', '4deae9acedad804b', '508c68e759d00560', '571264f5f047090f', '6646d4a76a0e0129', '6fe3b2228663cea4', '70f59cd1574f1d85', '781d509d2bfb8d90', '78363800cf8e40e7', '7b6176c55757f71c', '7cfbc60aacadd0c3', '7e03b4512abedf8c', '81caee1a477b26e9', '887ed86779a4cfcd', '8f2791d2a6d49aa2', '912d23e0ac6db0d3', '99c36b538dc6afd2', 'b5c065e051e26db5', 'cb507e46c46aefd5', 'd0192307d4bedc23', 'd25d027e608a8b7a', 'd29f95c7cfb01882', 'd45c9cdcf03410f4', 'e5289732853a5ec7', 'e91e3acc827ec188', 'f0a62528bf727b7c', 'f3119f3c5fdbc3c4', 'fa346f1440f2da34', 'fa61e154ba091ebe', 'fbae03e986c23d1c', 'fd00db5cfba88a21')",0.1735894357743097,0.07380552220888353
208,multi_start_hill_climb,A,208,4422,local_optima,3.998121976852417,b936f92ef06db684,4414,2,77.379,xgb_boot5_xgboost,0.9100637991356246,0.0932290594772587,3.9518367346938774,0.0,4.46,"('056f036cf44103d9', '0b70f4b33028ca90', '0e8e084c76e1e199', '107b96fe70ccb9bf', '10f86a4c01066d29', '14c3e8d106b3eb0c', '2695a710151dddf9', '2e02a310ff28c0c6', '31ae5720f5687199', '3b1fb45d83699078', '4372071a55b85d7d', '47378b1178246bf6', '4c6dd062d1adf3d6', '4cec65761096d7cd', '4ebaac21571011e0', '4f02c427b7a7fc42', '52c6aa23a48f5231', '548eb87781c287a7', '6843ba87770c2274', '6cb40b1e03401452', '734f1e203ea7f6ac', '752132f179407e73', '7a15d07466bd273d', '7bfc21e7e50e0166', '818c7980fcca28bb', '82ec70cb6e6d2fcd', '884008452958b538', '8e7488d8dbc0ac81', '9500f4f701981658', '9a8b310dd34e67d9', '9f31704e1fa768cf', 'aca714c0feffbf24', 'b936f92ef06db684', 'bf864ac003b25592', 'c23c747bef32f860', 'cb0e338787124a49', 'd104831503c8806b', 'd93676a0e176e3c4', 'da1c7ee59674bfb0', 'e39ddf9c9bf49e6b', 'e4709e2165a5a7f9', 'ed5d71bd69f3b519', 'ed8384e35a18c17b', 'ef815643a7000883', 'f18cac5a387aa060', 'f434a68240ce9420', 'fb4814ea11dcd557', 'fd350a5eb153e465', 'fda8db6cfac907c3', 'ffbd2a2f3f017b57')",0.06842737094837935,0.1627370948379352
208,multi_start_beam,A,208,5932,stagnation,3.8225975036621094,a0abd6f97e921991,5924,2,79.984,xgb_boot5_xgboost,0.7723958333333333,0.2296875,3.800816326530612,0.0,4.54,"('0b70f4b33028ca90', '10f86a4c01066d29', '14c3e8d106b3eb0c', '1938dc9d83fdec78', '1ec5c2757bbef59d', '1f905367358630e2', '2e02a310ff28c0c6', '31ae5720f5687199', '3e1b1680bca41e6d', '4c6dd062d1adf3d6', '4cec65761096d7cd', '4ebaac21571011e0', '5092078233d7a914', '52c6aa23a48f5231', '5e9203eec8b0e851', '6843ba87770c2274', '6a6fb4de6e71556f', '7a15d07466bd273d', '7bfc21e7e50e0166', '818c7980fcca28bb', '82ec70cb6e6d2fcd', '8e7488d8dbc0ac81', '9f31704e1fa768cf', 'a0abd6f97e921991', 'a99b5119957b805f', 'aac721dc9f37ea3a', 'aca714c0feffbf24', 'ad38bc52d5027eef', 'b3ea4ab70c94cc93', 'b76c24a13169aae7', 'b936f92ef06db684', 'bc7654d373a26677', 'ca9dab1fc4dee37a', 'cb60b04d6439b212', 'cf53a281f938c001', 'cfe422fd63510b31', 'da6fda49af75f3f3', 'e39ddf9c9bf49e6b', 'e4709e2165a5a7f9', 'ec825fa22556fca7', 'ed5d71bd69f3b519', 'ed8384e35a18c17b', 'ef815643a7000883', 'f18cac5a387aa060', 'f2ed7e44f6b9e6d3', 'f6fe5b7d2007606e', 'fb054fe2fc9bc5fc', 'fb4814ea11dcd557', 'fd350a5eb153e465', 'ffbd2a2f3f017b57')",0.26184873949579834,0.2769267707082833
209,stratified_random,A,209,8192,budget_exhausted,12.045251846313477,77fba5449ebfd96e,8192,2,107.801,xgb_boot5_xgboost,1.0,0.0,8.346122448979592,0.1,4.54,"('0030a874f5ea9190', '0468b8744d86ad79', '1253bc8b7fdf1c05', '1a73cd0c97237579', '21a0eccc6a533a93', '307430d6bfc8bd35', '30ead9b601098447', '3da8e671911715da', '48e8eeee6ccd33c1', '4bfd13a3b8fe4805', '52086fba62b08d6d', '584470d11aa62862', '60dfd4c994fd2793', '63ae92e6d1268c0d', '713becb69cd8a575', '727ebabc90b1b77d', '75cd8f1ebfb30c1b', '77fba5449ebfd96e', '7b2d60244ccbc057', '7e2a50c4f73a0cda', '7f6c5f89950d3cab', '8807626b05ecc425', '8e40e232f96b2ad2', '8ed6031698eacc91', '8f09849985cd9bdc', '93836030ef08d583', '9a4e9f8fc32737ec', '9ceff5c3983e0b2c', 'a13e938d8b01af81', 'aa42bcc68802d090', 'abd533ff056628e0', 'abfcda2356d1b4e6', 'ac2e94ff63da0195', 'b2c01107a36c21b9', 'b7079a45996c3808', 'b7114f4ee17507f1', 'b95779695e2cdae0', 'be188fd9a3a74d03', 'c09b62cb44df0a0e', 'c4bbab1e9a505c35', 'c6c7d8eec64b35d1', 'ce5b1764107e7a4a', 'd292940cd1b01393', 'd68f325707fcc9f7', 'df396a6ce045fc97', 'e461048d29be85e2', 'f18d36c1b8dd1818', 'f949306a2c9fdf4f', 'fad46247c3ca7ea2', 'fd1df40462d66419')",0.42549819927971205,0.2887394957983193
209,multi_start_hill_climb,A,209,3947,local_optima,6.245209693908691,eef14e44628fab44,3939,2,59.855,xgb_boot5_xgboost,0.9142923326384063,0.08941394486912208,4.719183673469388,0.0,3.78,"('06b0b3f4309508d2', '0751cd23112abf8b', '0f2a6a572adb9f82', '15ce071179b5804e', '164bb7a164a83a2a', '28905e5d253b57f7', '3aa5f363cfd34038', '3dc15fd9673256fc', '4373e2faed07f64e', '4406645f75c7065b', '470db8cb1947a35f', '4816d2b66cdad081', '4ac2cd0f27b80ee0', '4cb9185d3aa67c51', '525f2344b2b6d744', '54719625c18918eb', '58e17323432c663e', '591d1e18d6dc81e3', '5cbf5a1dfce752bf', '5f88ae51fbc23e7e', '69bd318c5c1a4f58', '6eb90597bb463669', '84ad14be40713d87', '992745523bcdb905', '9a3b3f759f539374', 'a25206a3fdbd6987', 'a8cc88da259fcae8', 'a927c8363b62881c', 'a92860bd3043553b', 'ab326af7530c95ae', 'b26be65d84ff3d9b', 'b362f7705f79287a', 'b3b7b2caf2452206', 'b6e3dfc61cb6e30c', 'bc02880c07b3149c', 'c04d6e42f13e3467', 'c09e2ff01dfab146', 'c1cd6d0821fbd7d8', 'c260c75dc7c45040', 'c3a113c80008b05b', 'cd4da537fa851e69', 'd42d355caab205d7', 'dcf845cd45d54c87', 'e88cd2d05311cbdb', 'e98fd8b048b9549f', 'eaf4c4d445bf5e52', 'eef14e44628fab44', 'f1d10e15117c2ef1', 'fc015fc7a739a511', 'fc36209a4e03e6af')",0.2292917166866746,0.3626890756302522
209,multi_start_beam,A,209,4718,stagnation,6.245209693908691,eef14e44628fab44,4710,2,68.901,xgb_boot5_xgboost,0.8377130681818182,0.1651278409090909,3.9436734693877553,0.0,4.04,"('03aaaffe080dbc66', '06c9a0dad965e873', '0751cd23112abf8b', '0bcfc7aeeeb16fbd', '10cd58f7d5df2860', '26dfb99c552d934e', '2f46bb37f2d0d860', '3aa5f363cfd34038', '470db8cb1947a35f', '4816d2b66cdad081', '4cb9185d3aa67c51', '57a82552a80ab056', '58e17323432c663e', '59fbd0387770ce4e', '5cbf5a1dfce752bf', '62dbd70fac128120', '64ba204ee08249a7', '674c21acb094da48', '6eb90597bb463669', '84ad14be40713d87', '899a65613d922c5d', '951bc6f1a2e0c836', '992745523bcdb905', '9a3b3f759f539374', 'a25206a3fdbd6987', 'a899503616af2ab9', 'a8cc88da259fcae8', 'a927c8363b62881c', 'a92860bd3043553b', 'ae611e281b23fadd', 'b362f7705f79287a', 'b38b0a086ad85d5c', 'bc02880c07b3149c', 'bedaefc7a16d89ed', 'c09e2ff01dfab146', 'c1cd6d0821fbd7d8', 'c32a80c55abf3d29', 'c9aae93cd32bc5d6', 'cd4da537fa851e69', 'd0ec302165957795', 'e86d954d4637d55b', 'e88cd2d05311cbdb', 'e95ec30d393e1df2', 'eaf4c4d445bf5e52', 'eb6dca98d5525845', 'eef14e44628fab44', 'f1d10e15117c2ef1', 'f97b06b93aa67ed9', 'fc36209a4e03e6af', 'fd245e8eb8427252')",0.40638655462184875,0.1885714285714286
210,stratified_random,A,210,8192,budget_exhausted,12.002619743347168,2cbceb5adf5d7b57,8192,2,121.318,xgb_boot5_xgboost,1.0,0.0,8.666938775510204,0.0,4.68,"('01826a8823690c83', '03a93aaa50213fb9', '0b6b8b256affcfd9', '0d2f9df61e2dd4a0', '10e089068401cd58', '1d9c01024a5aed8c', '2c54bec0db41f34c', '2cbceb5adf5d7b57', '2de2863a1ef78b00', '360e186ca1cd8073', '399029bd12cb8690', '3a88ac007aca4f5f', '3b79a641f426b814', '41810ac69e475f08', '44437260b309915a', '46ac268599d9c854', '4ad7138325a0b243', '4ded9ac07b3157ae', '54cb803d333b902d', '5adf14bda039497e', '5b834d90249593dc', '5e14862e200f3648', '619703e5efe285ab', '6e914387b778cd85', '6f2e6e8155a5c34a', '82c159d33155e18b', '861e5c26736c7827', '8c8205a350fefa63', '9070072dd580ab05', '9256bda36781a75f', '99c92c36487f3631', '9b35586d6844883d', '9b59efca9057f5ed', '9cbaba817438699c', 'a01c18a26531d82d', 'a1453e01b50db102', 'ab5aec9a13c41de0', 'b20e92917107881c', 'b3d8fa1280f52e32', 'b5fece38b4a86030', 'bd51170d0379c1f5', 'bdd5983109c60305', 'c1a024d9eb6623df', 'c6ea38ecfbb6b491', 'cc5e8e9fe4fa6f02', 'd113465c93869ba9', 'df81df0189de8f5a', 'e92046886d54c8fa', 'ec29fe33a2bcaf38', 'f268700cbc637cc3')",0.1990396158463385,0.25406962785114046
210,multi_start_hill_climb,A,210,4208,local_optima,6.705561637878418,ec4430809bd575a9,4200,2,84.507,xgb_boot5_xgboost,0.9074832866077205,0.09596722018546475,4.921632653061224,0.0,3.2,"('0ae1fd5ec53f67cb', '10e5be70cec5076e', '13352e968211ac64', '1ce5d2edd81bea7d', '26eac981bded99b6', '2e67e31c3e587f17', '302e5752b9a7f2a8', '31e10ed9b80fab8b', '37e939e49c522d0d', '3c175176d2f17b22', '3fa38d9d7e54a59c', '42e70c45ff4a19bf', '4509a6340bc968ae', '51672acc38bd0963', '52490b024c276189', '584bee950699abf1', '5a42aef1e7747ba5', '5d4ab5c1e8c306f1', '600ba6ffdc741d1e', '61d9690dc9a76043', '68287e12102423c7', '6f196a5bf6b82a9c', '724ed86bff725c6d', '758682df7cbf0ebe', '7740cb4ac38bdb0c', '77646c72b1803104', '867c14d014df1bc4', '8c12dc772c8f0b46', '8c2f953bdb202f13', '8f65f43e1faca33c', '9137815236c34aca', '92a5156e7dca55b5', '9a89452e810737e0', '9d99e0f3886b16f0', '9de57c446c4c3afc', 'aa2a814b3271b0b4', 'b12de496d3b22c68', 'b2c3e20955cd146e', 'b4437efdee97e454', 'b60228b71a8313c8', 'b9835b47ffc96d98', 'c428fcf5e67df247', 'c89528a926e54f4f', 'cde999eed26a19f7', 'e3c12d2c6607ebe5', 'e7f3b52fb88da526', 'ebff37d9cac5bddc', 'ec4430809bd575a9', 'f65113eece88fe25', 'f9c3184544aaef01')",0.3603841536614646,0.14968305818257796
210,multi_start_beam,A,210,2318,stagnation,6.705561637878418,ec4430809bd575a9,2310,2,37.317,xgb_boot5_xgboost,0.90546875,0.10078125,4.260408163265306,0.0,2.28,"('0782f0abf056392b', '087f798cc13b962f', '0ae1fd5ec53f67cb', '0f6845bf3d2c5c7f', '10e5be70cec5076e', '176ce99c001d4ed7', '1ce5d2edd81bea7d', '27ccdeea4fdce183', '35caf9622f65cc8f', '3fa38d9d7e54a59c', '442d53eff269bbda', '46fda33a01496746', '4b40d9b265ac7ebb', '4bae7850b9286c97', '55cd9b7e20d361f7', '584bee950699abf1', '59bedfd04b1412a6', '5a42aef1e7747ba5', '5d4ab5c1e8c306f1', '600ba6ffdc741d1e', '60799827048446ed', '679d55db02beea9c', '6f196a5bf6b82a9c', '724ed86bff725c6d', '7740cb4ac38bdb0c', '77646c72b1803104', '7aa89cc0ddb987bf', '8177d5063382b77c', '841bb3fda7c5d19e', '853dfc2ee38ab166', '8c12dc772c8f0b46', '8c2f953bdb202f13', '90d070e442616004', '92a5156e7dca55b5', '9d99e0f3886b16f0', 'aa2a814b3271b0b4', 'b25841e161911b28', 'b2c3e20955cd146e', 'c257d26bcd209cc5', 'c428fcf5e67df247', 'cde999eed26a19f7', 'd3d536df351d0de9', 'd7cdac0b9f400796', 'dc73bc46e5c4f004', 'dd6451e3d7eaa9a0', 'e3c12d2c6607ebe5', 'e68fa6931eb5fb34', 'ec4430809bd575a9', 'eee1fd03090bb150', 'fe2a9cda6edfae86')",0.39572629051620645,0.32045525571170813
211,stratified_random,A,211,8192,budget_exhausted,7.4058637619018555,a72f13d0cb7b386c,8192,2,137.2,xgb_boot5_xgboost,1.0,0.0,8.098775510204081,0.0,4.66,"('0409d84bcd26b7ae', '074eec750134dc2d', '08fe606b893d5ab5', '0c59a0b95590853d', '0ecaf682f285040c', '1a4b9aca490923da', '1c5e1045de1206bd', '1cd6c2f16ca953e6', '1e910f03b99b79be', '3667e4935d32ba31', '40ca51d69e20f157', '49a7ac7b31ca823d', '4f7629e67e650d8f', '595972a423cf78f0', '5a146ac91a970375', '5fd72e36abbd1a7d', '607da6a5d8c82afb', '63bd6866be45d5cd', '660489d5f4491813', '680aa114b202bcc2', '690790c676857d8b', '7143cd2dcecbc18b', '73f218d4d19f5636', '79ad0faf766f8708', '7c78e8edd38da4a9', '7d8677f56fa156ed', '7ffaae66017ba6e2', '85266dd84824bb99', '8cbde7c97562bd31', '960feb0819e2f94c', '97887d1d084ebf66', '9ca422546bced797', '9d39ad47054d08d8', 'a6f56dd28545251a', 'a72f13d0cb7b386c', 'a766e1d568dbc795', 'a8c44f0384582aff', 'aa2a957a60cc8b5f', 'ae827b160c5d26e7', 'bad1aedfd72451c3', 'bdc3548ac4a13573', 'c089908f9ac43621', 'c9dc076bf2892970', 'd16d3e3c911114e7', 'd697e75a2fc3404b', 'eba74869b5b82fb2', 'f0a14d8c4dcbb187', 'f54c6919da34b941', 'f9c5916c2a98c959', 'faf8e7845d73936b')",0.2816326530612245,0.4775510204081633
211,multi_start_hill_climb,A,211,4247,local_optima,1.0635544061660767,2aef955904eeccc6,4239,2,71.895,xgb_boot5_xgboost,0.9082549187339607,0.09516680923866552,3.1485714285714286,0.0,4.3,"('04140f530cd533c5', '04f9f5663b0beb47', '083222cbba3c9f6c', '0b4a85b64efa4ced', '0fce4fb48ced782c', '144a6093bb0ece0e', '204ce4be25c49d0c', '2274373666b491d8', '22800349cbf83ea5', '238485f9efd1e971', '2aef955904eeccc6', '2d67bd9265df9043', '2f5b58e998e3ecca', '2f9a76fb6d9122de', '319dd43746b6f9c4', '4bfb71e76c26acff', '50ae7acc647ce44c', '515933e059cd16ed', '580c9b54b5b2db3e', '6b58d3d8d2ee9203', '761186193a1154ed', '7c9b8549db5cab27', '88d6194b1c1222ab', '8e30e9c9033c2f0a', '9028993874a07386', '918fe5f81d863e41', '94993b5b45aedb6c', '9cf5bc055f2e77c5', '9eb538ea90830ad4', 'a2cc5d732cf14843', 'aa2592b2861d29fb', 'adc5fb4297c6abbf', 'af3f39529423d8a0', 'b895cd6442734b1c', 'bbbc366646247a9a', 'c24a6001c7602238', 'ca0d0712d698982c', 'daaea564c65941cf', 'db54d79320ed4cf6', 'dc489052ac15ee1b', 'dd099b17f615ac92', 'de870e53f70b4ab1', 'de8da5f9b5db0b2c', 'e9f0f386e7e0e9f9', 'ec245d619517926f', 'eefce3a85bd03862', 'ef164d62098c99f9', 'f0c6bd1b4775475d', 'f35e46ea44564fad', 'f782403805e9a26a')",0.21459970483211396,0.3912396138514001
211,multi_start_beam,A,211,4939,stagnation,1.0635544061660767,2aef955904eeccc6,4931,2,79.035,xgb_boot5_xgboost,0.876953125,0.1258877840909091,3.236734693877551,0.0,4.26,"('033e3a9a8e462a39', '04140f530cd533c5', '075a8544badc6bf7', '083222cbba3c9f6c', '0b4a85b64efa4ced', '1412ee9286261fd8', '144a6093bb0ece0e', '1ac735f9573258ca', '2274373666b491d8', '238485f9efd1e971', '2aef955904eeccc6', '2d67bd9265df9043', '2f5b58e998e3ecca', '2f9a76fb6d9122de', '319dd43746b6f9c4', '36aaa0d5268a22d1', '4fe67cc5f2a6adbf', '515933e059cd16ed', '5d42fee257c37125', '607214475ae3a286', '6b58d3d8d2ee9203', '761186193a1154ed', '7a81e2f8dd97bc39', '8718690dfb3474d6', '8c7131b146ef6b72', '9028993874a07386', '918fe5f81d863e41', '94993b5b45aedb6c', '9cf5bc055f2e77c5', '9f56ef1259f2fe7e', 'a2cc5d732cf14843', 'a50eaa9578bb3e2f', 'a72dce72ab655ca3', 'aa2592b2861d29fb', 'adc5fb4297c6abbf', 'b2fa44dbcfe4f0fc', 'b6f5378455c49156', 'b7dd0c424607ea6e', 'b895cd6442734b1c', 'b9fd05200a54b625', 'c53e36e9cc0dddc1', 'ca0d0712d698982c', 'd491ba7e98ae7630', 'de8da5f9b5db0b2c', 'e6dfa1aafd6e0d44', 'e9f0f386e7e0e9f9', 'ec245d619517926f', 'ef164d62098c99f9', 'f35e46ea44564fad', 'f782403805e9a26a')",0.3668900664630365,0.2956630328562565
212,stratified_random,A,212,8192,budget_exhausted,11.591914176940918,cbe1f1a503e90ed2,8192,2,136.742,xgb_boot5_xgboost,1.0,0.0,8.605714285714285,0.0,4.74,"('00ce224a6082ee29', '0fb21196caacede0', '1c69578b22f748a2', '1d661666d38d5073', '21066d2aaf6e2dcc', '24110241fbb3396d', '25d2d1c55dae9e2c', '27c8beec8bf424cb', '290f999697352c56', '2f5e703763974dc8', '335bdd462f06e2a6', '3668cee654d6466d', '3ac46f54d60c23ab', '3c70900071e53d46', '3e99425165c23a97', '45dcead1c8ce2757', '49add2dfe3ae8cb2', '4c57eb69aeec7426', '4ce9e455c31a1838', '4e2ffd04806c069b', '576d0a1301df8ce6', '5eb6ca1b862f6a1f', '64df391ec2f8315e', '67e03ee90d09760e', '69dc1b2f94be9a1b', '6f16d3c1ec560d25', '76522cef8761faf2', '77398b6b6ed5c43e', '7c21cd638cc800bd', '8002292dd3aa43b9', '872220599a198bc6', '8e1a710422877936', '993c683357216b5e', '9d08878d45ebbbd7', '9df7e917bf1ed1e3', '9f8b3072296f6def', 'a48c176d179af919', 'b6fd7f873426bdab', 'b7984f0e456e9d9d', 'bfb4313af25b8379', 'c1389f95eb45c60b', 'c1449b310bf616da', 'c4cccb84cf767e45', 'c531b31cb680808e', 'c9e9e96b98ecaa2c', 'cbe1f1a503e90ed2', 'ce95722fa0aa32b4', 'ed415108c80296b1', 'f7e75e212c9e17ee', 'f7fd446728d1ac11')",0.17166866746698684,0.21267707082833132
212,multi_start_hill_climb,A,212,4941,local_optima,6.7857770919799805,c2019039db90cdd0,4933,2,84.637,xgb_boot5_xgboost,0.9062729273661042,0.09666177549523111,3.9885714285714284,0.0,3.94,"('03538afc081be199', '1b8751ecd6ecc920', '1b8e60ed1dcb8208', '1dc8e18248249c58', '26a6890fab45d0bb', '31dbfa8242a07079', '3468cfe630520ca5', '37c06502e8b69607', '3a8e7b8ead95b093', '4486bc73722f3b8d', '5167cd11e3781c69', '5b1ac6eacf16aa4c', '5cb3172f63ff9c7d', '650667893355edc2', '69a8644c969f5855', '6b6498da4bf26100', '6dde42c821d9a63c', '6f7c769311d616bb', '6f7ca7e3b5032ba9', '72d8247ed7216f57', '75a52ecb96830f7a', '7a7d071817961c0a', '7e23f2a73b46b451', '810dc332fd14d71c', '856b5de35614e90c', '87aebd0d56ce0eb1', '8e402fcbe13d57ba', '90b33d5f9593df6f', '9b5f588bf38b6453', '9be722985372a000', '9ead19214d294488', 'a8e63ceaf313e2a8', 'ae1f029060a96164', 'b0e1548853428698', 'b9e039b3b531a6b7', 'c2019039db90cdd0', 'c62df60a703cbb2a', 'c642e4bfd7eaa182', 'c7be419d8ee13b7f', 'ce95b075f6fe16ca', 'd380d738d85aa8be', 'd8b225f62bc60bf3', 'dd52cf39c552782e', 'e16ebab35236541b', 'e9f5ffab5c7afcb5', 'ea5f5e2f24d1a1f3', 'f51a11c9550178c6', 'f64d6d9fdce0f120', 'f71cf2d59486581c', 'f9b457818bfd191f')",-0.21872749099639854,0.2723169267707083
212,multi_start_beam,A,212,3183,stagnation,6.7857770919799805,c2019039db90cdd0,3175,2,46.539,xgb_boot5_xgboost,0.8881138392857143,0.11635044642857142,4.14530612244898,0.0,2.96,"('03538afc081be199', '0bb705f976104d78', '14f65c497a351b3d', '2648b3b38d475520', '31dbfa8242a07079', '3468cfe630520ca5', '36e697493f082ccb', '37c06502e8b69607', '37e5bdebb8bf9656', '3a8e7b8ead95b093', '43890fc5e9c4e229', '4606b92138937c47', '495cb914ff6d2255', '4d025aa0376e9f3c', '50ad7c248da619e6', '650667893355edc2', '69a8644c969f5855', '6b6498da4bf26100', '6e2e4b5d8f3f5967', '6f7c769311d616bb', '72d8247ed7216f57', '75a52ecb96830f7a', '779da1b438cc86c9', '7a7d071817961c0a', '810dc332fd14d71c', '83f420da2f8106a5', '849c630f3fe4e135', '856b5de35614e90c', '858db9da89ff7ea8', '87aebd0d56ce0eb1', 'a159bf0fa26f8962', 'a3e713987b791af6', 'b1b5c1c33f7a6419', 'b8833d8dad3ac1f8', 'c2019039db90cdd0', 'c23fe2515aba596b', 'c3e6c33ed1e1b5cf', 'c5f21b1dd1523995', 'c62df60a703cbb2a', 'c642e4bfd7eaa182', 'ce95b075f6fe16ca', 'd19e7bc852f99460', 'd380d738d85aa8be', 'd8b225f62bc60bf3', 'dd52cf39c552782e', 'e16ebab35236541b', 'e8aa9e69d74e9f08', 'e949d900ab5e4f6d', 'ee82eb08afa2d07f', 'f51a11c9550178c6')",0.222280912364946,0.35971188475390153
213,stratified_random,A,213,8192,budget_exhausted,10.38174057006836,037e94f09d4a565f,8192,2,119.928,xgb_boot5_xgboost,1.0,0.0,8.62938775510204,0.0,4.72,"('037e94f09d4a565f', '039434d8ee9ca96f', '2ba72e3152c827c3', '2f1b8ffbc4d66d07', '2ffe32be19573396', '30b8b1ec6ee7f9de', '37164f7159e5dbc8', '40c341143d7af8fb', '42131902072eb441', '465dd14b3e2a81a0', '470b38ad2068318b', '4d527ffad8afd008', '5594cdb5c3e36b18', '5cbfe3cb838a9737', '5d2785183724a4b7', '6191673fe54c5d53', '6a88e1518048a6c6', '6b72b1da385415ce', '6f13669a8cc20466', '76c20da1a5539c17', '7a40bbaccefe39e4', '7aba4bac5ea9d5cd', '7d67a2ddb6c985fe', '7dde4c98c59370cd', '7e265236ee912101', '821a74638eb0a0ef', '8562b54d6dbfae43', '8c344aeaa67f9115', '949594ddd2106c6f', '9746d13aea661cb7', '9c243ca85ad274d1', 'a357b4f1a743d823', 'a6d90e4212c63930', 'a7bf9bcd6d4d8e9d', 'ac126ee239e6e217', 'ad4421becb3b8d09', 'b1e921829595e129', 'b87d72bb13e825cf', 'b90a12a0edff1ccf', 'bdbcadf90dfc5986', 'be54ce10449a3fde', 'c6d8f25d78230be9', 'd469f234ef997a70', 'e3feee23fe85ca02', 'e6a69047eba245a4', 'e70d7d1f58217572', 'ee1b4937442f054e', 'ef3e02220bcaab46', 'f58c41e471769d6f', 'fdc1a0fea6e94c9f')",0.2502280912364946,-0.0061944777911164955
213,multi_start_hill_climb,A,213,4528,local_optima,8.450291633605957,478cf10644082072,4520,2,68.163,xgb_boot5_xgboost,0.9085072231139647,0.09470304975922954,4.342040816326531,0.0,3.52,"('009c387ec681609f', '081d426b0ada6a02', '08799a467b2a5838', '0d997a3590f1993f', '15b85360b6e3f3ad', '2394c1183316cf4e', '2a99fb946cc51092', '2afcf211390f077c', '2c3bdd0007a2076b', '2fb3edd50ff58a4e', '37337fad4327fd22', '3a86998a31b5a847', '435f3a6fb2f5f90d', '472e8ec6fd3976e1', '478cf10644082072', '499b68728f105531', '5373480737ad975d', '5fb4bcb7d705325c', '60a00ed06d257ce2', '63e94bdd13224733', '657399eee0af50e0', '65a02cbe480a268a', '668a360c72f9b11c', '66afc389f87186aa', '67d261c210dd96a1', '6ecbaf26037688a4', '72d455e1f4b74cae', '7309b52823a25fa5', '892514d6101ac276', '8e22311f13e8ba23', '903de28617821119', '9e0266ebe5f196c0', 'a4401856cf1caa70', 'a8a89efc7b944bbc', 'b1e550e04652f34d', 'b2b7065cf123cb5a', 'b7f6cd13d0648ea2', 'c23ba3cc583afb7a', 'd02188fa5d2126e2', 'd02312d929e16a32', 'd3d724206c7c1901', 'dd4e4e875d121fa6', 'e2934d8b76300200', 'e4e3899ffaa20dae', 'e8f2f91cab80ea1f', 'eeaef3ee46efe57c', 'f5813991d907d104', 'fb77cda6d0bbf685', 'fc77706d6141184c', 'ff8b3a127b43278d')",0.13945782445478805,0.10597839135654263
213,multi_start_beam,A,213,4045,stagnation,8.406021118164062,4c9e2131808ea315,4037,2,56.729,xgb_boot5_xgboost,0.8778211805555556,0.12565104166666666,4.343673469387755,0.0,3.08,"('030d271179451997', '081d426b0ada6a02', '08799a467b2a5838', '0ea4b57d4dffb40a', '170fb562abb5d019', '19712785aceb6413', '1c0fc1e00615b1e5', '220c88b11a4b0c0b', '280654060efe8211', '29ab425b36386514', '2a99fb946cc51092', '2afcf211390f077c', '2fb3edd50ff58a4e', '330ebee95c009201', '435f3a6fb2f5f90d', '478cf10644082072', '499b68728f105531', '4c9e2131808ea315', '5373480737ad975d', '5fb4bcb7d705325c', '60a00ed06d257ce2', '6dafc900e6f2aa1a', '7309b52823a25fa5', '74b9cd505d859127', '74da30b2e081256b', '80358f48a29a7102', '80f16bf058a8a708', '8198640b5b31a37a', '8900ba17ccc42da2', '892514d6101ac276', '9db572feb1bfa724', '9e0266ebe5f196c0', '9f3061bc8a495ffb', 'a77a7d3f43b19cb4', 'b09f9a010218a1c5', 'b2b40c6796170bc7', 'b646af8ba86cf7a2', 'c2540fe606bdc9dd', 'ce4a724663b611ea', 'd02312d929e16a32', 'd3d724206c7c1901', 'dd4e4e875d121fa6', 'e2934d8b76300200', 'e7a953066e6ecef8', 'e8bc2971b30d4744', 'e8f2f91cab80ea1f', 'eaa006315fbf67e7', 'eeaef3ee46efe57c', 'f4e46020b5ef16f5', 'ff8b3a127b43278d')",0.07351740696278514,0.10424969987995196
214,stratified_random,A,214,8192,budget_exhausted,11.051528930664062,b71b242226a13171,8192,2,121.126,xgb_boot5_xgboost,1.0,0.0,8.536326530612245,0.0,4.56,"('0a7762cbe045cfcb', '156cf9cf9a172d3c', '1832a2d9d968ab61', '20d6fc12f2d26daf', '2237c1cffd8708d4', '2fa36240545e962d', '30684f719d2f5778', '312f3965b9640cfb', '3601d72396d2577f', '436000d6d76c20fc', '4481860f3ad0fb62', '6ed9e51308672c27', '6fce0d096b883513', '752be5ba40be20d4', '7a530355f90acd68', '7ac763aed68ae53a', '7b0c64a778ab903e', '86d5edca8517763c', '88b1621f4e36ed80', '8952a18076ee97ad', '8a50eb6a09ed829e', '8c43843237f9f0c3', '8e9d02f0474f6a5d', '91596b34683d6d59', '92ee5fa00620f488', '933b9a80c818f1ba', '965e000716a52929', '9f1414726279b54f', 'a08394026ce8c48a', 'a466b2e3bfb75d38', 'adff6ca9ce7ffab5', 'b50db06b7dcffb08', 'b71b242226a13171', 'bd84eaa7e736ceee', 'c8bff0899739c96b', 'c91965e9f4722538', 'cadd1000636e6a10', 'd37724e8412b64ea', 'd5e9e53aa8a6c664', 'd8f1169bb7e45624', 'de7eecb0a91bba00', 'e2aba73834ad04b0', 'e31842693553ab2f', 'e86b56328994fb6a', 'ed5257b3ae18f585', 'ee0d69faec5c91ca', 'f31be2ea23cde315', 'f43e7a44d65660e7', 'f805e2271a0eb473', 'fde3faccf99da0f1')",0.41906362545018006,0.39447779111644654
214,multi_start_hill_climb,A,214,4060,local_optima,5.973674774169922,a663e14d5e768d5c,4052,2,64.619,xgb_boot5_xgboost,0.9148264984227129,0.08877872915727805,3.6857142857142855,0.0,3.94,"('0d92dddcadf87151', '14e741a6fb877313', '1868501eb4274bb9', '1c7ea78d708b8065', '1fcce389df8317f1', '25eec46ea2408504', '29683b0b0933d164', '2e598f30d071ba0d', '30f0e4cc2d3afe5d', '35c6c5793ff61f07', '37e1d48c262550b5', '388ce1ffa42d0456', '4141fa349dc9d918', '47f13981a19885a9', '51ae033adb1ba89b', '51cc465979c760ee', '5351ae234b4e5b35', '554cb6d1069c8960', '5968c474bde0a8ac', '5a2121a8231044f7', '5d5b309d0fa48f0d', '607db43c7696b983', '61fb2deb6f27a9d8', '65018d76d19818d7', '675749310c5db417', '705e52bf140375e3', '848df4b3177fe0b2', '867ef2732ca2484b', '926cbd255ced933d', '9660cff841797ad9', '9908d0758868f29b', '9a158ee98ae58b20', '9e91cdedf72b4e4b', 'a16ad97e109fca63', 'a663e14d5e768d5c', 'abebc19486a3a117', 'b0d3c6eb024b9035', 'b611eb43a441608f', 'c3e2a6164cc59507', 'c4a6c61d846ebf6a', 'caf477fb10c3f343', 'cb73fb4972a44ede', 'd5552f66b87a0eba', 'd6b7c9f32936d2d8', 'daffeaf1fd0cdd81', 'e8eaeca496a046fb', 'ec2c787184e279df', 'edfde79d1aa39789', 'f1eb8aac45e6873d', 'f3155f7cc2544880')",0.36039975182012096,0.5596444974822374
214,multi_start_beam,A,214,2353,stagnation,7.0268449783325195,25eec46ea2408504,2345,2,33.09,xgb_boot5_xgboost,0.919140625,0.087109375,4.524897959183673,0.0,2.24,"('08eb7354b798716a', '0d03cdebb014318c', '102d4423fe4a35f7', '119949890e6ee7c8', '152fe80530661611', '1868501eb4274bb9', '1ba85de0d8524ae9', '1bd5d8d0ab571190', '23f811393757c087', '25eec46ea2408504', '2628c9c6c223449e', '30f0e4cc2d3afe5d', '35c6c5793ff61f07', '3686653e2596da01', '44a568a4e718da0b', '4bbc3605dc147ffa', '4beba4e07ee32f77', '4cee263ea14eccf8', '4e2baa4652d5c453', '4f2f9e67367cb289', '584afcf0276e52ea', '5968c474bde0a8ac', '5cd85f6c11bb20a0', '6ef2f992e2f68ad9', '7280e1cae0ae64db', '74355a02fb597504', '7e15c2ec117b388d', '846b6272effd0084', '85297c745df0c509', '85c954e1630afa06', '89e328af6fe72b54', '8b84f3c4a22d4289', '936e1063606b696b', 'a08ebbe896f10002', 'abebc19486a3a117', 'b77c4c304c553a02', 'b8f451edebf14f26', 'c37e5c919715ad7b', 'c698d62e00d1ac1c', 'caf9e35d9ed0a05e', 'd3a217d4aa795c0f', 'd5b5f98e121def5c', 'd7712a5c9a5f8619', 'da93654caa80bac4', 'dbc8934cd706986e', 'ec2c787184e279df', 'eccfd258645154f4', 'ed1766af91cfb68c', 'f1eb8aac45e6873d', 'f4a4e55374dc54df')",0.17301271413875244,0.16610210598469335
215,stratified_random,A,215,8192,budget_exhausted,6.706459045410156,43fdd8c9b622a33b,8192,2,118.578,xgb_boot5_xgboost,1.0,0.0,8.22938775510204,0.18,4.74,"('01d2943bf472a0db', '0244a82edbc7149e', '035dd1985fafacf9', '040e88d3aa37ce24', '08421b0f7db81818', '0cbde855cf170fa3', '14a210c253774dbc', '161cb35da908a4de', '196a9911b543de0b', '1d36604b2e06084c', '1db9f861e5c493a2', '1e569d8ab077b8d8', '282d4d31110eed80', '2b3f464995369da3', '2cfb493e281e3c4f', '2fd5d373c3814f03', '32a2397e48ff857c', '37b1959d0899f2ba', '428681bb29ae2089', '43fdd8c9b622a33b', '44db8b0d29f4cc43', '5a1a8ee7eb4f2cb1', '5d79399c02b0d4b4', '6220cf1c0c07115b', '669f631add9c486a', '683081a20b8d845f', '6ee6d8156c4c7327', '6f555dc799ed48fa', '705c323bc0a8cc3a', '7d22cb0a1345951e', '806631ed964ebbe5', '8fa98ec6ec437468', '9a1c98b8bc6acc16', '9f02fd5b14d42586', 'a75cd7baab60f5c3', 'a7d86209f9d00dde', 'ab592c23885c26ab', 'b92e7739eff6d385', 'b9be3ab6796b2fdc', 'c861da7d8b1684cf', 'cd0c9d89091aa3f5', 'ce80741477053a0b', 'cfcc65fe84c5dd8a', 'd3e2495a69a1687c', 'd8b12743a6b66f6f', 'd8e65ee48828caa2', 'e1b246dfc6883bd6', 'eba6ec8023e858d3', 'ef82e34f5654f723', 'f6b98c0a77400ff3')",0.3788235294117647,0.3196638655462185
215,multi_start_hill_climb,A,215,3678,local_optima,4.175940036773682,924e10a914dfb13e,3670,2,56.295,xgb_boot5_xgboost,0.9183520599250936,0.08564294631710362,3.750204081632653,0.0,4.16,"('006151fe60489381', '01290b8378e9dfa0', '045764b20148975f', '074576c10c6b1e05', '09c6f7e1250ccde5', '25356c9483826748', '2e012cce88b0b763', '309fadbccc875567', '31bdbc50a8c441f4', '352626bf82253a2f', '38c139fe1992b362', '3bab4bd8ae6ad249', '415bafffac98b2b4', '57f4afb4626b05a0', '5af6881ad8bd766d', '6fcf548ab27b1242', '6ff4718121344363', '717eba98bc794735', '75603f2a00e226d1', '76816e6d6c31fed6', '7738d59c7ebeb2f9', '7e70bcc750fd50bf', '81d56ce1ef068813', '8343f60cef6d7bfa', '88e510af704446e0', '8d587c2d87e79193', '924e10a914dfb13e', '9444180feb38ef6e', '970d1cd430ce9e75', '9c4db0e735d5fc96', 'a1904176bb8334b9', 'a22127353c9e8f8e', 'a3534f16edb46709', 'bef06817481567de', 'c014e587bd00da72', 'c1652006a0bc4f03', 'c77a12edd4c04c5a', 'c95a48681fe5063f', 'd1bd803bd02b7e16', 'd499a34c3565e185', 'd4b3057743e3b42d', 'ec986717cbd63658', 'f13a787708645216', 'fa6f74c5b91f81e1', 'fb75a18ee06e9e08', 'fcbc0670703a88ab', 'fcff8c9cd5a25f60', 'fd7b75ed7c49b528', 'fe416cd66f1a55d0', 'feee44d3873ce1e5')",0.06838756155171274,0.3284750410711951
215,multi_start_beam,A,215,4795,stagnation,3.963761568069458,7b0673be01b00037,4787,2,67.335,xgb_boot5_xgboost,0.8513849431818182,0.1514559659090909,3.599183673469388,0.0,4.14,"('006151fe60489381', '01290b8378e9dfa0', '03c9c965ee9fc9f2', '0456741dece769af', '09c6f7e1250ccde5', '13686093d64420e4', '190ba52ba36ae10d', '1be400c5b6e5f304', '21b7b606e7c1c106', '25356c9483826748', '2e012cce88b0b763', '309fadbccc875567', '395479ef96833f0f', '415bafffac98b2b4', '43bee73d96224df2', '44c1e2496b9fe818', '53aa208e007b28df', '5f8337ca4508a7a6', '645e3b8fc58ffa83', '75603f2a00e226d1', '7b0673be01b00037', '7d98b9c4972c7a6c', '7ebdeac51ef453a8', '7f8109b53eff0d13', '81d56ce1ef068813', '8343f60cef6d7bfa', '88e510af704446e0', '910b03e8deaaf9a6', '91a288f98ce1f454', '924e10a914dfb13e', '9444180feb38ef6e', '970d1cd430ce9e75', '9b7d6a4d2451d9b9', '9c4db0e735d5fc96', '9fafc5e8ceb53fac', 'a22127353c9e8f8e', 'a3534f16edb46709', 'a938bc2f8f1e7634', 'a9cba0e2cc4102b0', 'c1652006a0bc4f03', 'c95a48681fe5063f', 'd4b3057743e3b42d', 'dabf3b861b73a860', 'e3d9bf8778ff4cc5', 'ec986717cbd63658', 'f13a787708645216', 'fa6f74c5b91f81e1', 'fb75a18ee06e9e08', 'fcbc0670703a88ab', 'fe416cd66f1a55d0')",0.23053647786062875,0.3310361411781129
216,stratified_random,A,216,8192,budget_exhausted,15.084356307983398,616792b658227d8c,8192,2,121.681,xgb_boot5_xgboost,1.0,0.0,8.54938775510204,0.0,4.72,"('05cb371299cac338', '0698b31c46d2fe19', '094fd0b0461806d2', '146d8caeaa5af263', '19fde0be89408ee4', '214b96a08e677501', '300791ceb17b785c', '307b3c9e7c9d96b5', '33cd1f0d10212208', '493ce25c66f6062c', '514e70cd38250ccc', '572ad324fd5b9f0f', '616792b658227d8c', '6a714b41e222cd53', '6ea2dec4e84c2251', '76d806fd44f1ff5d', '76f2b35a9ece1607', '783bcc74375b2c3e', '7b1bb0d63f237afd', '7ba8f1646a8b297e', '82a8920e45742b63', '842521bfbc279836', '86b25b4addda01c2', '88ab4d423c3e078a', '89253ff7b0d4043d', '8e4b2d48cd9a56e9', '8f3e2b97f415c42f', '91da1fc5850be3e9', '92d0a22711ecfbe4', '92fd8b96b227baaf', '952fab669c13aed8', '963efb81d1f70417', '99b71ba07492db6d', '9a85799f56730e02', 'a1a5c970f8f69d80', 'a39862d60c64249d', 'a55702785e614a12', 'ac90a0ffe79f5f3b', 'b15b97a2a2c7a605', 'b3dce6bd91d13824', 'b57f41b442452889', 'c3fc5ba0d9903412', 'c9b84ccaaebcc546', 'cb5359411fee5a68', 'df6c848e25f2eff5', 'e30ba0f0fa377d19', 'e51548364724b031', 'e74be9438859b7f9', 'ed1c92c5f7f66b11', 'eec655a737ba2c90')",0.488499399759904,0.33406962785114047
216,multi_start_hill_climb,A,216,3864,local_optima,10.82352352142334,767eb372d8720421,3856,2,58.063,xgb_boot5_xgboost,0.9182509505703422,0.08555133079847908,6.680816326530612,0.0,2.54,"('02466e91627d314b', '0bac2e55254f43b3', '0c3e587b550f17c1', '0e62da3ccc71c72e', '113c7ef76e63e2d1', '12e16c5f39a7cd91', '1613bb27f78e8da0', '1c7766256dd2f099', '1f610e3942c94ea7', '22fb0b16e93ce6bb', '2ab6f5e508bfe983', '2b03791610c0b4d1', '317c1f8fb9a270ea', '3383a864742c4e40', '347725e1febbd788', '3cf248076b5e4688', '4571e3e76ef9b30b', '4ec5fbd7305eb00b', '508ce6d7dc0b3b3e', '512a5170eec3eeb3', '579296c8d3f3244a', '588a949907f8ce9b', '5c2d96c2cd0b196a', '5d72578a447b38ff', '5fb690e80dec84f2', '669df7691ab79548', '66c692e23bfdeb9f', '68df6012968a7a0c', '6d053783320628db', '75d6142c1ff3107c', '767eb372d8720421', '862e24cba7004b0c', '99f9dd6ff0a34186', 'a1f1c7865a53f625', 'a2088a04998a5a06', 'a7a7f3504ac9ad8f', 'af666115401a986b', 'b4af3cd780f4049f', 'b5025589c6baf9ee', 'c2af032830fc9951', 'ce556ab4fcaaa3c7', 'ce9139762d71bc4a', 'd2d9c73f9ac8d112', 'd4f789a5d10848a9', 'd7ffeed448acc29a', 'e60f6096489d624d', 'f807e747bebcb622', 'f8e364fab5b4948a', 'fa9fc95f92ccbd80', 'ff3e0598a46d71d4')",0.17580676163183123,0.10335967197059456
216,multi_start_beam,A,216,2320,stagnation,10.82352352142334,767eb372d8720421,2312,2,33.517,xgb_boot5_xgboost,0.90625,0.1,5.738775510204082,0.0,2.82,"('01890611ec9dc749', '0bac2e55254f43b3', '0e62da3ccc71c72e', '0ef7c7d2f005e035', '113c7ef76e63e2d1', '12e16c5f39a7cd91', '1613bb27f78e8da0', '16a7b4c0f73175af', '22fb0b16e93ce6bb', '2347caae4224a304', '240435b1fac2636d', '2acada82d0dc0c29', '3383a864742c4e40', '347725e1febbd788', '4571e3e76ef9b30b', '4ec5fbd7305eb00b', '508ce6d7dc0b3b3e', '53e01536cbab6d48', '5b6051f1c0fc74af', '5d72578a447b38ff', '63e29d4ddcc6133f', '67a0de3fd909c90f', '70717c3350cb8499', '757a6f2da09f3758', '767eb372d8720421', '7cfee071bdc858d5', '80eb15272b63166c', '820fec2d1e7c5dfe', '8f0d9d17567621ed', '99f9dd6ff0a34186', '9e2217ec749bee85', 'a2088a04998a5a06', 'a6ec2925de67bbfa', 'a7a7f3504ac9ad8f', 'aac4bab9c7798410', 'ab22cceed3aeb8ff', 'b4af3cd780f4049f', 'b5025589c6baf9ee', 'bddf3c8a16e65e72', 'bee748b6da004d3e', 'c7c1e7a5d9f59265', 'ce9139762d71bc4a', 'd11d0f65afed9b13', 'd7ffeed448acc29a', 'd8e6699a7b695489', 'dcdf87c095b9d4fd', 'e14ccca6acce0cf3', 'ee211ecabf306f9a', 'f807e747bebcb622', 'f80f036bc52bcd4e')",0.11091900279265693,0.41274798250729106
217,stratified_random,A,217,8192,budget_exhausted,12.316652297973633,b510013e3e85fb26,8192,2,122.965,xgb_boot5_xgboost,1.0,0.0,8.80408163265306,0.0,4.86,"('08b7cf6a6069691f', '0ec7b16b48e62531', '13dc28bd3aca5694', '1af56f619c191a4f', '1de6d2c3981d832a', '29c426eaa74172ea', '2c43ba5aece56681', '2dccb1ad6cc6c559', '3457a216d3e55cc1', '3908d87cf155bbb5', '3935fd799d2925b3', '45e1b73aca4f8fcb', '500ab83694ede685', '51486d92cca089c0', '5233a8e42222ed89', '58f7a02c097ddb8e', '60c11a32d18dafad', '6dca58700b3c9c31', '76f51aeab011ddd4', '7892a5da636ffed2', '790284dff5d1631c', '7903116526d085c2', '7d09aa18e3cc2f7d', '88cd87ed25297ebc', '8a2aeb45a3a92f6a', '99a975f4a70c6c6c', '9cf8335e74b792d1', '9e9a9ac08493ee16', 'a3f39b8cc5b70123', 'a654d77953365bcf', 'af30cceaabe16357', 'b510013e3e85fb26', 'b5155c88e5ad3460', 'b80e73d19c44435b', 'b9363e48714b4295', 'bbe69bb56b5dab0f', 'c3cf599de25269bd', 'c78671ab9764cf8c', 'ce954888004c9d5b', 'd88c0a06534ce9ca', 'df42b05992bdf64f', 'e3017f9fe9cc79ba', 'e3b2bb0fc2c9a150', 'e563fb5f9b27eb96', 'e968b8bb678e8075', 'f31ac7ce34952e89', 'f63f1a32eb4b4ebc', 'f8ca658c3e328cc1', 'fb5bc0d875568b29', 'fd7cba92938f5e44')",0.4653541416566626,0.3866986794717887
217,multi_start_hill_climb,A,217,4288,local_optima,4.320867538452148,d74534106eb6907d,4280,2,67.651,xgb_boot5_xgboost,0.9102101464657185,0.0931861600509446,3.165714285714286,0.0,4.28,"('01d62589248d4db2', '023e863d02bfb0af', '034a7b1094fd8dea', '08e7e39cce5a0f26', '0cccdd3eda705719', '11d0c978e780cade', '29907e776bf543d3', '2e55d33f0f8e56aa', '351f8e9136667cbe', '43b6ab89ca08b822', '441e3b5b590c85d5', '45129ea01ceb8751', '49cec9c8ee8d4408', '536df99114c7d155', '5db7f2ea1a3bb5d4', '61c9aee78db8ac89', '62c4ace9acddad4e', '652921e1e86f122b', '76944d46bb2cfcc5', '76f33848c9cbc029', '7afb69656c6e4bfa', '8602989f2ff51723', '8798059a36ae46d1', '88a6fbc2e8be20e3', '8a9e0eef0e668d61', '90f2bace904777aa', '91df3dccb1c765ac', '99a15313a0267ff5', '9b18a5d9cd44a538', '9e78e6fe27a693e1', 'a3544855b2e930f0', 'a72a4c8e67035073', 'a9b16d88268d0c25', 'a9b88008619c317c', 'abebd7a3a65811e3', 'b272ff3efe10f9e2', 'b8d987a3568b2167', 'bae6e196a7cae116', 'bc0274c64bd8ed97', 'bcde057194086133', 'c2b983cbc447b0f1', 'c35029809b3c9f1d', 'c8997dfa19efa33f', 'caf547bc9e743103', 'd09c7f0a69e13a8c', 'd6dbb46d1cf08da4', 'd74534106eb6907d', 'ea3a8a2b8eba06ea', 'f0974c7ac4ce6130', 'fbb6a9f7585563e3')",0.3230252100840337,0.21296518607442977
217,multi_start_beam,A,217,4684,stagnation,4.320867538452148,d74534106eb6907d,4676,2,65.042,xgb_boot5_xgboost,0.8316761363636364,0.17116477272727273,2.951020408163265,0.0,4.22,"('08e7e39cce5a0f26', '111d9a34b62d704b', '1b9283739e52686e', '24c0bc61307de905', '29907e776bf543d3', '2e55d33f0f8e56aa', '31a52c89f8505133', '441e3b5b590c85d5', '445ba623322d48c9', '49cec9c8ee8d4408', '4a723445d34ac931', '53471c215f70c675', '5a3683673f25ec30', '5db7f2ea1a3bb5d4', '61c9aee78db8ac89', '632b677bab8aedbe', '6f704d5e47dd95f3', '76944d46bb2cfcc5', '7afb69656c6e4bfa', '7f9a2f39518df7e1', '7fa42f3961128c3e', '8602989f2ff51723', '861bfedb6ff4fe37', '885b8c95684a7521', '8d29c07f09c3ddd1', '8f1e5044ea453d23', '90f2bace904777aa', '99a15313a0267ff5', '9e78e6fe27a693e1', 'a7c5ba1c72ca1f43', 'a7ef32ca8539bf7e', 'ab4d1d76a5db8daa', 'abebd7a3a65811e3', 'ac6ecf19f2daa55c', 'b272ff3efe10f9e2', 'b8d987a3568b2167', 'bae6e196a7cae116', 'be862ab236b14768', 'c2b983cbc447b0f1', 'c35029809b3c9f1d', 'c745ce692f54424d', 'caf547bc9e743103', 'ce6959c1a47e3e36', 'd25b3de673b79bde', 'd5cf4c4813a3ddcb', 'd6dbb46d1cf08da4', 'd74534106eb6907d', 'dc840abdb207c540', 'ea3a8a2b8eba06ea', 'fbb6a9f7585563e3')",0.36316926770708285,0.25426170468187276
218,stratified_random,A,218,8192,budget_exhausted,12.187663078308105,9edf8599fdd805b0,8192,2,115.105,xgb_boot5_xgboost,1.0,0.0,8.980408163265306,0.0,4.82,"('0f55bfd176f6cf0e', '1012e644f7267433', '10cf2d50c9a9897b', '19808d69fcf1393a', '24df2115e1d9f64a', '253133b5e2af2e9b', '2621bd2fa23be415', '26b82b519c3288b5', '2ddba24202dc3dbe', '34f0a5e8209a99c9', '3d95ee07999ca60b', '3f9b6fd9962045bf', '4789810330eb608a', '4922014a428d5c33', '49b701434b9912c0', '4eb4a42def6f2fb1', '537552f1d29595f0', '5e2fc43a631f8a03', '608eaa058df76782', '677bdab18568060d', '6dc07b7de4930102', '728ff9601a21748d', '749eee70611cdf29', '75109a6473d0e691', '775104bbba37f097', '85b786a674b44214', '8b810ce0082456ca', '91af45cc61a3c00b', '92cd9456e2452afd', '95b343e7d7d386df', '9edf8599fdd805b0', 'a0a74d43a32d79e9', 'a66187e35b6f63d5', 'ab5004a9ce398b37', 'adc9c68bb4554770', 'ae88e4c318188565', 'b3ef99367dc62826', 'b5a90b5128498d9a', 'c3ef91ed37678303', 'cfa84237233caacb', 'd70053ea9eccd4cc', 'dda508a1e7c118a9', 'e3ce11ab2f89407a', 'e60e978f60b6b75e', 'ee79d2b31c5be2a2', 'f38e4e086a628a95', 'f8bed88f46065b9f', 'fa1d7dd52688d087', 'fb54e23b2df5494f', 'fd204f59a6ccf9a7')",0.10693877551020406,0.23755102040816325
218,multi_start_hill_climb,A,218,3874,local_optima,7.0831427574157715,ee04b9fbdb886a2d,3866,2,52.042,xgb_boot5_xgboost,0.9130332312043365,0.09073768559981145,3.6310204081632653,0.0,3.66,"('00f800c5febe293f', '0133416b581dc807', '078f7221fc06b348', '097c9d2c5f632fbb', '0a2b70ad9a5a4fdc', '0e2fdd110511e3a6', '12d30bd583fa2139', '15e8bd6c50b6e52d', '1fb205022f680fa4', '20e5027483ae04f9', '25ce53b31c76e824', '32f50e793cc7cd80', '3f9cabd76e7c49e0', '4aff6347f5b2bb40', '4ca047ed508ca8eb', '4f37ada4c2d33ba7', '54c00f226161d6d1', '55a4bffbbc4bc280', '5703f2027f569fef', '5822be647558d0cc', '5bd10a5f211c1416', '66e7a0520305fff7', '692ff57f9165619e', '6ad89d5bf0c39efc', '7498a38faa7efea0', '7c113cf3c3b71f4b', '7ed82079ec3a5d8d', '7fddd1e89c2b8b5f', '8353ed903e90e0ed', '85e36e032290a2c3', '8e453d8922283bab', '974baad06902a468', '9806fd51333d11be', 'a0e7feff77289a85', 'a106155df4b5ff70', 'a20d7a370b890f84', 'a6e629e6089201e1', 'abf73c7aca82c3bf', 'ac1581c511226d8d', 'b18e39328cb6e92a', 'b89742bacca26b99', 'be71689b66749638', 'c140fb9eca7c52ba', 'de4c204745cd77a0', 'e618f26a1711377d', 'e882f258f1a7ea49', 'ecb27a0e6c902842', 'ee04b9fbdb886a2d', 'f66456ce4c3e1bdf', 'fc02b23b3ddf57b2')",-0.18549819927971187,-0.32147917148502647
218,multi_start_beam,A,218,4587,stagnation,7.0831427574157715,ee04b9fbdb886a2d,4579,2,58.2,xgb_boot5_xgboost,0.814453125,0.1883877840909091,3.253877551020408,0.0,3.78,"('00f800c5febe293f', '0133416b581dc807', '0a2b70ad9a5a4fdc', '0c457507c0fc88b5', '0e2fdd110511e3a6', '17d43733a1653d21', '18dccc0ceff529ca', '19998f7bd9b4c69a', '1fb205022f680fa4', '20e5027483ae04f9', '25ce53b31c76e824', '2a4b3274d5dad55b', '32f50e793cc7cd80', '3368fcd19b07068a', '3f9cabd76e7c49e0', '4aff6347f5b2bb40', '4ca047ed508ca8eb', '4f37ada4c2d33ba7', '54c00f226161d6d1', '55a4bffbbc4bc280', '5822be647558d0cc', '5bd10a5f211c1416', '6217f61f081dfb80', '639f8a73159f2b66', '66e7a0520305fff7', '692ff57f9165619e', '69abd0e08779f95c', '6ad89d5bf0c39efc', '7498a38faa7efea0', '7c113cf3c3b71f4b', '7ed82079ec3a5d8d', '7fddd1e89c2b8b5f', '8353ed903e90e0ed', '8e453d8922283bab', '974baad06902a468', '9806fd51333d11be', 'a20d7a370b890f84', 'a3029377b7678c76', 'a6e629e6089201e1', 'ac1581c511226d8d', 'b1d0a6c45a231d32', 'b65fac59159fb243', 'b89742bacca26b99', 'cb2047dd433729d6', 'de4c204745cd77a0', 'e882f258f1a7ea49', 'eb183e7560031f5c', 'ee04b9fbdb886a2d', 'f66456ce4c3e1bdf', 'fc02b23b3ddf57b2')",0.10789915966386551,-0.07064812913490165
219,stratified_random,A,219,8192,budget_exhausted,10.514409065246582,9e73fbe3288df9d8,8192,2,108.047,xgb_boot5_xgboost,1.0,0.0,8.313469387755102,0.0,4.62,"('00457e8cc8c1b74d', '03be055c73f5470a', '0cdc9a5daad41411', '155e40aeb22aa6f1', '177dad0f96bb3223', '18677646998e15b8', '1fe495e3453a1319', '2059fdf5bb7a9332', '224efc60b6525b54', '2853ebc6b6c439f1', '2d528e83abf76b82', '3150a71febac767a', '35de89e2917acb43', '427e8065930b0552', '45adc1671bbfe178', '4e9d50a209eb941a', '588157c2238d98a4', '67715b6a2b4b43ab', '67d8ccd904490cac', '68437aae570c0959', '6c1a00435788d618', '717a750e86bf6bee', '7d44301d219e633d', '7d70aec7d19177c4', '7fc709d3de1b20df', '8449c1964743cd87', '8a2b6e142386c06e', '8dd7954f9fec3dc1', '92ba6eb2522299a6', '97ab3449b361deeb', '9b528101b64b9822', '9e73fbe3288df9d8', 'a1c542e741d138a4', 'a9fd61b3607c27fc', 'b11ce2a59ad11849', 'b4c231c479e252dd', 'b5671899c25fdf46', 'b8a68efddaa2e239', 'ba661e2678026faf', 'ba899fe9f995c8e4', 'bbead7e2728c0f75', 'bd5d12ec31433147', 'd5d096789b881bc2', 'de0b19e9c792229b', 'e6f2948516c6ad34', 'e7ad1e1c549c29a5', 'f40756aba94e7786', 'f9597d0a29b5242b', 'fa8b8179581eafa2', 'fe87925fde947654')",-0.023001200480192066,0.09368547418967585
219,multi_start_hill_climb,A,219,3917,local_optima,4.580201148986816,ce8c6715f019e05b,3909,2,63.236,xgb_boot5_xgboost,0.915614773258532,0.08812529219261338,3.92734693877551,0.0,4.94,"('04a87802f6be7d58', '050f5f3b5796eaf1', '0546e46ad1f2f3b1', '08569a4d1bf0b552', '0de61d914f2e0a0e', '1e02f7e342cd7fdc', '1f22661d987079be', '23be9a7203c863ad', '311de401576af767', '341eeb748f05d668', '458aa8632947448b', '4729a04994e4e6b5', '54226f103ecc9f93', '6a45f11647408166', '6dae3df15f0f9704', '76951665e6cae220', '77ae8be7272db37e', '804cf2c9fc2d19d4', '828d2f229c3ddcbb', '8626434d4c7b3843', '9ee747e6df590fa5', 'a538347e7749f16b', 'a5535da230d8bd5f', 'ab170d7ea336fcd6', 'ab41fd6bd9d226eb', 'ab6bfc83fb058f71', 'ac0a3a78ce7f8549', 'ae8fa87f8b60620e', 'afe189a5d0aa1da7', 'b0e6304a8521fd4a', 'bb19c53a68f2cb25', 'c357c58906009761', 'c8b167878b2787a4', 'c9c323d3d38f356f', 'cbbe229377e97788', 'cbff490a1b625277', 'ce8c6715f019e05b', 'cf1fee3f66a31064', 'e1055125ecab8dbc', 'e707bad8bdc2c8b4', 'e866ba87de48ee2b', 'e8c7e5f58b66dc2b', 'e8e3d4e79a9f7803', 'ea879a91fdcc8371', 'ed52d176f3d21ce6', 'f4c357ef5291d803', 'f512b815df4e7e27', 'fb938c535fe2e525', 'fd4c5f8250c7070f', 'ff603442b416c7f1')",0.21676390795942932,0.36116113242420633
219,multi_start_beam,A,219,6375,max_generations,4.580201148986816,ce8c6715f019e05b,6367,2,81.595,xgb_boot5_xgboost,0.830078125,0.17200520833333333,3.8048979591836734,0.0,5.1,"('0b03baa134058a34', '1f22661d987079be', '22ee2991e01391bf', '23be9a7203c863ad', '2d587bdd40f2e89a', '311de401576af767', '3986370fe88e8127', '39d4c4c7ab60fcf4', '3a45a46ba1fa8240', '4729a04994e4e6b5', '4e3cd5638e7f6bd7', '54226f103ecc9f93', '6055a4aa819150fc', '6a45f11647408166', '6ab658a539c2fec9', '6dae3df15f0f9704', '6e929c25244a9a0d', '76951665e6cae220', '77ae8be7272db37e', '7bd6a59151ef5b4d', '82a75306e1e516db', '8ad4cbd78c7b01a0', '9409be11ba0e5e5b', '9ee747e6df590fa5', 'a538347e7749f16b', 'a620cdcf18043653', 'aa5cfa4f31739f0d', 'ab6bfc83fb058f71', 'ac0a3a78ce7f8549', 'bb19c53a68f2cb25', 'c357c58906009761', 'c7ec35cbd6322043', 'c8904de2941ed54f', 'c8b167878b2787a4', 'cbbe229377e97788', 'cbff490a1b625277', 'ce8c6715f019e05b', 'cf1fee3f66a31064', 'd952c6e92e25f255', 'de05d8cf5e556b1f', 'e349760c60b433a1', 'e46bb7d80a559594', 'e707bad8bdc2c8b4', 'e8c7e5f58b66dc2b', 'e937621eb2d17123', 'f4c357ef5291d803', 'f512b815df4e7e27', 'fb938c535fe2e525', 'ff39d3fcdc1adcf0', 'ff603442b416c7f1')",0.13296837863085062,0.20739993763331302
220,stratified_random,A,220,8192,budget_exhausted,9.9596586227417,9ed0b3a6b3cb52c7,8192,2,113.672,xgb_boot5_xgboost,1.0,0.0,8.569795918367348,0.04,4.7,"('090ff0cde3648a83', '110597a7b419c65a', '16eff4ca6cbd4387', '1b34441df6d8d84f', '220a6333fb745dfb', '253382cc0d75bc5c', '25d9d0fb0210bff5', '27af368c869b2141', '37a354fb86bf1cf9', '38d8151efded1660', '3be76bffd7474053', '3f69841483c92847', '43853dd1a8ecd5fa', '4560ca60d1024b49', '4d07ba9cde65bf5e', '50dd576d7d47c9b4', '51752e8511a9c146', '6277968e6b2d8227', '62a9e6086debb3a1', '65e2bb165e4419d4', '6e8ba828da6e981b', '6fe0000846d79b03', '71b874425a381347', '79bfb603e4bfb014', '81c309b59548643d', '8a7ebfca34c23f93', '8c1f63babae7454e', '8f74a3fc1f4e0e41', '90ea7cf2ef609f04', '945303adb72b8a7a', '9e856f4b231485eb', '9ed0b3a6b3cb52c7', 'a002b63973ed15c4', 'a1e0665cdf267f75', 'a477363ff687a103', 'a60fa40471d35f34', 'a9d72106eaf3853f', 'accaad7d0cb78857', 'b08e5a28c4df3aba', 'b78ae6288204ddc7', 'bf43f8a5d380d01f', 'd348cb338915fd5a', 'd3dfe46767a3706d', 'd76f1f86af0fad63', 'd87eba5c67c1b929', 'e66f657e069a3e3c', 'eafc2b82ce82d0c1', 'ee4ee520e9d2c000', 'f5cd4d0b2e318b51', 'fbe9ffc2dca7c110')",0.43759903961584645,0.304201680672269
220,multi_start_hill_climb,A,220,4812,local_optima,3.999962568283081,ed8d22b4354bd712,4804,2,80.305,xgb_boot5_xgboost,0.9099848714069592,0.09304084720121028,3.2848979591836733,0.0,4.04,"('053a40fe741a0e1f', '1526ca3c7ad6b697', '1a65b29e469304de', '1a83f3f22cff4e8e', '2271cc3fdbe7890c', '2d1707b169e6deee', '2fe50cb22f88da5d', '37650f8fddd7c479', '3aa8f06369d278d7', '3c94088a11559a89', '477fea62ceadcd4e', '4dd8d94e34e24856', '546d238c989a3975', '55fe9ab2887064a2', '5726b4aed22e3b03', '5d0ac804bdf73a26', '5e9826fabab7ff4c', '676c4028160df750', '6aa53dfe51756a8e', '6fb36b1f8296693e', '76aaae41691e531a', '76f46c1312ae71f7', '7b1dcb353806b877', '7ef0e185305d685f', '8717ac9129a0d128', '8d0e8fbd8dc3b303', '99818d7461c54242', '9b2d09c8c33c0d3b', '9c089ae0c0f19d4b', '9c33aeab8d4358aa', 'a8eb5d561f1e7284', 'acaab9a361848523', 'aea206e276134d56', 'b2a486bfeb968da1', 'b71b94b664250d65', 'b85ffbd4ba9e3ae6', 'ba5f2a24c12d8398', 'c2a4829785d02cc4', 'cdd00b0682354ac5', 'd9f55caa8db43f70', 'dc94b5fb71174712', 'df9b3128fdc32bbe', 'e3e6d557744dedab', 'e6b858e70aad5ca6', 'ed8d22b4354bd712', 'ef23eaec45ea4f2c', 'ef8c90a7006d23e7', 'f59d606a480d311e', 'fc1a91f62013de66', 'fe58f51dc656d1f3')",0.20832733131678186,0.0915814248089219
220,multi_start_beam,A,220,5811,stagnation,3.999962568283081,ed8d22b4354bd712,5803,2,80.633,xgb_boot5_xgboost,0.873046875,0.12935697115384615,3.2048979591836733,0.0,3.86,"('053a40fe741a0e1f', '06a6760678d82b3b', '1526ca3c7ad6b697', '1a35e8c615225acd', '2271cc3fdbe7890c', '276d957a589599ad', '2d7210da86229431', '314c800e839ef1a1', '32913805b2a45a4b', '37650f8fddd7c479', '3c94088a11559a89', '44b6ec081ecb3ea6', '477fea62ceadcd4e', '48a722b3f9a6fadf', '4dd8d94e34e24856', '5224eb2c6d3da78f', '546d238c989a3975', '55354ac0f3cddb7c', '55fe9ab2887064a2', '5726b4aed22e3b03', '61ea388b9ef76d45', '676c4028160df750', '6e82b3fc8f8017fb', '76f46c1312ae71f7', '791541a4c47aef80', '7de9ce6739414746', '840adf2b116384ff', '8717ac9129a0d128', '91581d1e66188713', '9c089ae0c0f19d4b', 'a4114e04050353ed', 'acaab9a361848523', 'b86f317ab4702b5a', 'ba5f2a24c12d8398', 'd1a1d5877da759ba', 'd1c1ad9a50367079', 'd2561ed882923ae1', 'd5cb95b17e75b86c', 'dc94b5fb71174712', 'df14283faf7a6183', 'e6b858e70aad5ca6', 'ed8d22b4354bd712', 'ef23eaec45ea4f2c', 'f066aee8ac01695a', 'f59d606a480d311e', 'fa3de5ab340852cc', 'fc08f42f2030e7e1', 'fc1a91f62013de66', 'fe941a7fbfaa5828', 'fec726aaab8d1be5')",0.4422407387755314,-0.1326386057658831
221,stratified_random,A,221,8192,budget_exhausted,8.40530014038086,6a46544c04544212,8192,2,125.944,xgb_boot5_xgboost,1.0,0.0,8.06530612244898,0.0,4.86,"('01328801f6679ac3', '032ce2d228ba31a7', '0aaf7ede7960d8bc', '0c4091165e972e5d', '10c7b919fbd2bd34', '1230b97843c2eb65', '195bc6b479303cba', '292f03a06389036d', '2960351d2aa7aa89', '2cf6601b68df5aef', '2da35970f1896712', '343ff44184f3eb25', '3959b8bc8eaf0529', '3cbcd39ef7f45152', '415f1a40d353c51c', '43326585909bcffc', '47628f7ba816fb6a', '4aead2c4a7d349d1', '4f907aeff9de16b9', '57acf5c936637550', '5af36371043b71d8', '5c764ea13edaf980', '5ef205145fadc01b', '624f61dc015031a1', '675cf604dba69609', '687e6b702103a82e', '6a46544c04544212', '7213e264470e4150', '7a272d9c26594c82', '7bbb324b15dc8977', '8588f8330a975c5b', '895396e2ce96ed03', '8b2fdea0a2a46430', '8c6926c3556e5d23', '8e4b1880ab1c151d', '905e668d8edec24a', '95ab295e695c8a75', '9831e300dee69196', '9f0e7da8bbf64cc4', '9f0fb92693ae3f44', 'aabf763354ea873a', 'be9a3384ed153f57', 'bf05c81730f431e9', 'c1104fb41a97927a', 'c2f4844f3a1dbc48', 'c8204301a8a86dcd', 'd91f215c70fe6367', 'e5b5a3832dd9a02a', 'f6ce5b827fab773e', 'f6f706501b423a1d')",0.5723409363745499,0.5001200480192076
221,multi_start_hill_climb,A,221,4006,local_optima,5.975997447967529,aa27f52998f1e7e2,3998,2,68.592,xgb_boot5_xgboost,0.909834203951851,0.09379968203497616,4.611428571428571,0.0,4.68,"('052930d29a516521', '11074aef2f848777', '1ba372646547e96c', '1db2f5d6704706cd', '1ef8491e3a5784b7', '1f76d5fc8d973f35', '227bb19cd8163696', '2b9637672b638901', '2d3959935518b783', '2e4b22565d284f87', '3023f04cbb1312c0', '33ebd9e9e463be2b', '376adbbf8eb24645', '3ab6a5808bb9a982', '414921a79088c97f', '49e41b85369b2bff', '553af4c312d09e88', '58fe60d497d19d7a', '5c753bdc1245916b', '5ff3b368069bd52f', '6db8fa4fd1c56edd', '6e7092a2b64545fa', '70a34ab424149df3', '76fb8a8dcf9c118a', '7b7132335e702714', '7b9f841e1609bc00', '83651aad90e374c4', '892db2bf9dda4e82', '8d243531b67e7f1a', '94406c35cc5ca258', '94570647876b48eb', '99fd92bac07a47e0', '9cc2072896e0ad0e', '9dd4d6df51195d4d', 'aa27f52998f1e7e2', 'aa5bb0ac79aaf645', 'ab78b162f9bcc72e', 'bcddb315da3059e4', 'c3911fd78c63ba61', 'c50eea5725818c3c', 'c74db74c03573c71', 'cdd5b884f9016bc5', 'd0929feff5e7fb1a', 'd433f7f92573cc0d', 'd901ca1c061a7bfd', 'e699b69a8488ce54', 'ea3d21f7b02750a7', 'ee95d93ed93c4630', 'f276b9231c96677b', 'fdf29999ba83e53f')",0.10416116433968158,0.17500720391893193
221,multi_start_beam,A,221,6215,stagnation,5.975997447967529,aa27f52998f1e7e2,6207,2,92.846,xgb_boot5_xgboost,0.8092447916666666,0.19283854166666667,4.356734693877551,0.0,4.78,"('11074aef2f848777', '1db2f5d6704706cd', '1ef8491e3a5784b7', '1f76d5fc8d973f35', '227bb19cd8163696', '28d02f5bab1beea9', '2b9637672b638901', '2d3959935518b783', '2e4b22565d284f87', '3023f04cbb1312c0', '33ebd9e9e463be2b', '376adbbf8eb24645', '3ab6a5808bb9a982', '3ba7f0fe3fd29f31', '3e077be5c17bd449', '3f78dfa784d17a77', '42f58f7adea15f22', '478276562510fb00', '553af4c312d09e88', '57c8fdaa3ed8b327', '5ff3b368069bd52f', '6db8fa4fd1c56edd', '7553865bf6514a6c', '7b7132335e702714', '7b7fbc6c7411428b', '7b9f841e1609bc00', '82b47dd663950690', '892db2bf9dda4e82', '8d243531b67e7f1a', '94570647876b48eb', '97e313da156dc605', '9cc2072896e0ad0e', '9dd4d6df51195d4d', 'aa27f52998f1e7e2', 'aa5bb0ac79aaf645', 'ab78b162f9bcc72e', 'bcddb315da3059e4', 'c0ddf440fb4519ed', 'c3911fd78c63ba61', 'c50eea5725818c3c', 'c74db74c03573c71', 'cdd5b884f9016bc5', 'd433f7f92573cc0d', 'd901ca1c061a7bfd', 'e6958bf8d6c52845', 'ea3d21f7b02750a7', 'ee95d93ed93c4630', 'f276b9231c96677b', 'fc0c060a582be1c3', 'fdf29999ba83e53f')",-0.08840760670969718,-0.05710032175959283
222,stratified_random,A,222,8192,budget_exhausted,13.7190580368042,5940cfaa8ac41917,8192,2,128.019,xgb_boot5_xgboost,1.0,0.0,8.638367346938775,0.1,4.78,"('0726526e89dce690', '109de9cfa34558fb', '19696aa24bf642e9', '1ee109384aa3a632', '2277d92f2cb4c672', '22d9126bad102e6b', '254af47728389947', '25a477b7af465fc3', '284af53ae361724c', '2ab014cd742de4ef', '3def5e101e7cda70', '3dfaf83895775f17', '3f08647d0d00379e', '45a0902bfb9ee45a', '469c9c72d4ad5610', '50d7f9177d3f750d', '5940cfaa8ac41917', '626a568eea7e9d92', '6523bc723caa0256', '6da975e4a6a4444f', '6f3108769b26fcce', '71dd5b7e821bdb8f', '7a944ac16d6da5b0', '85df9c23b626e743', '8698e759a6d52bb3', '8a43ab2d5ee10456', '8ac6faf49f583291', '9027633ad3fd5949', 'a8fb9181d7a27335', 'a9b79099da08da7f', 'ae2110addf12652a', 'ae889daabd6432ae', 'b29e48d931f5bd1d', 'bd6cf4cf7cc2c6fc', 'c2165f6b302d4047', 'c3ddcc93d81d2bf7', 'c57cf591faaf5ae6', 'ca85b33d447b72f2', 'e0532bea18d9156a', 'e0ba7b619503e173', 'eb65d4642adf1346', 'f02f5fc33ad1e0d6', 'f09440a186b8c675', 'f36d3b5bd8af7336', 'f5e8159041b50586', 'f798c1e4c9d8e2a0', 'f97ac1102d257f7e', 'f9fce249dc063ec1', 'fd8a14cbe2277b5b', 'ff49189967868617')",0.26578631452581036,0.39486194477791114
222,multi_start_hill_climb,A,222,3860,local_optima,6.791455268859863,33b707e3e574c38a,3852,2,63.791,xgb_boot5_xgboost,0.909733679000707,0.09403723780344096,4.471020408163265,0.02,3.8,"('0f18503f1933ba77', '0fa100d1284cb318', '105cc19daeeadfce', '142a7f4dc46c3542', '16eadbe53337e96d', '202476bcf76799d6', '2298701b2f1cbd78', '23f7288067c0417b', '24cc4d5feeec1420', '277f2bfe646d732c', '29c2e6727cf7d768', '33b707e3e574c38a', '3875a9fb77b136f1', '3c3e90d0d672a01d', '4f18fa1c1cad2f65', '550eab01bbd97ade', '5e8776892b7c83d0', '618c8f38646553a2', '72137ec2349d8c9c', '816250fc3305f1f2', '8f3a5e388117d72a', '90986d3f3b9b238d', '99f89f1a2cc36bd8', '9d38fe52a44b9c62', '9e52df21d1b00f62', 'a39ed3f61f6ec469', 'a805ca520ad46a9a', 'abc357d7473d1348', 'b2f8c1d1e5286aa0', 'b83d52ba3d20fe2f', 'ba3174a3902f434b', 'bc6bed672f27fb0b', 'bcd9c91e990e09a5', 'befc7224003f3e6d', 'bf279ca9edb422eb', 'c152c6d9ca8b36f6', 'c5eea1035313dc5a', 'c708c91caaddb741', 'c77c71bbf17cd3b3', 'ce1b7dac8b3e6b8f', 'd60a777db65beeea', 'd82b8fe89e2be6b7', 'd8c0c22ab0b36786', 'dd78afcfff27b9ae', 'e483558fa688cee6', 'e6837716a1be229e', 'e7e483f67ee00dc1', 'ea93be25886f209c', 'f06fe7a1bd88ac7c', 'fa7e7e88f6ecca22')",0.35823189042475456,-0.23808494808658626
222,multi_start_beam,A,222,5224,stagnation,6.791455268859863,33b707e3e574c38a,5216,2,84.409,xgb_boot5_xgboost,0.7848557692307693,0.21754807692307693,3.8302040816326532,0.0,3.14,"('002533477aaaa1d4', '00cd964d9e6269df', '09f6e8dcade476cb', '0f18503f1933ba77', '0fa100d1284cb318', '1055e41f98df2da7', '11bf8a54ca067ddd', '1287994eecbfe441', '15c4327c12906ad5', '23f7288067c0417b', '241c54b6d084eb8e', '24d724160db31ac5', '26344e30ae58738b', '277f2bfe646d732c', '29c2e6727cf7d768', '33b707e3e574c38a', '3c3e90d0d672a01d', '4298e01729669724', '4f18fa1c1cad2f65', '550eab01bbd97ade', '6c7e38065b83b2ca', '70a2a212d8b3367d', '7a460345c9eec777', '8b8d699502cf185f', '99f89f1a2cc36bd8', '9d38fe52a44b9c62', 'a4de0716bd0197b2', 'a693733d92ca4bab', 'a805ca520ad46a9a', 'b08153599f58a2b9', 'b2f8c1d1e5286aa0', 'b73f755944033ab2', 'ba3174a3902f434b', 'bc6bed672f27fb0b', 'bf279ca9edb422eb', 'c15b883ac5ca82e8', 'c5343510a6c35c9a', 'c5eea1035313dc5a', 'c77c71bbf17cd3b3', 'c927a01ac0fed713', 'ce1b7dac8b3e6b8f', 'd8c0c22ab0b36786', 'dd78afcfff27b9ae', 'e11fa9f77a01b3dc', 'e306eacf16549c1e', 'e40347da4e1d5597', 'e483558fa688cee6', 'e655626955904902', 'e7e483f67ee00dc1', 'fa7e7e88f6ecca22')",0.4610324129651862,-0.017430972388955582
223,stratified_random,A,223,8192,budget_exhausted,11.77774715423584,5ec28498a44da01a,8192,2,117.257,xgb_boot5_xgboost,1.0,0.0,8.535510204081632,0.08,4.98,"('0b1efda9b71aed11', '0c2215ab8696f635', '152d175bc22e8ba8', '1c109a622a97ebf4', '22db5efb004cb503', '25dcd8ef72a74a29', '2f31d3224a2206a0', '304bb31484241ba3', '3398998dcdfd460c', '3670ecfb30e80bb3', '382ebb17eff4c577', '3867bf0e33425b12', '3de840f2cba61273', '41f9239ab615d6f5', '427601465e83205a', '4615cfb841699115', '4b60b089facc15ea', '4da62f2f801d3f78', '59120673748aeae4', '5bed7fe47827b04c', '5ec28498a44da01a', '62fdb81639056f7c', '6675de91579dc50d', '6ac9a69ffe98c152', '6d306bfd3f96480f', '78187ff8beb12118', '7a33e2016484e7b8', '7e8edbedf808f1ee', '81194964d07c33c0', '86a4bd069afdfbd7', '8bbecb1112fc71d3', '8fa8312bcd55a2ca', '9672788f1c77bbf0', '97e8b5c29a8d20b6', '98dfe60e9f407191', '9c79c8e766afbf1e', 'a1fdaf7fb0eaaa84', 'a55ed11b17262bc2', 'b5c92c7417012d18', 'b7de4e7d49feaf1e', 'c44aed33f87ba519', 'ca2cba98edb1729a', 'ce0becf570692f1c', 'e0fcfef529571137', 'ebb411002e6c2f71', 'edf0e83445c1aaba', 'edfc470ca396500e', 'f68e56eadaf24b86', 'fc4f840eb35ffdad', 'feaec89e0aefbaee')",0.3089075630252101,0.2818247298919568
223,multi_start_hill_climb,A,223,3371,local_optima,5.101750373840332,310f4c50ca09af6b,3363,2,51.929,xgb_boot5_xgboost,0.9205352266521026,0.08383397050791917,4.728163265306122,0.0,4.24,"('010f2e1eab205465', '02dde60404235a97', '06668e59c89315be', '1047577e9dfa9b37', '1689e807fdd6ec02', '169ab2803f01661c', '1b5630032376cbf0', '25547d72ae7e0c95', '25885018f06e2c2c', '279461768726e5d8', '2b084594ed89efb4', '2cbd10197955b0f3', '310f4c50ca09af6b', '570dfb8230456e5d', '5a05532a70eb4b27', '5ca0613ed0bd0656', '668d545b16b7cd2b', '672ce645a0c3882b', '6975011b0ccb2bc9', '6abe7e9b27e577c1', '70fd6621adfe0186', '7197c5c4536fbc86', '771777657d066d72', '82f56e5bbc9bf8b5', '832bee420ecd8358', '8467945df40b117e', '8ae1c6440c8a54e8', '932c1ab99b15c748', '9505571f74060ffd', '99219421bb113c5c', '9c00d790dc0d74ad', '9d6e1a570b7195c7', 'a1cba56217e1bb5a', 'a24d29e41afea6ac', 'a7038ad3e7f96d1a', 'b46e139a2d6e591b', 'b9d9bc2cd0dc11f1', 'c27a8464ed9ddab6', 'c27d3655c1a44d76', 'c3a0754b949cce5b', 'c52f16b96b399b74', 'dbc823d662684c76', 'dd5018da3166924b', 'e06c2a8d71d9e1d8', 'e1c2d9beca134bab', 'e388918b1c275fa9', 'e3f013946ec0d0b0', 'ee032d565b157f9e', 'f3262bde8785f4b3', 'fbf4fe1aa07d02ed')",0.06107988775871066,0.17904855937241995
223,multi_start_beam,A,223,6151,stagnation,4.630671977996826,fb40e4ca474261d8,6143,2,89.418,xgb_boot5_xgboost,0.8009114583333333,0.201171875,4.604897959183673,0.0,4.38,"('010f2e1eab205465', '02dde60404235a97', '06668e59c89315be', '0982fc9448619fa3', '0e75928699bf8ff3', '1047577e9dfa9b37', '169ab2803f01661c', '1b5630032376cbf0', '1d55efc29f7d6c29', '25547d72ae7e0c95', '279461768726e5d8', '2b084594ed89efb4', '2cbd10197955b0f3', '2cc1527bef95c52c', '310f4c50ca09af6b', '352f8963725faec0', '3fcb6025da2f892b', '5a05532a70eb4b27', '5ca0613ed0bd0656', '68bc606e3c7ba2c8', '6975011b0ccb2bc9', '6ff76d6897def4f6', '70fd6621adfe0186', '7197c5c4536fbc86', '771777657d066d72', '823dd66db24d0448', '82f56e5bbc9bf8b5', '832bee420ecd8358', '8467945df40b117e', '9505571f74060ffd', '99219421bb113c5c', '9c00d790dc0d74ad', '9e598cfa0264f85b', 'a1cba56217e1bb5a', 'a24d29e41afea6ac', 'a7038ad3e7f96d1a', 'b1dd6d9aa3adc984', 'b4d1a823dfdd3517', 'b9d9bc2cd0dc11f1', 'c3a0754b949cce5b', 'c52f16b96b399b74', 'd981c8d56458932d', 'dbc823d662684c76', 'e06c2a8d71d9e1d8', 'e388918b1c275fa9', 'e3f013946ec0d0b0', 'ee032d565b157f9e', 'fb40e4ca474261d8', 'fbf4fe1aa07d02ed', 'fcc34f7cb4b27200')",0.33317319250074395,0.11190158647955467
224,stratified_random,A,224,8192,budget_exhausted,12.330320358276367,89916070bc198c45,8192,2,123.959,xgb_boot5_xgboost,1.0,0.0,8.114285714285714,0.0,4.68,"('05135f4411e54e59', '1758e9df9021f47d', '22bc90a94fcd889e', '27d36cc7eec2c8f4', '3200b49c571decad', '34362c779ce95236', '3521dc7e738ec63f', '3ee429c1a0ec31ca', '49790803f4bdeb37', '4a98107dd31f8e54', '4d94ac78fd7fede0', '563c1f14686ffc2f', '72fbdc41c32ecea4', '7371bad3ceb81533', '7403939e98ef0e46', '74d6fdf5a1191468', '761c3f39eadfc7fd', '7cf3dd34818b0d5e', '89916070bc198c45', '8ad638dcab828cc1', '8c00a310a72d4a32', '8df9028b03b01fac', '8e134163dc1122af', '9dc985cd91c56956', '9e46c541f3bc4876', 'a642533ddf0152c9', 'a75424ddd2af4aaf', 'abe1ce0c58f0ad09', 'b22c3389b863cc22', 'b30efd73ad77688c', 'b9e51a7d382847f3', 'bfc4ef44f7a130f7', 'c3c1749ebf15d2cf', 'cc5742303b62c9c1', 'd4cb48202c999c65', 'd8953c5c24661be1', 'da01c854f174cd56', 'decb8bb6bbd7c298', 'e0068580e68b5f7a', 'e0f8bb583a9fff79', 'e1247a6f0fd614a2', 'e5857f2c60eea7da', 'e6b0ba8cfbdc4625', 'e7291f2e7c963037', 'e92a781a214fcbab', 'e95b549313c7a190', 'eef2b4e6111bc2ad', 'ef04d977b0276fb8', 'f11b5997abaca7b9', 'f6443e9a55ed846c')",0.3736374549819928,0.49608643457382956
224,multi_start_hill_climb,A,224,3989,local_optima,8.303239822387695,21e745c49df8730c,3981,2,68.8,xgb_boot5_xgboost,0.9140696608615949,0.08959670027497708,6.013061224489796,0.0,4.16,"('0824360d23ba263a', '0a2a3e8522ee36a5', '0b81513cdc1ecdc0', '0f77c55d0b716951', '140519f955e478fa', '1557de0f28ba705e', '15d3182fe78cc647', '1791d90d13301acc', '1e1e3a2b0d1f587a', '20be86090e01b0b5', '21e745c49df8730c', '25d15007761d97c7', '302b0e9971199745', '376dbfe476bb51b2', '3a8b5b6e6219c1ad', '3f1e5cf6b3eb94b1', '465015bb8cb858a9', '4bf716b7990c4dbf', '59e45bba0ec478eb', '5fd72e36abbd1a7d', '6127255e4361b357', '62582a19b227c864', '64ebc1dbd6ebb5c7', '693a0c01641da0ea', '6be6cc79a530c73a', '7426382f6a877b84', '7454cb9c9bd12ea6', '779d078c138b28e2', '81721e8a9a6b2b5d', '87e910fed69250b2', '885969880411b4a6', '8a920a5fb50a85d0', '8d03a5ee33f17315', '91947241cde2e115', '9b443b8442353fe7', '9eda1412cc16961c', '9f9fc7ac7d40cbcc', 'abf2c58eb45f82a7', 'ad751cab0e63f7d3', 'c03679b24b8104a0', 'c6ec3ccd0111ec55', 'd51f3c9fbbbf221c', 'd5a1a7acbc2e3b46', 'd7a91a1f53b7f874', 'da3075ae3e74c459', 'e59d3e9792a6817c', 'ed02d82003b75488', 'edbdcba96920bd38', 'efb2543c706ba285', 'fc6609fcffcbe5cf')",0.491355712433367,0.44664553618594827
224,multi_start_beam,A,224,3944,stagnation,8.320940971374512,0a2a3e8522ee36a5,3936,2,59.864,xgb_boot5_xgboost,0.8559027777777778,0.14756944444444445,4.148571428571429,0.0,3.86,"('03200d5daaffd1b5', '0a2a3e8522ee36a5', '0d6db707864692c1', '0f77c55d0b716951', '14e02c934c87a4ec', '18462ac5b1fd53a0', '1e1e3a2b0d1f587a', '208f804dc52402cb', '21cc982895097c51', '228ea93f1cf72bce', '2da5160cd08e751b', '465015bb8cb858a9', '47cd193d2da01421', '54c8b498f5540d75', '59e45bba0ec478eb', '5fd72e36abbd1a7d', '607dbb1301292030', '62582a19b227c864', '6fadd0c52f09df42', '7e1fd754186ceefa', '87e910fed69250b2', '885969880411b4a6', '888049b246f42fff', '8d03a5ee33f17315', '91947241cde2e115', '941a2692b23a2b9e', '9813152eaf0f011f', '9b443b8442353fe7', '9c8fff3621ddd09a', '9d596df813b45e3d', '9dd4c594e6bcf9d3', '9f9fc7ac7d40cbcc', 'a98a587adff0f509', 'ad751cab0e63f7d3', 'afd35fbbfe1996c2', 'afdc6695028db4d5', 'b9ba831af13e106f', 'bb570ca78209da46', 'c03679b24b8104a0', 'c052c26724d8456d', 'c761dbf88432bcda', 'ccc3ebf88e461f48', 'd333e0919012fac2', 'd51f3c9fbbbf221c', 'd5a1a7acbc2e3b46', 'dae4e95b87d85603', 'ed02d82003b75488', 'f3527af4ed008a71', 'fc6609fcffcbe5cf', 'fedde99484c9cfd6')",0.14128555022937678,0.17477127255058264
225,stratified_random,A,225,8192,budget_exhausted,10.223428726196289,b02501dfd1fe3ed5,8192,2,103.323,xgb_boot5_xgboost,1.0,0.0,7.870204081632653,0.0,4.7,"('076531a6805ac5aa', '099ddab856f7e62a', '15ae3f154af914e1', '2615214f53240eb8', '27cb5cbe35a8d1e3', '291760baa4bcc300', '350494836497142c', '3968a1c1742c8c38', '3bc41a1914be84d8', '40d02ab29dbfe541', '42c91f2799e1c55a', '4c325e92446bc8b3', '53f041a98508d390', '575532e08595841a', '5937dbd107cb9413', '5ee7ff1259014dec', '66b309d8f5640260', '6bc97d2d9f16f7f5', '70770003d9ac33d7', '7b8fc77237b3976c', '7c557a712b97098b', '7c79bdc39ca677ff', '7ea85e84e5d0c868', '86d40cf3db13ed07', '8cb051751c096e6c', '8cc0e5c888ba5772', '8cd4e15a63abefcf', '935b59141a574ea0', '93c078fda507a7fa', '9586e4e52b9db58b', '9cb1d4a9120d9ad9', 'a68815078aea059e', 'acfd30e006726910', 'b02501dfd1fe3ed5', 'b46da88a8dfc0055', 'b4ebdf75d6e009fc', 'b710b1a55a080c8b', 'c642e43f3d93e848', 'cb8de787153ed3de', 'cf5264a9aeedc862', 'd2bfdc58ca560e9b', 'dbb05b953d1c4da4', 'e315e0685d418501', 'e5c881430cf4e59d', 'e9d142ddf0ecaf70', 'eab5a3fa715959d6', 'f340150d4c0334db', 'f3c4b9f6881244cc', 'f79d8be9bf3ad27b', 'fa37e6c490be75c7')",0.5399759903961584,0.016566626650660277
225,multi_start_hill_climb,A,225,4268,local_optima,6.219173908233643,3c7e636599e5e1ac,4260,2,64.159,xgb_boot5_xgboost,0.9143101970865467,0.08911739502999143,3.5518367346938775,0.0,3.66,"('08be8cfa2f340b18', '0a4ec37770949077', '0acfdd8b2a66669c', '0bb528ebe76fd30f', '148d3f3052bb76b4', '14fd28039fba044a', '279a75a5233bbe0f', '27e3e68bbb0ac2c3', '32b8012ad05131f6', '39069c89bb1783ae', '3c4ea50d4aa43578', '3c7e636599e5e1ac', '41e896e568a6c263', '4323fa2369eb83e8', '43ba0a1d77b3ab76', '44a403f8aa717f2a', '4cfb0be74650908a', '4d1507c1d5caaf4b', '5856856d9a75a2e9', '5a0dca8abbcc1dad', '6689885bd6577efb', '67506d9370232906', '6ce717dbf25047d5', '6d986250d00a148b', '6f439091d4fba2a9', '73304b967c041f93', '75074d9c7125330a', '7769eb6b19a2ffb3', '783f237afcbba5d5', '8e1b75ecdf422fd9', '927e19037220db7a', 'a177289e610173d9', 'bfd2c8eab9a7e5ba', 'c1629071564d8701', 'c1e8bf86950c54ea', 'c546541970cd4f32', 'c67a5df58b086cb6', 'c94f3cb788d6197c', 'd672ed00609059ae', 'db19f6bc44be435e', 'e28478e824aeb46d', 'e333891ce4b2acfb', 'e786bfe2ea2273fa', 'f0c762c928045b83', 'f187b4c7f489de92', 'f33301a0a2c8a62b', 'f6370384f683b04d', 'f64f291355491c88', 'fca2ad49929fdd63', 'ff59d87128d873e8')",0.22477791116446577,0.27942942737449983
225,multi_start_beam,A,225,5124,stagnation,6.219173908233643,3c7e636599e5e1ac,5116,2,69.677,xgb_boot5_xgboost,0.7698317307692307,0.2325721153846154,3.5763265306122447,0.0,3.6,"('038cd34333673024', '07eb00f69c96a392', '08be8cfa2f340b18', '0a4ec37770949077', '0acfdd8b2a66669c', '0bb528ebe76fd30f', '148d3f3052bb76b4', '14fd28039fba044a', '1a1cab238966da9e', '27e3e68bbb0ac2c3', '32b8012ad05131f6', '3a99306e62e36445', '3c7e636599e5e1ac', '43ba0a1d77b3ab76', '4cfb0be74650908a', '4d1507c1d5caaf4b', '5856856d9a75a2e9', '5a0dca8abbcc1dad', '5a1a07d384b61e71', '6689885bd6577efb', '67506d9370232906', '6ce717dbf25047d5', '6d986250d00a148b', '6f439091d4fba2a9', '7769eb6b19a2ffb3', '8e1b75ecdf422fd9', '927e19037220db7a', '97507b00e308e5e8', 'a177289e610173d9', 'a46c82c52f731bc9', 'afbc8c5532902d18', 'b938a6c818dae92e', 'c1629071564d8701', 'c1e8bf86950c54ea', 'c546541970cd4f32', 'c94f3cb788d6197c', 'd672ed00609059ae', 'db19f6bc44be435e', 'dc69ce34956216c1', 'e28478e824aeb46d', 'e333891ce4b2acfb', 'e786bfe2ea2273fa', 'f06938f29e8d93f7', 'f0c762c928045b83', 'f187b4c7f489de92', 'f547f75068908912', 'f6370384f683b04d', 'f64f291355491c88', 'fca2ad49929fdd63', 'ff59d87128d873e8')",0.03668755553411697,0.27413312968644243
226,stratified_random,A,226,8192,budget_exhausted,11.071980476379395,74fdd73e4eba2177,8192,2,120.948,xgb_boot5_xgboost,1.0,0.0,8.535510204081632,0.1,4.72,"('0ba8c6a01be31061', '0c4df65dc8c01896', '0e9a59216889e6cc', '167b853a3428f91f', '16881e9efd80940a', '2ca931cb5da35eab', '2d37f704762cb199', '2e248410b99a5bf2', '34b0ddb3c1122fea', '364ec3ba0d51310e', '3834d56dad3ee187', '3929d8eed58af93e', '4aefe78971c93d9f', '4ef000a48802f9e8', '52c10f6793b8d6a9', '597919fe16de7977', '633f5e30a4f908cf', '67480dfa07cbff05', '7054c6a58c3ce2c2', '73ed5ea85d8e2c07', '74fdd73e4eba2177', '76cbceba52aeed17', '76fe1ef23ea4d01f', '7d2072bd382c1920', '87e40e28271e42fc', '8a8d0fcc4ae2f1d5', '92b51dda5f6f35b9', '94286ec4d045e5ef', '9791202305ee3ba8', '98059ca61bdb8f09', '9933d98bf0780af1', '9d290af1afcf87bf', 'a0b86881008c26ad', 'a21b809b7a1d4a1a', 'a35b0c2d12390508', 'a3d491cb0af7ee84', 'aceec9f2e3df26a2', 'b41fb9fa58d7a931', 'b7fc5ced1ecf1c0d', 'b94693be7bd855d8', 'ba315de204514551', 'bc3ab84402942f86', 'c030c09f210bdc1c', 'c07b1b1e5c873eef', 'c9397d40a69d6981', 'd93a2c4b7bac2899', 'dbe1a134a4fd0424', 'e25af493c6907c90', 'eac6af5ddaf54aba', 'f0b0be9bd6a0b30c')",0.3100600240096038,0.2931572629051621
226,multi_start_hill_climb,A,226,3877,local_optima,5.87106990814209,28307af009aa3b4f,3869,2,56.706,xgb_boot5_xgboost,0.9128796797739581,0.09088768542500589,3.2187755102040816,0.0,3.3,"('02d54382943c5ccd', '053b4c44bac69d7e', '0f655f1d27d5291c', '108608bbe0b368f1', '128bd46478105beb', '12f38b333e510e84', '1600e3ab11e1e192', '2243f049544b001f', '28307af009aa3b4f', '284d3acc8a1e6091', '2a7bf48c3c64f4ec', '2d7eccbdd0a58ec5', '2f1edb0c3d5a169c', '3132152295edc18e', '33a3b596d2610a3b', '35b366a0431af229', '3d7d9ffb69ae7e84', '3ff7164ccb1d5889', '46016986c4e27414', '4977801e35b54954', '52103bd3deb1d991', '5771dcc1fdd1ebea', '630933e047e737af', '70678ce791895bc2', '85de72a80c538de8', '871f1eb8cb374c8c', '8cdbc5caacc78147', '9e6b34dec55d1c7a', 'a110acddfd690252', 'ac76375a3e4307dd', 'b5c1c6eef85f5c70', 'b8141adaa805ba3f', 'bc12691cc52fc722', 'beb134472b4fb7d1', 'c480de58d7a3c5d9', 'cdddc6979e6c627a', 'd095f4d672ab4b10', 'd3300413d283754d', 'd5d664fddb8f55bc', 'd808faec7befa038', 'd82702c86faec589', 'd85a4efd153625f4', 'dd9897325cbfa53c', 'e4d194615a65361b', 'ee9955d033aed307', 'eeefb3661f3a0c85', 'f8331b97da9d3c5e', 'f8851b256cd8bcc1', 'fd2fec3ee090e9a6', 'ff6d8e41fbe53487')",0.5749687889857295,0.5918009560053394
226,multi_start_beam,A,226,4626,stagnation,5.87106990814209,28307af009aa3b4f,4618,2,60.116,xgb_boot5_xgboost,0.8213778409090909,0.18146306818181818,2.9624489795918367,0.0,3.2,"('053b4c44bac69d7e', '0bcd6e6b61e0e54f', '0f655f1d27d5291c', '1b45b85e86647d87', '28307af009aa3b4f', '284d3acc8a1e6091', '28d7b878a787897d', '2a7bf48c3c64f4ec', '2b649d315fdec93a', '2f1edb0c3d5a169c', '33a3b596d2610a3b', '35b366a0431af229', '3a85a1f829447c40', '402c1ec08f5882e6', '456df8e36ae70ddf', '46016986c4e27414', '4977801e35b54954', '49f10056393c81e0', '52103bd3deb1d991', '5771dcc1fdd1ebea', '5c995bd4f2fa8102', '5f717b763ad41ec5', '60a8994a810eb3cb', '67da2eb99855be01', '70678ce791895bc2', '72fd22d6a57f005b', '7b48435f6c9754b8', '85de72a80c538de8', '9c366383c44209e3', '9e6b34dec55d1c7a', 'a110acddfd690252', 'a5747d3e790ed596', 'a86594c78905b1e3', 'ac76375a3e4307dd', 'af3f4296aa542410', 'b5c1c6eef85f5c70', 'b676f14456d84d3e', 'b8141adaa805ba3f', 'baf145f18aa69339', 'bc12691cc52fc722', 'beb134472b4fb7d1', 'c28a4b824661d929', 'cb47bca61746dafd', 'cdddc6979e6c627a', 'd4dcc01474bc4dfd', 'd808faec7befa038', 'd82702c86faec589', 'eeefb3661f3a0c85', 'f8851b256cd8bcc1', 'fd2fec3ee090e9a6')",0.5339995160907921,0.42925797770088425
227,stratified_random,A,227,8192,budget_exhausted,6.006823539733887,5654bbdaec336da0,8192,2,99.607,xgb_boot5_xgboost,1.0,0.0,7.6604081632653065,0.1,4.82,"('017cbe3482f599d5', '06d3308046337d41', '0ba6c09e498618f6', '0d54068bd47a9533', '0e31a849c8d0fa92', '20130cc2ed9ee9ef', '2503e61fd2d513c5', '3148e919c3f34451', '3acce0863367044c', '3de4048a943f50a8', '3f1e5d532b0bfac5', '409fd4aafe5e32c2', '42a180f29ebeffda', '43e8472e6a9e96cc', '488b36fda3f97867', '4b2991021f574b46', '4c8a3ea33bcab9d4', '4d35cdbe0c16b574', '4e71a5332c698e23', '52bb1e53e10791f3', '5654bbdaec336da0', '5b53c192dacca0b9', '650eb75725ed4902', '6c96956f79cbfdb3', '6cd6366383955f4c', '737bdcd34b58ce1f', '85423292e93b1a6f', '8a8a794345cf3586', '9280a1e57c8b3599', '929efb9d04b5bcd3', '94c5138da4d29d4a', '9f82e09e000b9861', 'aa521db6f528d5a5', 'b781681d35d29374', 'b92700a6c7385ae2', 'c1f14409740091e6', 'c5702d8e621cb9fb', 'c978055a0439d436', 'cd97ba370697c592', 'd1c6f749d3641f2a', 'd92ccb35dfff9b39', 'da67ac14c145db18', 'dd06150e9ce4f329', 'e0b5f908ad76ec89', 'e950379bd19ad238', 'f38f040c5c985341', 'f3dc5e9cb8c665a6', 'f3f3fc2bb00e581e', 'f6b7c502a8991048', 'ff7aa1fc2f3ad13d')",0.38621848739495795,0.49109243697479005
227,multi_start_hill_climb,A,227,4016,local_optima,1.4324495792388916,f497763c55a2304a,4008,2,53.424,xgb_boot5_xgboost,0.9081863410221619,0.09543193125282677,4.240816326530612,0.0,4.48,"('003fa206c6a40226', '005f4ad619049b72', '0afb334fcb92eca3', '0b69e960852648b1', '0c629e4c75acba95', '104c03cabc99310c', '12b0ac36dc9d59d6', '1877db7ca0cb7e4e', '1afbe9d92a03e876', '1cf37a7367d361fc', '1e8af7bd083d9ab7', '1f1cfc5a9dac41c3', '21d9ef2d21f50b69', '28d5293dccbd692f', '3239a73e39c37a05', '39686d85014bc1cb', '3db8ec48a34855d8', '42c5a7ea058607c7', '4f57de00df85954d', '58c3698c7248a487', '5ac637aad48c6831', '5bce9ac0661cb223', '6b6b29b8fe3e84cd', '6cb3ee15e5278fb2', '731efe0154ab7923', '76d572d4e5f862ca', '7b07bef8585dea14', '7e809609243cbcc3', '8af76830e53e984f', '95cb19387cbef67c', '9ffdc89d4ef573cc', 'a68f5f17b2b8d562', 'af9a19f851b9d876', 'b37371c47ee64c1e', 'b43927ab30eb9086', 'b6e5293c613b5cab', 'bea31ffc93e2e552', 'c0a1e0e010566d92', 'c0eb0d5c097f92ca', 'c1f42281ff73f8b1', 'c9cffc6ee592d136', 'cdb3c88cccbc9114', 'd045f43f09008a1d', 'db02a79be7887844', 'dcd7d6066170d444', 'e14dc9af5f7dd7d3', 'e6e3902626a9f81f', 'f497763c55a2304a', 'f5bf308bfc0f4ade', 'fc8235f0f4d62ae6')",0.38365308525113695,0.024153661464585842
227,multi_start_beam,A,227,5730,max_generations,2.3044838905334473,b5a3bb7bf43fcc2c,5722,2,67.081,xgb_boot5_xgboost,0.74609375,0.2559895833333333,3.9183673469387754,0.0,3.42,"('0246a0a6638c1908', '024f0777c550d209', '029584260aa8a305', '03194ed40e511dcb', '06f8153831767148', '0b3d35739f143bbe', '1299549fe46ce7cf', '13e2c056df1efa95', '1883e2f3d6082be8', '22bceff2f87b5991', '2d303c5ab686bacc', '47e4531a89b2a64a', '4f7cab64f7b12388', '54dd06f1d946f3b6', '58dd147869e75e81', '685e47413a75f8b6', '701de9f2f9206232', '70cdacc9c7ddf177', '717dfa90e437458b', '773d56162dcaed05', '78a442f5aa90804d', '7928c256ba8a9da0', '80c7751f4e254589', '828646f7d33192a4', '88734d138135440a', '8cd8f16cdd92ef41', '974c7c7efdda4d63', '97d87b7238acc2ec', 'a68f5f17b2b8d562', 'a6ff6c5f85594596', 'a7a78c18e940d9fe', 'abbc941e0e18e5ba', 'b37371c47ee64c1e', 'b5a3bb7bf43fcc2c', 'b9c62e5074855ad5', 'ba011134abaff87b', 'c088e0cbee786d05', 'c0eb0d5c097f92ca', 'ca40d34e4487ecf0', 'cfec72eb34fa5285', 'd10540f93bb39f24', 'd3d8d517f3cb067d', 'd8bd942cb27effed', 'd9c1ea75a0e3e644', 'db02a79be7887844', 'e835772024458036', 'ed70ad7b143fb2fd', 'f129b5537f7a9b67', 'f8248805ffbc10b2', 'fa7be746626c2a43')",0.061704681872749106,0.28806722689075626
228,stratified_random,A,228,8192,budget_exhausted,10.42890739440918,97f296b1f07f2263,8192,2,96.413,xgb_boot5_xgboost,1.0,0.0,7.3795918367346935,0.4,4.8,"('0832b70bcb5aac37', '0850cad97567b7b4', '08ff0f8bb5b63a81', '09a7817b92a3ce51', '0b2c9806a0a17b30', '0d3be1d720dbfed1', '1252160d5f224791', '17f3668c35ccf996', '1eb822b5c879dca8', '2259da62cffd153d', '27e866085b6ccbc9', '2dcea14a1157b945', '325c3b1c344f1069', '35fa40e187cab0bb', '36723e28c191e28f', '4156f50a19b641a2', '4470231ed10d00e5', '4a611254b70caec5', '528b966169ab8717', '5928edc5f0da4107', '5d9c8b78179d9c60', '630d855bac98cdd3', '64004c922a236aad', '6787086dc4e9e9fc', '6bba6a3c2c6f0f41', '70645e660f0391d4', '71d56a6015807ad3', '739c7198f69c9224', '78418d1782dc934c', '7e676da429474ce2', '9324f56cc68bcf41', '934f98ee3bd0dd23', '938ba260a011dc72', '964aed7c4f697a76', '97f296b1f07f2263', '9ff91b39a0e32885', 'a2c46403a9721496', 'a6181f41db8d17de', 'a707086726b2eb35', 'b6aba1ec7be6f294', 'b7714270b1c57cdf', 'b7fa8d1f14ebe1e7', 'b9321fa54a163429', 'ba85b8d265d70ea3', 'd55cf4008352ceea', 'e1e943db65efe544', 'e86fd7f2383b8fb7', 'e9ab3e867a93773c', 'ec156479cda304b9', 'f73d9039aa9115c1')",0.4016806722689076,-0.009651860744297726
228,multi_start_hill_climb,A,228,3739,local_optima,8.344911575317383,8e1ce9fba5f2b9a9,3731,2,44.003,xgb_boot5_xgboost,0.9175460122699387,0.08638036809815951,5.766530612244898,0.0,4.36,"('04538ebc6bd45128', '17c71f792c78448a', '180e5a7b58e1a7d5', '1f6c849a7ce40b3e', '235404e0f536b22f', '23cd71e1bab95ebb', '2c598abe856ffc7d', '2c79a03207ca4bc8', '309f87cd5b8aa9be', '33dfbaabf7248642', '3ba118dd91607d46', '418da7c2e8510579', '4acdd608073675b6', '524059adfb3c585c', '52ff17d5eee4a083', '58cbfe26a157f305', '61d659735b43f2f6', '64470a5fa2e8f6ad', '6aad6a0ce1303210', '6bea23442698a609', '711881de7044aa51', '7119eee65807674b', '75faaf65083c9b5f', '8035dd4011354c74', '894022ce4d5a9da2', '8e1ce9fba5f2b9a9', '8e218c503326773d', '8e324f8204dde9c2', '8f8b4c8e508ec427', '97bf24eb9949cf2a', '990e34e2026618e8', '9d4cd0a2712b8dc3', '9dcf61a2cf91369f', '9fa8e1579c83e9fe', 'a9006d1a086a64b9', 'c657cd3d15cd4947', 'c77a12edd4c04c5a', 'c8556778461894c5', 'c8d96ca3a8c37542', 'dbad02eb3a3102de', 'dd145700d8cd3330', 'e101dc248ff04d62', 'e56b487627ebae61', 'ecf6069280a4066b', 'f0053d0455ed8ea5', 'f3a37db258791c45', 'f3c8be4871f264ab', 'f554e59eca2d65c4', 'f5f4b9248c152f5f', 'fef0d0581620bbfb')",0.3465667636261718,0.31026281686703416
228,multi_start_beam,A,228,4146,stagnation,8.361799240112305,6aad6a0ce1303210,4138,2,49.577,xgb_boot5_xgboost,0.8997395833333334,0.1037326388888889,5.320816326530612,0.02,4.04,"('0dea460b9f00bb0e', '1380c525091b2433', '14ad061cf2fad0ab', '17c71f792c78448a', '205084d5fe098b32', '235404e0f536b22f', '23cd71e1bab95ebb', '27beb36398e99a28', '2a9cd3c0ea3bafc4', '309f87cd5b8aa9be', '32257fbd56377cb4', '32744f803532410d', '36cafc76532faf9b', '4acdd608073675b6', '58cbfe26a157f305', '5a6f202a24017fed', '5ef98aaae378628a', '64470a5fa2e8f6ad', '6552c081f9a74248', '6aad6a0ce1303210', '6c44f892aef1c152', '6d8619ed41009ed5', '6f59e1b7d060dcf5', '70b32fbfbb5e7e0c', '711881de7044aa51', '8979b74b81e973f7', '956517bb0c169512', '95f0e43589718785', '97bf24eb9949cf2a', '9a639adfc8958aa0', '9fa8e1579c83e9fe', 'aa8101612c22843b', 'b15d6ab972091784', 'b2a022f643a541d2', 'c14678cf89f921d2', 'c657cd3d15cd4947', 'c8d96ca3a8c37542', 'd2aca1be66b73db4', 'd667305b354b3bb1', 'd7df9db90284124d', 'e011ad05d41229af', 'e101dc248ff04d62', 'e56b487627ebae61', 'ea667fc2f144f1d5', 'eb60ecfac19478c2', 'ec6b7474bda07abb', 'ec7f0d9886963e2e', 'fceec8cf62127daa', 'fddd1a4c2380d74e', 'fe0dba33587b8466')",0.016761520548501593,-0.02447224963723335
229,stratified_random,A,229,8192,budget_exhausted,10.305915832519531,a968d6c802c86f49,8192,2,92.18,xgb_boot5_xgboost,1.0,0.0,8.65795918367347,0.0,4.76,"('0593f42604728e2f', '077d3f242de27d8a', '15a4a3d61446328e', '15faaea75307d258', '1b29136fda888427', '1b62359b2aba03c4', '2e110cd784914a1a', '339b754c6949a40d', '35be151a94c8497c', '3a4b528d56fee31d', '4dd775b1eb9fb17a', '4e9f574f554fd040', '54dfed8a17814401', '5d0b117385271aad', '639aa21f17ff444a', '64259c2fef41785e', '6a275c8dd0ec70e0', '6f4bbd52ae04cc58', '795e4b7678c0440e', '81aaac86153b49b0', '84d4e9a79e5639be', '8518137ddb333252', '8615e91610c245cc', '8916cbee3e9e6170', '8d3f424c7be9a964', '92db8da9f09b12cd', '947b6b52d337e661', '9b6a2b2053b7a532', '9bcb7b41481ad5e8', 'a6c425175f9c74c9', 'a7a1e04f7d265472', 'a91d10e764f72fdb', 'a968d6c802c86f49', 'aa3463a1a295d8d7', 'ab23c380fe3476a2', 'b053c8e3708c5cd8', 'b718b9bc83b081d8', 'bcc75e2928457e0e', 'bcfa54d2ebfa415c', 'c17aa30d17a17265', 'ca5fd09c974e0844', 'd04a698716b1dce0', 'd6a70304ea5b8a6c', 'd7d3b2e301e28053', 'dcbf365307d2bb40', 'df20ba5e79f640b4', 'e00a15903f8d1c0d', 'ea99c1a3bb92d262', 'fda2d406adb01620', 'ffb2aa7379e6591f')",0.35625450180072027,0.3186074429771909
229,multi_start_hill_climb,A,229,4641,local_optima,6.439269065856934,09180b48fc11915e,4633,2,63.811,xgb_boot5_xgboost,0.9091087169441724,0.0940254652301665,3.659591836734694,0.0,3.58,"('00f1f102562db55e', '021e7fa55eb3b53f', '05599fa4dc6f62d1', '09180b48fc11915e', '125e935344dae75c', '13549917ec55f621', '1b7d279d48aa3f13', '1d3dd4f6c3a5e543', '231516b3fab2c923', '32ee95701356be3f', '3556e9b4550b8dd0', '3817c2705746420b', '403b8db6fb0547dc', '467a29b885450c6b', '4e07bd18bae2c272', '57cdf40f6b305100', '684207fa8eba6911', '6e5804ee1cc2fd95', '6f2c892b4133ee88', '79bd481997d78e4e', '7a79b9f52e1d24fe', '7a7c227ea9efb547', '8169afa31c818e4e', '8394d1caa5eae676', '8512bdef82d512b7', '86e2390e65a8c585', '900810ef4b4f6e42', '92c1a5ca5d2e1faf', '9317b35aad2f780f', '9528f04e7d9a218b', '95a471083feb5a8f', '9e9c0de926c13ab9', 'a3f9b21577a978be', 'a4565370b82a813c', 'a556125d794755a4', 'a7a1ece3a6b0b9f3', 'ac8160b13d109f9f', 'ae8cc9e6ab056746', 'b384383f8f0cf056', 'b86285210ad22157', 'b8fc7cb422ba0db5', 'bfdeb7f1b403cc45', 'cb857680be44ced4', 'ccc62c0bb67ae596', 'd02f4ef3217dc744', 'd338746775f9b5e3', 'd3af27774751337f', 'e6ef759a7d6357b8', 'f9c95de588f6c533', 'fd28e4663617c973')",0.26027660391855556,0.0997887053399923
229,multi_start_beam,A,229,4799,stagnation,6.439269065856934,09180b48fc11915e,4791,2,61.897,xgb_boot5_xgboost,0.8520951704545454,0.15074573863636365,3.7289795918367346,0.0,3.56,"('021e7fa55eb3b53f', '069f4fd7963993a0', '09180b48fc11915e', '0bb4bd35c58c0ba5', '125e935344dae75c', '13549917ec55f621', '1b7d279d48aa3f13', '1d3dd4f6c3a5e543', '29746000917ff8ca', '2dfbe82e266ef77b', '32ee95701356be3f', '33c4f0e85b07fed5', '3817c2705746420b', '3957020f250329f2', '403b8db6fb0547dc', '407f9a54d7fe6b0c', '467a29b885450c6b', '4e07bd18bae2c272', '6e5804ee1cc2fd95', '775b9de733f416a1', '79bd481997d78e4e', '7a79b9f52e1d24fe', '7a7c227ea9efb547', '8169afa31c818e4e', '8394d1caa5eae676', '8512bdef82d512b7', '86e2390e65a8c585', '8d5f7d3126583a8f', '900810ef4b4f6e42', '92c1a5ca5d2e1faf', '9317b35aad2f780f', '9528f04e7d9a218b', '95a471083feb5a8f', '9e9c0de926c13ab9', 'a3f9b21577a978be', 'a556125d794755a4', 'ac8160b13d109f9f', 'b384383f8f0cf056', 'b86285210ad22157', 'bfdeb7f1b403cc45', 'c4cac625bc373cc9', 'ca653fad9d2a7d6c', 'cb857680be44ced4', 'ccc62c0bb67ae596', 'd02f4ef3217dc744', 'd338746775f9b5e3', 'ddca83125f063541', 'eaca19ced23b9027', 'f9c95de588f6c533', 'fd28e4663617c973')",0.46523242412600857,0.31271609681137147
230,stratified_random,A,230,8192,budget_exhausted,10.957380294799805,93ede2243dcbae5a,8192,2,110.922,xgb_boot5_xgboost,1.0,0.0,8.141224489795919,0.0,4.9,"('02246bd7b76eea85', '02dffd0c83adc0f5', '0fefc64b79938633', '13cd8be387baeba7', '13f08e9f41faee61', '18f2cb5ee42b994c', '1b9e4d4c67d58dc8', '1c8772b4c5214c54', '1f41c306f8489394', '22964e75b5d41ad8', '230eed4391913532', '2c5522def790e58f', '2e3dd5da82374ed1', '32a92bf24b4ca094', '35e9b4f9c20d757f', '38505b9032455f33', '4903de3e55aa267d', '49bb8ace903d8eeb', '5118fb6e6fcc12a2', '59f3a93ba27dee09', '5bac7cc79dd658e4', '60bc9d4ac6e849ca', '634191ccfb75427b', '6409cf8fcee98247', '640df2c1bdc85301', '6714bd622fe111ce', '6cf5e17b427bf61f', '6d66008f0fe8414f', '6fb89869945fa142', '70b70c3d4762a4f5', '8277a3f024447051', '865858c6ccad2a41', '87d99de7e3bf396b', '93ede2243dcbae5a', '961ea4a47a1579a7', '97500ae4c7ef1aaf', 'a41b5a7614505fb5', 'abecb2c91862df1e', 'b9b18b59f7f6d119', 'bb0b0ae165c79e73', 'beab31bcd74c67cd', 'c6b387584baf1430', 'c7b8bde85e83150a', 'cb39c2d2c81f9ba0', 'cbd52ce53c3e95bd', 'd7a8092838189074', 'dee8ead041b584a8', 'e22489e561f49fa9', 'e3b3dd67feb73a49', 'fb05461a214989b5')",0.30823529411764705,0.38775510204081637
230,multi_start_hill_climb,A,230,5105,local_optima,6.6999311447143555,88080f0a71f59b46,5097,2,79.466,xgb_boot5_xgboost,0.9033799327552645,0.09945142452663246,3.3444897959183675,0.0,5.06,"('021cca54a5774c92', '0bbfb40ab78f641e', '0d6f569970f52edb', '0d7b3d9b65a221ca', '0faf2933f5da68dc', '16e8b97986200b1a', '33205b9038c4c05c', '362ce4879440e235', '37a25b8934f0385d', '3a31583665eb5a03', '3a75ac55f08f74b4', '3f1a38e433ff057f', '4cebc209d702efef', '4df623833671bf36', '4e6490c4312c8934', '4ec350a27850de2b', '4fde1439f333edc4', '5683eae042445686', '5cf83d8db11897d0', '5e5d0ddbca15a69e', '5f0425178f266cf9', '674bf5a5bf8ae10e', '6ad2eb5d23aa4cde', '83ea8559bda9835c', '879adfd60afbe073', '87f4ee2b58e468c5', '88080f0a71f59b46', '89fe6f090de0e013', '96fab106ddb776e0', 'a284af26df4b0054', 'a3474201a66447a1', 'b176e24b8c48a2bd', 'b7c48375f928e7c5', 'c109589f3d0928f3', 'c4dd5fcdcccccf5c', 'c4fc57722affff30', 'cde48d14e94cb3d1', 'd3300775ee92f00c', 'd90e8ae2f2544f48', 'd9adefee1b8e6187', 'da74376bc08b08a2', 'db7741bf9882be82', 'de55e7004062f75a', 'de7d3a24003b6439', 'e26a5b407bead67e', 'e6d813e00c4abe1a', 'ebe9ad9394443d27', 'f3b2fb28d482fe8d', 'f7bfacc1582e1848', 'fe6f26114eeab0f8')",-0.06502581389165311,-0.10675182494060663
230,multi_start_beam,A,230,6092,stagnation,6.6999311447143555,88080f0a71f59b46,6084,2,73.413,xgb_boot5_xgboost,0.7932291666666667,0.20885416666666667,3.3518367346938778,0.0,5.0,"('021cca54a5774c92', '093b8cd907587a7f', '0bbfb40ab78f641e', '0d6f569970f52edb', '0d7b3d9b65a221ca', '0faf2933f5da68dc', '16e8b97986200b1a', '25bfa24db583da07', '33205b9038c4c05c', '37a25b8934f0385d', '3a31583665eb5a03', '3f1a38e433ff057f', '4cebc209d702efef', '4df623833671bf36', '4e6490c4312c8934', '4ec350a27850de2b', '4fde1439f333edc4', '5683eae042445686', '5cf83d8db11897d0', '5e5d0ddbca15a69e', '5f0425178f266cf9', '61158f8614116cbd', '674bf5a5bf8ae10e', '6a03b9e722f21c5e', '83ea8559bda9835c', '879adfd60afbe073', '87f4ee2b58e468c5', '88080f0a71f59b46', '89fe6f090de0e013', '8ea11185818106cc', '96fab106ddb776e0', 'a284af26df4b0054', 'a3474201a66447a1', 'a54d94d2f3394ceb', 'c109589f3d0928f3', 'c4fc57722affff30', 'cde48d14e94cb3d1', 'd90e8ae2f2544f48', 'd9adefee1b8e6187', 'da74376bc08b08a2', 'db7741bf9882be82', 'de55e7004062f75a', 'de7d3a24003b6439', 'e26a5b407bead67e', 'e6d813e00c4abe1a', 'ebe9ad9394443d27', 'f3b2fb28d482fe8d', 'f557fd5f38954d00', 'f7bfacc1582e1848', 'fe6f26114eeab0f8')",0.1142033865837157,0.009220130629148206
201,stratified_random,B,1201,8192,budget_exhausted,10.641584396362305,f984e6628233b1ff,8192,2,96.952,xgb_boot5_xgboost,1.0,0.0,8.51591836734694,0.0,4.6,"('0046ab99f34824e6', '052e043930419826', '08fd1e43fb8a47bf', '0a5874dc98298313', '0bd7738497759f24', '0f32bde0d5966761', '1330db55f3466057', '19c38024f4086c97', '241ab6dee4001b46', '2dee704c3c5bda33', '313065d923272b41', '360e8b56074a54ac', '3c3af2c6b02089a0', '3c7cce8274a1e5f9', '3f8eac1c2b6271b3', '420db23199309978', '4a2a52ba954dcd00', '4ac51a7095a8979c', '4e255595ee684d45', '5898cc6e0e14d77e', '5ec81e24293701d2', '6380d298fc426a62', '655b897c4559fc37', '69296de27b7953c1', '6e83ccb06921fbac', '6ff8f9a79397b1ea', '7259b3e8fa643326', '75fcd57086ba7c77', '7c44d87ff1a7166e', '7f1f39a8c0e9cfe8', '8173fb9b4867c76d', '8a4d5cfc09f31bc8', '908893c86af26897', '9fab3065c3124c1b', 'a24359db37b0a525', 'a4c3a9e646bf0c0b', 'b87dc0b91ac48249', 'b9801adc64e7381f', 'c3b69ddf5cfafd58', 'c4e0d6ec427c523c', 'cfaa3fee6ced55a5', 'd8307432e69c911a', 'e00c144bf879a410', 'e4a7b4612ca97b8a', 'e6a11d2cd6471865', 'f37705c3283740ae', 'f4d464ea230ab328', 'f984e6628233b1ff', 'fa1833076aed56c6', 'fc6597ac212f4acd')",,
201,multi_start_hill_climb,B,1201,4197,local_optima,4.994502067565918,59e73cf9706ed7c2,4189,2,60.671,xgb_boot5_xgboost,0.9143790849673202,0.08910675381263616,4.209795918367347,0.0,4.64,"('04cd3a262f81fb59', '1126618b5836ee87', '145560297f66f7ea', '20f047954a2efca0', '261f9e145e8d027d', '2b80084c3964805e', '2dae453b4f85bde2', '2f67ac1ebd816834', '341d3744f4eeab91', '38b7b619f8ffbddf', '39bed39c25251212', '40b49da72320b258', '4341cdf1f4ed9ba7', '45ae697c9f7aa259', '4dde8abd309c4b2a', '523478ee2f398ab0', '52f33ac0f8c3a45c', '59e73cf9706ed7c2', '5b8f2731cafdeca6', '5dbeb3b9bba414f8', '5f4f89889f19d48c', '5fc1372336b043a9', '6576e88f64f59e86', '6604b4ca2327f9d5', '6b24a0b1ceef53cd', '6b7b6ff01b2c1d97', '783b9fdc2d95497c', '7d97433a72ac48eb', '815efdd9b244f9ae', '83744775d2b40740', '861f3ab310a9263a', '862e847d46ad612e', '93e178219f07ea56', '97861281d53f6f54', '97d3ce9e9d0c6753', 'a01f05c6fe9f6e0e', 'a7d0620534c97bcf', 'abff5aead47f2785', 'b0312ce3f744fc1d', 'b75c16d275e40a35', 'c0e009b0ec211d8c', 'c45fa3ba098edeb3', 'ce93951cebb7433d', 'd869cfa85d2671da', 'd8e33dc56b95d416', 'e74b06a2b362fcd6', 'f1d90761336d81f7', 'f2782cc361c8b6bc', 'fc24076de220df08', 'ffabfc62cbe529ad')",,
201,multi_start_beam,B,1201,6535,stagnation,4.994502067565918,59e73cf9706ed7c2,6527,2,95.372,xgb_boot5_xgboost,0.8509114583333334,0.151171875,3.6897959183673468,0.0,4.9,"('04b8d6786779d502', '04cd3a262f81fb59', '1f106789f6f69e04', '20f047954a2efca0', '261f9e145e8d027d', '2b80084c3964805e', '2dae453b4f85bde2', '32de3a7800b4fc5a', '341d3744f4eeab91', '38b7b619f8ffbddf', '3e605630a949d1fa', '40b49da72320b258', '45ae697c9f7aa259', '4dde8abd309c4b2a', '50b79710c0057756', '523478ee2f398ab0', '52f33ac0f8c3a45c', '59e73cf9706ed7c2', '5dbeb3b9bba414f8', '5f4f89889f19d48c', '5fc1372336b043a9', '614ebf4c09710bd6', '6576e88f64f59e86', '6604b4ca2327f9d5', '6873eee22290377b', '6b24a0b1ceef53cd', '770886c8b40c1bbc', '783b9fdc2d95497c', '7d97433a72ac48eb', '815efdd9b244f9ae', '83744775d2b40740', '85c9d287e609d960', '861f3ab310a9263a', '862e847d46ad612e', '91d03a58dbc37e15', '97861281d53f6f54', 'a01f05c6fe9f6e0e', 'a7d0620534c97bcf', 'abff5aead47f2785', 'b0312ce3f744fc1d', 'b75c16d275e40a35', 'c45fa3ba098edeb3', 'ce93951cebb7433d', 'd8e33dc56b95d416', 'dcb8053ee05a7df9', 'ec8a3539ce9e9713', 'ee8acc246dcf55f5', 'f70d359881851318', 'fa6788d546c97a0a', 'fc24076de220df08')",,
202,stratified_random,B,1202,8192,budget_exhausted,11.142007827758789,5f10cb1dd91df739,8192,2,123.443,xgb_boot5_xgboost,1.0,0.0,7.975510204081632,0.02,4.64,"('0686a346c1f082f4', '06dd4138962b8d50', '0faf68d86bb10cf5', '10e3562f946aae9e', '113edd0e2f85852e', '115b8e328cce76bd', '1c21485b9659844f', '21fc6084a72c8651', '229b10598fc17f10', '288236a093d0b100', '34caf3e352e42e2b', '37765fad64d1420c', '464535a2369e6956', '4aab8b00256f1444', '5207fc0399362208', '53645cea90b1bf6e', '5987fc2e611f43b6', '5f10cb1dd91df739', '6364b1f7ab54017b', '639af93d01ec899d', '678ac53158a069e7', '6e94a5246adb9933', '7159f980fd2203bd', '73c0ae2d8a2b8ed2', '75c50742e996acd0', '7889e5def2ed842f', '7ae497ca5c697213', '7b350b7506a4de09', '8dbffe45db765425', '907c7c18889e2eb0', '912a8778da42cc1d', '9285ef4fade6e49b', 'a4027c7c219b85ed', 'ad61f2c4553bd50b', 'ad81cca840e05855', 'b68eca0ddf3d33df', 'b69bfac2eee0d016', 'bbbcad32b3f7b570', 'c32fa1b5325afcab', 'c4beb78fe1631815', 'd5bac4c63a07df80', 'd686dc95f5675ed4', 'd845dd970f0d0a56', 'e5747c06f5d0fcf0', 'ea75e2bb77bd2645', 'eda03ca1b89a9ba1', 'f11e82d2b52d0c1a', 'f94640bd29984bc5', 'f95312da9280de29', 'fc45cdbe1b28a857')",,
202,multi_start_hill_climb,B,1202,4349,local_optima,6.522509574890137,75b0fd616e4c37e2,4341,2,53.086,xgb_boot5_xgboost,0.9073649071562696,0.09597329438764865,3.473469387755102,0.0,4.48,"('021741c2ebba9679', '027638f6a8913011', '07277e7d0ff27f15', '094345baf9d4cb2a', '0f4b7a269f87ccf0', '10bf3d86e6a1477c', '1990986b6ff1bc7e', '1a68090eb79e447c', '1ac969d06f149d46', '1c2f4c55013c6cbc', '236ff18c66165e35', '2917ddbcdcfacde5', '31aa196bf0cb11c9', '31c3b8f32175270e', '3a709c3147e0efbc', '40b9bf8f4bf84aeb', '4393970039567612', '466cd779f82769d9', '4b95136deeccaf97', '4bba287b739bc0e0', '515db8ac1e4341a7', '542071678096ae8a', '55cc1fd3d9dcf57d', '583a167bcd7b3056', '58b6bdb81f9ebd7e', '5dce51bb9a92a74f', '5f1fa440d79f9bf5', '6570d527ae3b4f66', '7305e8580ba54044', '75b0fd616e4c37e2', '83955a1654f0776d', '8504b6cd211a637b', '8de4c064b419fc38', '90b807b237212d36', 'a64bd96d21a42434', 'a9bfb4abe532f8a1', 'acd5eb7cf477cd8c', 'b2a595665cb79383', 'b9fbc8aeaecbe3ce', 'ba248b0712c2201a', 'bf2f4d7387542a8a', 'c551a6a96c43e2be', 'ce2156e920473ec9', 'db5b1c061b217191', 'e0578b63befa5ee2', 'e12ae63d432a4470', 'e60a47f378506456', 'e95e679a175950a7', 'fced017d793e632e', 'fe16c5af23978c0c')",,
202,multi_start_beam,B,1202,6203,stagnation,6.522509574890137,75b0fd616e4c37e2,6195,2,75.743,xgb_boot5_xgboost,0.8076822916666667,0.19440104166666666,3.173877551020408,0.0,4.48,"('021741c2ebba9679', '027638f6a8913011', '093efe8e6b28641b', '094345baf9d4cb2a', '0d88ac0cd2096d9f', '0de8dbfe63439eca', '0f4b7a269f87ccf0', '10bf3d86e6a1477c', '1880e61a2f17942a', '1990986b6ff1bc7e', '1a68090eb79e447c', '1ac969d06f149d46', '1c2f4c55013c6cbc', '236ff18c66165e35', '2910e5b1b5e66b63', '2917ddbcdcfacde5', '3397ad69b98d509d', '466cd779f82769d9', '4b95136deeccaf97', '4bba287b739bc0e0', '515db8ac1e4341a7', '542071678096ae8a', '578284eaf31e8510', '58b6bdb81f9ebd7e', '5dce51bb9a92a74f', '5f1fa440d79f9bf5', '6338e9f40280343a', '6570d527ae3b4f66', '6a5302df0e28fb1e', '7305e8580ba54044', '75b0fd616e4c37e2', '8de4c064b419fc38', '90b807b237212d36', '9db7ccc89c7a5e30', 'a5b547520c42d379', 'a64bd96d21a42434', 'acd5eb7cf477cd8c', 'b2a595665cb79383', 'b9fbc8aeaecbe3ce', 'ba248b0712c2201a', 'bf2f4d7387542a8a', 'c3d500db7f5544bd', 'c551a6a96c43e2be', 'cc8774e699a66395', 'ce2156e920473ec9', 'cf992faf7891b841', 'e0578b63befa5ee2', 'e12ae63d432a4470', 'e60a47f378506456', 'ecaa42a6064a583a')",,
203,stratified_random,B,1203,8192,budget_exhausted,11.171415328979492,22801b5a348987fe,8192,2,119.183,xgb_boot5_xgboost,1.0,0.0,8.772244897959183,0.0,4.58,"('0bb24b2cfe7cb64e', '0c3128971907d711', '1edefd77fc1ab3a1', '20cf3af72c3617bd', '22801b5a348987fe', '234ea10633c82d96', '25669f25878ea06a', '261f740e00496a02', '2b5fae216ba94b5f', '2bf0e573f9f2f172', '2d191b19135df47a', '3a935adfd7e42418', '3b222a4e762d6b8a', '3e7514707ec368ce', '4b1e7ca221b6f0f9', '4bd37f99f4d04f62', '58e4490c15ffc7a1', '5b2047edc974caf2', '5d3044158a790c4b', '60dff4e7e245a489', '665fe2760fbc96ed', '6d3171e0f769763a', '6df181a1ea999daf', '6e44946a95aa9bf3', '7162161e660ec20d', '725ebea49d72ff97', '78e1dba1cc69d6fc', '8483497b7f57ad21', '8c4c17e5575efd0f', '8e28367febd61181', '90e052c895f3c288', '9eacce7fe2f5e918', 'a08dce8ffd7694fa', 'b2efc80c27867685', 'bbc0867aae31586c', 'c387b6c0a908bb08', 'c86c5620cbe3be56', 'cfb87096ddc71923', 'd00225f73f256701', 'd535af9eae35bc16', 'd93ce9c3891f1513', 'df32a6b3e4cc28a7', 'e9b80264156623e5', 'ebca761bc849b2e5', 'f02903c948c9654c', 'f2a2170861a09ded', 'f3c1f9764106cfdd', 'f4f3dca94072d592', 'f76b06888bd4e80c', 'fe78adba6e9cd105')",,
203,multi_start_hill_climb,B,1203,3962,local_optima,8.55224323272705,a22ef25bf4b18087,3954,2,71.696,xgb_boot5_xgboost,0.9160693641618497,0.0876300578034682,4.322448979591837,0.0,3.86,"('02589723b5345a33', '0b775a00f83569cd', '106f2fe7a6a64695', '1130a0e4e81ea5b3', '11d4ec25b31dbc5a', '1905709f76e794b1', '1cdfe0f0e214baf5', '2ed1adccdc3c10a6', '3b6983fcecb9a33e', '3bcbf4bb62a3273f', '4b9987d824fc0c5a', '4c30960fed6a623b', '4e5b1149c0f9ff06', '4eb1e31f5138c398', '4fc8f06bbfc2e11c', '52121b9fa004555b', '5473d0485aab2170', '5ee8e1b3244d9dc3', '624f300e3ff6eb6d', '802f36e01967055d', '83d8c1c102255095', '881b8a28120f4e75', '8ea800b1cbac00e9', '8ec3e4f1118ad7bc', '944a5c380ca8f087', '959560fabe901939', '971fdb4b55ae4d3f', '9f1269e91c64e76e', 'a22ef25bf4b18087', 'a325ccaaef8635a4', 'aeaeb2a0fe9e0786', 'b097f111a09e222a', 'b6cab1b33f601bb2', 'b72210e8b4a500f7', 'bb0b852c9d43d26a', 'c0249607cfc4c41a', 'c651355bbf83eab2', 'c882e78e8306643d', 'cdf7846335327150', 'd0b0c2bd59ad7ac0', 'd5579be58b1a99f4', 'd658af3a305b6eb7', 'e47892bfc9cb1eed', 'e752d56be1b7ee76', 'e7a8763c5e6f3936', 'eebc94db8ff03bbf', 'f83ec852e3d24fb6', 'f84f860ddba9847b', 'f91081bfee189f5a', 'fc8ac168d455a566')",,
203,multi_start_beam,B,1203,6179,max_generations,8.55224323272705,a22ef25bf4b18087,6171,2,86.425,xgb_boot5_xgboost,0.8045572916666667,0.19752604166666668,4.332244897959184,0.0,3.7,"('0055844e8426478b', '0126390e054f1fc5', '03444b9a759975c0', '09abedc97703867e', '106f2fe7a6a64695', '1800f24fe614e0b0', '24df2d5743600e98', '26e2303406d6c4d0', '3a79efa94590e2e0', '3b6983fcecb9a33e', '3ed5698804cfd81f', '4eb1e31f5138c398', '52121b9fa004555b', '5a616626f510f3fd', '6216ceb9a4aac606', '6310aa81fef76ea3', '6f72836551fb6f77', '802f36e01967055d', '881b8a28120f4e75', '883c58d8d9112120', '8b9749411e789d00', '8bbde32df0728038', '8ec3e4f1118ad7bc', '944a5c380ca8f087', '959560fabe901939', '9d49de603fd9bf44', '9d9060bad6f9f8ec', '9f1269e91c64e76e', 'a22ef25bf4b18087', 'a3989c6e3a05e7cb', 'a98d35f850fd45f8', 'aab1dd0db23476c9', 'ab00ae7fad08d08f', 'b1e575e4ab4c2129', 'bd7f5a688ea7d169', 'c379caa9ee997244', 'c882e78e8306643d', 'd0b0c2bd59ad7ac0', 'd6c1841751eb22a8', 'd6d196e3c390e443', 'db9f722e2256f8d4', 'df95be220c619920', 'e5a2b94c018da69a', 'e7a8763c5e6f3936', 'eb42fede869d284c', 'f83ec852e3d24fb6', 'f91081bfee189f5a', 'f9825d7f1b90d44c', 'fad55733ee81e0e5', 'fc8ac168d455a566')",,
204,stratified_random,B,1204,8192,budget_exhausted,12.341329574584961,fc2c74c5a7094734,8192,2,94.409,xgb_boot5_xgboost,1.0,0.0,8.806530612244899,0.02,5.0,"('04b6d478e9d74d79', '11886d3a42d30a13', '124a59e1eaf187a0', '197fb46f63d9405c', '1a9b4fb5d525583b', '1acc85b4736a0db3', '1f2101567c3e6d99', '23cd1bd053896a82', '25a1387d4214e1b7', '28abdcfbe30b7140', '2956a1497af4059e', '29cf25a703e7d2a1', '2b30ce9ef2b905a1', '30463d9a950f74c7', '3d7fff310d18e358', '48294db1b26cf6c8', '4959067cf626228c', '4a6ab1a3b027dde2', '4aec0be21d55d9a9', '4d2c85399e4eca6f', '5631ec60a0cc8b0e', '59fc3eae5bd4af46', '5d72800d2e0ef924', '5f71c0895fbd6ffb', '63643c74e705ecfa', '683f1eb7cdf16239', '6baa647c1eb4ec15', '6bf3a67e23cce99a', '7b9315a69a74e223', '7f98248b64f501da', '839a3e7493cd582f', '87088219b1818cd4', '8b11217d6178fc89', '8d2467557370a8d4', '970aa451c193ab6b', '9f9cdb5d1bea46e1', 'a014f9240b2f1f2c', 'a440540fa02f26d5', 'aaf2b1f37cb61dd8', 'abf74e2a6e9374e0', 'b3df0fca5ae3f19b', 'c8e4b30d0300970d', 'd0058905ea475806', 'e84a9ac268f9200b', 'f00fb6bb9e46dc78', 'f149422a61b79efb', 'f8c316613e5a3030', 'fc2c74c5a7094734', 'fcbbb269834f5838', 'fdecb722a7e91bfb')",,
204,multi_start_hill_climb,B,1204,3302,local_optima,7.3594865798950195,1426bab5e1e20990,3294,2,40.032,xgb_boot5_xgboost,0.9223463687150838,0.08212290502793296,6.331428571428572,0.0,4.02,"('1426bab5e1e20990', '1d4859152e1b2507', '20536d9b0a50191f', '237bec650254e60a', '242290405a3b0650', '25f2cc29b89fed7c', '277d8889b5bd40c5', '28dea4c76f3f1156', '29f8ee205a34656e', '3026c863beede542', '35ba953df1ee43ea', '38181effa5fa3866', '4182babecaade973', '46529805d79e74a7', '4984085167409197', '49b99ad9e61fbdeb', '59705feea22fbd7b', '61567dcf2328ab3d', '663a6d0f7b54a695', '6b474c3f7f5b7763', '722fa3052fc461e6', '784ba487b3263ff1', '7a3e5abeff80faf9', '7afa644f78cd5bdf', '7b2ab9f1d86fff7e', '84f08c417b055cc2', '856bbdba0d1b8d67', '8aec39bfd1888771', '98640ee925f8b2fc', '9ff6fa90857eeec1', 'a308a757917add1b', 'a3bb34e529413635', 'a5a8fbf3ab787769', 'abdd7e9a724d8257', 'ad8bb960b9b0c45b', 'b147e17807987754', 'b8704d2d64521f92', 'c20dd3a9733f662b', 'c7cd58148f732b67', 'ca804c5bbf7b71bb', 'd65a3ef32e9d74aa', 'd7722b4f47c17e24', 'e22d6740e0eadada', 'e3ae57bba8822215', 'e6123506bce74362', 'eb1deb8e139feefe', 'ec4430809bd575a9', 'f191d8bc3bd0188b', 'f4c4e9326e8e2a3a', 'fcf0d18e194eca7d')",,
204,multi_start_beam,B,1204,2292,stagnation,8.583768844604492,59705feea22fbd7b,2284,2,26.085,xgb_boot5_xgboost,0.8953125,0.1109375,5.023673469387755,0.0,2.2,"('0245314a86ae101b', '048210097d4d39d5', '0c625cb35cbe24fd', '153ceb0c127e4e36', '176ce99c001d4ed7', '189a6c3ad121f6ad', '22c64bb83fc63847', '28dea4c76f3f1156', '35ea8124219b4788', '391d2ebda418dfef', '3969f8c7fe8fbf4f', '45f1e25ba48d4d2b', '49b99ad9e61fbdeb', '4d28b27ebb5adda7', '4da5f7c3607a32e5', '5165b71b3fef21dd', '59705feea22fbd7b', '5a42aef1e7747ba5', '5ad5d62f7d7fcfc5', '5cd671ca8bb544aa', '600ba6ffdc741d1e', '60c4e9a46ff70b24', '77943af18a1c1080', '784ba487b3263ff1', '7b4ceb42fc7526eb', '7ebf00ef4560b4f3', '82775ccebdc8ff9d', '83bee39abaac4936', '8b41eba6b09d786f', '8c918308d8fd3a77', '98640ee925f8b2fc', 'a5a8fbf3ab787769', 'acae621713cffe08', 'ad37556e914c1dff', 'c20dd3a9733f662b', 'c685479d3a7a0461', 'c895ee2b3db409bf', 'd684faf685f0201a', 'd68e2deb5f6e1ae9', 'd748e2ae273d1b43', 'd7edd29d250573eb', 'd9e79332fd4e5e9a', 'dceeea6716b4899a', 'e2337fbfff3a3cfa', 'e87aea4e822effc8', 'eb26f4abdabb5680', 'ec4430809bd575a9', 'f5aad815b032b4fd', 'fc821ae110297be9', 'fcf0d18e194eca7d')",,
205,stratified_random,B,1205,8192,budget_exhausted,10.648727416992188,2c9f2d0b188d0a60,8192,2,109.678,xgb_boot5_xgboost,1.0,0.0,8.311020408163266,0.0,4.88,"('007c57fee953317e', '06398a20479f99ce', '0be84f809ec2668c', '15e7a8d965aff236', '16cfa56225e222c0', '1dc3904a98db01f5', '1e9d92bfcd67c77a', '1f2ee96c80a8ae2b', '26d5cdab7576a9d1', '296395d30c000ca4', '2c9f2d0b188d0a60', '2d845c3baf9d65d0', '2e8d1ca0f4311702', '36cb24d2d1f423bb', '36d75678d3c94958', '3909c2ff0c1df4ac', '3daaceabdda60ee1', '3e05426c5c8acafc', '4462221627752b3f', '46d9d31635d0704d', '49754e967a6e3655', '539188e2d657c815', '53e3d341ac9e2e57', '60c1df732d93200d', '626a6a0c5b93eb64', '878b9f76c1fb17a0', '88cef47b2d98e261', '89308cacf7fed78a', '8bcc86461237d201', '929319729cfc92e1', '95a27fd597fe76df', '96afc5bba9e7660d', 'a00e850bd4ceb819', 'a39904bfef45e974', 'a9a370db656ff27b', 'aa222e8ec220cad5', 'b03154e62c510e21', 'b5f4ca9c0fc763a7', 'c11c897ffbb10702', 'c223af534a5f5317', 'c459aac0c732c9b2', 'c52c3bcd0e420581', 'c5b79bf5c85bc892', 'c99bd4d54bbacbf3', 'd8a833f091c477e1', 'dd01a7302b2d4225', 'e660ba35cc5b40b9', 'e918a2274b12d89e', 'f1de27ca764d8fd5', 'f5785e48275aaf41')",,
205,multi_start_hill_climb,B,1205,4313,local_optima,6.467934608459473,bd8a14d4689163fa,4305,2,74.142,xgb_boot5_xgboost,0.908,0.09536842105263157,4.187755102040816,0.0,4.06,"('07e82f5a7c593241', '07f780f1c23bd265', '0838afa85a05b8ea', '0a74d9527eef7f33', '0cbb25b356fe0c94', '13189cc9698ee1b8', '1f35bf4e24593c43', '2127b3f72c3fed54', '24c048293f1bb092', '27e910f8f6c645de', '2dbbc4e4a0d887c3', '326b94b72e050fce', '34a68334d7e63f20', '3b50ff1fc9f4f578', '4d20b40de03b3e67', '59bb695e6eb6e054', '5b6f33868ea3d3f9', '5e6dc93f36904c58', '60bbe1aeb720f197', '63009b7717854ca8', '64a1d3fd57b0fbe9', '64f02d514f387db2', '6523e2218f296c0d', '6e9d3672582a55f2', '70caa668dc0c8d34', '7219bda83deef466', '732278e162873dc8', '73a11900185a6824', '75cd24d44b4da58f', '7a17846d5364a1e0', '7ccbdecda1ebb32e', '7cead146c5d7f23b', '83b4c9e404676ba6', '86ab462bf250c490', '8897f7210ba5b28c', '893f7cfc03d5da2b', '9a0749cc74977576', '9a995a712515985c', 'b3f7037c70613690', 'bd8a14d4689163fa', 'be1ebcd7e39d609b', 'bfeaf9c173910155', 'c5525ab9259a0b35', 'd8d24098704e0bf7', 'e11f6817adc29ddb', 'eb2cdee0a3b2e849', 'eb93a2396b8d0b72', 'ec0bd5f145e4a586', 'eed02cf313a13b51', 'fd11bcadd75ec9bc')",,
205,multi_start_beam,B,1205,5936,stagnation,6.467934608459473,bd8a14d4689163fa,5928,2,99.893,xgb_boot5_xgboost,0.7729166666666667,0.22916666666666666,4.137142857142857,0.0,4.04,"('07e82f5a7c593241', '07f780f1c23bd265', '0a74d9527eef7f33', '10fd48e40a80cd9b', '13189cc9698ee1b8', '1877fbfd533f0d82', '1f35bf4e24593c43', '2127b3f72c3fed54', '24c048293f1bb092', '27e910f8f6c645de', '2dbbc4e4a0d887c3', '326b94b72e050fce', '34a68334d7e63f20', '3b50ff1fc9f4f578', '4c30450dbe0631ed', '4d20b40de03b3e67', '59bb695e6eb6e054', '5b6f33868ea3d3f9', '5e6dc93f36904c58', '60bbe1aeb720f197', '63009b7717854ca8', '64a1d3fd57b0fbe9', '64f02d514f387db2', '6523e2218f296c0d', '6e9d3672582a55f2', '70caa668dc0c8d34', '7219bda83deef466', '732278e162873dc8', '73a11900185a6824', '75cd24d44b4da58f', '7ccbdecda1ebb32e', '7cead146c5d7f23b', '83b4c9e404676ba6', '86ab462bf250c490', '8897f7210ba5b28c', '893f7cfc03d5da2b', '9a0749cc74977576', '9a995a712515985c', 'b3f7037c70613690', 'bd8a14d4689163fa', 'be1ebcd7e39d609b', 'bfeaf9c173910155', 'c5525ab9259a0b35', 'd45861f3d11509d7', 'd8d24098704e0bf7', 'e11f6817adc29ddb', 'eb2cdee0a3b2e849', 'eb93a2396b8d0b72', 'ec0bd5f145e4a586', 'eed02cf313a13b51')",,
206,stratified_random,B,1206,8192,budget_exhausted,10.85618782043457,920819ac3b582281,8192,2,163.631,xgb_boot5_xgboost,1.0,0.0,8.204897959183674,0.0,4.76,"('0440a7f4b5a48854', '078b9be5cefcc742', '0ca60f3800753fa0', '0f9b97073393de88', '14603aca06232e31', '19c00140ce2e793c', '1a2596de04c409ec', '1fea5183f2c462ca', '2458951d6cc431d0', '2dc4aabfbc59d8fe', '2e1cb04bab87539e', '35e54273ae2d7dfb', '38ee56993b604551', '3aa7a51c28ae8190', '42a941ac44800509', '45afdf1840fb62f4', '548103ac3488725d', '56ad22a16fc86748', '5927839b11d1f806', '59d85e6a1cfa1d3c', '5b2ef19fc8cb1994', '5df77b6af627c24d', '5f0f1efc6d6a140a', '5f596bd3de300e4a', '62adde4df70872d9', '63e608808b7a6119', '6c1835716e0c0aa1', '6fdfe8dd9e11ba78', '8067504448168399', '80c6fe15ef99302d', '815dd101b6bfbb40', '846762e95680bfa6', '8b3c2fc276abf229', '920819ac3b582281', '923bab14642d550e', '96423fa3e1211e5a', '99c068f0a28f9a17', 'a5b689b10c7645a6', 'ab6ab8f8c29452e7', 'ace5961850ba7d7a', 'b220f7e0ad328156', 'be39650e68d4e966', 'bf43ae0cc1822561', 'c41906145ddc042c', 'cb1ab43a821c291f', 'cce53c529bf1a235', 'dec5e305644baa3d', 'dfb14768ec665c0c', 'e369e895a9198143', 'e4463ae7d104d63e')",,
206,multi_start_hill_climb,B,1206,4066,local_optima,5.993350505828857,2a353f0e1e8474e0,4058,2,69.975,xgb_boot5_xgboost,0.9153534443944169,0.08824853669518234,4.062857142857143,0.0,3.54,"('00dbe98920a68db8', '021f0f310b36f8b9', '087024a2ad2978a5', '09350a12ca245199', '14e47ebc23ae37a1', '24a395267bd8d108', '26640ae834983020', '292ee262452e7b82', '2a353f0e1e8474e0', '2ab54903842fe5ed', '30bb06736785d98b', '32ac25b5ee76f4ae', '34149e334ebe8350', '37da17215540461b', '472a1b64567a5975', '488e7e89dff3bd62', '5300db1997b229c9', '5d511cfc22c8dfbd', '5d5c959d068b66aa', '5db7a6d80135e5be', '5e1e53197e2679fa', '613e0ae5355f17ff', '617133dcb713d841', '64ec3408061b40c1', '72234dae6e2b1fa5', '7eef46592103e0b2', '82d5b020c83972d5', '858a2b1120450c95', '9082f972e759e2de', '942d6df00a070893', '96c0075da22ce45c', '984dcddc8612ad1f', 'a7e9d4b3b54e84d3', 'b518b7e2da430d09', 'b77d07515acc6aac', 'b8557c79eca8415e', 'bdc06308dc98c323', 'bf3ac37440bcfc42', 'c3f7f29cdc3d831d', 'c723b2b215f9317e', 'd6d19c16a4c7afd8', 'd847da74bbcb2406', 'da7bce7d6f571164', 'de04866c190326f9', 'eb962fc5ee751d30', 'ecf01843b8f1f15e', 'f6e101f316d707be', 'fb39f6b1ad8b1165', 'fcfbf587d71ce23f', 'feca718bce95fc50')",,
206,multi_start_beam,B,1206,3151,stagnation,5.993350505828857,2a353f0e1e8474e0,3143,2,50.229,xgb_boot5_xgboost,0.8791852678571429,0.12527901785714285,4.733061224489796,0.0,2.9,"('00b54bc77f268cbe', '00dbe98920a68db8', '0c631f6e1c6ecf24', '1197553d33d03263', '14e47ebc23ae37a1', '212a4b87bcb626e2', '24a395267bd8d108', '26640ae834983020', '292ee262452e7b82', '296efc52b19180fa', '2a353f0e1e8474e0', '378991a5ea8170a8', '37da17215540461b', '3fdac9a7f53b710a', '472a1b64567a5975', '4cc432248e42d5bf', '58b9074dc8fca0de', '5b493114a127c354', '5d511cfc22c8dfbd', '5d5c959d068b66aa', '617133dcb713d841', '654fa2aa75f15ace', '6ddc7f5338abd69b', '6f27853d1ffe5518', '71fa839373ec9825', '72234dae6e2b1fa5', '72c1bcbd76e2fdc4', '7eef46592103e0b2', '82d5b020c83972d5', '858a2b1120450c95', '948d02f2bfcd81ed', 'a4054005e22074c4', 'a7e9d4b3b54e84d3', 'b0dc3eb185df1c59', 'b3c23d335ecc4c73', 'b77d07515acc6aac', 'bd61acf5e876a412', 'c508eb54d7595f9d', 'c52d8b44ead6ba4f', 'c661938d9a85fd0f', 'd341366a0da14341', 'd47c5fb992504c19', 'd847da74bbcb2406', 'de04866c190326f9', 'e2d7e35a8d7cc4e0', 'e37b66d289fa142c', 'e4511f3f79e276ed', 'e7243f9492248875', 'fb39f6b1ad8b1165', 'feca718bce95fc50')",,
207,stratified_random,B,1207,8192,budget_exhausted,9.56284236907959,204b2d90deda8fd5,8192,2,139.688,xgb_boot5_xgboost,1.0,0.0,7.492244897959184,0.28,4.36,"('0328d954e2f1dd45', '0db4b4240f14617c', '0f340bc9f436b288', '11e59caf6c4b38bf', '19e57d2274599e5c', '1ac868270ea7dad5', '1c247eb088cd7046', '1d90e25db8952819', '1dd871ffc98d9334', '204b2d90deda8fd5', '20f054cc8bcc88ac', '2b2efb890996bea4', '2e96f2706c438848', '3eaf967cf0bf1007', '3ee4d81001022c0d', '44cb4d9be668fb9d', '4827d1b76ea37944', '4ffe730c0ea685d0', '5b148add4823c0aa', '61400076e29522dc', '6cf5eec3a78180f8', '74b08421a23ef20e', '766923fb23d97e0c', '7e5423bdb6a2bb72', '7fe58d979ee34101', '85c97e89b6b521ac', '910b7f7434c5a50c', '9a6b7569b6132410', '9d1a10520ad2a308', '9ec6d9b12f355b3f', 'a2f21b7f77abf125', 'a8b528b6c3e54951', 'ac892b9db42540c2', 'b143310ed895c2e7', 'ba6bcb754dfcb510', 'c455eb8544ba528d', 'c551128ce05ee0b1', 'c5fc2bc4ab8ab445', 'd0fbf0a972889c7f', 'd42ebec7dc2a9f20', 'd908d92e27985ad5', 'da423281822d8677', 'db29917c9f402d23', 'e4087ab758b169e0', 'ec2186b292f7a2fc', 'f1a81a283e63706f', 'f8e822be30ae41a4', 'fcd54f662470b0a2', 'ff0fbfad6c5f575c', 'ff8074950d4afe70')",,
207,multi_start_hill_climb,B,1207,3595,local_optima,7.285485744476318,575b2dffe5757948,3587,2,65.372,xgb_boot5_xgboost,0.9147582697201018,0.08931297709923663,5.1387755102040815,0.08,4.04,"('025830f1f27b7eb1', '07818af4448472dd', '0dbef5df8ae6c3f9', '0dc52fa637d15b95', '0fdc19ea7d52ff6f', '13a5174086eaa61c', '147e2c4aaa3035dd', '1b641fc247bf8c39', '1e667b79be089df7', '34b5f8b7d2affa48', '370033e10e2f2798', '38e59fca984442c4', '3971e47a45e064b1', '3a06ef553997373c', '3ab9b25374194c02', '5233d1a59791069a', '575b2dffe5757948', '6648b95be5d8e202', '66d029ae85767e7a', '679f644b1677febf', '69ec048b3a62621d', '6b353af4318292b3', '6b942fce030edbcd', '6d167103dec9c8ab', '6da01881364d91ea', '6f5a65a208f7049b', '84bae4308a8bcda4', '84edf18177721314', '8772f89f4e5d1e3b', '8bc7a9b9cb84465b', '8c21dcfca63b7505', '9c757002d2954084', '9d6ce72493244405', 'a229369c6ae5e933', 'a74a33079a101640', 'ad6f53ac0e7cee22', 'af6fdccae3a19ebb', 'b33fd3683b180ce8', 'b48957455f136019', 'b8b1f816fd632d76', 'bb1a4dfcf8927ebf', 'bec496b6e35e339a', 'bf7c695d23fd3dcb', 'd081220b5370d5d5', 'd31875416520472d', 'd34921e1ea405bae', 'e3f038ba92c66e21', 'f531ce0e08457692', 'f65bc2d014a98857', 'f87d88e87b786bde')",,
207,multi_start_beam,B,1207,5803,max_generations,7.285485744476318,575b2dffe5757948,5795,2,101.126,xgb_boot5_xgboost,0.7555989583333333,0.246484375,5.206530612244898,0.08,3.94,"('025830f1f27b7eb1', '07818af4448472dd', '0dbef5df8ae6c3f9', '0dc52fa637d15b95', '0fdc19ea7d52ff6f', '13a5174086eaa61c', '147e2c4aaa3035dd', '1b641fc247bf8c39', '1e667b79be089df7', '29888141bedca1b3', '370033e10e2f2798', '38e59fca984442c4', '3a06ef553997373c', '3ab9b25374194c02', '3ac5348c153f7d9f', '5233d1a59791069a', '575b2dffe5757948', '6648b95be5d8e202', '66d029ae85767e7a', '679f644b1677febf', '69ec048b3a62621d', '6b942fce030edbcd', '6bb3bb92425714b7', '6d167103dec9c8ab', '6da01881364d91ea', '6f5a65a208f7049b', '84bae4308a8bcda4', '84edf18177721314', '8772f89f4e5d1e3b', '8bc7a9b9cb84465b', '8c21dcfca63b7505', '8e2fe297bdd7f4f5', '9c757002d2954084', '9d6ce72493244405', '9f322bb6b04e3c62', 'a74a33079a101640', 'ad6f53ac0e7cee22', 'af6fdccae3a19ebb', 'b33fd3683b180ce8', 'b48957455f136019', 'b8b1f816fd632d76', 'bb1a4dfcf8927ebf', 'bec496b6e35e339a', 'bf7c695d23fd3dcb', 'd081220b5370d5d5', 'd31875416520472d', 'd34921e1ea405bae', 'e3f038ba92c66e21', 'f531ce0e08457692', 'f65bc2d014a98857')",,
208,stratified_random,B,1208,8192,budget_exhausted,10.276010513305664,02e086544528fa16,8192,2,148.098,xgb_boot5_xgboost,1.0,0.0,8.428571428571429,0.0,4.94,"('000d052b4cf0ea49', '02e086544528fa16', '039cf496b8cd2b06', '095dcaf0f9a96b76', '09dd513870ae3e58', '0a28f8364f6936a6', '0ec45ceb150a852f', '14c5d0124acaba0e', '1e7981754e5cc447', '295df27c6ed52547', '2f1fd08f6306137a', '355594d22ee1bcb9', '3c659df560758258', '481d7b3d1b9053a0', '49c85d91d4f651ee', '4c3a791d44fd71ae', '4d93389d580b4f62', '4deae9acedad804b', '508c68e759d00560', '5411beaa44e8135b', '59e018132d4f146f', '6646d4a76a0e0129', '66a6fe227ad62834', '6bf6730d6eaf1ca8', '6fe3b2228663cea4', '70f59cd1574f1d85', '7347025bbbf2dc3e', '779b901c378ea8d4', '781d509d2bfb8d90', '7b6176c55757f71c', '7c324d067ca3bd15', '7cfbc60aacadd0c3', '99c36b538dc6afd2', 'b70ec7c24c89f5fc', 'b84b420094a4623f', 'cb0b7ea8ae74760c', 'cb507e46c46aefd5', 'd0192307d4bedc23', 'd2040f9e5d07524f', 'd4d703733b2caa04', 'd913e6df9bdce827', 'e6d470ff777ad2b7', 'ecb29421b74f6975', 'f2dfea41afbe63c1', 'f50db42fe5bd5527', 'f778d6d9d1b49763', 'f7965c6f8d882fe4', 'f8471db564138a19', 'fa346f1440f2da34', 'fbae03e986c23d1c')",,
208,multi_start_hill_climb,B,1208,4088,local_optima,6.204281806945801,076cad8d001c5027,4080,2,56.766,xgb_boot5_xgboost,0.9147460281942269,0.08883419109420453,4.69469387755102,0.0,3.86,"('0313d38225bc7761', '06481d323f74f4b4', '076cad8d001c5027', '094b413f7a4ac256', '0c182e8e88319d42', '11a652b1e8f42b85', '16406ff7add4b984', '198b2673e8fdb49d', '1e4655bb063d6502', '23f25228c3b84594', '369c9249633928c4', '3939f066f8e90d8e', '39cac5586560aaad', '3a9e893bd53ad0ca', '3fa7f9494c76b2cb', '436e32dff998981f', '44124aae4234afe2', '4993b84fc8b571b2', '4dc41a07b978ff10', '4f72e8d2e778db7f', '502ee9b3173ce2a0', '521547e993126dec', '53881c2bf6e21579', '5b2670a493b01b11', '611d7ebfe4cde7b3', '657f280ad0751843', '6aa634239decf7cd', '6c4582cdb30e6833', '70bc8bc9d3087b2c', '762e0ab4fbcdbb97', '7a2b9c4e75fb5259', '83b173055409723d', '879c69d88cbeeb27', '96ef2a5296bf0e35', '99bfef5e607dcc2a', 'aca29aab81fdc565', 'b2bdf4bc5646d443', 'bc4f7fdcdbf5c995', 'c02dcdf71e54a2a3', 'c6d4624419644469', 'c93ce8720eef1530', 'cc6ebac5f785391e', 'd34d70eb173c607c', 'd93af59f1803feb2', 'ddbe059e0ac74379', 'e2edf47feb5cf32a', 'eab583e4cc633d61', 'ec4493a173a5a5f3', 'f7b71968d87659e2', 'ff57f8b9004eee2b')",,
208,multi_start_beam,B,1208,5337,stagnation,6.204281806945801,076cad8d001c5027,5329,2,75.922,xgb_boot5_xgboost,0.8018329326923077,0.20057091346153846,4.772244897959184,0.0,4.16,"('06481d323f74f4b4', '076cad8d001c5027', '0b0d1dff7c49738d', '11a652b1e8f42b85', '12a3f50e48bf89ec', '15d675870b1de15d', '16406ff7add4b984', '1919cae8ec69853f', '23c77460dcb5cff8', '23f25228c3b84594', '259f32600b829305', '26b229823fad3d23', '3489b3b33ba65cc0', '34eec0cf600abb78', '35c49ff711481f0d', '369c9249633928c4', '39cac5586560aaad', '3fcaed1028661ca9', '44124aae4234afe2', '473a5546a165af52', '4993b84fc8b571b2', '4a75091ae98133cb', '4dbb8826ae8571b7', '521547e993126dec', '53881c2bf6e21579', '54b1791b459b6632', '676289c5d4b251e4', '69457afbba39dc95', '70bc8bc9d3087b2c', '732c649b884f6a1d', '748ac65545d86ec7', '762e0ab4fbcdbb97', '800790c5e70bf34a', '94c6f24cf7c8ab38', 'a8ee11cd0c15b5f0', 'aaf11697791f10c7', 'b6fe9d567bd4fa81', 'bc4f7fdcdbf5c995', 'be9ae0d71822eb2b', 'c02dcdf71e54a2a3', 'cc6ebac5f785391e', 'd4c8d4a88d6eb06e', 'd8e47925ad5d49e7', 'dc1ff3d0e0d16746', 'e5e0584111511528', 'e6fb6581d0fad82d', 'ec4493a173a5a5f3', 'f37a995a1b59239b', 'fb7e624eb90789a8', 'ff57f8b9004eee2b')",,
209,stratified_random,B,1209,8192,budget_exhausted,12.558294296264648,e9efd4c2fc41b493,8192,2,117.834,xgb_boot5_xgboost,1.0,0.0,8.202448979591837,0.06,4.6,"('0030a874f5ea9190', '0b319d4047044aa6', '1390c262dd599e69', '1696fd9eae95c14b', '19c6f24f977adaad', '1a73cd0c97237579', '1ded72042a6c9aef', '24e9b4e365be6592', '26a6d580bab2868a', '30093445e739c319', '30a327c51b722810', '30ead9b601098447', '32c1d5ab5bf5cc84', '43d988fff7f76c3e', '4f52e9fc0538eac3', '52086fba62b08d6d', '584470d11aa62862', '59fd0a796d51b663', '63ae92e6d1268c0d', '75cd8f1ebfb30c1b', '77e6027a6a6af246', '77fba5449ebfd96e', '7b2d60244ccbc057', '7bd0af40dbd8fd8e', '80800a981b9450f6', '85c97feb0c3aee47', '8847e0c7275a0eb7', '8f09849985cd9bdc', '90e581fd9d2244da', '9598708bfe3483b9', '9a4e9f8fc32737ec', '9abee216287b08a1', '9ceff5c3983e0b2c', 'a393e190a6e2f18f', 'a7cde18efd702868', 'abfcda2356d1b4e6', 'ac2e94ff63da0195', 'ae6b76104635511e', 'afa7d3ebd7e110ee', 'b0f62c45ea15b3ff', 'b2c01107a36c21b9', 'b955445ad510ff1a', 'b95779695e2cdae0', 'c0067b3970c8bd81', 'ce5b1764107e7a4a', 'd3c16b8db86ececa', 'da2a3a0069002bca', 'e9efd4c2fc41b493', 'fad46247c3ca7ea2', 'fd1df40462d66419')",,
209,multi_start_hill_climb,B,1209,3686,local_optima,7.418389320373535,fc36209a4e03e6af,3678,2,54.699,xgb_boot5_xgboost,0.9185148268128582,0.08547221530027412,4.137142857142857,0.0,4.3,"('0835d373d60cecf9', '096487a354316ab8', '0c992257e7c9109b', '137a1ef913af7b87', '14a27769d0a3b942', '1c1140b4bfb5ffcf', '244b668b743b8471', '363cf22f79c2a25f', '3aa5f363cfd34038', '4515441876d9b6b1', '45c1b1b38bf5aa49', '4f2e4845f469a2fe', '5b142daca6fbd4fb', '651f43e77931c2cf', '69901eb843fdedbc', '6f7674503eb8df77', '720309512a35b6b0', '82df36e58c641cef', '831b56a83d38b897', '8f52f44435a161a9', 'a319d60b0575f605', 'a37671bde7e17c68', 'a7ecac2c6b10310e', 'a87ba5a9edeaf770', 'a899503616af2ab9', 'a9276724af388957', 'acdbb73ceeb76d31', 'b42c51edd40f1fe6', 'bbd758912a918450', 'bf2b8e84f886cb70', 'c34eb6da86d70097', 'c5d436e951ef43e4', 'ce03ec22cf1361ec', 'cfb80b4214d3b530', 'd406a87a9d7f3ce3', 'd61a0c56408fd4cd', 'd8d092c16f42261d', 'de74785a273460c5', 'e2bfc0bb869e22ad', 'e86d954d4637d55b', 'e88cd2d05311cbdb', 'e92963da31bd8c84', 'edeb13770b0818a9', 'eef14e44628fab44', 'f04d6a74f868651b', 'f1c1484a3c6fe413', 'f56cfa29f082e870', 'f97b06b93aa67ed9', 'fc015fc7a739a511', 'fc36209a4e03e6af')",,
209,multi_start_beam,B,1209,5334,stagnation,7.418389320373535,fc36209a4e03e6af,5326,2,71.0,xgb_boot5_xgboost,0.8013822115384616,0.2010216346153846,4.009795918367347,0.0,4.28,"('0751cd23112abf8b', '14a27769d0a3b942', '15ce071179b5804e', '1d8f1725f3f5479d', '201a16e5d9046548', '244b668b743b8471', '28905e5d253b57f7', '3a250c97c3f33e3f', '3aa5f363cfd34038', '3fd6e6a995cfc2be', '4373e2faed07f64e', '4cb9185d3aa67c51', '52bc735925ba55cc', '59fbd0387770ce4e', '5c1dc7676d2e3d11', '620abc42ed9beec7', '6c11a6d9187677f9', '7497e06ea9133cc2', '82df36e58c641cef', '83356d267a40c6ea', '8a8a19abfe9e6b1f', '8f52f44435a161a9', '9f958d0435cc8652', 'a1fac81282f5ca95', 'a25206a3fdbd6987', 'a3e4cd2c480a7966', 'a5b52d5f2a5e7176', 'a899503616af2ab9', 'adcf9e145cbc4f0c', 'b42c51edd40f1fe6', 'b7b48bf8643c1ce4', 'bb5fdc9efacc8604', 'bbd758912a918450', 'bc02880c07b3149c', 'c281a202dbecc206', 'c34eb6da86d70097', 'c5d436e951ef43e4', 'caa6ac56090cdfe5', 'cd4da537fa851e69', 'cfb80b4214d3b530', 'd6765a24ee351c44', 'd7cbd0acb4204e6e', 'e2bfc0bb869e22ad', 'e88cd2d05311cbdb', 'edeb13770b0818a9', 'eef14e44628fab44', 'f0eb08fc67cdf6d4', 'f56cfa29f082e870', 'fc36209a4e03e6af', 'fe193b0079bdea18')",,
210,stratified_random,B,1210,8192,budget_exhausted,9.604349136352539,2cbceb5adf5d7b57,8192,2,112.98,xgb_boot5_xgboost,1.0,0.0,8.418775510204082,0.0,4.3,"('0054e88b414b5a1d', '013d0a72f5bdb633', '01826a8823690c83', '05916028cde8b265', '0b6b8b256affcfd9', '0d2f9df61e2dd4a0', '10e089068401cd58', '2cbceb5adf5d7b57', '2de2863a1ef78b00', '32cf1a02770a12fe', '3a88ac007aca4f5f', '41810ac69e475f08', '44437260b309915a', '45c0f2f7763f6082', '4ded9ac07b3157ae', '4e285f69045660a3', '5adf14bda039497e', '619703e5efe285ab', '73c21f8ad4240d89', '78091471d7d84c2b', '7aa6de9d6e8f539e', '804e28479ff7c77d', '811a2e1fcfa22ec1', '8183f7ea1ef14f70', '82c159d33155e18b', '82e6960c6ed5191f', '861e5c26736c7827', '875f606c5fb236ca', '8c8205a350fefa63', '9070072dd580ab05', '9256bda36781a75f', '945acd01883200ea', '9cbaba817438699c', 'a1453e01b50db102', 'a65e0fafece9238f', 'b20e92917107881c', 'b2113ec34ba13ce5', 'b5fece38b4a86030', 'c1a024d9eb6623df', 'c51d222f7fd23ec3', 'ce1dd6b4baaba2ea', 'd113465c93869ba9', 'd2dfb4ed0a70e5d4', 'd4ca6995d6a4292c', 'daa406bfa8016698', 'db0ed46cf14a092a', 'e0a352fbccbda987', 'ec29fe33a2bcaf38', 'ef73c216c542871e', 'ff076886e7ecf83e')",,
210,multi_start_hill_climb,B,1210,3811,local_optima,5.534846305847168,274ed86129ceb280,3803,2,55.858,xgb_boot5_xgboost,0.9150060024009604,0.08883553421368548,4.288979591836735,0.0,3.44,"('03b7593e1c0dff3f', '1f06d1ab090b471a', '1f173cb530ccb8a5', '274ed86129ceb280', '2c3714c866e2b592', '2e07310c52f002de', '31093cc072ead494', '33c294de2761e028', '45987882a835dc75', '486d6d47bccf8053', '4bae7850b9286c97', '557371bc803e4b90', '598d36e3279eb0f2', '5d4ab5c1e8c306f1', '5eceaea333ddbba3', '600b9812436f426d', '600ba6ffdc741d1e', '661a0b9e46aff496', '69ed5ce3f4a29e76', '6b65aea410187720', '724ed86bff725c6d', '73f9ef6432007148', '7402acd42265adc7', '767bee631fbee1b3', '77646c72b1803104', '867c14d014df1bc4', '87c8e8837de98582', '8a547682a889b340', '9137815236c34aca', '9d99e0f3886b16f0', 'a333a9f0c8787241', 'a9d8e4e9b65bf9da', 'afe060cc839cfa5d', 'b2c3e20955cd146e', 'b30f7818d177dc35', 'b3d90f63b48aa032', 'bd92a3718e9a8e04', 'c1d795711eea77d9', 'c428fcf5e67df247', 'c42d118385966e83', 'cd99c12f28e64ef9', 'df9f21f1e9f5fc5d', 'e20e616949511b47', 'e2bfec6b7ee2a8d2', 'e308f4651d3450cd', 'ec4430809bd575a9', 'f146fd68acb19f8c', 'f4ecb5b1e98ab112', 'fd64f0feaab47c80', 'ff3da1142056bf49')",,
210,multi_start_beam,B,1210,2364,stagnation,5.6472978591918945,ec4430809bd575a9,2356,2,32.587,xgb_boot5_xgboost,0.9234375,0.0828125,4.22530612244898,0.0,2.36,"('0782f0abf056392b', '0f6845bf3d2c5c7f', '222d4b3f53128762', '2742daec0e4f65af', '2dbbcacea449f9d0', '31093cc072ead494', '3236984a8d50a89c', '37e1b22fbd639d24', '3d5603bacc288cf8', '40fb47ab3b07a647', '441bc773174442a5', '4bae7850b9286c97', '4eb3e0336f61d896', '506be00313195f44', '5165be689cde6a2a', '563299807ad6ac98', '5656797330ad38df', '5a42aef1e7747ba5', '5ad5d62f7d7fcfc5', '5d4ab5c1e8c306f1', '600b9812436f426d', '600ba6ffdc741d1e', '635a3ee8d0fc8904', '6c83a51ee6ea28c8', '6f196a5bf6b82a9c', '724ed86bff725c6d', '758682df7cbf0ebe', '77646c72b1803104', '7d075642241afcc7', '8061210cd18f0bd5', '8b9cbb5a9a07c810', '8bcdcc7aafadefe2', '9d99e0f3886b16f0', 'a8b4d53d327cebc8', 'a9cc723473e5f44d', 'a9d8e4e9b65bf9da', 'b2c3e20955cd146e', 'b48cf3e309584a5b', 'bb75e249441b18e2', 'c428fcf5e67df247', 'c4d1ac686d331c27', 'ce4b2277fcfc3953', 'dd9a7c5e0c8b93cd', 'e20e616949511b47', 'e3651823a66e7754', 'ea09dae860d261f9', 'ec4430809bd575a9', 'ee4064f447e35b24', 'fa99b0cc5443f9a5', 'ff3da1142056bf49')",,
