seed,proxy,budget,policy,arm,actual_predictions,stop_reason,model_id,seconds,prediction_seconds,prediction_calls,proposed,scored_children,feasibility,n_groups,archive,best_pred_gbsa,best_candidate_id,diversity_top50,ood_fraction_top50,min_train_hamming_top50,n_exportable
6001,xgb,1024,matched_seed_random_walk,main,1024,budget_exhausted,xgb_boot5_sklearn_gbm_298ed22c5ccf665c,1.1377011999720708,0.5044738000724465,9,1008,1008,1.0,2,subruns\s6001_xgb_1024_matched_seed_random_walk_main,9.587846840710672,7a467213d53c62a1,7.548571428571429,0.0,1.96,1016
6001,xgb,1024,multi_start_hill_climb,main,1024,budget_exhausted,xgb_boot5_sklearn_gbm_298ed22c5ccf665c,1.0679767000256106,0.5198557999683544,29,1092,1008,0.9230769230769231,2,subruns\s6001_xgb_1024_multi_start_hill_climb_main,5.303889256562342,f5bae7a3d277f0b4,4.003265306122449,0.0,4.38,1016
6001,xgb,1024,multi_start_beam,main,1024,stagnation,xgb_boot5_sklearn_gbm_298ed22c5ccf665c,1.1926702000200748,0.5696075000450946,5,1039,1008,0.9701636188642926,2,subruns\s6001_xgb_1024_multi_start_beam_main,9.237084763571088,ea5aaa3e1b64ca26,6.104489795918368,0.0,1.94,1016
6001,xgb,1024,mutation_only_ga,main,1024,stagnation,xgb_boot5_sklearn_gbm_298ed22c5ccf665c,2.3122135999728926,0.5267281000269577,13,1194,1008,0.8442211055276382,2,subruns\s6001_xgb_1024_mutation_only_ga_main,6.469975279035789,a90cca404ed14937,5.453877551020408,0.0,3.56,1016
6001,xgb,1024,iterated_local_search,main,1024,budget_exhausted,xgb_boot5_sklearn_gbm_298ed22c5ccf665c,0.7930433999863453,0.5056607999722473,3,1196,1008,0.842809364548495,2,subruns\s6001_xgb_1024_iterated_local_search_main,7.958466750625019,72450d5ae85d77af,6.568163265306122,0.0,1.54,1016
6001,xgb,1024,simulated_annealing,main,1024,budget_exhausted,xgb_boot5_sklearn_gbm_298ed22c5ccf665c,1.7067604000330903,0.5930055000353605,64,1008,1008,1.0,2,subruns\s6001_xgb_1024_simulated_annealing_main,6.660106236727939,05d12b9abc29ee3a,6.375510204081633,0.0,3.76,1016
6001,xgb,1024,mutation_only_adalead,main,338,neighbors_exhausted,xgb_boot5_sklearn_gbm_298ed22c5ccf665c,0.5211704000248574,0.2018669000826776,27,416,322,0.7740384615384616,2,subruns\s6001_xgb_1024_mutation_only_adalead_main,6.469975279035789,a90cca404ed14937,2.7542857142857144,0.0,4.14,330
6001,xgb,4096,matched_seed_random_walk,main,4096,budget_exhausted,xgb_boot5_sklearn_gbm_298ed22c5ccf665c,6.326391500013415,2.06707230018219,33,4080,4080,1.0,2,subruns\s6001_xgb_4096_matched_seed_random_walk_main,9.514172229964313,fb2d7eefafbddfe9,6.9681632653061225,0.0,2.08,4088
6001,xgb,4096,multi_start_hill_climb,main,3578,local_optima,xgb_boot5_sklearn_gbm_298ed22c5ccf665c,4.896319499996025,1.8585226000286639,101,3896,3562,0.9142710472279261,2,subruns\s6001_xgb_4096_multi_start_hill_climb_main,5.303889256562342,f5bae7a3d277f0b4,6.0416326530612245,0.0,4.7,3570
6001,xgb,4096,multi_start_beam,main,4086,stagnation,xgb_boot5_sklearn_gbm_298ed22c5ccf665c,4.531657700019423,2.162257199990563,8,4653,4070,0.8747044917257684,2,subruns\s6001_xgb_4096_multi_start_beam_main,5.303889256562342,f5bae7a3d277f0b4,4.87265306122449,0.0,4.4,4078
6001,xgb,4096,mutation_only_ga,main,1283,stagnation,xgb_boot5_sklearn_gbm_298ed22c5ccf665c,2.9770459000137635,0.6866285999421962,13,1536,1267,0.8248697916666666,2,subruns\s6001_xgb_4096_mutation_only_ga_main,6.469975279035789,a90cca404ed14937,5.251428571428572,0.0,3.98,1275
6001,xgb,4096,iterated_local_search,main,4096,budget_exhausted,xgb_boot5_sklearn_gbm_298ed22c5ccf665c,3.669311799982097,2.300755899923388,9,4154,4080,0.9821858449687049,2,subruns\s6001_xgb_4096_iterated_local_search_main,5.303889256562342,f5bae7a3d277f0b4,5.81061224489796,0.0,4.62,4088
6001,xgb,4096,simulated_annealing,main,3390,max_generations,xgb_boot5_sklearn_gbm_298ed22c5ccf665c,11.724523000011686,2.329792700242251,257,3374,3374,1.0,2,subruns\s6001_xgb_4096_simulated_annealing_main,5.604845726802797,58e6933597c3d7cd,6.601632653061224,0.0,4.76,3382
6001,xgb,4096,mutation_only_adalead,main,338,neighbors_exhausted,xgb_boot5_sklearn_gbm_298ed22c5ccf665c,0.5370811999891885,0.2099305001902394,27,416,322,0.7740384615384616,2,subruns\s6001_xgb_4096_mutation_only_adalead_main,6.469975279035789,a90cca404ed14937,2.7542857142857144,0.0,4.14,330
6001,xgb,1024,matched_seed_random_walk,refit,1024,budget_exhausted,xgb_boot5_sklearn_gbm_a75f2feca30b1839,1.368992499948945,0.5695846999296919,9,1008,1008,1.0,2,subruns\s6001_xgb_1024_matched_seed_random_walk_refit,8.050788065222335,e146f7157ab0a105,7.875918367346939,0.0,1.92,1016
6001,xgb,1024,multi_start_hill_climb,refit,1024,budget_exhausted,xgb_boot5_sklearn_gbm_a75f2feca30b1839,1.260607100033667,0.5754928000387736,30,1131,1008,0.8912466843501327,2,subruns\s6001_xgb_1024_multi_start_hill_climb_refit,3.887739595259647,e480be7ec43f1c85,4.307755102040816,0.0,4.34,1016
6001,xgb,1024,multi_start_beam,refit,1024,budget_exhausted,xgb_boot5_sklearn_gbm_a75f2feca30b1839,1.1671733999974094,0.5470024000387639,5,1032,1008,0.9767441860465116,2,subruns\s6001_xgb_1024_multi_start_beam_refit,5.839336412061135,42507898259de1ba,6.597551020408163,0.0,1.94,1016
6001,xgb,1024,mutation_only_ga,refit,1024,budget_exhausted,xgb_boot5_sklearn_gbm_a75f2feca30b1839,2.1802790999645367,0.5494953998713754,12,1129,1008,0.8928255093002657,2,subruns\s6001_xgb_1024_mutation_only_ga_refit,4.044851855243058,6f071deaaa61aeca,6.97795918367347,0.0,4.04,1016
6001,xgb,1024,iterated_local_search,refit,1024,budget_exhausted,xgb_boot5_sklearn_gbm_a75f2feca30b1839,0.860444699996151,0.5540676999953575,3,1196,1008,0.842809364548495,2,subruns\s6001_xgb_1024_iterated_local_search_refit,6.140087615292406,0966dd1e7ce2b4e0,6.897142857142857,0.0,1.64,1016
6001,xgb,1024,simulated_annealing,refit,1024,budget_exhausted,xgb_boot5_sklearn_gbm_a75f2feca30b1839,1.8865723999915645,0.6452939999289811,64,1008,1008,1.0,2,subruns\s6001_xgb_1024_simulated_annealing_refit,1.502162485787173,555c4b817ada016c,5.982857142857143,0.0,4.86,1016
6001,xgb,1024,mutation_only_adalead,refit,632,neighbors_exhausted,xgb_boot5_sklearn_gbm_a75f2feca30b1839,1.1448425999842584,0.41402670013485476,45,704,616,0.875,2,subruns\s6001_xgb_1024_mutation_only_adalead_refit,6.173757158472251,1f417974c99f6506,3.3151020408163263,0.0,3.96,624
6001,rf,1024,matched_seed_random_walk,main,1024,budget_exhausted,rf300_seq303_99a193d817e646f3,1.6786011999938637,0.8838200999889523,9,1008,1008,1.0,2,subruns\s6001_rf_1024_matched_seed_random_walk_main,18.583921216804942,3b377d1892b72be4,8.524897959183674,0.0,1.94,1016
6001,rf,1024,multi_start_hill_climb,main,1024,budget_exhausted,rf300_seq303_99a193d817e646f3,2.0693271000054665,1.5024634000728838,30,1131,1008,0.8912466843501327,2,subruns\s6001_rf_1024_multi_start_hill_climb_main,17.76016620399276,2bdd98b8740e49e1,5.071020408163266,0.0,4.38,1016
6001,rf,1024,multi_start_beam,main,1024,stagnation,rf300_seq303_99a193d817e646f3,1.3397561999736354,0.7416008000145666,5,1043,1008,0.9664429530201343,2,subruns\s6001_rf_1024_multi_start_beam_main,17.722500714471956,33cd140da44f6c37,6.015510204081632,0.0,2.44,1016
6001,rf,1024,mutation_only_ga,main,1022,stagnation,rf300_seq303_99a193d817e646f3,2.5904382000444457,0.8639191999682225,11,1146,1006,0.8778359511343804,2,subruns\s6001_rf_1024_mutation_only_ga_main,17.481549864918396,196a47515286bcf0,3.907755102040816,0.0,3.82,1014
6001,rf,1024,iterated_local_search,main,1024,budget_exhausted,rf300_seq303_99a193d817e646f3,1.0854351000161842,0.7198878000490367,3,1196,1008,0.842809364548495,2,subruns\s6001_rf_1024_iterated_local_search_main,17.722500714471956,33cd140da44f6c37,7.085714285714285,0.0,1.88,1016
6001,rf,1024,simulated_annealing,main,1024,budget_exhausted,rf300_seq303_99a193d817e646f3,4.012545700010378,2.703478899959009,64,1008,1008,1.0,2,subruns\s6001_rf_1024_simulated_annealing_main,17.595737105184867,31f205873cd9da7b,6.158367346938776,0.0,4.14,1016
6001,rf,1024,mutation_only_adalead,main,1024,budget_exhausted,rf300_seq303_99a193d817e646f3,4.321778699988499,2.7327795001328923,67,1038,1008,0.9710982658959537,2,subruns\s6001_rf_1024_mutation_only_adalead_main,17.31246190779774,9ff8f0ca16fea506,3.68734693877551,0.0,4.22,1016
6001,rf,4096,matched_seed_random_walk,main,4096,budget_exhausted,rf300_seq303_99a193d817e646f3,8.394110799999908,3.4328427998698317,33,4080,4080,1.0,2,subruns\s6001_rf_4096_matched_seed_random_walk_main,18.583921216804942,3b377d1892b72be4,7.896326530612245,0.0,2.9,4088
6001,rf,4096,multi_start_hill_climb,main,4096,budget_exhausted,rf300_seq303_99a193d817e646f3,9.854670999979135,5.806888300227001,117,4520,4080,0.9026548672566371,2,subruns\s6001_rf_4096_multi_start_hill_climb_main,17.31246190779774,9ff8f0ca16fea506,4.104489795918368,0.0,4.86,4088
6001,rf,4096,multi_start_beam,main,4068,stagnation,rf300_seq303_99a193d817e646f3,4.605177099991124,2.4179776999517344,7,4444,4052,0.9117911791179117,2,subruns\s6001_rf_4096_multi_start_beam_main,17.481549864918396,196a47515286bcf0,4.463673469387755,0.0,4.2,4060
6001,rf,4096,mutation_only_ga,main,1124,stagnation,rf300_seq303_99a193d817e646f3,2.868469799985178,0.9925948000163771,11,1280,1108,0.865625,2,subruns\s6001_rf_4096_mutation_only_ga_main,17.481549864918396,196a47515286bcf0,3.9640816326530612,0.0,3.9,1116
6001,rf,4096,iterated_local_search,main,4096,budget_exhausted,rf300_seq303_99a193d817e646f3,4.001613500004169,2.6544281999231316,9,4365,4080,0.9347079037800687,2,subruns\s6001_rf_4096_iterated_local_search_main,17.31246190779774,9ff8f0ca16fea506,4.003265306122449,0.0,4.72,4088
6001,rf,4096,simulated_annealing,main,4096,budget_exhausted,rf300_seq303_99a193d817e646f3,19.50429539999459,10.263431800121907,256,4080,4080,1.0,2,subruns\s6001_rf_4096_simulated_annealing_main,17.31246190779774,9ff8f0ca16fea506,4.881632653061224,0.0,4.86,4088
6001,rf,4096,mutation_only_adalead,main,1952,neighbors_exhausted,rf300_seq303_99a193d817e646f3,9.277880200010259,5.317341599729843,129,2048,1936,0.9453125,2,subruns\s6001_rf_4096_mutation_only_adalead_main,17.31246190779774,9ff8f0ca16fea506,3.44,0.0,4.78,1944
6001,rf,1024,matched_seed_random_walk,refit,1024,budget_exhausted,rf300_seq303_ddd3921b3819f92d,1.665993000031449,0.8719449000200257,9,1008,1008,1.0,2,subruns\s6001_rf_1024_matched_seed_random_walk_refit,18.898921454030436,f63c1a57f9bf3797,8.613877551020408,0.0,2.04,1016
6001,rf,1024,multi_start_hill_climb,refit,1024,budget_exhausted,rf300_seq303_ddd3921b3819f92d,2.102765800023917,1.4892105000908487,30,1131,1008,0.8912466843501327,2,subruns\s6001_rf_1024_multi_start_hill_climb_refit,17.662944242357405,4e66cb66cc41d5d9,5.658775510204082,0.0,4.6,1016
6001,rf,1024,multi_start_beam,refit,1024,stagnation,rf300_seq303_ddd3921b3819f92d,1.286346599983517,0.6836175001226366,5,1036,1008,0.972972972972973,2,subruns\s6001_rf_1024_multi_start_beam_refit,18.575097163852416,5687634cf92ae5e9,5.688979591836735,0.0,2.1,1016
6001,rf,1024,mutation_only_ga,refit,1024,budget_exhausted,rf300_seq303_ddd3921b3819f92d,2.5943371999892406,0.9068397000664845,11,1112,1008,0.9064748201438849,2,subruns\s6001_rf_1024_mutation_only_ga_refit,17.270881185791197,744c5e135e3e89a5,3.8489795918367347,0.0,4.56,1016
6001,rf,1024,iterated_local_search,refit,1024,budget_exhausted,rf300_seq303_ddd3921b3819f92d,0.9276703000068665,0.6266899000038393,3,1196,1008,0.842809364548495,2,subruns\s6001_rf_1024_iterated_local_search_refit,18.187744851755394,33cd140da44f6c37,6.20734693877551,0.0,1.7,1016
6001,rf,1024,simulated_annealing,refit,1024,budget_exhausted,rf300_seq303_ddd3921b3819f92d,3.330611899960786,2.2287042001844384,64,1008,1008,1.0,2,subruns\s6001_rf_1024_simulated_annealing_refit,17.520008591087105,5152b90fbce510c6,5.070204081632653,0.0,4.26,1016
6001,rf,1024,mutation_only_adalead,refit,1024,budget_exhausted,rf300_seq303_ddd3921b3819f92d,3.554164800036233,2.224423199892044,66,1025,1008,0.9834146341463414,2,subruns\s6001_rf_1024_mutation_only_adalead_refit,17.21838126159007,99cd208ec992a0e8,3.266122448979592,0.0,4.8,1016
6002,xgb,1024,matched_seed_random_walk,main,1024,budget_exhausted,xgb_boot5_sklearn_gbm_8b38e051d2f5bf76,1.151890099979937,0.5099102000240237,9,1008,1008,1.0,2,subruns\s6002_xgb_1024_matched_seed_random_walk_main,10.482972275598014,d4d8c02aa74a21f0,7.771428571428571,0.0,1.88,1016
6002,xgb,1024,multi_start_hill_climb,main,1024,budget_exhausted,xgb_boot5_sklearn_gbm_8b38e051d2f5bf76,1.0608429000130855,0.4870354001177475,30,1131,1008,0.8912466843501327,2,subruns\s6002_xgb_1024_multi_start_hill_climb_main,8.852863587526306,25c37257457c0d91,4.499591836734694,0.0,4.3,1016
6002,xgb,1024,multi_start_beam,main,1021,stagnation,xgb_boot5_sklearn_gbm_8b38e051d2f5bf76,1.1412006000173278,0.5556118000531569,4,1038,1005,0.9682080924855492,2,subruns\s6002_xgb_1024_multi_start_beam_main,10.482972275598014,d4d8c02aa74a21f0,7.398367346938776,0.0,1.92,1013
6002,xgb,1024,mutation_only_ga,main,1024,budget_exhausted,xgb_boot5_sklearn_gbm_8b38e051d2f5bf76,2.1399415000341833,0.5148028001422063,12,1147,1008,0.8788142981691369,2,subruns\s6002_xgb_1024_mutation_only_ga_main,8.945038549657545,e2cee1ba37c34e80,4.46530612244898,0.0,3.48,1016
6002,xgb,1024,iterated_local_search,main,1024,budget_exhausted,xgb_boot5_sklearn_gbm_8b38e051d2f5bf76,0.8054925999604166,0.509058799885679,3,1196,1008,0.842809364548495,2,subruns\s6002_xgb_1024_iterated_local_search_main,10.482972275598014,d4d8c02aa74a21f0,7.713469387755102,0.0,1.62,1016
6002,xgb,1024,simulated_annealing,main,1024,budget_exhausted,xgb_boot5_sklearn_gbm_8b38e051d2f5bf76,1.7083124000346288,0.573387999960687,64,1008,1008,1.0,2,subruns\s6002_xgb_1024_simulated_annealing_main,9.071866799601956,0969223dfa357505,4.916734693877551,0.0,4.22,1016
6002,xgb,1024,mutation_only_adalead,main,212,neighbors_exhausted,xgb_boot5_sklearn_gbm_8b38e051d2f5bf76,0.2986405999981798,0.1131439998280257,16,240,196,0.8166666666666667,2,subruns\s6002_xgb_1024_mutation_only_adalead_main,8.665705361062157,a779d3479642ce2e,2.7518367346938777,0.0,2.76,204
6002,xgb,4096,matched_seed_random_walk,main,4096,budget_exhausted,xgb_boot5_sklearn_gbm_8b38e051d2f5bf76,6.418766200018581,2.0305041001411155,33,4080,4080,1.0,2,subruns\s6002_xgb_4096_matched_seed_random_walk_main,10.482972275598014,d4d8c02aa74a21f0,7.7975510204081635,0.0,2.32,4088
6002,xgb,4096,multi_start_hill_climb,main,3570,local_optima,xgb_boot5_sklearn_gbm_8b38e051d2f5bf76,4.773367799993139,1.8414882000070065,101,3892,3554,0.9131551901336074,2,subruns\s6002_xgb_4096_multi_start_hill_climb_main,8.852863587526306,25c37257457c0d91,4.871836734693877,0.0,4.58,3562
6002,xgb,4096,multi_start_beam,main,4064,stagnation,xgb_boot5_sklearn_gbm_8b38e051d2f5bf76,4.471005599945784,2.0325810999493115,7,4506,4048,0.8983577452285841,2,subruns\s6002_xgb_4096_multi_start_beam_main,8.255495525694924,1d2e331f7f8f0d70,6.157551020408163,0.0,4.26,4056
6002,xgb,4096,mutation_only_ga,main,1429,stagnation,xgb_boot5_sklearn_gbm_8b38e051d2f5bf76,3.39142170001287,0.7832958000362851,14,1664,1413,0.8491586538461539,2,subruns\s6002_xgb_4096_mutation_only_ga_main,8.945038549657545,e2cee1ba37c34e80,4.2759183673469385,0.0,3.72,1421
6002,xgb,4096,iterated_local_search,main,4096,budget_exhausted,xgb_boot5_sklearn_gbm_8b38e051d2f5bf76,3.5725246999645606,2.203503699915018,9,4180,4080,0.9760765550239234,2,subruns\s6002_xgb_4096_iterated_local_search_main,8.665705361062157,a779d3479642ce2e,5.093061224489796,0.0,4.4,4088
6002,xgb,4096,simulated_annealing,main,3824,max_generations,xgb_boot5_sklearn_gbm_8b38e051d2f5bf76,12.016400999971665,2.4894777996232733,257,3808,3808,1.0,2,subruns\s6002_xgb_4096_simulated_annealing_main,7.9300301843032655,7d8735f9fa4b6372,4.748571428571428,0.0,4.4,3816
6002,xgb,4096,mutation_only_adalead,main,212,neighbors_exhausted,xgb_boot5_sklearn_gbm_8b38e051d2f5bf76,0.3258516999776475,0.12782029988011345,16,240,196,0.8166666666666667,2,subruns\s6002_xgb_4096_mutation_only_adalead_main,8.665705361062157,a779d3479642ce2e,2.7518367346938777,0.0,2.76,204
6002,xgb,1024,matched_seed_random_walk,refit,1024,budget_exhausted,xgb_boot5_sklearn_gbm_0c1ce8d91672fbab,1.5112887999857776,0.5913736000075005,9,1008,1008,1.0,2,subruns\s6002_xgb_1024_matched_seed_random_walk_refit,9.82987101019872,22729d06ec951e9e,7.771428571428571,0.0,1.92,1016
6002,xgb,1024,multi_start_hill_climb,refit,1024,budget_exhausted,xgb_boot5_sklearn_gbm_0c1ce8d91672fbab,1.2437802000204101,0.6034726998768747,30,1131,1008,0.8912466843501327,2,subruns\s6002_xgb_1024_multi_start_hill_climb_refit,4.630927265572629,d64857affaeaaccf,4.501224489795918,0.0,4.8,1016
6002,xgb,1024,multi_start_beam,refit,1024,stagnation,xgb_boot5_sklearn_gbm_0c1ce8d91672fbab,1.1969743999652565,0.5614163999562152,5,1043,1008,0.9664429530201343,2,subruns\s6002_xgb_1024_multi_start_beam_refit,8.468333056073773,3de9317ed4a4b02f,7.422857142857143,0.0,2.1,1016
6002,xgb,1024,mutation_only_ga,refit,1014,stagnation,xgb_boot5_sklearn_gbm_0c1ce8d91672fbab,2.2543526999652386,0.5329166000010446,10,1114,998,0.895870736086176,2,subruns\s6002_xgb_1024_mutation_only_ga_refit,7.64122872461667,aa922ad860dcb8ad,6.258775510204082,0.0,4.02,1006
6002,xgb,1024,iterated_local_search,refit,1024,budget_exhausted,xgb_boot5_sklearn_gbm_0c1ce8d91672fbab,0.8844122999580577,0.5679460999672301,3,1196,1008,0.842809364548495,2,subruns\s6002_xgb_1024_iterated_local_search_refit,7.994693233179149,510aea6f0c4f339c,7.507755102040816,0.0,1.62,1016
6002,xgb,1024,simulated_annealing,refit,1024,budget_exhausted,xgb_boot5_sklearn_gbm_0c1ce8d91672fbab,1.9481601000297815,0.6531136998091824,66,1008,1008,1.0,2,subruns\s6002_xgb_1024_simulated_annealing_refit,6.011778763021556,6e894dc18289cb17,6.258775510204082,0.0,4.66,1016
6002,xgb,1024,mutation_only_adalead,refit,184,neighbors_exhausted,xgb_boot5_sklearn_gbm_0c1ce8d91672fbab,0.31331960001261905,0.12040349992457777,16,240,168,0.7,2,subruns\s6002_xgb_1024_mutation_only_adalead_refit,7.994693233179149,510aea6f0c4f339c,2.8244897959183675,0.0,3.22,176
6002,rf,1024,matched_seed_random_walk,main,1024,budget_exhausted,rf300_seq303_1253b54e21f8ec1d,1.7971852000337094,0.911023499967996,9,1008,1008,1.0,2,subruns\s6002_rf_1024_matched_seed_random_walk_main,17.851255584097597,94b9abd4523cd188,5.942857142857143,0.0,2.1,1016
6002,rf,1024,multi_start_hill_climb,main,1024,budget_exhausted,rf300_seq303_1253b54e21f8ec1d,2.173829699982889,1.5511047001346014,30,1131,1008,0.8912466843501327,2,subruns\s6002_rf_1024_multi_start_hill_climb_main,17.094334878711592,a80c94f507f0019d,2.8979591836734695,0.0,3.96,1016
6002,rf,1024,multi_start_beam,main,1024,budget_exhausted,rf300_seq303_1253b54e21f8ec1d,1.308866899984423,0.6997729000286199,4,1033,1008,0.9757986447241046,2,subruns\s6002_rf_1024_multi_start_beam_main,17.851255584097597,94b9abd4523cd188,4.662857142857143,0.0,1.92,1016
6002,rf,1024,mutation_only_ga,main,1023,stagnation,rf300_seq303_1253b54e21f8ec1d,2.598791800031904,0.8977431999519467,11,1133,1007,0.8887908208296558,2,subruns\s6002_rf_1024_mutation_only_ga_main,17.550079880397448,05ae1196aa401b4c,5.943673469387755,0.0,3.8,1015
6002,rf,1024,iterated_local_search,main,1024,budget_exhausted,rf300_seq303_1253b54e21f8ec1d,0.9769893000484444,0.6644939000252634,3,1193,1008,0.8449287510477788,2,subruns\s6002_rf_1024_iterated_local_search_main,17.851255584097597,94b9abd4523cd188,5.258775510204082,0.0,1.62,1016
6002,rf,1024,simulated_annealing,main,1024,budget_exhausted,rf300_seq303_1253b54e21f8ec1d,4.1024190000025555,2.7381211000028998,64,1008,1008,1.0,2,subruns\s6002_rf_1024_simulated_annealing_main,17.731617113876236,38ddc53c717e2673,6.226122448979591,0.0,4.26,1016
6002,rf,1024,mutation_only_adalead,main,1024,budget_exhausted,rf300_seq303_1253b54e21f8ec1d,4.369738099980168,2.7201777002192102,66,1028,1008,0.980544747081712,2,subruns\s6002_rf_1024_mutation_only_adalead_main,17.186791948891752,d06b7a1a6451a866,3.3812244897959185,0.0,4.28,1016
6002,rf,4096,matched_seed_random_walk,main,4096,budget_exhausted,rf300_seq303_1253b54e21f8ec1d,8.338926900003571,3.417321500077378,33,4080,4080,1.0,2,subruns\s6002_rf_4096_matched_seed_random_walk_main,17.851255584097597,94b9abd4523cd188,5.598367346938775,0.0,2.36,4088
6002,rf,4096,multi_start_hill_climb,main,4096,budget_exhausted,rf300_seq303_1253b54e21f8ec1d,10.002772099978756,5.731602300016675,118,4555,4080,0.8957189901207464,2,subruns\s6002_rf_4096_multi_start_hill_climb_main,17.094334878711592,a80c94f507f0019d,3.394285714285714,0.0,3.82,4088
6002,rf,4096,multi_start_beam,main,4094,stagnation,rf300_seq303_1253b54e21f8ec1d,4.737524199998006,2.4524182000313886,8,4597,4078,0.8871002827931259,2,subruns\s6002_rf_4096_multi_start_beam_main,17.207142003236886,d4c6d39af1a361f2,4.682448979591837,0.0,4.12,4086
6002,rf,4096,mutation_only_ga,main,2198,stagnation,rf300_seq303_1253b54e21f8ec1d,6.187567100045271,1.9331150000798516,22,2688,2182,0.8117559523809523,2,subruns\s6002_rf_4096_mutation_only_ga_main,17.094334878711592,a80c94f507f0019d,3.6228571428571428,0.0,4.08,2190
6002,rf,4096,iterated_local_search,main,4096,budget_exhausted,rf300_seq303_1253b54e21f8ec1d,3.7506593000143766,2.4571313000051305,9,4384,4080,0.9306569343065694,2,subruns\s6002_rf_4096_iterated_local_search_main,17.094334878711592,a80c94f507f0019d,3.2187755102040816,0.0,3.86,4088
6002,rf,4096,simulated_annealing,main,4095,max_generations,rf300_seq303_1253b54e21f8ec1d,19.584578500012867,10.321825399587397,257,4079,4079,1.0,2,subruns\s6002_rf_4096_simulated_annealing_main,17.094334878711592,a80c94f507f0019d,3.639183673469388,0.0,4.12,4087
6002,rf,4096,mutation_only_adalead,main,1968,neighbors_exhausted,rf300_seq303_1253b54e21f8ec1d,9.33572600001935,5.328827900637407,130,2064,1952,0.9457364341085271,2,subruns\s6002_rf_4096_mutation_only_adalead_main,17.094334878711592,a80c94f507f0019d,3.5975510204081633,0.0,3.94,1960
6002,rf,1024,matched_seed_random_walk,refit,1024,budget_exhausted,rf300_seq303_3ff3251529d9a1e9,1.6434753999928944,0.8137936999555677,9,1008,1008,1.0,2,subruns\s6002_rf_1024_matched_seed_random_walk_refit,17.970253086689755,94b9abd4523cd188,5.667755102040816,0.0,2.0,1016
6002,rf,1024,multi_start_hill_climb,refit,1024,budget_exhausted,rf300_seq303_3ff3251529d9a1e9,2.0627242000191472,1.48286430031294,30,1131,1008,0.8912466843501327,2,subruns\s6002_rf_1024_multi_start_hill_climb_refit,17.480714360271104,2b481c352e1cf820,4.027755102040817,0.0,3.92,1016
6002,rf,1024,multi_start_beam,refit,1021,stagnation,rf300_seq303_3ff3251529d9a1e9,1.268499800004065,0.6846891000750475,4,1037,1005,0.9691417550626809,2,subruns\s6002_rf_1024_multi_start_beam_refit,18.14045760649485,61342a856d738002,6.63265306122449,0.0,2.0,1013
6002,rf,1024,mutation_only_ga,refit,991,stagnation,rf300_seq303_3ff3251529d9a1e9,2.391753699979745,0.8351055999519303,10,1131,975,0.8620689655172413,2,subruns\s6002_rf_1024_mutation_only_ga_refit,17.458257318338436,600803db754669c4,3.6383673469387756,0.0,3.32,983
6002,rf,1024,iterated_local_search,refit,1024,budget_exhausted,rf300_seq303_3ff3251529d9a1e9,0.7828947000089101,0.531790400040336,3,1161,1008,0.8682170542635659,2,subruns\s6002_rf_1024_iterated_local_search_refit,17.67631384640587,580e60a86906e6e0,6.01795918367347,0.0,1.64,1016
6002,rf,1024,simulated_annealing,refit,1024,budget_exhausted,rf300_seq303_3ff3251529d9a1e9,3.2403931000153534,2.139511500194203,64,1008,1008,1.0,2,subruns\s6002_rf_1024_simulated_annealing_refit,17.907802032001275,631823482fd49095,6.116734693877551,0.0,4.86,1016
6002,rf,1024,mutation_only_adalead,refit,1024,budget_exhausted,rf300_seq303_3ff3251529d9a1e9,3.6280864999862388,2.2447516000829637,66,1028,1008,0.980544747081712,2,subruns\s6002_rf_1024_mutation_only_adalead_refit,17.498888297269414,4e5f3fb412578e9e,3.5453061224489795,0.0,4.0,1016
6003,xgb,1024,matched_seed_random_walk,main,1024,budget_exhausted,xgb_boot5_sklearn_gbm_a712f8739056af4c,1.0421166999731213,0.4649640999850817,9,1008,1008,1.0,2,subruns\s6003_xgb_1024_matched_seed_random_walk_main,10.73932503667273,1e4655bb063d6502,7.055510204081632,0.0,1.92,1016
6003,xgb,1024,multi_start_hill_climb,main,1024,budget_exhausted,xgb_boot5_sklearn_gbm_a712f8739056af4c,0.9812350000138395,0.5106464999262244,29,1092,1008,0.9230769230769231,2,subruns\s6003_xgb_1024_multi_start_hill_climb_main,8.004565929282242,393e019e7b34c533,4.428571428571429,0.0,4.38,1016
6003,xgb,1024,multi_start_beam,main,1024,stagnation,xgb_boot5_sklearn_gbm_a712f8739056af4c,1.0101005000178702,0.4859401999274269,5,1038,1008,0.9710982658959537,2,subruns\s6003_xgb_1024_multi_start_beam_main,9.12141848027333,6aa634239decf7cd,6.353469387755102,0.0,2.06,1016
6003,xgb,1024,mutation_only_ga,main,1024,budget_exhausted,xgb_boot5_sklearn_gbm_a712f8739056af4c,1.8712390000000596,0.4891478000790812,12,1157,1008,0.8712186689714779,2,subruns\s6003_xgb_1024_mutation_only_ga_main,8.383574288065997,4eb865758f08efef,4.304489795918367,0.0,4.04,1016
6003,xgb,1024,iterated_local_search,main,1024,budget_exhausted,xgb_boot5_sklearn_gbm_a712f8739056af4c,0.7329875000286847,0.429204199986998,3,1196,1008,0.842809364548495,2,subruns\s6003_xgb_1024_iterated_local_search_main,9.12141848027333,6aa634239decf7cd,5.633469387755102,0.0,1.56,1016
6003,xgb,1024,simulated_annealing,main,1024,budget_exhausted,xgb_boot5_sklearn_gbm_a712f8739056af4c,1.658002900017891,0.5650657000369392,64,1008,1008,1.0,2,subruns\s6003_xgb_1024_simulated_annealing_main,8.608381203061285,cac0d1371650b5a1,6.645714285714286,0.0,3.98,1016
6003,xgb,1024,mutation_only_adalead,main,517,neighbors_exhausted,xgb_boot5_sklearn_gbm_a712f8739056af4c,0.8004310000105761,0.29310239979531616,40,624,501,0.8028846153846154,2,subruns\s6003_xgb_1024_mutation_only_adalead_main,8.19996914861309,0ae2bd1997727620,3.6130612244897957,0.0,4.08,509
6003,xgb,4096,matched_seed_random_walk,main,4096,budget_exhausted,xgb_boot5_sklearn_gbm_a712f8739056af4c,5.763050800014753,1.8674904000363313,33,4080,4080,1.0,2,subruns\s6003_xgb_4096_matched_seed_random_walk_main,10.73932503667273,1e4655bb063d6502,6.169795918367347,0.0,2.46,4088
6003,xgb,4096,multi_start_hill_climb,main,4096,budget_exhausted,xgb_boot5_sklearn_gbm_a712f8739056af4c,5.6410355000407435,2.0099117003264837,116,4481,4080,0.9105110466413747,2,subruns\s6003_xgb_4096_multi_start_hill_climb_main,8.004565929282242,393e019e7b34c533,6.115102040816327,0.0,4.5,4088
6003,xgb,4096,multi_start_beam,main,4061,stagnation,xgb_boot5_sklearn_gbm_a712f8739056af4c,3.591878100007307,1.7698303000070155,7,4570,4045,0.8851203501094091,2,subruns\s6003_xgb_4096_multi_start_beam_main,8.34037236039822,bf2e9aae1bfd04b6,4.03265306122449,0.0,3.74,4053
6003,xgb,4096,mutation_only_ga,main,1472,stagnation,xgb_boot5_sklearn_gbm_a712f8739056af4c,2.8863468000199646,0.7091102000558749,15,1792,1456,0.8125,2,subruns\s6003_xgb_4096_mutation_only_ga_main,8.19996914861309,0ae2bd1997727620,3.83265306122449,0.0,4.16,1464
6003,xgb,4096,iterated_local_search,main,4096,budget_exhausted,xgb_boot5_sklearn_gbm_a712f8739056af4c,2.74995820003096,1.7219599000527523,9,4374,4080,0.9327846364883402,2,subruns\s6003_xgb_4096_iterated_local_search_main,8.004565929282242,393e019e7b34c533,6.119183673469387,0.0,4.46,4088
6003,xgb,4096,simulated_annealing,main,3633,max_generations,xgb_boot5_sklearn_gbm_a712f8739056af4c,9.75322769995546,1.9899375001550652,257,3619,3617,0.9994473611494888,2,subruns\s6003_xgb_4096_simulated_annealing_main,7.729915288824384,9c25b923119612d8,5.466938775510204,0.0,4.6,3625
6003,xgb,4096,mutation_only_adalead,main,517,neighbors_exhausted,xgb_boot5_sklearn_gbm_a712f8739056af4c,0.7765705999918282,0.28121290024137124,40,624,501,0.8028846153846154,2,subruns\s6003_xgb_4096_mutation_only_adalead_main,8.19996914861309,0ae2bd1997727620,3.6130612244897957,0.0,4.08,509
6003,xgb,1024,matched_seed_random_walk,refit,1024,budget_exhausted,xgb_boot5_sklearn_gbm_f606b95bda32eeae,1.0974429000052623,0.49724149995017797,9,1008,1008,1.0,2,subruns\s6003_xgb_1024_matched_seed_random_walk_refit,12.053021696844944,ea5929246903178e,7.36734693877551,0.0,1.82,1016
6003,xgb,1024,multi_start_hill_climb,refit,1024,budget_exhausted,xgb_boot5_sklearn_gbm_f606b95bda32eeae,1.2763684000237845,0.5268078999361023,30,1131,1008,0.8912466843501327,2,subruns\s6003_xgb_1024_multi_start_hill_climb_refit,7.159357816439043,e9801daac3d65efe,3.660408163265306,0.0,4.46,1016
6003,xgb,1024,multi_start_beam,refit,1024,stagnation,xgb_boot5_sklearn_gbm_f606b95bda32eeae,1.039458499988541,0.49083630001405254,5,1033,1008,0.9757986447241046,2,subruns\s6003_xgb_1024_multi_start_beam_refit,9.543908442287075,b88c4569643c79e4,5.544489795918367,0.0,2.08,1016
6003,xgb,1024,mutation_only_ga,refit,1023,stagnation,xgb_boot5_sklearn_gbm_f606b95bda32eeae,1.8909795000217855,0.4629689999856055,11,1140,1007,0.8833333333333333,2,subruns\s6003_xgb_1024_mutation_only_ga_refit,8.042434753117197,b21598ef890ef7ba,3.853877551020408,0.0,4.28,1015
6003,xgb,1024,iterated_local_search,refit,1024,budget_exhausted,xgb_boot5_sklearn_gbm_f606b95bda32eeae,0.8629959000390954,0.5477387999999337,3,1196,1008,0.842809364548495,2,subruns\s6003_xgb_1024_iterated_local_search_refit,8.608502422853938,2a5f5f82c73ca461,5.841632653061224,0.0,1.82,1016
6003,xgb,1024,simulated_annealing,refit,1024,budget_exhausted,xgb_boot5_sklearn_gbm_f606b95bda32eeae,2.157447600038722,0.7572671001544222,64,1008,1008,1.0,2,subruns\s6003_xgb_1024_simulated_annealing_refit,8.144982784007501,82b6f8af9801f548,5.14530612244898,0.0,4.64,1016
6003,xgb,1024,mutation_only_adalead,refit,317,neighbors_exhausted,xgb_boot5_sklearn_gbm_f606b95bda32eeae,0.7302212999784388,0.26337589998729527,25,384,301,0.7838541666666666,2,subruns\s6003_xgb_1024_mutation_only_adalead_refit,7.159357816439043,e9801daac3d65efe,3.1061224489795918,0.0,4.18,309
6003,rf,1024,matched_seed_random_walk,main,1024,budget_exhausted,rf300_seq303_2b4079061fe3f624,1.8701393000083044,0.9857150001334958,9,1008,1008,1.0,2,subruns\s6003_rf_1024_matched_seed_random_walk_main,17.280062873406543,7b73066212327c32,6.932244897959183,0.0,1.78,1016
6003,rf,1024,multi_start_hill_climb,main,1024,budget_exhausted,rf300_seq303_2b4079061fe3f624,1.8002199999755248,1.3062921998789534,30,1131,1008,0.8912466843501327,2,subruns\s6003_rf_1024_multi_start_hill_climb_main,16.94191879763204,5ed6fd602bbff6dc,4.285714285714286,0.0,3.14,1016
6003,rf,1024,multi_start_beam,main,1023,stagnation,rf300_seq303_2b4079061fe3f624,1.0519531999598257,0.5577116999775171,4,1039,1007,0.9692011549566891,2,subruns\s6003_rf_1024_multi_start_beam_main,17.280062873406543,38ce75cbb4de36eb,4.896326530612245,0.0,1.84,1015
6003,rf,1024,mutation_only_ga,main,918,stagnation,rf300_seq303_2b4079061fe3f624,1.9817998000071384,0.6721230999100953,9,1024,902,0.880859375,2,subruns\s6003_rf_1024_mutation_only_ga_main,16.94191879763204,5ed6fd602bbff6dc,3.3257142857142856,0.0,3.24,910
6003,rf,1024,iterated_local_search,main,1024,budget_exhausted,rf300_seq303_2b4079061fe3f624,0.8005540000158362,0.5644945999374613,3,1193,1008,0.8449287510477788,2,subruns\s6003_rf_1024_iterated_local_search_main,17.24392348032328,ebb8d9e5d08611f6,5.91265306122449,0.0,1.52,1016
6003,rf,1024,simulated_annealing,main,1024,budget_exhausted,rf300_seq303_2b4079061fe3f624,3.1977283000014722,2.1144392999703996,64,1008,1008,1.0,2,subruns\s6003_rf_1024_simulated_annealing_main,16.94191879763204,eefa182ce4770bab,6.844897959183673,0.0,3.9,1016
6003,rf,1024,mutation_only_adalead,main,1024,budget_exhausted,rf300_seq303_2b4079061fe3f624,3.8468648999696597,2.383329599921126,65,1019,1008,0.9892051030421982,2,subruns\s6003_rf_1024_mutation_only_adalead_main,16.94191879763204,5ed6fd602bbff6dc,3.229387755102041,0.0,3.62,1016
6003,rf,4096,matched_seed_random_walk,main,4096,budget_exhausted,rf300_seq303_2b4079061fe3f624,7.0101536999573,2.851893100189045,33,4080,4080,1.0,2,subruns\s6003_rf_4096_matched_seed_random_walk_main,17.280062873406543,7b73066212327c32,6.419591836734694,0.0,2.08,4088
6003,rf,4096,multi_start_hill_climb,main,4096,budget_exhausted,rf300_seq303_2b4079061fe3f624,8.414571999979671,4.923323500610422,118,4551,4080,0.8965062623599209,2,subruns\s6003_rf_4096_multi_start_hill_climb_main,16.89925463768493,1da6256f675e370a,3.8620408163265307,0.0,3.34,4088
6003,rf,4096,multi_start_beam,main,3229,stagnation,rf300_seq303_2b4079061fe3f624,2.9604535999824293,1.59045249997871,5,3584,3213,0.896484375,2,subruns\s6003_rf_4096_multi_start_beam_main,16.94191879763204,5ed6fd602bbff6dc,3.7510204081632654,0.0,3.42,3221
6003,rf,4096,mutation_only_ga,main,918,stagnation,rf300_seq303_2b4079061fe3f624,1.9995608000317588,0.6681958000408486,9,1024,902,0.880859375,2,subruns\s6003_rf_4096_mutation_only_ga_main,16.94191879763204,5ed6fd602bbff6dc,3.3257142857142856,0.0,3.24,910
6003,rf,4096,iterated_local_search,main,4096,budget_exhausted,rf300_seq303_2b4079061fe3f624,3.2198349999962375,2.0878268000669777,9,4383,4080,0.9308692676249144,2,subruns\s6003_rf_4096_iterated_local_search_main,16.89925463768493,1da6256f675e370a,4.224489795918367,0.0,3.08,4088
6003,rf,4096,simulated_annealing,main,4096,budget_exhausted,rf300_seq303_2b4079061fe3f624,16.602447600045707,8.62836660008179,256,4080,4080,1.0,2,subruns\s6003_rf_4096_simulated_annealing_main,16.89925463768493,1da6256f675e370a,3.676734693877551,0.0,3.36,4088
6003,rf,4096,mutation_only_adalead,main,1790,neighbors_exhausted,rf300_seq303_2b4079061fe3f624,7.180010400013998,4.026207000017166,121,1920,1774,0.9239583333333333,2,subruns\s6003_rf_4096_mutation_only_adalead_main,16.89925463768493,1da6256f675e370a,3.9379591836734695,0.0,3.52,1782
6003,rf,1024,matched_seed_random_walk,refit,1024,budget_exhausted,rf300_seq303_c808bceb0f068230,1.337055500014685,0.7135290999431163,9,1008,1008,1.0,2,subruns\s6003_rf_1024_matched_seed_random_walk_refit,17.420626682061847,7b73066212327c32,6.699591836734694,0.0,1.74,1016
6003,rf,1024,multi_start_hill_climb,refit,1024,budget_exhausted,rf300_seq303_c808bceb0f068230,1.7428073000046425,1.2305606001173146,30,1131,1008,0.8912466843501327,2,subruns\s6003_rf_1024_multi_start_hill_climb_refit,17.253578541507522,00bcc1b86426c134,3.493061224489796,0.0,3.48,1016
6003,rf,1024,multi_start_beam,refit,1024,stagnation,rf300_seq303_c808bceb0f068230,1.1070213000057265,0.5702843999606557,5,1046,1008,0.9636711281070746,2,subruns\s6003_rf_1024_multi_start_beam_refit,17.49802431332726,f404844882d9d995,5.350204081632653,0.0,1.92,1016
6003,rf,1024,mutation_only_ga,refit,1024,stagnation,rf300_seq303_c808bceb0f068230,2.3072086999891326,0.7928492000210099,13,1181,1008,0.8535139712108383,2,subruns\s6003_rf_1024_mutation_only_ga_refit,17.32862472734259,b2423aa3a9be5e62,3.866122448979592,0.0,3.2,1016
6003,rf,1024,iterated_local_search,refit,1024,budget_exhausted,rf300_seq303_c808bceb0f068230,0.8097330000018701,0.5402158000506461,3,1196,1008,0.842809364548495,2,subruns\s6003_rf_1024_iterated_local_search_refit,17.420626682061847,38ce75cbb4de36eb,5.92,0.0,1.56,1016
6003,rf,1024,simulated_annealing,refit,1024,budget_exhausted,rf300_seq303_c808bceb0f068230,3.2313157999888062,2.1345743000274524,64,1008,1008,1.0,2,subruns\s6003_rf_1024_simulated_annealing_refit,17.633297069447817,c3435909d74648f0,5.7338775510204085,0.0,3.46,1016
6003,rf,1024,mutation_only_adalead,refit,1024,budget_exhausted,rf300_seq303_c808bceb0f068230,3.6236931000021286,2.2606898001977243,66,1026,1008,0.9824561403508771,2,subruns\s6003_rf_1024_mutation_only_adalead_refit,17.253578541507522,00bcc1b86426c134,3.5151020408163265,0.0,3.72,1016
6004,xgb,1024,matched_seed_random_walk,main,1024,budget_exhausted,xgb_boot5_sklearn_gbm_aba0a5d6804b9729,1.0686095000128262,0.4687381000840105,9,1008,1008,1.0,2,subruns\s6004_xgb_1024_matched_seed_random_walk_main,10.511021766583946,004b48ad7d648ef5,6.884081632653062,0.0,1.7,1016
6004,xgb,1024,multi_start_hill_climb,main,1024,budget_exhausted,xgb_boot5_sklearn_gbm_aba0a5d6804b9729,0.9976224999991246,0.49487459991360083,30,1131,1008,0.8912466843501327,2,subruns\s6004_xgb_1024_multi_start_hill_climb_main,4.090929787271998,e6758b0b878e1aab,4.815510204081632,0.0,4.34,1016
6004,xgb,1024,multi_start_beam,main,1024,budget_exhausted,xgb_boot5_sklearn_gbm_aba0a5d6804b9729,0.9344840999692678,0.4474494000314735,4,1032,1008,0.9767441860465116,2,subruns\s6004_xgb_1024_multi_start_beam_main,4.96545582550757,ab19534818556c39,7.031020408163266,0.0,2.02,1016
6004,xgb,1024,mutation_only_ga,main,1022,stagnation,xgb_boot5_sklearn_gbm_aba0a5d6804b9729,1.9042904000380076,0.4829780000145547,11,1096,1006,0.9178832116788321,2,subruns\s6004_xgb_1024_mutation_only_ga_main,4.625803425909052,c3c27518937e7a47,4.60734693877551,0.0,4.06,1014
6004,xgb,1024,iterated_local_search,main,1024,budget_exhausted,xgb_boot5_sklearn_gbm_aba0a5d6804b9729,0.7117767999880016,0.45562070002779365,3,1196,1008,0.842809364548495,2,subruns\s6004_xgb_1024_iterated_local_search_main,6.776954410380751,27f4260bd8a760a5,6.954285714285715,0.0,1.7,1016
6004,xgb,1024,simulated_annealing,main,1024,budget_exhausted,xgb_boot5_sklearn_gbm_aba0a5d6804b9729,1.5869100999552757,0.5404957002028823,64,1008,1008,1.0,2,subruns\s6004_xgb_1024_simulated_annealing_main,5.287484746344052,4f2c2cba19261249,6.198367346938776,0.0,4.62,1016
6004,xgb,1024,mutation_only_adalead,main,458,neighbors_exhausted,xgb_boot5_sklearn_gbm_aba0a5d6804b9729,0.7044377999845892,0.2663998001953587,35,544,442,0.8125,2,subruns\s6004_xgb_1024_mutation_only_adalead_main,5.477628104886193,f28187301a13d2d1,2.9616326530612245,0.0,4.72,450
6004,xgb,4096,matched_seed_random_walk,main,4096,budget_exhausted,xgb_boot5_sklearn_gbm_aba0a5d6804b9729,5.820467600016855,1.888664799858816,33,4080,4080,1.0,2,subruns\s6004_xgb_4096_matched_seed_random_walk_main,7.083604535812478,d664ee174867ac17,7.356734693877551,0.0,2.1,4088
6004,xgb,4096,multi_start_hill_climb,main,3817,local_optima,xgb_boot5_sklearn_gbm_aba0a5d6804b9729,5.0420935999718495,1.8575906999758445,108,4161,3801,0.9134823359769286,2,subruns\s6004_xgb_4096_multi_start_hill_climb_main,3.9298595357061314,a3e7e697f7ecc757,5.391020408163265,0.0,4.56,3809
6004,xgb,4096,multi_start_beam,main,4062,stagnation,xgb_boot5_sklearn_gbm_aba0a5d6804b9729,3.6554769999929704,1.7689163999748416,7,4538,4046,0.8915821947994711,2,subruns\s6004_xgb_4096_multi_start_beam_main,3.9298595357061314,a3e7e697f7ecc757,4.7877551020408164,0.0,4.36,4054
6004,xgb,4096,mutation_only_ga,main,1164,stagnation,xgb_boot5_sklearn_gbm_aba0a5d6804b9729,2.143935900006909,0.5486654998967424,11,1280,1148,0.896875,2,subruns\s6004_xgb_4096_mutation_only_ga_main,4.625803425909052,c3c27518937e7a47,4.069387755102041,0.0,4.32,1156
6004,xgb,4096,iterated_local_search,main,4096,budget_exhausted,xgb_boot5_sklearn_gbm_aba0a5d6804b9729,2.824629799986724,1.6915165999671444,9,4153,4080,0.9824223452925596,2,subruns\s6004_xgb_4096_iterated_local_search_main,3.9298595357061314,a3e7e697f7ecc757,4.833469387755102,0.0,4.36,4088
6004,xgb,4096,simulated_annealing,main,3698,max_generations,xgb_boot5_sklearn_gbm_aba0a5d6804b9729,9.835173800005578,2.0167256999993697,257,3683,3682,0.9997284822155851,2,subruns\s6004_xgb_4096_simulated_annealing_main,4.090929787271998,e6758b0b878e1aab,4.9583673469387755,0.0,4.78,3690
6004,xgb,4096,mutation_only_adalead,main,458,neighbors_exhausted,xgb_boot5_sklearn_gbm_aba0a5d6804b9729,0.7009697000030428,0.257332700304687,35,544,442,0.8125,2,subruns\s6004_xgb_4096_mutation_only_adalead_main,5.477628104886193,f28187301a13d2d1,2.9616326530612245,0.0,4.72,450
6004,xgb,1024,matched_seed_random_walk,refit,1024,budget_exhausted,xgb_boot5_sklearn_gbm_427fc0a942abb784,1.295620399992913,0.4618856000015512,9,1008,1008,1.0,2,subruns\s6004_xgb_1024_matched_seed_random_walk_refit,9.699758155171361,62c69cab85988ba7,6.591020408163265,0.0,1.74,1016
6004,xgb,1024,multi_start_hill_climb,refit,1024,budget_exhausted,xgb_boot5_sklearn_gbm_427fc0a942abb784,1.0865164999850094,0.5380342002026737,30,1131,1008,0.8912466843501327,2,subruns\s6004_xgb_1024_multi_start_hill_climb_refit,5.103125898986766,9811205a65dca046,4.163265306122449,0.0,4.7,1016
6004,xgb,1024,multi_start_beam,refit,1024,stagnation,xgb_boot5_sklearn_gbm_427fc0a942abb784,0.9406719999969937,0.4591453999746591,5,1043,1008,0.9664429530201343,2,subruns\s6004_xgb_1024_multi_start_beam_refit,7.60837815912453,a75187780c5b2cc3,5.919183673469388,0.0,1.92,1016
6004,xgb,1024,mutation_only_ga,refit,1024,budget_exhausted,xgb_boot5_sklearn_gbm_427fc0a942abb784,2.218170599953737,0.5360833999584429,12,1146,1008,0.8795811518324608,2,subruns\s6004_xgb_1024_mutation_only_ga_refit,5.660952914068042,de80f963d4140a24,4.08,0.0,3.62,1016
6004,xgb,1024,iterated_local_search,refit,1024,budget_exhausted,xgb_boot5_sklearn_gbm_427fc0a942abb784,0.9811890000128187,0.611820499994792,3,1193,1008,0.8449287510477788,2,subruns\s6004_xgb_1024_iterated_local_search_refit,8.412931791854346,0af620b96438c6ca,5.76,0.0,1.62,1016
6004,xgb,1024,simulated_annealing,refit,1024,budget_exhausted,xgb_boot5_sklearn_gbm_427fc0a942abb784,2.1559608000097796,0.738118400098756,64,1008,1008,1.0,2,subruns\s6004_xgb_1024_simulated_annealing_refit,6.8236401805398925,2e84f9547a4488b8,5.984489795918368,0.0,4.74,1016
6004,xgb,1024,mutation_only_adalead,refit,343,neighbors_exhausted,xgb_boot5_sklearn_gbm_427fc0a942abb784,0.6634182999841869,0.25856840005144477,26,400,327,0.8175,2,subruns\s6004_xgb_1024_mutation_only_adalead_refit,5.660952914068042,de80f963d4140a24,2.7142857142857144,0.0,4.64,335
6004,rf,1024,matched_seed_random_walk,main,1024,budget_exhausted,rf300_seq303_78880a23a181b4a0,1.5937773000332527,0.8551521998015232,9,1008,1008,1.0,2,subruns\s6004_rf_1024_matched_seed_random_walk_main,18.671226029126093,3b1fc7a1745d70e7,7.484897959183673,0.0,1.94,1016
6004,rf,1024,multi_start_hill_climb,main,1024,budget_exhausted,rf300_seq303_78880a23a181b4a0,1.7200341999996454,1.2152904001413845,30,1131,1008,0.8912466843501327,2,subruns\s6004_rf_1024_multi_start_hill_climb_main,17.23650003014856,a1ac8a7fd60dd4b0,2.789387755102041,0.0,4.26,1016
6004,rf,1024,multi_start_beam,main,1024,budget_exhausted,rf300_seq303_78880a23a181b4a0,1.1167921000160277,0.6217913999571465,5,1034,1008,0.9748549323017408,2,subruns\s6004_rf_1024_multi_start_beam_main,18.301878728311014,6648b338e24b6f1e,7.688163265306122,0.0,1.96,1016
6004,rf,1024,mutation_only_ga,main,1024,budget_exhausted,rf300_seq303_78880a23a181b4a0,2.207266899989918,0.8411290999501944,12,1119,1008,0.900804289544236,2,subruns\s6004_rf_1024_mutation_only_ga_main,17.675435059500753,4aefa7ee42c1a144,4.656326530612245,0.0,4.06,1016
6004,rf,1024,iterated_local_search,main,1024,budget_exhausted,rf300_seq303_78880a23a181b4a0,0.7989632000098936,0.5522938000503927,3,1196,1008,0.842809364548495,2,subruns\s6004_rf_1024_iterated_local_search_main,18.07526711677657,b1882449f00cbd8f,6.50530612244898,0.0,1.64,1016
6004,rf,1024,simulated_annealing,main,1024,budget_exhausted,rf300_seq303_78880a23a181b4a0,3.2468264999915846,2.16927090001991,64,1008,1008,1.0,2,subruns\s6004_rf_1024_simulated_annealing_main,17.744681012318853,dd355f67246ff1db,7.257142857142857,0.0,4.42,1016
6004,rf,1024,mutation_only_adalead,main,1024,budget_exhausted,rf300_seq303_78880a23a181b4a0,4.1513982999604195,2.5542036001570523,67,1032,1008,0.9767441860465116,2,subruns\s6004_rf_1024_mutation_only_adalead_main,17.39631674396267,ebcb52a0ca97a18b,4.741224489795918,0.0,4.12,1016
6004,rf,4096,matched_seed_random_walk,main,4096,budget_exhausted,rf300_seq303_78880a23a181b4a0,6.781792699999642,2.718331499840133,33,4080,4080,1.0,2,subruns\s6004_rf_4096_matched_seed_random_walk_main,18.671226029126093,3b1fc7a1745d70e7,7.106938775510204,0.0,2.72,4088
6004,rf,4096,multi_start_hill_climb,main,4096,budget_exhausted,rf300_seq303_78880a23a181b4a0,8.518937200016808,4.930555500031915,117,4516,4080,0.9034543844109831,2,subruns\s6004_rf_4096_multi_start_hill_climb_main,17.227992737321255,12e0b5619189c929,3.388571428571429,0.0,3.74,4088
6004,rf,4096,multi_start_beam,main,4096,stagnation,rf300_seq303_78880a23a181b4a0,3.9370345000061207,2.06522899994161,8,4474,4080,0.9119356280733125,2,subruns\s6004_rf_4096_multi_start_beam_main,17.227992737321255,12e0b5619189c929,3.6644897959183673,0.0,3.24,4088
6004,rf,4096,mutation_only_ga,main,2013,stagnation,rf300_seq303_78880a23a181b4a0,4.552746800007299,1.4279539998969994,19,2304,1997,0.8667534722222222,2,subruns\s6004_rf_4096_mutation_only_ga_main,17.319792916453213,e9f598350c5fa799,3.789387755102041,0.0,3.64,2005
6004,rf,4096,iterated_local_search,main,4096,budget_exhausted,rf300_seq303_78880a23a181b4a0,3.1565323999966495,2.0833179999608546,9,4208,4080,0.9695817490494296,2,subruns\s6004_rf_4096_iterated_local_search_main,17.227992737321255,12e0b5619189c929,3.6489795918367345,0.0,3.68,4088
6004,rf,4096,simulated_annealing,main,4096,budget_exhausted,rf300_seq303_78880a23a181b4a0,16.748185700038448,8.747574200155213,256,4080,4080,1.0,2,subruns\s6004_rf_4096_simulated_annealing_main,17.299390508649715,95aa81e450abcff8,4.631836734693877,0.0,4.44,4088
6004,rf,4096,mutation_only_adalead,main,2234,neighbors_exhausted,rf300_seq303_78880a23a181b4a0,8.76965770003153,4.865758300118614,147,2336,2218,0.949486301369863,2,subruns\s6004_rf_4096_mutation_only_adalead_main,17.359525676687667,bf07a7faa690fd97,2.9036734693877553,0.0,4.36,2226
6004,rf,1024,matched_seed_random_walk,refit,1024,budget_exhausted,rf300_seq303_3ac57386c8d1de65,1.4390025000320747,0.7076195000554435,9,1008,1008,1.0,2,subruns\s6004_rf_1024_matched_seed_random_walk_refit,19.17537025583629,62c69cab85988ba7,7.197551020408163,0.0,1.96,1016
6004,rf,1024,multi_start_hill_climb,refit,1024,budget_exhausted,rf300_seq303_3ac57386c8d1de65,1.7720693000010215,1.258692399947904,30,1131,1008,0.8912466843501327,2,subruns\s6004_rf_1024_multi_start_hill_climb_refit,17.669183398248848,d362328834083bc9,2.8187755102040817,0.0,4.3,1016
6004,rf,1024,multi_start_beam,refit,1024,stagnation,rf300_seq303_3ac57386c8d1de65,1.1143972999998368,0.5958088000770658,5,1043,1008,0.9664429530201343,2,subruns\s6004_rf_1024_multi_start_beam_refit,18.63094233951384,19c45da6fe7ac1ef,7.0,0.0,2.14,1016
6004,rf,1024,mutation_only_ga,refit,1024,stagnation,rf300_seq303_3ac57386c8d1de65,2.2772624000208452,0.8397164000198245,13,1117,1008,0.9024171888988362,2,subruns\s6004_rf_1024_mutation_only_ga_refit,17.810402708611456,274981972bb30d25,4.588571428571429,0.0,3.52,1016
6004,rf,1024,iterated_local_search,refit,1024,budget_exhausted,rf300_seq303_3ac57386c8d1de65,0.805528900003992,0.5530878999852575,3,1196,1008,0.842809364548495,2,subruns\s6004_rf_1024_iterated_local_search_refit,18.59662588993025,b1882449f00cbd8f,6.035918367346939,0.0,1.6,1016
6004,rf,1024,simulated_annealing,refit,1024,budget_exhausted,rf300_seq303_3ac57386c8d1de65,3.3764359999913722,2.2785021002637222,64,1008,1008,1.0,2,subruns\s6004_rf_1024_simulated_annealing_refit,17.977480858881513,58718137b0912166,6.107755102040817,0.0,4.62,1016
6004,rf,1024,mutation_only_adalead,refit,1024,budget_exhausted,rf300_seq303_3ac57386c8d1de65,3.5267219000379555,2.2195924001862295,66,1028,1008,0.980544747081712,2,subruns\s6004_rf_1024_mutation_only_adalead_refit,17.636807490317093,04092414208b39a8,3.125714285714286,0.0,4.64,1016
6005,xgb,1024,matched_seed_random_walk,main,1024,budget_exhausted,xgb_boot5_sklearn_gbm_2d2b80d1755afc2d,1.1583863999694586,0.4851817998569459,9,1008,1008,1.0,2,subruns\s6005_xgb_1024_matched_seed_random_walk_main,7.602122229038822,f96f2ff94de1f1d1,6.572244897959184,0.0,1.94,1016
6005,xgb,1024,multi_start_hill_climb,main,1024,budget_exhausted,xgb_boot5_sklearn_gbm_2d2b80d1755afc2d,1.002544300048612,0.49725469981785864,30,1131,1008,0.8912466843501327,2,subruns\s6005_xgb_1024_multi_start_hill_climb_main,5.351012802678312,5f8337ca4508a7a6,5.231836734693878,0.0,3.68,1016
6005,xgb,1024,multi_start_beam,main,1024,budget_exhausted,xgb_boot5_sklearn_gbm_2d2b80d1755afc2d,0.9818043999839574,0.4434296000399627,6,1043,1008,0.9664429530201343,2,subruns\s6005_xgb_1024_multi_start_beam_main,5.884451299289329,d9d7e535a6392c8a,5.2,0.0,1.78,1016
6005,xgb,1024,mutation_only_ga,main,1024,stagnation,xgb_boot5_sklearn_gbm_2d2b80d1755afc2d,2.0047760999877937,0.4608680000528693,12,1174,1008,0.858603066439523,2,subruns\s6005_xgb_1024_mutation_only_ga_main,4.649080216611611,fc9f636514eb79a0,5.37469387755102,0.0,3.32,1016
6005,xgb,1024,iterated_local_search,main,1024,budget_exhausted,xgb_boot5_sklearn_gbm_2d2b80d1755afc2d,0.7212826000177301,0.4538956999895163,3,1196,1008,0.842809364548495,2,subruns\s6005_xgb_1024_iterated_local_search_main,5.5236827367157035,7e70bcc750fd50bf,5.601632653061224,0.0,1.48,1016
6005,xgb,1024,simulated_annealing,main,1024,budget_exhausted,xgb_boot5_sklearn_gbm_2d2b80d1755afc2d,1.6357758999802172,0.5635219002142549,64,1008,1008,1.0,2,subruns\s6005_xgb_1024_simulated_annealing_main,5.8058523179108565,0a018c12759f35b1,6.08734693877551,0.0,4.08,1016
6005,xgb,1024,mutation_only_adalead,main,706,neighbors_exhausted,xgb_boot5_sklearn_gbm_2d2b80d1755afc2d,1.248240499990061,0.3999395000282675,52,816,690,0.8455882352941176,2,subruns\s6005_xgb_1024_mutation_only_adalead_main,5.1005225403046115,2287fa18686813f8,3.1640816326530614,0.0,3.76,698
6005,xgb,4096,matched_seed_random_walk,main,4096,budget_exhausted,xgb_boot5_sklearn_gbm_2d2b80d1755afc2d,5.819799299992155,1.8842615003231913,33,4080,4080,1.0,2,subruns\s6005_xgb_4096_matched_seed_random_walk_main,7.602122229038822,f96f2ff94de1f1d1,6.365714285714286,0.0,2.34,4088
6005,xgb,4096,multi_start_hill_climb,main,4096,budget_exhausted,xgb_boot5_sklearn_gbm_2d2b80d1755afc2d,5.580705100030173,1.9758312001940794,117,4520,4080,0.9026548672566371,2,subruns\s6005_xgb_4096_multi_start_hill_climb_main,4.417940823631434,143b2cd0d0928d7c,5.154285714285714,0.0,3.92,4088
6005,xgb,4096,multi_start_beam,main,4040,stagnation,xgb_boot5_sklearn_gbm_2d2b80d1755afc2d,3.6441675000241958,1.7391534000635147,7,4657,4024,0.8640755851406485,2,subruns\s6005_xgb_4096_multi_start_beam_main,3.071849927739303,3ed3d1bbc35ed9c5,4.525714285714286,0.0,3.98,4032
6005,xgb,4096,mutation_only_ga,main,1770,stagnation,xgb_boot5_sklearn_gbm_2d2b80d1755afc2d,3.726019299996551,0.8136592998052947,18,2176,1754,0.8060661764705882,2,subruns\s6005_xgb_4096_mutation_only_ga_main,3.071849927739303,3ed3d1bbc35ed9c5,4.640816326530612,0.0,4.08,1762
6005,xgb,4096,iterated_local_search,main,4096,budget_exhausted,xgb_boot5_sklearn_gbm_2d2b80d1755afc2d,2.8610744000179693,1.793132099963259,9,4298,4080,0.949278734295021,2,subruns\s6005_xgb_4096_iterated_local_search_main,5.005318132090698,eb68d1ef400e3611,5.47265306122449,0.0,3.72,4088
6005,xgb,4096,simulated_annealing,main,3506,max_generations,xgb_boot5_sklearn_gbm_2d2b80d1755afc2d,9.524228299967945,1.9607811000896618,257,3490,3490,1.0,2,subruns\s6005_xgb_4096_simulated_annealing_main,2.6787774095968517,36ad102791018efb,4.525714285714286,0.0,4.26,3498
6005,xgb,4096,mutation_only_adalead,main,706,neighbors_exhausted,xgb_boot5_sklearn_gbm_2d2b80d1755afc2d,1.1927338999812491,0.3901825997745618,52,816,690,0.8455882352941176,2,subruns\s6005_xgb_4096_mutation_only_adalead_main,5.1005225403046115,2287fa18686813f8,3.1640816326530614,0.0,3.76,698
6005,xgb,1024,matched_seed_random_walk,refit,1024,budget_exhausted,xgb_boot5_sklearn_gbm_abf33abcd663ed7b,1.071298900002148,0.46456709993071854,9,1008,1008,1.0,2,subruns\s6005_xgb_1024_matched_seed_random_walk_refit,6.486336980751835,198009b302ed3a9b,6.702040816326531,0.0,2.16,1016
6005,xgb,1024,multi_start_hill_climb,refit,1024,budget_exhausted,xgb_boot5_sklearn_gbm_abf33abcd663ed7b,1.0062879999750294,0.4949475000030361,29,1092,1008,0.9230769230769231,2,subruns\s6005_xgb_1024_multi_start_hill_climb_refit,3.645273152454574,95f7f84d0a07f68b,3.873469387755102,0.0,3.86,1016
6005,xgb,1024,multi_start_beam,refit,1023,stagnation,xgb_boot5_sklearn_gbm_abf33abcd663ed7b,0.9618227999890223,0.44013999990420416,5,1043,1007,0.965484180249281,2,subruns\s6005_xgb_1024_multi_start_beam_refit,5.087247671516478,2e8831887aa0a8c8,5.642448979591837,0.0,1.98,1015
6005,xgb,1024,mutation_only_ga,refit,1023,stagnation,xgb_boot5_sklearn_gbm_abf33abcd663ed7b,1.9281791999819688,0.454525199951604,12,1186,1007,0.8490725126475548,2,subruns\s6005_xgb_1024_mutation_only_ga_refit,4.197755363069177,64cac313635fad7a,4.386938775510204,0.0,3.62,1015
6005,xgb,1024,iterated_local_search,refit,1024,budget_exhausted,xgb_boot5_sklearn_gbm_abf33abcd663ed7b,0.695951400033664,0.4352874999749474,3,1196,1008,0.842809364548495,2,subruns\s6005_xgb_1024_iterated_local_search_refit,5.087247671516478,2e8831887aa0a8c8,6.078367346938776,0.0,1.62,1016
6005,xgb,1024,simulated_annealing,refit,1024,budget_exhausted,xgb_boot5_sklearn_gbm_abf33abcd663ed7b,1.5962018000427634,0.5468754001194611,64,1008,1008,1.0,2,subruns\s6005_xgb_1024_simulated_annealing_refit,4.435724386528685,82bd1b3f1ca5d8d7,5.509387755102041,0.0,4.56,1016
6005,xgb,1024,mutation_only_adalead,refit,500,neighbors_exhausted,xgb_boot5_sklearn_gbm_abf33abcd663ed7b,0.8705703999730758,0.28262840007664636,38,592,484,0.8175675675675675,2,subruns\s6005_xgb_1024_mutation_only_adalead_refit,4.540321854928124,20f0f4c666840ad5,3.0742857142857143,0.0,3.9,492
6005,rf,1024,matched_seed_random_walk,main,1024,budget_exhausted,rf300_seq303_b82d02fbd30aa3b1,1.3595937000354752,0.7377833000500686,9,1008,1008,1.0,2,subruns\s6005_rf_1024_matched_seed_random_walk_main,17.179995910884514,541db808c52fb29a,7.559183673469388,0.0,2.14,1016
6005,rf,1024,multi_start_hill_climb,main,1024,budget_exhausted,rf300_seq303_b82d02fbd30aa3b1,1.7889293999760412,1.2729079998098314,30,1131,1008,0.8912466843501327,2,subruns\s6005_rf_1024_multi_start_hill_climb_main,16.072389421051213,1528dbd87657e59f,5.631020408163265,0.0,4.08,1016
6005,rf,1024,multi_start_beam,main,1024,stagnation,rf300_seq303_b82d02fbd30aa3b1,1.0854634999996051,0.6052073999890126,5,1033,1008,0.9757986447241046,2,subruns\s6005_rf_1024_multi_start_beam_main,17.265526181351643,674b91340a361d2a,6.398367346938776,0.0,2.0,1016
6005,rf,1024,mutation_only_ga,main,915,stagnation,rf300_seq303_b82d02fbd30aa3b1,2.0045138000277802,0.6536965000559576,9,1024,899,0.8779296875,2,subruns\s6005_rf_1024_mutation_only_ga_main,16.36319872656081,8901fde386c9e94c,6.549387755102041,0.0,3.76,907
6005,rf,1024,iterated_local_search,main,1024,budget_exhausted,rf300_seq303_b82d02fbd30aa3b1,0.7765552999917418,0.5413422000128776,3,1196,1008,0.842809364548495,2,subruns\s6005_rf_1024_iterated_local_search_main,16.747403545986074,b6f192785e7914cc,6.91265306122449,0.0,1.8,1016
6005,rf,1024,simulated_annealing,main,1024,budget_exhausted,rf300_seq303_b82d02fbd30aa3b1,3.367587700020522,2.1802701997803524,64,1008,1008,1.0,2,subruns\s6005_rf_1024_simulated_annealing_main,16.707468315539735,f7af6c625d852f26,5.659591836734694,0.0,4.46,1016
6005,rf,1024,mutation_only_adalead,main,1024,budget_exhausted,rf300_seq303_b82d02fbd30aa3b1,3.517490500002168,2.193767299526371,65,1022,1008,0.9863013698630136,2,subruns\s6005_rf_1024_mutation_only_adalead_main,16.25972757140785,ef6152d1285e3449,3.057142857142857,0.0,4.04,1016
6005,rf,4096,matched_seed_random_walk,main,4096,budget_exhausted,rf300_seq303_b82d02fbd30aa3b1,7.092625499994028,2.9251590000349097,33,4080,4080,1.0,2,subruns\s6005_rf_4096_matched_seed_random_walk_main,17.00624596835778,7420929efd9eff80,6.395102040816327,0.0,2.72,4088
6005,rf,4096,multi_start_hill_climb,main,4096,budget_exhausted,rf300_seq303_b82d02fbd30aa3b1,9.021658800018486,5.35795960057294,117,4520,4080,0.9026548672566371,2,subruns\s6005_rf_4096_multi_start_hill_climb_main,16.072389421051213,1528dbd87657e59f,5.184489795918368,0.0,4.02,4088
6005,rf,4096,multi_start_beam,main,4095,stagnation,rf300_seq303_b82d02fbd30aa3b1,4.0828553000465035,2.103986900066957,9,4505,4079,0.9054384017758047,2,subruns\s6005_rf_4096_multi_start_beam_main,16.25972757140785,834c84ddb9c9bedc,5.7542857142857144,0.0,3.88,4087
6005,rf,4096,mutation_only_ga,main,915,stagnation,rf300_seq303_b82d02fbd30aa3b1,2.0814358000061475,0.6747952999430709,9,1024,899,0.8779296875,2,subruns\s6005_rf_4096_mutation_only_ga_main,16.36319872656081,8901fde386c9e94c,6.549387755102041,0.0,3.76,907
6005,rf,4096,iterated_local_search,main,4096,budget_exhausted,rf300_seq303_b82d02fbd30aa3b1,3.2530182000482455,2.0376337000052445,9,4261,4080,0.957521708519127,2,subruns\s6005_rf_4096_iterated_local_search_main,16.072389421051213,1528dbd87657e59f,5.635102040816326,0.0,4.0,4088
6005,rf,4096,simulated_annealing,main,4095,max_generations,rf300_seq303_b82d02fbd30aa3b1,16.746681899996474,8.74378740019165,257,4079,4079,1.0,2,subruns\s6005_rf_4096_simulated_annealing_main,16.072389421051213,1528dbd87657e59f,4.733061224489796,0.0,4.16,4087
6005,rf,4096,mutation_only_adalead,main,2435,neighbors_exhausted,rf300_seq303_b82d02fbd30aa3b1,9.909936500014737,5.342011199856643,160,2544,2419,0.9508647798742138,2,subruns\s6005_rf_4096_mutation_only_adalead_main,16.25972757140785,834c84ddb9c9bedc,3.226938775510204,0.0,4.4,2427
6005,rf,1024,matched_seed_random_walk,refit,1024,budget_exhausted,rf300_seq303_2d4044a91fa61db0,1.3277000999660231,0.7227317999349907,9,1008,1008,1.0,2,subruns\s6005_rf_1024_matched_seed_random_walk_refit,16.977555817070975,541db808c52fb29a,7.333061224489796,0.0,2.04,1016
6005,rf,1024,multi_start_hill_climb,refit,1024,budget_exhausted,rf300_seq303_2d4044a91fa61db0,1.770206999965012,1.2460889998474158,30,1131,1008,0.8912466843501327,2,subruns\s6005_rf_1024_multi_start_hill_climb_refit,16.301938809791896,c108d38d332db81b,5.253877551020408,0.0,3.72,1016
6005,rf,1024,multi_start_beam,refit,1024,budget_exhausted,rf300_seq303_2d4044a91fa61db0,1.1100809999625199,0.5976704000495374,4,1040,1008,0.9692307692307692,2,subruns\s6005_rf_1024_multi_start_beam_refit,16.996064502047005,674b91340a361d2a,5.055510204081632,0.0,1.94,1016
6005,rf,1024,mutation_only_ga,refit,1023,neighbors_exhausted,rf300_seq303_2d4044a91fa61db0,2.3672989000333473,0.7937723998911679,11,1114,1007,0.9039497307001796,2,subruns\s6005_rf_1024_mutation_only_ga_refit,16.480119100032297,604475f0212fc43c,5.043265306122449,0.0,4.18,1015
6005,rf,1024,iterated_local_search,refit,1024,budget_exhausted,rf300_seq303_2d4044a91fa61db0,0.832101000007242,0.555675300071016,3,1196,1008,0.842809364548495,2,subruns\s6005_rf_1024_iterated_local_search_refit,16.859759137928584,b6f192785e7914cc,6.525714285714286,0.0,1.7,1016
6005,rf,1024,simulated_annealing,refit,1024,budget_exhausted,rf300_seq303_2d4044a91fa61db0,3.5153896000119857,2.348076999944169,64,1008,1008,1.0,2,subruns\s6005_rf_1024_simulated_annealing_refit,16.56206583606106,95f7f84d0a07f68b,6.191836734693878,0.0,4.38,1016
6005,rf,1024,mutation_only_adalead,refit,1024,budget_exhausted,rf300_seq303_2d4044a91fa61db0,3.532411399995908,2.218059200211428,66,1034,1008,0.9748549323017408,2,subruns\s6005_rf_1024_mutation_only_adalead_refit,16.481429439344822,bb73268db2577063,3.4881632653061225,0.0,4.22,1016
6006,xgb,1024,matched_seed_random_walk,main,1024,budget_exhausted,xgb_boot5_sklearn_gbm_86b54a7b89e92068,1.0551796000218019,0.46344350004801527,9,1008,1008,1.0,2,subruns\s6006_xgb_1024_matched_seed_random_walk_main,6.127236245605003,88d399824242555f,7.356734693877551,0.0,3.16,1016
6006,xgb,1024,multi_start_hill_climb,main,1024,budget_exhausted,xgb_boot5_sklearn_gbm_86b54a7b89e92068,1.0371746000018902,0.5032307998044416,30,1131,1008,0.8912466843501327,2,subruns\s6006_xgb_1024_multi_start_hill_climb_main,5.3938635674116595,b82e7d39412e23b9,4.332244897959184,0.0,4.8,1016
6006,xgb,1024,multi_start_beam,main,1024,budget_exhausted,xgb_boot5_sklearn_gbm_86b54a7b89e92068,1.0003982999478467,0.4853900999878533,5,1038,1008,0.9710982658959537,2,subruns\s6006_xgb_1024_multi_start_beam_main,6.127236245605003,88d399824242555f,6.043265306122449,0.0,3.6,1016
6006,xgb,1024,mutation_only_ga,main,1024,budget_exhausted,xgb_boot5_sklearn_gbm_86b54a7b89e92068,1.918056600028649,0.47806029999628663,13,1119,1008,0.900804289544236,2,subruns\s6006_xgb_1024_mutation_only_ga_main,5.8972857235368625,540bc93169a213a6,5.204897959183674,0.0,4.98,1016
6006,xgb,1024,iterated_local_search,main,1024,budget_exhausted,xgb_boot5_sklearn_gbm_86b54a7b89e92068,0.7589120999909937,0.4648075000150129,3,1196,1008,0.842809364548495,2,subruns\s6006_xgb_1024_iterated_local_search_main,7.718459603562498,260654c339a6ba63,6.52,0.0,3.02,1016
6006,xgb,1024,simulated_annealing,main,1024,budget_exhausted,xgb_boot5_sklearn_gbm_86b54a7b89e92068,1.6376009000232443,0.5587602999876253,64,1008,1008,1.0,2,subruns\s6006_xgb_1024_simulated_annealing_main,4.722885472647017,42629ecb6e315c89,6.315918367346939,0.0,4.64,1016
6006,xgb,1024,mutation_only_adalead,main,549,neighbors_exhausted,xgb_boot5_sklearn_gbm_86b54a7b89e92068,0.7924322999897413,0.29132179997395724,41,640,533,0.8328125,2,subruns\s6006_xgb_1024_mutation_only_adalead_main,2.777903457440262,8deebf2e231eee5d,2.8889795918367347,0.0,4.44,541
6006,xgb,4096,matched_seed_random_walk,main,4096,budget_exhausted,xgb_boot5_sklearn_gbm_86b54a7b89e92068,5.9300156000535935,1.843442699930165,33,4080,4080,1.0,2,subruns\s6006_xgb_4096_matched_seed_random_walk_main,6.127236245605003,88d399824242555f,7.034285714285715,0.0,3.62,4088
6006,xgb,4096,multi_start_hill_climb,main,4096,budget_exhausted,xgb_boot5_sklearn_gbm_86b54a7b89e92068,5.486773999989964,1.9103441000916064,117,4520,4080,0.9026548672566371,2,subruns\s6006_xgb_4096_multi_start_hill_climb_main,5.102050258284704,f8db45cd421b2653,5.644897959183673,0.0,4.88,4088
6006,xgb,4096,multi_start_beam,main,4084,stagnation,xgb_boot5_sklearn_gbm_86b54a7b89e92068,3.733561299974099,1.844379999791272,8,4530,4068,0.8980132450331125,2,subruns\s6006_xgb_4096_multi_start_beam_main,2.777903457440262,8deebf2e231eee5d,5.431020408163265,0.0,4.54,4076
6006,xgb,4096,mutation_only_ga,main,2061,stagnation,xgb_boot5_sklearn_gbm_86b54a7b89e92068,4.098945300036576,0.9292560000321828,20,2432,2045,0.8408717105263158,2,subruns\s6006_xgb_4096_mutation_only_ga_main,5.132363224420493,eae66552e674dd50,4.9412244897959186,0.0,4.88,2053
6006,xgb,4096,iterated_local_search,main,4096,budget_exhausted,xgb_boot5_sklearn_gbm_86b54a7b89e92068,2.9309086999855936,1.7819679000531323,9,4343,4080,0.9394427814874511,2,subruns\s6006_xgb_4096_iterated_local_search_main,5.3938635674116595,b82e7d39412e23b9,5.411428571428571,0.0,4.8,4088
6006,xgb,4096,simulated_annealing,main,3487,max_generations,xgb_boot5_sklearn_gbm_86b54a7b89e92068,9.605698700004723,1.9542373995645903,257,3472,3471,0.9997119815668203,2,subruns\s6006_xgb_4096_simulated_annealing_main,2.777903457440262,8deebf2e231eee5d,4.254693877551021,0.0,4.66,3479
6006,xgb,4096,mutation_only_adalead,main,549,neighbors_exhausted,xgb_boot5_sklearn_gbm_86b54a7b89e92068,0.7845068999449722,0.29124439996667206,41,640,533,0.8328125,2,subruns\s6006_xgb_4096_mutation_only_adalead_main,2.777903457440262,8deebf2e231eee5d,2.8889795918367347,0.0,4.44,541
6006,xgb,1024,matched_seed_random_walk,refit,1024,budget_exhausted,xgb_boot5_sklearn_gbm_e8382ad3161c52f0,1.082481599994935,0.46373719995608553,9,1008,1008,1.0,2,subruns\s6006_xgb_1024_matched_seed_random_walk_refit,11.928400111273103,270b195fc84e9a3b,7.895510204081632,0.0,2.14,1016
6006,xgb,1024,multi_start_hill_climb,refit,1024,budget_exhausted,xgb_boot5_sklearn_gbm_e8382ad3161c52f0,1.0167670999653637,0.4936895000282675,30,1127,1008,0.8944099378881988,2,subruns\s6006_xgb_1024_multi_start_hill_climb_refit,8.828151468335015,b43e099fbc37c5d3,3.492244897959184,0.0,4.5,1016
6006,xgb,1024,multi_start_beam,refit,1024,budget_exhausted,xgb_boot5_sklearn_gbm_e8382ad3161c52f0,1.0038899999926798,0.47540230001322925,5,1049,1008,0.9609151572926596,2,subruns\s6006_xgb_1024_multi_start_beam_refit,10.413191223486658,8f5cf28fe25b418a,8.10204081632653,0.0,2.54,1016
6006,xgb,1024,mutation_only_ga,refit,1024,stagnation,xgb_boot5_sklearn_gbm_e8382ad3161c52f0,1.9619419999653473,0.4679283999139443,13,1138,1008,0.8857644991212654,2,subruns\s6006_xgb_1024_mutation_only_ga_refit,9.605483473979039,5252a265d0b18f35,7.2359183673469385,0.0,4.34,1016
6006,xgb,1024,iterated_local_search,refit,1024,budget_exhausted,xgb_boot5_sklearn_gbm_e8382ad3161c52f0,0.6498699000221677,0.4188673000317067,3,1192,1008,0.8456375838926175,2,subruns\s6006_xgb_1024_iterated_local_search_refit,11.406564445477091,573df4d7efef16cc,8.253061224489796,0.0,2.06,1016
6006,xgb,1024,simulated_annealing,refit,1024,budget_exhausted,xgb_boot5_sklearn_gbm_e8382ad3161c52f0,1.7526865000254475,0.556046599871479,64,1008,1008,1.0,2,subruns\s6006_xgb_1024_simulated_annealing_refit,10.127075087460971,5d610de1c3f81869,7.206530612244898,0.0,4.34,1016
6006,xgb,1024,mutation_only_adalead,refit,442,neighbors_exhausted,xgb_boot5_sklearn_gbm_e8382ad3161c52f0,0.6625511999591254,0.25566049985354766,32,496,426,0.8588709677419355,2,subruns\s6006_xgb_1024_mutation_only_adalead_refit,10.305232345962292,53dc588dccf1036c,3.506938775510204,0.0,4.58,434
6006,rf,1024,matched_seed_random_walk,main,1024,budget_exhausted,rf300_seq303_c518252a0201a38c,1.294587499985937,0.6954962999443524,9,1008,1008,1.0,2,subruns\s6006_rf_1024_matched_seed_random_walk_main,18.1750304759925,90953f4f89dced3a,7.271020408163265,0.0,2.04,1016
6006,rf,1024,multi_start_hill_climb,main,1024,budget_exhausted,rf300_seq303_c518252a0201a38c,1.8377495000022464,1.3139870002050884,30,1131,1008,0.8912466843501327,2,subruns\s6006_rf_1024_multi_start_hill_climb_main,17.901441369939533,5faffd7c585dd678,2.7444897959183674,0.0,3.58,1016
6006,rf,1024,multi_start_beam,main,1024,stagnation,rf300_seq303_c518252a0201a38c,1.0977150999824516,0.580903899972327,5,1054,1008,0.9563567362428842,2,subruns\s6006_rf_1024_multi_start_beam_main,18.585188503708682,46f61df78fe9440c,6.166530612244898,0.0,2.0,1016
6006,rf,1024,mutation_only_ga,main,1024,budget_exhausted,rf300_seq303_c518252a0201a38c,2.2849551999825053,0.8340399999287911,12,1139,1008,0.8849868305531168,2,subruns\s6006_rf_1024_mutation_only_ga_main,17.901441369939533,5faffd7c585dd678,3.5159183673469387,0.0,3.44,1016
6006,rf,1024,iterated_local_search,main,1024,budget_exhausted,rf300_seq303_c518252a0201a38c,0.819167000008747,0.5667792999884114,3,1196,1008,0.842809364548495,2,subruns\s6006_rf_1024_iterated_local_search_main,17.901441369939533,5faffd7c585dd678,6.2326530612244895,0.0,1.56,1016
6006,rf,1024,simulated_annealing,main,1024,budget_exhausted,rf300_seq303_c518252a0201a38c,3.275562099996023,2.2059625001857057,64,1008,1008,1.0,2,subruns\s6006_rf_1024_simulated_annealing_main,17.939739642126014,d2fde892aa6e19b4,5.596734693877551,0.0,4.02,1016
6006,rf,1024,mutation_only_adalead,main,1024,budget_exhausted,rf300_seq303_c518252a0201a38c,3.8564748999779113,2.3415341000654735,65,1022,1008,0.9863013698630136,2,subruns\s6006_rf_1024_mutation_only_adalead_main,17.901441369939533,5faffd7c585dd678,3.6,0.0,3.76,1016
6006,rf,4096,matched_seed_random_walk,main,4096,budget_exhausted,rf300_seq303_c518252a0201a38c,7.492116100038402,3.01041520020226,33,4080,4080,1.0,2,subruns\s6006_rf_4096_matched_seed_random_walk_main,18.037047416282412,0066e4f15e4f01e0,6.285714285714286,0.0,2.34,4088
6006,rf,4096,multi_start_hill_climb,main,4096,budget_exhausted,rf300_seq303_c518252a0201a38c,8.720449900021777,4.97680989978835,117,4520,4080,0.9026548672566371,2,subruns\s6006_rf_4096_multi_start_hill_climb_main,17.7528743590825,772e2f64ccea115e,4.298775510204082,0.0,4.08,4088
6006,rf,4096,multi_start_beam,main,3950,stagnation,rf300_seq303_c518252a0201a38c,3.4777251000050455,1.9076709000510164,6,4446,3934,0.8848403058929375,2,subruns\s6006_rf_4096_multi_start_beam_main,17.901441369939533,5faffd7c585dd678,3.453061224489796,0.0,3.54,3942
6006,rf,4096,mutation_only_ga,main,1722,stagnation,rf300_seq303_c518252a0201a38c,3.728863900003489,1.2526949000312015,17,2048,1706,0.8330078125,2,subruns\s6006_rf_4096_mutation_only_ga_main,17.654541832848043,1d1fadf4e7ff13bc,4.281632653061225,0.0,3.66,1714
6006,rf,4096,iterated_local_search,main,4096,budget_exhausted,rf300_seq303_c518252a0201a38c,3.238807999994606,2.061744300124701,9,4287,4080,0.9517144856543037,2,subruns\s6006_rf_4096_iterated_local_search_main,17.7528743590825,772e2f64ccea115e,4.40734693877551,0.0,3.94,4088
6006,rf,4096,simulated_annealing,main,4096,budget_exhausted,rf300_seq303_c518252a0201a38c,16.786831500008702,8.676857499754988,256,4080,4080,1.0,2,subruns\s6006_rf_4096_simulated_annealing_main,17.654541832848043,1d1fadf4e7ff13bc,4.325714285714286,0.0,4.44,4088
6006,rf,4096,mutation_only_adalead,main,2123,neighbors_exhausted,rf300_seq303_c518252a0201a38c,8.763017599994782,4.793265699816402,143,2272,2107,0.9273767605633803,2,subruns\s6006_rf_4096_mutation_only_adalead_main,17.654541832848043,1d1fadf4e7ff13bc,4.478367346938776,0.0,3.96,2115
6006,rf,1024,matched_seed_random_walk,refit,1024,budget_exhausted,rf300_seq303_8e60a8d586337e02,1.3438964000088163,0.7190235999878496,9,1008,1008,1.0,2,subruns\s6006_rf_1024_matched_seed_random_walk_refit,18.95766563233514,4eb2ccac8ea76ff5,7.551020408163265,0.0,2.26,1016
6006,rf,1024,multi_start_hill_climb,refit,1024,budget_exhausted,rf300_seq303_8e60a8d586337e02,2.009527599962894,1.4145798999234103,30,1131,1008,0.8912466843501327,2,subruns\s6006_rf_1024_multi_start_hill_climb_refit,17.770487833131863,40cf2da97530fc01,2.6955102040816326,0.0,3.6,1016
6006,rf,1024,multi_start_beam,refit,1024,budget_exhausted,rf300_seq303_8e60a8d586337e02,1.1624614000320435,0.6224658999708481,5,1043,1008,0.9664429530201343,2,subruns\s6006_rf_1024_multi_start_beam_refit,18.247750922518456,0a40b050389af27a,6.074285714285714,0.0,2.06,1016
6006,rf,1024,mutation_only_ga,refit,1024,budget_exhausted,rf300_seq303_8e60a8d586337e02,2.407131700019818,0.7878193000215106,12,1169,1008,0.8622754491017964,2,subruns\s6006_rf_1024_mutation_only_ga_refit,18.369813361208898,13193cb3f73b9057,6.715918367346939,0.0,2.46,1016
6006,rf,1024,iterated_local_search,refit,1024,budget_exhausted,rf300_seq303_8e60a8d586337e02,0.8300122999935411,0.569889200036414,3,1196,1008,0.842809364548495,2,subruns\s6006_rf_1024_iterated_local_search_refit,18.508291359993958,0066e4f15e4f01e0,6.843265306122449,0.0,1.54,1016
6006,rf,1024,simulated_annealing,refit,1024,budget_exhausted,rf300_seq303_8e60a8d586337e02,3.2048923000111245,2.1317529997904785,64,1008,1008,1.0,2,subruns\s6006_rf_1024_simulated_annealing_refit,18.9246134160208,854b3a97ea0a293b,6.896326530612245,0.0,4.1,1016
6006,rf,1024,mutation_only_adalead,refit,1024,budget_exhausted,rf300_seq303_8e60a8d586337e02,3.442499599943403,2.1511275997618213,65,1019,1008,0.9892051030421982,2,subruns\s6006_rf_1024_mutation_only_adalead_refit,17.770487833131863,40cf2da97530fc01,2.9551020408163264,0.0,3.8,1016
6007,xgb,1024,matched_seed_random_walk,main,1024,budget_exhausted,xgb_boot5_sklearn_gbm_bc536a2974c55bcc,1.0337940999888815,0.4431224000873044,9,1008,1008,1.0,2,subruns\s6007_xgb_1024_matched_seed_random_walk_main,8.819101187753947,22c5bd30782abf47,7.121632653061225,0.0,1.86,1016
6007,xgb,1024,multi_start_hill_climb,main,1024,budget_exhausted,xgb_boot5_sklearn_gbm_bc536a2974c55bcc,0.970079299993813,0.4584953997982666,30,1127,1008,0.8944099378881988,2,subruns\s6007_xgb_1024_multi_start_hill_climb_main,5.615321785527851,36e843f518dde912,6.228571428571429,0.0,4.56,1016
6007,xgb,1024,multi_start_beam,main,1024,budget_exhausted,xgb_boot5_sklearn_gbm_bc536a2974c55bcc,0.9549426999874413,0.4379170999163762,4,1035,1008,0.9739130434782609,2,subruns\s6007_xgb_1024_multi_start_beam_main,8.819101187753947,22c5bd30782abf47,6.9951020408163265,0.0,2.2,1016
6007,xgb,1024,mutation_only_ga,main,1024,budget_exhausted,xgb_boot5_sklearn_gbm_bc536a2974c55bcc,1.9157565999776125,0.43780469987541437,11,1103,1008,0.9138712601994561,2,subruns\s6007_xgb_1024_mutation_only_ga_main,7.96679606121692,a4edce632630cb22,5.442448979591837,0.0,3.76,1016
6007,xgb,1024,iterated_local_search,main,1024,budget_exhausted,xgb_boot5_sklearn_gbm_bc536a2974c55bcc,0.7131918999948539,0.4486615000059828,3,1153,1008,0.8742411101474414,2,subruns\s6007_xgb_1024_iterated_local_search_main,8.819101187753947,22c5bd30782abf47,6.842448979591837,0.0,1.62,1016
6007,xgb,1024,simulated_annealing,main,1024,budget_exhausted,xgb_boot5_sklearn_gbm_bc536a2974c55bcc,1.6225122999749146,0.5330339002539404,64,1008,1008,1.0,2,subruns\s6007_xgb_1024_simulated_annealing_main,6.785549214164169,96d28f0c1b99a480,5.04734693877551,0.0,5.04,1016
6007,xgb,1024,mutation_only_adalead,main,1024,budget_exhausted,xgb_boot5_sklearn_gbm_bc536a2974c55bcc,1.8415034000063315,0.5774475999642164,69,1066,1008,0.9455909943714822,2,subruns\s6007_xgb_1024_mutation_only_adalead_main,7.480823252595181,cc3c0503ff4f1a38,3.1077551020408163,0.0,4.18,1016
6007,xgb,4096,matched_seed_random_walk,main,4096,budget_exhausted,xgb_boot5_sklearn_gbm_bc536a2974c55bcc,5.85645940003451,1.7945102000958286,33,4080,4080,1.0,2,subruns\s6007_xgb_4096_matched_seed_random_walk_main,8.819101187753947,22c5bd30782abf47,6.98204081632653,0.0,2.48,4088
6007,xgb,4096,multi_start_hill_climb,main,4049,local_optima,xgb_boot5_sklearn_gbm_bc536a2974c55bcc,5.314280899998266,1.9090327004087158,116,4437,4033,0.9089474870407933,2,subruns\s6007_xgb_4096_multi_start_hill_climb_main,5.358572475666284,8bbc500f83132543,4.089795918367347,0.0,4.58,4041
6007,xgb,4096,multi_start_beam,main,4076,stagnation,xgb_boot5_sklearn_gbm_bc536a2974c55bcc,3.5880556000047363,1.745966800081078,7,4529,4060,0.8964451313755796,2,subruns\s6007_xgb_4096_multi_start_beam_main,7.29912224047973,4ad7bf5a015f7304,4.2628571428571425,0.0,4.04,4068
6007,xgb,4096,mutation_only_ga,main,2144,stagnation,xgb_boot5_sklearn_gbm_bc536a2974c55bcc,4.34882989997277,0.9571192000294104,21,2560,2128,0.83125,2,subruns\s6007_xgb_4096_mutation_only_ga_main,5.764887570958998,9fe2ff87560391b0,5.888163265306122,0.0,4.48,2136
6007,xgb,4096,iterated_local_search,main,4096,budget_exhausted,xgb_boot5_sklearn_gbm_bc536a2974c55bcc,2.926554000005126,1.756983100087382,9,4176,4080,0.9770114942528736,2,subruns\s6007_xgb_4096_iterated_local_search_main,5.615321785527851,36e843f518dde912,5.94204081632653,0.0,4.6,4088
6007,xgb,4096,simulated_annealing,main,3822,max_generations,xgb_boot5_sklearn_gbm_bc536a2974c55bcc,10.251127599971369,2.140440600574948,257,3806,3806,1.0,2,subruns\s6007_xgb_4096_simulated_annealing_main,5.358572475666284,8bbc500f83132543,3.6522448979591835,0.0,4.64,3814
6007,xgb,4096,mutation_only_adalead,main,1234,neighbors_exhausted,xgb_boot5_sklearn_gbm_bc536a2974c55bcc,2.3645223999628797,0.6611709003918804,85,1344,1218,0.90625,2,subruns\s6007_xgb_4096_mutation_only_adalead_main,7.480823252595181,cc3c0503ff4f1a38,3.1820408163265306,0.0,4.32,1226
6007,xgb,1024,matched_seed_random_walk,refit,1024,budget_exhausted,xgb_boot5_sklearn_gbm_491d843c285a58ce,1.1194549000356346,0.47027930011972785,9,1008,1008,1.0,2,subruns\s6007_xgb_1024_matched_seed_random_walk_refit,9.588441058533084,ca2d62576fd385fe,6.608163265306122,0.0,1.88,1016
6007,xgb,1024,multi_start_hill_climb,refit,1024,budget_exhausted,xgb_boot5_sklearn_gbm_491d843c285a58ce,1.0036816999781877,0.5018843999714591,30,1131,1008,0.8912466843501327,2,subruns\s6007_xgb_1024_multi_start_hill_climb_refit,3.523731155569814,c21bf436337877da,3.182857142857143,0.0,4.5,1016
6007,xgb,1024,multi_start_beam,refit,1024,stagnation,xgb_boot5_sklearn_gbm_491d843c285a58ce,0.9805352999828756,0.4393663999508135,5,1034,1008,0.9748549323017408,2,subruns\s6007_xgb_1024_multi_start_beam_refit,8.617497379885773,29d5283e421a2980,5.462040816326531,0.0,2.24,1016
6007,xgb,1024,mutation_only_ga,refit,1024,budget_exhausted,xgb_boot5_sklearn_gbm_491d843c285a58ce,1.9531961000175215,0.4740961999632418,11,1090,1008,0.9247706422018349,2,subruns\s6007_xgb_1024_mutation_only_ga_refit,3.523731155569814,c21bf436337877da,5.060408163265306,0.0,4.46,1016
6007,xgb,1024,iterated_local_search,refit,1024,budget_exhausted,xgb_boot5_sklearn_gbm_491d843c285a58ce,0.8010017999913543,0.4464915000135079,3,1191,1008,0.8463476070528967,2,subruns\s6007_xgb_1024_iterated_local_search_refit,8.224121047179803,f4fc8ae9397bbc2f,5.942857142857143,0.0,1.72,1016
6007,xgb,1024,simulated_annealing,refit,1024,budget_exhausted,xgb_boot5_sklearn_gbm_491d843c285a58ce,1.6227717999718152,0.543538499972783,64,1008,1008,1.0,2,subruns\s6007_xgb_1024_simulated_annealing_refit,4.469749240206403,387a2f85af775bf6,5.333061224489796,0.0,4.62,1016
6007,xgb,1024,mutation_only_adalead,refit,191,neighbors_exhausted,xgb_boot5_sklearn_gbm_491d843c285a58ce,0.2603256000438705,0.10714040003949776,15,224,175,0.78125,2,subruns\s6007_xgb_1024_mutation_only_adalead_refit,3.692584845400895,b27fd2655715e4de,2.7844897959183674,0.0,4.22,183
6007,rf,1024,matched_seed_random_walk,main,1024,budget_exhausted,rf300_seq303_acef78bb27bdcdd9,1.3510792999877594,0.7131762001663446,9,1008,1008,1.0,2,subruns\s6007_rf_1024_matched_seed_random_walk_main,17.978823820086976,cf5741459bf5e1f9,6.680816326530612,0.0,1.94,1016
6007,rf,1024,multi_start_hill_climb,main,1024,budget_exhausted,rf300_seq303_acef78bb27bdcdd9,1.7859176999772899,1.2577349001076072,30,1131,1008,0.8912466843501327,2,subruns\s6007_rf_1024_multi_start_hill_climb_main,16.530053614938893,b49d5f3347b7546a,4.018775510204081,0.0,3.86,1016
6007,rf,1024,multi_start_beam,main,1023,stagnation,rf300_seq303_acef78bb27bdcdd9,1.1233052000170574,0.6223434999701567,5,1039,1007,0.9692011549566891,2,subruns\s6007_rf_1024_multi_start_beam_main,17.077278594560255,b4f57ec5a19c9f88,6.499591836734694,0.0,2.44,1015
6007,rf,1024,mutation_only_ga,main,1024,stagnation,rf300_seq303_acef78bb27bdcdd9,2.3398226000135764,0.7978072999394499,12,1103,1008,0.9138712601994561,2,subruns\s6007_rf_1024_mutation_only_ga_main,16.680413779668022,48eaca4aac4e8a44,4.769795918367347,0.0,3.8,1016
6007,rf,1024,iterated_local_search,main,1024,budget_exhausted,rf300_seq303_acef78bb27bdcdd9,0.7992048000451177,0.5453597999876365,3,1196,1008,0.842809364548495,2,subruns\s6007_rf_1024_iterated_local_search_main,17.077278594560255,b4f57ec5a19c9f88,6.158367346938776,0.0,1.58,1016
6007,rf,1024,simulated_annealing,main,1024,budget_exhausted,rf300_seq303_acef78bb27bdcdd9,3.2193375999922864,2.1412909998907708,64,1008,1008,1.0,2,subruns\s6007_rf_1024_simulated_annealing_main,16.95564784336403,5f227ca3988fbd4f,6.652244897959184,0.0,4.26,1016
6007,rf,1024,mutation_only_adalead,main,1024,budget_exhausted,rf300_seq303_acef78bb27bdcdd9,3.7073085000156425,2.266181899700314,65,1022,1008,0.9863013698630136,2,subruns\s6007_rf_1024_mutation_only_adalead_main,16.99012789578907,ab90ee56a0997080,3.537142857142857,0.0,4.64,1016
6007,rf,4096,matched_seed_random_walk,main,4096,budget_exhausted,rf300_seq303_acef78bb27bdcdd9,6.868041500041727,2.7774331000982784,33,4080,4080,1.0,2,subruns\s6007_rf_4096_matched_seed_random_walk_main,17.77261491021887,f622b668bf42e363,6.732244897959184,0.0,2.56,4088
6007,rf,4096,multi_start_hill_climb,main,4096,budget_exhausted,rf300_seq303_acef78bb27bdcdd9,8.457759799959604,4.971541000006255,117,4520,4080,0.9026548672566371,2,subruns\s6007_rf_4096_multi_start_hill_climb_main,16.530053614938893,b49d5f3347b7546a,3.446530612244898,0.0,3.54,4088
6007,rf,4096,multi_start_beam,main,4091,stagnation,rf300_seq303_acef78bb27bdcdd9,4.047968099999707,2.0836674999445677,8,4512,4075,0.9031471631205674,2,subruns\s6007_rf_4096_multi_start_beam_main,16.680413779668022,48eaca4aac4e8a44,4.519183673469388,0.0,3.9,4083
6007,rf,4096,mutation_only_ga,main,1294,stagnation,rf300_seq303_acef78bb27bdcdd9,2.708792400022503,0.8685037000104785,12,1408,1278,0.9076704545454546,2,subruns\s6007_rf_4096_mutation_only_ga_main,16.680413779668022,48eaca4aac4e8a44,4.438367346938776,0.0,3.84,1286
6007,rf,4096,iterated_local_search,main,4096,budget_exhausted,rf300_seq303_acef78bb27bdcdd9,3.405916600022465,2.185305699938908,9,4401,4080,0.9270620313565099,2,subruns\s6007_rf_4096_iterated_local_search_main,16.530053614938893,b49d5f3347b7546a,4.338775510204082,0.0,3.96,4088
6007,rf,4096,simulated_annealing,main,4096,budget_exhausted,rf300_seq303_acef78bb27bdcdd9,16.635316400032025,8.748069699737243,257,4081,4080,0.999754962019113,2,subruns\s6007_rf_4096_simulated_annealing_main,16.680413779668022,48eaca4aac4e8a44,4.4130612244897955,0.0,4.14,4088
6007,rf,4096,mutation_only_adalead,main,2590,neighbors_exhausted,rf300_seq303_acef78bb27bdcdd9,10.670051999972202,5.69264469970949,170,2704,2574,0.9519230769230769,2,subruns\s6007_rf_4096_mutation_only_adalead_main,16.88654964167127,fd9a134817aad6f8,3.4024489795918367,0.0,4.56,2582
6007,rf,1024,matched_seed_random_walk,refit,1024,budget_exhausted,rf300_seq303_2a3609ebf1bba096,1.3104526000097394,0.6885316999978386,9,1008,1008,1.0,2,subruns\s6007_rf_1024_matched_seed_random_walk_refit,17.26414304308681,ef0764d6fdee18aa,6.399183673469388,0.0,1.88,1016
6007,rf,1024,multi_start_hill_climb,refit,1024,budget_exhausted,rf300_seq303_2a3609ebf1bba096,1.7131053000339307,1.206428200006485,30,1131,1008,0.8912466843501327,2,subruns\s6007_rf_1024_multi_start_hill_climb_refit,16.193326383763637,451f89ac4defb8d5,4.097142857142857,0.0,3.88,1016
6007,rf,1024,multi_start_beam,refit,1023,stagnation,rf300_seq303_2a3609ebf1bba096,1.1426262999884784,0.6027668000897393,5,1038,1007,0.9701348747591522,2,subruns\s6007_rf_1024_multi_start_beam_refit,16.691273692733038,d0c43f9acec4fcb5,5.2024489795918365,0.0,2.08,1015
6007,rf,1024,mutation_only_ga,refit,1024,budget_exhausted,rf300_seq303_2a3609ebf1bba096,2.4615895000169985,0.7787976000108756,11,1114,1008,0.9048473967684022,2,subruns\s6007_rf_1024_mutation_only_ga_refit,16.492780511533812,edc5596fd00e2122,3.9804081632653063,0.0,4.24,1016
6007,rf,1024,iterated_local_search,refit,1024,budget_exhausted,rf300_seq303_2a3609ebf1bba096,0.8986516000004485,0.5201735000009649,3,1196,1008,0.842809364548495,2,subruns\s6007_rf_1024_iterated_local_search_refit,16.691273692733038,d0c43f9acec4fcb5,5.576326530612245,0.0,1.56,1016
6007,rf,1024,simulated_annealing,refit,1024,budget_exhausted,rf300_seq303_2a3609ebf1bba096,3.184693699993659,2.1237676999298856,64,1008,1008,1.0,2,subruns\s6007_rf_1024_simulated_annealing_refit,16.29773795440896,7463df1c4bd627f6,5.711836734693877,0.0,4.4,1016
6007,rf,1024,mutation_only_adalead,refit,1024,budget_exhausted,rf300_seq303_2a3609ebf1bba096,3.535099500033539,2.1897726001916453,65,1019,1008,0.9892051030421982,2,subruns\s6007_rf_1024_mutation_only_adalead_refit,16.296346139470923,1f35d78804397faf,3.8914285714285715,0.0,4.58,1016
6008,xgb,1024,matched_seed_random_walk,main,1024,budget_exhausted,xgb_boot5_sklearn_gbm_46c061e9df8aed2a,1.112610699958168,0.4562425999320112,9,1008,1008,1.0,2,subruns\s6008_xgb_1024_matched_seed_random_walk_main,8.547463897244734,43961abe0a4be3a1,7.146938775510204,0.0,1.9,1016
6008,xgb,1024,multi_start_hill_climb,main,1024,budget_exhausted,xgb_boot5_sklearn_gbm_46c061e9df8aed2a,1.0440841999952681,0.5126359002897516,30,1127,1008,0.8944099378881988,2,subruns\s6008_xgb_1024_multi_start_hill_climb_main,6.030629927231958,284a8ada706d4c00,5.835102040816326,0.0,4.62,1016
6008,xgb,1024,multi_start_beam,main,1019,stagnation,xgb_boot5_sklearn_gbm_46c061e9df8aed2a,0.9529697000398301,0.4425172000192106,4,1040,1003,0.9644230769230769,2,subruns\s6008_xgb_1024_multi_start_beam_main,8.475467460587284,52d65cd118552ffe,6.316734693877551,0.0,2.0,1011
6008,xgb,1024,mutation_only_ga,main,1024,stagnation,xgb_boot5_sklearn_gbm_46c061e9df8aed2a,1.9522206000401638,0.4514308999059722,13,1167,1008,0.8637532133676092,2,subruns\s6008_xgb_1024_mutation_only_ga_main,6.128536211008465,821188569a42b709,4.849795918367347,0.0,4.14,1016
6008,xgb,1024,iterated_local_search,main,1024,budget_exhausted,xgb_boot5_sklearn_gbm_46c061e9df8aed2a,0.7402552000130527,0.45820190000813454,3,1193,1008,0.8449287510477788,2,subruns\s6008_xgb_1024_iterated_local_search_main,8.346358998998717,9b0778bf2ea8dce9,6.565714285714286,0.0,1.66,1016
6008,xgb,1024,simulated_annealing,main,1024,budget_exhausted,xgb_boot5_sklearn_gbm_46c061e9df8aed2a,1.6325485000270419,0.5465708002448082,64,1008,1008,1.0,2,subruns\s6008_xgb_1024_simulated_annealing_main,6.954111247441875,cbd928834f1ddd17,5.153469387755102,0.0,4.96,1016
6008,xgb,1024,mutation_only_adalead,main,446,neighbors_exhausted,xgb_boot5_sklearn_gbm_46c061e9df8aed2a,0.6041396000073291,0.22821239999029785,32,496,430,0.8669354838709677,2,subruns\s6008_xgb_1024_mutation_only_adalead_main,6.030629927231958,284a8ada706d4c00,3.3583673469387754,0.0,3.82,438
6008,xgb,4096,matched_seed_random_walk,main,4096,budget_exhausted,xgb_boot5_sklearn_gbm_46c061e9df8aed2a,5.775043300003745,1.8762123000342399,33,4080,4080,1.0,2,subruns\s6008_xgb_4096_matched_seed_random_walk_main,7.708435662743061,4494a7e19fcc9404,6.522448979591837,0.0,2.24,4088
6008,xgb,4096,multi_start_hill_climb,main,4096,budget_exhausted,xgb_boot5_sklearn_gbm_46c061e9df8aed2a,5.421131800045259,1.8922634000773542,117,4504,4080,0.9058614564831261,2,subruns\s6008_xgb_4096_multi_start_hill_climb_main,4.287271193842993,ac0c6c8658a2adb3,5.738775510204082,0.0,4.88,4088
6008,xgb,4096,multi_start_beam,main,4095,stagnation,xgb_boot5_sklearn_gbm_46c061e9df8aed2a,3.65169510000851,1.7573483000160195,9,4603,4079,0.8861611992179014,2,subruns\s6008_xgb_4096_multi_start_beam_main,6.03733400444264,470f00cf8a7b22fa,3.740408163265306,0.0,4.36,4087
6008,xgb,4096,mutation_only_ga,main,1495,stagnation,xgb_boot5_sklearn_gbm_46c061e9df8aed2a,3.00704689999111,0.7117328001186252,15,1792,1479,0.8253348214285714,2,subruns\s6008_xgb_4096_mutation_only_ga_main,6.03733400444264,470f00cf8a7b22fa,3.390204081632653,0.0,4.86,1487
6008,xgb,4096,iterated_local_search,main,4096,budget_exhausted,xgb_boot5_sklearn_gbm_46c061e9df8aed2a,2.951613900018856,1.844198300037533,9,4309,4080,0.9468554188906939,2,subruns\s6008_xgb_4096_iterated_local_search_main,4.287271193842993,ac0c6c8658a2adb3,5.77469387755102,0.0,4.98,4088
6008,xgb,4096,simulated_annealing,main,3602,max_generations,xgb_boot5_sklearn_gbm_46c061e9df8aed2a,9.892821899964474,1.9907360005308874,257,3586,3586,1.0,2,subruns\s6008_xgb_4096_simulated_annealing_main,4.287271193842993,ac0c6c8658a2adb3,5.285714285714286,0.0,4.9,3594
6008,xgb,4096,mutation_only_adalead,main,446,neighbors_exhausted,xgb_boot5_sklearn_gbm_46c061e9df8aed2a,0.7566700000315905,0.27313179982593283,32,496,430,0.8669354838709677,2,subruns\s6008_xgb_4096_mutation_only_adalead_main,6.030629927231958,284a8ada706d4c00,3.3583673469387754,0.0,3.82,438
6008,xgb,1024,matched_seed_random_walk,refit,1024,budget_exhausted,xgb_boot5_sklearn_gbm_44aeef6c1fc88dfc,1.1164395000087097,0.4765754000400193,9,1008,1008,1.0,2,subruns\s6008_xgb_1024_matched_seed_random_walk_refit,7.264868860323266,8f98c5d4651e5b26,7.732244897959184,0.0,1.76,1016
6008,xgb,1024,multi_start_hill_climb,refit,1024,budget_exhausted,xgb_boot5_sklearn_gbm_44aeef6c1fc88dfc,1.0130432999576442,0.5110928999492899,30,1123,1008,0.8975957257346393,2,subruns\s6008_xgb_1024_multi_start_hill_climb_refit,5.514442229254227,397e2b42300ba8fe,4.4130612244897955,0.12,3.42,1016
6008,xgb,1024,multi_start_beam,refit,1024,stagnation,xgb_boot5_sklearn_gbm_44aeef6c1fc88dfc,0.9869854999706149,0.46706770005403087,5,1042,1008,0.9673704414587332,2,subruns\s6008_xgb_1024_multi_start_beam_refit,6.781634141712462,579d60bce51f2bcf,5.579591836734694,0.02,1.92,1016
6008,xgb,1024,mutation_only_ga,refit,935,stagnation,xgb_boot5_sklearn_gbm_44aeef6c1fc88dfc,1.6821921999799088,0.4217079999507405,9,1024,919,0.8974609375,2,subruns\s6008_xgb_1024_mutation_only_ga_refit,6.122434246120671,c07ccd6d01fb3171,3.1387755102040815,0.2,2.7,927
6008,xgb,1024,iterated_local_search,refit,1024,budget_exhausted,xgb_boot5_sklearn_gbm_44aeef6c1fc88dfc,0.6794018999789841,0.41569649998564273,3,1192,1008,0.8456375838926175,2,subruns\s6008_xgb_1024_iterated_local_search_refit,6.781634141712462,579d60bce51f2bcf,6.338775510204082,0.04,1.5,1016
6008,xgb,1024,simulated_annealing,refit,1024,budget_exhausted,xgb_boot5_sklearn_gbm_44aeef6c1fc88dfc,1.6491048999596387,0.5738265999825671,64,1008,1008,1.0,2,subruns\s6008_xgb_1024_simulated_annealing_refit,6.781634141712462,579d60bce51f2bcf,7.331428571428572,0.1,4.34,1016
6008,xgb,1024,mutation_only_adalead,refit,375,neighbors_exhausted,xgb_boot5_sklearn_gbm_44aeef6c1fc88dfc,0.5406542000127956,0.21091550000710413,27,416,359,0.8629807692307693,2,subruns\s6008_xgb_1024_mutation_only_adalead_refit,6.555834289050142,6aa642c8a11718f2,2.6179591836734692,0.2,2.52,367
6008,rf,1024,matched_seed_random_walk,main,1024,budget_exhausted,rf300_seq303_ef97082c81dd6aaf,1.371965199999977,0.738533899828326,9,1008,1008,1.0,2,subruns\s6008_rf_1024_matched_seed_random_walk_main,17.79172602090592,c7a5eb476f705898,5.128163265306123,0.0,2.0,1016
6008,rf,1024,multi_start_hill_climb,main,1024,budget_exhausted,rf300_seq303_ef97082c81dd6aaf,1.7516662000562064,1.2309443001286127,30,1131,1008,0.8912466843501327,2,subruns\s6008_rf_1024_multi_start_hill_climb_main,16.883330508334062,5d088035a5ec1af6,2.994285714285714,0.0,4.1,1016
6008,rf,1024,multi_start_beam,main,1024,budget_exhausted,rf300_seq303_ef97082c81dd6aaf,1.1200898999813944,0.5922853000229225,5,1046,1008,0.9636711281070746,2,subruns\s6008_rf_1024_multi_start_beam_main,17.3234258222529,90fc416a8c48b08c,4.9044897959183675,0.0,2.04,1016
6008,rf,1024,mutation_only_ga,main,1024,budget_exhausted,rf300_seq303_ef97082c81dd6aaf,2.229879999998957,0.7929322000709362,12,1127,1008,0.8944099378881988,2,subruns\s6008_rf_1024_mutation_only_ga_main,17.234799333620618,cab2573886e87572,3.9551020408163264,0.0,3.82,1016
6008,rf,1024,iterated_local_search,main,1024,budget_exhausted,rf300_seq303_ef97082c81dd6aaf,0.8181060999631882,0.5702833000686951,3,1193,1008,0.8449287510477788,2,subruns\s6008_rf_1024_iterated_local_search_main,17.450921223163547,991bab91ef01f6cc,5.057142857142857,0.0,1.5,1016
6008,rf,1024,simulated_annealing,main,1024,budget_exhausted,rf300_seq303_ef97082c81dd6aaf,3.2984662000089884,2.1827048999839462,64,1008,1008,1.0,2,subruns\s6008_rf_1024_simulated_annealing_main,17.538265677196918,5eb52c5b08172898,6.966530612244898,0.0,4.48,1016
6008,rf,1024,mutation_only_adalead,main,1024,budget_exhausted,rf300_seq303_ef97082c81dd6aaf,3.4969791999901645,2.1609395997948013,65,1024,1008,0.984375,2,subruns\s6008_rf_1024_mutation_only_adalead_main,16.883330508334062,5d088035a5ec1af6,3.229387755102041,0.0,4.02,1016
6008,rf,4096,matched_seed_random_walk,main,4096,budget_exhausted,rf300_seq303_ef97082c81dd6aaf,6.881358499987982,2.758541500021238,33,4080,4080,1.0,2,subruns\s6008_rf_4096_matched_seed_random_walk_main,17.5149613695759,38f36c512f9ca866,5.686530612244898,0.0,2.38,4088
6008,rf,4096,multi_start_hill_climb,main,4096,budget_exhausted,rf300_seq303_ef97082c81dd6aaf,8.517518399981782,4.9817997997161,118,4551,4080,0.8965062623599209,2,subruns\s6008_rf_4096_multi_start_hill_climb_main,16.883330508334062,5d088035a5ec1af6,3.165714285714286,0.0,4.02,4088
6008,rf,4096,multi_start_beam,main,4095,stagnation,rf300_seq303_ef97082c81dd6aaf,3.9230323000228964,2.001347300130874,8,4583,4079,0.8900283656993236,2,subruns\s6008_rf_4096_multi_start_beam_main,16.96925621731329,ae16649c4f0642eb,3.629387755102041,0.0,4.22,4087
6008,rf,4096,mutation_only_ga,main,1754,stagnation,rf300_seq303_ef97082c81dd6aaf,3.9907839000225067,1.289594600093551,17,2048,1738,0.8486328125,2,subruns\s6008_rf_4096_mutation_only_ga_main,16.989625805297404,3d2c6ef44826a8a6,3.923265306122449,0.0,4.3,1746
6008,rf,4096,iterated_local_search,main,4096,budget_exhausted,rf300_seq303_ef97082c81dd6aaf,3.2548998999991454,2.064037800009828,9,4509,4080,0.9048569527611444,2,subruns\s6008_rf_4096_iterated_local_search_main,16.96925621731329,ae16649c4f0642eb,3.434285714285714,0.0,4.0,4088
6008,rf,4096,simulated_annealing,main,4096,budget_exhausted,rf300_seq303_ef97082c81dd6aaf,16.68918240000494,8.708705300057773,256,4080,4080,1.0,2,subruns\s6008_rf_4096_simulated_annealing_main,16.96925621731329,ae16649c4f0642eb,4.035918367346939,0.0,4.06,4088
6008,rf,4096,mutation_only_adalead,main,2150,neighbors_exhausted,rf300_seq303_ef97082c81dd6aaf,8.469129399978556,4.703922999906354,141,2240,2134,0.9526785714285714,2,subruns\s6008_rf_4096_mutation_only_adalead_main,16.883330508334062,5d088035a5ec1af6,3.226122448979592,0.0,4.1,2142
6008,rf,1024,matched_seed_random_walk,refit,1024,budget_exhausted,rf300_seq303_430d335e53adda51,1.3020206000073813,0.6787280999706127,9,1008,1008,1.0,2,subruns\s6008_rf_1024_matched_seed_random_walk_refit,18.194771893393625,7e57aa8a7a9cbbfe,5.59265306122449,0.0,2.02,1016
6008,rf,1024,multi_start_hill_climb,refit,1024,budget_exhausted,rf300_seq303_430d335e53adda51,1.8031862000352703,1.258115999691654,30,1131,1008,0.8912466843501327,2,subruns\s6008_rf_1024_multi_start_hill_climb_refit,17.09079586287553,ca8bd152d2ce97c7,3.3379591836734694,0.0,4.28,1016
6008,rf,1024,multi_start_beam,refit,1024,budget_exhausted,rf300_seq303_430d335e53adda51,1.1891024999786168,0.6295641999458894,5,1044,1008,0.9655172413793104,2,subruns\s6008_rf_1024_multi_start_beam_refit,17.69983959114938,c1064ffe25256039,4.262040816326531,0.0,2.16,1016
6008,rf,1024,mutation_only_ga,refit,1024,budget_exhausted,rf300_seq303_430d335e53adda51,2.1801531999954022,0.763134200067725,11,1098,1008,0.9180327868852459,2,subruns\s6008_rf_1024_mutation_only_ga_refit,17.097318772183222,94ea93f9945da5ad,4.629387755102041,0.0,4.34,1016
6008,rf,1024,iterated_local_search,refit,1024,budget_exhausted,rf300_seq303_430d335e53adda51,0.9321169999893755,0.5366257000132464,3,1192,1008,0.8456375838926175,2,subruns\s6008_rf_1024_iterated_local_search_refit,17.822773152181945,3d320bc3451daf95,5.1787755102040816,0.0,1.54,1016
6008,rf,1024,simulated_annealing,refit,1024,budget_exhausted,rf300_seq303_430d335e53adda51,3.2438627000083216,2.1486787000321783,65,1009,1008,0.9990089197224975,2,subruns\s6008_rf_1024_simulated_annealing_refit,17.456046504875186,90349c99d864f5c0,5.732244897959184,0.0,4.6,1016
6008,rf,1024,mutation_only_adalead,refit,1024,budget_exhausted,rf300_seq303_430d335e53adda51,3.549885200045537,2.2127259998233058,66,1026,1008,0.9824561403508771,2,subruns\s6008_rf_1024_mutation_only_adalead_refit,17.09079586287553,ca8bd152d2ce97c7,3.4236734693877553,0.0,4.32,1016
6009,xgb,1024,matched_seed_random_walk,main,1024,budget_exhausted,xgb_boot5_sklearn_gbm_cf9e8b32bd0ffd65,1.1485737999901175,0.4780138999922201,9,1008,1008,1.0,2,subruns\s6009_xgb_1024_matched_seed_random_walk_main,12.810652701934487,7f5988facb9981a7,7.826122448979592,0.0,1.86,1016
6009,xgb,1024,multi_start_hill_climb,main,1024,budget_exhausted,xgb_boot5_sklearn_gbm_cf9e8b32bd0ffd65,1.0386450000223704,0.507450399978552,30,1131,1008,0.8912466843501327,2,subruns\s6009_xgb_1024_multi_start_hill_climb_main,7.094321348087334,b8b09061e67767f1,2.84,0.0,4.62,1016
6009,xgb,1024,multi_start_beam,main,1024,stagnation,xgb_boot5_sklearn_gbm_cf9e8b32bd0ffd65,0.9823347999481484,0.4727369000320323,5,1050,1008,0.96,2,subruns\s6009_xgb_1024_multi_start_beam_main,11.770319158267998,75c62c99098a7c88,7.511020408163265,0.0,2.08,1016
6009,xgb,1024,mutation_only_ga,main,1023,stagnation,xgb_boot5_sklearn_gbm_cf9e8b32bd0ffd65,1.9421155999880284,0.4894621000275947,11,1127,1007,0.8935226264418811,2,subruns\s6009_xgb_1024_mutation_only_ga_main,7.930682751008137,32e116003f08f6d8,4.543673469387755,0.0,4.6,1015
6009,xgb,1024,iterated_local_search,main,1024,budget_exhausted,xgb_boot5_sklearn_gbm_cf9e8b32bd0ffd65,0.7762844000244513,0.47687579988269135,3,1193,1008,0.8449287510477788,2,subruns\s6009_xgb_1024_iterated_local_search_main,11.36309353460985,aff55bb78b337f57,7.3428571428571425,0.0,1.78,1016
6009,xgb,1024,simulated_annealing,main,1024,budget_exhausted,xgb_boot5_sklearn_gbm_cf9e8b32bd0ffd65,1.6128139999927953,0.546690900111571,64,1008,1008,1.0,2,subruns\s6009_xgb_1024_simulated_annealing_main,10.471311407303165,52e1f07e5a508780,6.557551020408163,0.0,4.36,1016
6009,xgb,1024,mutation_only_adalead,main,491,neighbors_exhausted,xgb_boot5_sklearn_gbm_cf9e8b32bd0ffd65,0.7116153999813832,0.26798790000611916,36,560,475,0.8482142857142857,2,subruns\s6009_xgb_1024_mutation_only_adalead_main,10.045987649374084,c4fcb6ce6190ea71,2.8481632653061224,0.0,4.64,483
6009,xgb,4096,matched_seed_random_walk,main,4096,budget_exhausted,xgb_boot5_sklearn_gbm_cf9e8b32bd0ffd65,5.851866199984215,1.8624318999354728,33,4080,4080,1.0,2,subruns\s6009_xgb_4096_matched_seed_random_walk_main,11.967346982634648,44b579e27963be3b,7.657959183673469,0.0,2.38,4088
6009,xgb,4096,multi_start_hill_climb,main,4096,budget_exhausted,xgb_boot5_sklearn_gbm_cf9e8b32bd0ffd65,5.464323199994396,1.9300711997202598,116,4473,4080,0.9121395036887995,2,subruns\s6009_xgb_4096_multi_start_hill_climb_main,7.094321348087334,b8b09061e67767f1,3.1118367346938776,0.0,4.92,4088
6009,xgb,4096,multi_start_beam,main,4076,stagnation,xgb_boot5_sklearn_gbm_cf9e8b32bd0ffd65,3.677665299968794,1.7405218000640161,7,4497,4060,0.9028241049588615,2,subruns\s6009_xgb_4096_multi_start_beam_main,7.431358635629481,ef064ae62651aa81,3.4808163265306122,0.0,4.5,4068
6009,xgb,4096,mutation_only_ga,main,1682,stagnation,xgb_boot5_sklearn_gbm_cf9e8b32bd0ffd65,3.328998800017871,0.7872504000551999,16,1920,1666,0.8677083333333333,2,subruns\s6009_xgb_4096_mutation_only_ga_main,7.094321348087334,b8b09061e67767f1,3.2767346938775512,0.0,4.8,1674
6009,xgb,4096,iterated_local_search,main,4096,budget_exhausted,xgb_boot5_sklearn_gbm_cf9e8b32bd0ffd65,2.8420085000107065,1.7701714999857359,9,4242,4080,0.9618104667609618,2,subruns\s6009_xgb_4096_iterated_local_search_main,7.094321348087334,b8b09061e67767f1,3.210612244897959,0.0,4.9,4088
6009,xgb,4096,simulated_annealing,main,3847,max_generations,xgb_boot5_sklearn_gbm_cf9e8b32bd0ffd65,9.852079499978572,2.1007038996904157,257,3832,3831,0.9997390396659708,2,subruns\s6009_xgb_4096_simulated_annealing_main,7.725945584771788,8376f036b3f8db49,3.953469387755102,0.02,4.92,3839
6009,xgb,4096,mutation_only_adalead,main,491,neighbors_exhausted,xgb_boot5_sklearn_gbm_cf9e8b32bd0ffd65,0.6875213000457734,0.25362760009011254,36,560,475,0.8482142857142857,2,subruns\s6009_xgb_4096_mutation_only_adalead_main,10.045987649374084,c4fcb6ce6190ea71,2.8481632653061224,0.0,4.64,483
6009,xgb,1024,matched_seed_random_walk,refit,1024,budget_exhausted,xgb_boot5_sklearn_gbm_e2c1cca6a3b12d36,1.0313378000282682,0.43518699996639043,9,1008,1008,1.0,2,subruns\s6009_xgb_1024_matched_seed_random_walk_refit,9.063800523351613,3eec91475d06190c,8.128163265306123,0.02,1.86,1016
6009,xgb,1024,multi_start_hill_climb,refit,1024,budget_exhausted,xgb_boot5_sklearn_gbm_e2c1cca6a3b12d36,0.9862664000247605,0.48316279985010624,30,1131,1008,0.8912466843501327,2,subruns\s6009_xgb_1024_multi_start_hill_climb_refit,7.824909523612635,bae9b204c5d5c424,3.7787755102040816,0.0,4.78,1016
6009,xgb,1024,multi_start_beam,refit,1023,stagnation,xgb_boot5_sklearn_gbm_e2c1cca6a3b12d36,1.0268141999840736,0.4790188999613747,5,1045,1007,0.9636363636363636,2,subruns\s6009_xgb_1024_multi_start_beam_refit,8.031383980612302,583bff457b4d3b31,6.468571428571429,0.0,1.84,1015
6009,xgb,1024,mutation_only_ga,refit,1024,budget_exhausted,xgb_boot5_sklearn_gbm_e2c1cca6a3b12d36,2.047343100013677,0.4871936000417918,12,1168,1008,0.863013698630137,2,subruns\s6009_xgb_1024_mutation_only_ga_refit,7.28557100132286,f1944f73e849b3ea,5.099591836734694,0.02,3.34,1016
6009,xgb,1024,iterated_local_search,refit,1024,budget_exhausted,xgb_boot5_sklearn_gbm_e2c1cca6a3b12d36,0.6994109000079334,0.4457628999953158,3,1196,1008,0.842809364548495,2,subruns\s6009_xgb_1024_iterated_local_search_refit,9.063800523351613,3eec91475d06190c,5.936326530612245,0.0,1.38,1016
6009,xgb,1024,simulated_annealing,refit,1024,budget_exhausted,xgb_boot5_sklearn_gbm_e2c1cca6a3b12d36,1.7680563000030816,0.574995799921453,64,1008,1008,1.0,2,subruns\s6009_xgb_1024_simulated_annealing_refit,7.532274407710576,afd73a5287862e1d,6.470204081632653,0.0,4.12,1016
6009,xgb,1024,mutation_only_adalead,refit,786,neighbors_exhausted,xgb_boot5_sklearn_gbm_e2c1cca6a3b12d36,1.2946126000024378,0.4369100002804771,54,848,770,0.9080188679245284,2,subruns\s6009_xgb_1024_mutation_only_adalead_refit,7.162883714980801,ac3800fd5db98d1f,2.9404081632653063,0.0,4.34,778
6009,rf,1024,matched_seed_random_walk,main,1024,budget_exhausted,rf300_seq303_21b6dacacb4ed334,1.330997099983506,0.7165204999037087,9,1008,1008,1.0,2,subruns\s6009_rf_1024_matched_seed_random_walk_main,18.841742967441785,e23b976c27151ca0,7.976326530612245,0.02,1.98,1016
6009,rf,1024,multi_start_hill_climb,main,1024,budget_exhausted,rf300_seq303_21b6dacacb4ed334,1.7553048999980092,1.2463281997479498,30,1131,1008,0.8912466843501327,2,subruns\s6009_rf_1024_multi_start_hill_climb_main,17.93601277965247,aadd424816b46667,3.173877551020408,0.0,3.92,1016
6009,rf,1024,multi_start_beam,main,1024,budget_exhausted,rf300_seq303_21b6dacacb4ed334,1.1903545000241138,0.6437269999296404,6,1045,1008,0.9645933014354067,2,subruns\s6009_rf_1024_multi_start_beam_main,18.418900720104062,46483e21647ab75e,6.495510204081633,0.0,2.26,1016
6009,rf,1024,mutation_only_ga,main,1024,budget_exhausted,rf300_seq303_21b6dacacb4ed334,2.2957142000086606,0.7849970998940989,11,1112,1008,0.9064748201438849,2,subruns\s6009_rf_1024_mutation_only_ga_main,17.96601635195756,2fc141bfaeb53420,5.324081632653061,0.0,3.96,1016
6009,rf,1024,iterated_local_search,main,1024,budget_exhausted,rf300_seq303_21b6dacacb4ed334,0.7926521999761462,0.5279415000113659,3,1158,1008,0.8704663212435233,2,subruns\s6009_rf_1024_iterated_local_search_main,18.54636029609235,07287c5c12beac98,7.285714285714286,0.02,1.86,1016
6009,rf,1024,simulated_annealing,main,1024,budget_exhausted,rf300_seq303_21b6dacacb4ed334,3.5720251000020653,2.4327595999930054,64,1008,1008,1.0,2,subruns\s6009_rf_1024_simulated_annealing_main,18.042383806005592,a92155531cf2500c,7.436734693877551,0.0,4.82,1016
6009,rf,1024,mutation_only_adalead,main,1024,budget_exhausted,rf300_seq303_21b6dacacb4ed334,3.6286449000472203,2.213734600052703,66,1019,1008,0.9892051030421982,2,subruns\s6009_rf_1024_mutation_only_adalead_main,17.93601277965247,aadd424816b46667,3.3322448979591837,0.0,3.98,1016
6009,rf,4096,matched_seed_random_walk,main,4096,budget_exhausted,rf300_seq303_21b6dacacb4ed334,6.822074999974575,2.7409649999463,33,4080,4080,1.0,2,subruns\s6009_rf_4096_matched_seed_random_walk_main,18.67376277432812,0e80eb79e54fb5f9,7.04,0.0,2.6,4088
6009,rf,4096,multi_start_hill_climb,main,4096,budget_exhausted,rf300_seq303_21b6dacacb4ed334,8.768588299979456,5.025119499710854,118,4543,4080,0.898084965881576,2,subruns\s6009_rf_4096_multi_start_hill_climb_main,17.93601277965247,aadd424816b46667,4.297142857142857,0.0,4.0,4088
6009,rf,4096,multi_start_beam,main,4096,stagnation,rf300_seq303_21b6dacacb4ed334,4.028670299972873,2.2200445000780746,10,4468,4080,0.9131602506714414,2,subruns\s6009_rf_4096_multi_start_beam_main,18.057851783573515,07061f2331071d4b,4.528979591836735,0.0,3.96,4088
6009,rf,4096,mutation_only_ga,main,1511,stagnation,rf300_seq303_21b6dacacb4ed334,3.301961300021503,1.0626205999869853,14,1664,1495,0.8984375,2,subruns\s6009_rf_4096_mutation_only_ga_main,17.96601635195756,2fc141bfaeb53420,3.969795918367347,0.0,3.86,1503
6009,rf,4096,iterated_local_search,main,4096,budget_exhausted,rf300_seq303_21b6dacacb4ed334,3.16215300001204,2.0988322000484914,9,4388,4080,0.9298085688240656,2,subruns\s6009_rf_4096_iterated_local_search_main,17.93601277965247,aadd424816b46667,3.8514285714285714,0.0,4.2,4088
6009,rf,4096,simulated_annealing,main,4096,budget_exhausted,rf300_seq303_21b6dacacb4ed334,16.796975299948826,8.731638700061012,256,4080,4080,1.0,2,subruns\s6009_rf_4096_simulated_annealing_main,17.93601277965247,aadd424816b46667,4.066122448979592,0.0,3.92,4088
6009,rf,4096,mutation_only_adalead,main,1958,neighbors_exhausted,rf300_seq303_21b6dacacb4ed334,7.72061700001359,4.3383928998955525,128,2032,1942,0.9557086614173228,2,subruns\s6009_rf_4096_mutation_only_adalead_main,17.93601277965247,aadd424816b46667,3.536326530612245,0.0,3.96,1950
6009,rf,1024,matched_seed_random_walk,refit,1024,budget_exhausted,rf300_seq303_c0a5f50c007c9400,1.302109999989625,0.6781650999910198,9,1008,1008,1.0,2,subruns\s6009_rf_1024_matched_seed_random_walk_refit,18.597107607545457,e23b976c27151ca0,7.397551020408163,0.02,2.12,1016
6009,rf,1024,multi_start_hill_climb,refit,1024,budget_exhausted,rf300_seq303_c0a5f50c007c9400,1.7188341000000946,1.2122985001769848,30,1131,1008,0.8912466843501327,2,subruns\s6009_rf_1024_multi_start_hill_climb_refit,17.481825220857683,6ae52391f08de32f,3.1208163265306124,0.0,2.94,1016
6009,rf,1024,multi_start_beam,refit,1024,stagnation,rf300_seq303_c0a5f50c007c9400,1.1091766000026837,0.5858282000408508,5,1048,1008,0.9618320610687023,2,subruns\s6009_rf_1024_multi_start_beam_refit,18.450788998141032,352cae80c238712b,7.811428571428571,0.0,2.16,1016
6009,rf,1024,mutation_only_ga,refit,1024,budget_exhausted,rf300_seq303_c0a5f50c007c9400,2.2141362000256777,0.768708500021603,11,1083,1008,0.9307479224376731,2,subruns\s6009_rf_1024_mutation_only_ga_refit,17.575101943395705,82934c611077b5d4,5.204897959183674,0.02,4.02,1016
6009,rf,1024,iterated_local_search,refit,1024,budget_exhausted,rf300_seq303_c0a5f50c007c9400,0.8272178000188433,0.5262258999864571,3,1196,1008,0.842809364548495,2,subruns\s6009_rf_1024_iterated_local_search_refit,18.14455711423308,421b89da968c2712,7.484897959183673,0.02,1.86,1016
6009,rf,1024,simulated_annealing,refit,1024,budget_exhausted,rf300_seq303_c0a5f50c007c9400,3.223134499974549,2.130276600131765,64,1008,1008,1.0,2,subruns\s6009_rf_1024_simulated_annealing_refit,17.543552367974346,9e4562aecb34cab2,6.825306122448979,0.0,3.78,1016
6009,rf,1024,mutation_only_adalead,refit,1024,budget_exhausted,rf300_seq303_c0a5f50c007c9400,3.492279600002803,2.1420660002040677,65,1021,1008,0.9872673849167483,2,subruns\s6009_rf_1024_mutation_only_adalead_refit,17.463883666071272,7acd0e7c48bb1a38,2.987755102040816,0.0,3.26,1016
6010,xgb,1024,matched_seed_random_walk,main,1024,budget_exhausted,xgb_boot5_sklearn_gbm_80a1272de1152683,1.1187522999825887,0.47538910002913326,9,1008,1008,1.0,2,subruns\s6010_xgb_1024_matched_seed_random_walk_main,9.804510452212753,01fa39cc74ea40c1,8.223673469387755,0.02,1.7,1016
6010,xgb,1024,multi_start_hill_climb,main,1024,budget_exhausted,xgb_boot5_sklearn_gbm_80a1272de1152683,0.9984936999971978,0.47226719988975674,30,1131,1008,0.8912466843501327,2,subruns\s6010_xgb_1024_multi_start_hill_climb_main,4.006325299639737,9a8b6db6df8a8985,3.106938775510204,0.0,4.18,1016
6010,xgb,1024,multi_start_beam,main,1024,budget_exhausted,xgb_boot5_sklearn_gbm_80a1272de1152683,0.9845445999526419,0.5022086999961175,5,1033,1008,0.9757986447241046,2,subruns\s6010_xgb_1024_multi_start_beam_main,5.464283685824416,e023ddce75e4b315,4.2963265306122445,0.0,1.8,1016
6010,xgb,1024,mutation_only_ga,main,922,stagnation,xgb_boot5_sklearn_gbm_80a1272de1152683,1.7116850999882445,0.43831079988740385,9,1024,906,0.884765625,2,subruns\s6010_xgb_1024_mutation_only_ga_main,4.97939929717891,a4d35cf6bc2d4797,3.6751020408163266,0.0,3.4,914
6010,xgb,1024,iterated_local_search,main,1024,budget_exhausted,xgb_boot5_sklearn_gbm_80a1272de1152683,0.7112041999935172,0.45990920008625835,3,1193,1008,0.8449287510477788,2,subruns\s6010_xgb_1024_iterated_local_search_main,5.893036429608467,0e99a622dcdad8be,4.55265306122449,0.0,1.54,1016
6010,xgb,1024,simulated_annealing,main,1024,budget_exhausted,xgb_boot5_sklearn_gbm_80a1272de1152683,1.617980399983935,0.5515385002363473,64,1008,1008,1.0,2,subruns\s6010_xgb_1024_simulated_annealing_main,4.9789511888499565,9d4ba52a8b82d758,4.293061224489796,0.0,4.04,1016
6010,xgb,1024,mutation_only_adalead,main,255,neighbors_exhausted,xgb_boot5_sklearn_gbm_80a1272de1152683,0.3896104999585077,0.14308450010139495,24,368,239,0.6494565217391305,2,subruns\s6010_xgb_1024_mutation_only_adalead_main,4.587590015172053,5d64bee3df479f99,2.7583673469387757,0.0,3.78,247
6010,xgb,4096,matched_seed_random_walk,main,4096,budget_exhausted,xgb_boot5_sklearn_gbm_80a1272de1152683,5.890169799968135,1.8627484999014996,33,4080,4080,1.0,2,subruns\s6010_xgb_4096_matched_seed_random_walk_main,9.410850642115049,25e08383f7660d73,7.12,0.0,2.52,4088
6010,xgb,4096,multi_start_hill_climb,main,4096,budget_exhausted,xgb_boot5_sklearn_gbm_80a1272de1152683,5.502600600011647,1.942378799954895,117,4512,4080,0.9042553191489362,2,subruns\s6010_xgb_4096_multi_start_hill_climb_main,3.1348827189248736,cb01fc303a3a7e9a,4.944489795918368,0.0,4.46,4088
6010,xgb,4096,multi_start_beam,main,4094,stagnation,xgb_boot5_sklearn_gbm_80a1272de1152683,3.773650200047996,1.8238000998971984,9,4653,4078,0.8764238125940254,2,subruns\s6010_xgb_4096_multi_start_beam_main,2.0745392479142315,febbbd195ce91f89,3.7648979591836733,0.0,3.84,4086
6010,xgb,4096,mutation_only_ga,main,922,stagnation,xgb_boot5_sklearn_gbm_80a1272de1152683,1.8063965000328608,0.4315170000772923,9,1024,906,0.884765625,2,subruns\s6010_xgb_4096_mutation_only_ga_main,4.97939929717891,a4d35cf6bc2d4797,3.6751020408163266,0.0,3.4,914
6010,xgb,4096,iterated_local_search,main,4096,budget_exhausted,xgb_boot5_sklearn_gbm_80a1272de1152683,2.884761499997694,1.7417957999859937,9,4381,4080,0.931294225062771,2,subruns\s6010_xgb_4096_iterated_local_search_main,3.1348827189248736,eaba7ad88960c32d,4.962448979591837,0.0,4.18,4088
6010,xgb,4096,simulated_annealing,main,3510,max_generations,xgb_boot5_sklearn_gbm_80a1272de1152683,9.610345499997493,1.9753113994374871,257,3494,3494,1.0,2,subruns\s6010_xgb_4096_simulated_annealing_main,2.1292141544438543,1be48aa80f9cce69,3.756734693877551,0.0,4.74,3502
6010,xgb,4096,mutation_only_adalead,main,255,neighbors_exhausted,xgb_boot5_sklearn_gbm_80a1272de1152683,0.37752689997432753,0.13860010006465018,24,368,239,0.6494565217391305,2,subruns\s6010_xgb_4096_mutation_only_adalead_main,4.587590015172053,5d64bee3df479f99,2.7583673469387757,0.0,3.78,247
6010,xgb,1024,matched_seed_random_walk,refit,1024,budget_exhausted,xgb_boot5_sklearn_gbm_2ed971e6cc4de0ae,1.0536505000200123,0.4318848001421429,9,1008,1008,1.0,2,subruns\s6010_xgb_1024_matched_seed_random_walk_refit,10.797349805090416,8c246c2fbee376ae,8.375510204081632,0.02,1.76,1016
6010,xgb,1024,multi_start_hill_climb,refit,1024,budget_exhausted,xgb_boot5_sklearn_gbm_2ed971e6cc4de0ae,0.9645035000285134,0.46085309982299805,30,1131,1008,0.8912466843501327,2,subruns\s6010_xgb_1024_multi_start_hill_climb_refit,4.756106960228786,9533929fbb5f9c27,4.019591836734694,0.0,4.46,1016
6010,xgb,1024,multi_start_beam,refit,1024,budget_exhausted,xgb_boot5_sklearn_gbm_2ed971e6cc4de0ae,0.9418629999854602,0.44171970000024885,5,1039,1008,0.9701636188642926,2,subruns\s6010_xgb_1024_multi_start_beam_refit,9.324615847644726,7c43c6c70bea6561,6.271020408163265,0.0,2.48,1016
6010,xgb,1024,mutation_only_ga,refit,1024,budget_exhausted,xgb_boot5_sklearn_gbm_2ed971e6cc4de0ae,2.002881399996113,0.5120163000538014,11,1105,1008,0.9122171945701357,2,subruns\s6010_xgb_1024_mutation_only_ga_refit,6.279637395241051,e300265abc9ce667,4.6971428571428575,0.0,4.56,1016
6010,xgb,1024,iterated_local_search,refit,1024,budget_exhausted,xgb_boot5_sklearn_gbm_2ed971e6cc4de0ae,0.7302692999946885,0.45570769999176264,3,1196,1008,0.842809364548495,2,subruns\s6010_xgb_1024_iterated_local_search_refit,8.899677370228916,dd527983413bba7e,7.044897959183674,0.0,1.78,1016
6010,xgb,1024,simulated_annealing,refit,1024,budget_exhausted,xgb_boot5_sklearn_gbm_2ed971e6cc4de0ae,1.730981000000611,0.5687773997196928,64,1008,1008,1.0,2,subruns\s6010_xgb_1024_simulated_annealing_refit,6.444152795043896,73d30b1ff2021180,5.884897959183673,0.0,4.72,1016
6010,xgb,1024,mutation_only_adalead,refit,586,neighbors_exhausted,xgb_boot5_sklearn_gbm_2ed971e6cc4de0ae,0.8813292999984697,0.3219593000249006,43,672,570,0.8482142857142857,2,subruns\s6010_xgb_1024_mutation_only_adalead_refit,5.022997826176405,117cce01762f8bb8,2.9346938775510205,0.0,4.96,578
6010,rf,1024,matched_seed_random_walk,main,1024,budget_exhausted,rf300_seq303_9c981f0484f8d975,1.3433400000212714,0.7262036000029184,9,1008,1008,1.0,2,subruns\s6010_rf_1024_matched_seed_random_walk_main,17.625230135256544,0c5b3e653e4e11c3,6.929795918367347,0.0,1.84,1016
6010,rf,1024,multi_start_hill_climb,main,1024,budget_exhausted,rf300_seq303_9c981f0484f8d975,1.7918393000145443,1.2692085999879055,30,1131,1008,0.8912466843501327,2,subruns\s6010_rf_1024_multi_start_hill_climb_main,17.034869088522488,85f8bb3c781fbab8,4.484897959183673,0.0,4.02,1016
6010,rf,1024,multi_start_beam,main,1024,stagnation,rf300_seq303_9c981f0484f8d975,1.0546046000090428,0.5779076000326313,4,1040,1008,0.9692307692307692,2,subruns\s6010_rf_1024_multi_start_beam_main,17.31916861994056,e491617c76724175,5.191836734693878,0.0,1.92,1016
6010,rf,1024,mutation_only_ga,main,691,stagnation,rf300_seq303_9c981f0484f8d975,1.4850177000043914,0.5267954999580979,7,768,675,0.87890625,2,subruns\s6010_rf_1024_mutation_only_ga_main,17.034869088522488,85f8bb3c781fbab8,3.506938775510204,0.0,2.96,683
6010,rf,1024,iterated_local_search,main,1024,budget_exhausted,rf300_seq303_9c981f0484f8d975,0.8233521000365727,0.571281699987594,3,1196,1008,0.842809364548495,2,subruns\s6010_rf_1024_iterated_local_search_main,17.31916861994056,e491617c76724175,6.12,0.0,1.52,1016
6010,rf,1024,simulated_annealing,main,1024,budget_exhausted,rf300_seq303_9c981f0484f8d975,3.410139599989634,2.2663349001668394,64,1008,1008,1.0,2,subruns\s6010_rf_1024_simulated_annealing_main,17.467474858620985,f3648831a139c21a,6.561632653061224,0.0,4.62,1016
6010,rf,1024,mutation_only_adalead,main,1024,budget_exhausted,rf300_seq303_9c981f0484f8d975,3.8961215000017546,2.3971670000464655,65,1018,1008,0.9901768172888016,2,subruns\s6010_rf_1024_mutation_only_adalead_main,17.034869088522488,85f8bb3c781fbab8,4.593469387755102,0.0,3.88,1016
6010,rf,4096,matched_seed_random_walk,main,4096,budget_exhausted,rf300_seq303_9c981f0484f8d975,6.770334500004537,2.709157699951902,33,4080,4080,1.0,2,subruns\s6010_rf_4096_matched_seed_random_walk_main,17.625230135256544,0c5b3e653e4e11c3,7.1657142857142855,0.0,2.34,4088
6010,rf,4096,multi_start_hill_climb,main,4096,budget_exhausted,rf300_seq303_9c981f0484f8d975,8.589479400019627,4.946848399878945,117,4520,4080,0.9026548672566371,2,subruns\s6010_rf_4096_multi_start_hill_climb_main,17.034869088522488,85f8bb3c781fbab8,5.467755102040816,0.0,4.24,4088
6010,rf,4096,multi_start_beam,main,3900,stagnation,rf300_seq303_9c981f0484f8d975,3.5473779000458308,1.919673300057184,6,4475,3884,0.8679329608938547,2,subruns\s6010_rf_4096_multi_start_beam_main,17.034869088522488,85f8bb3c781fbab8,5.459591836734694,0.0,3.58,3892
6010,rf,4096,mutation_only_ga,main,691,stagnation,rf300_seq303_9c981f0484f8d975,1.5629408999811858,0.5361436999519356,7,768,675,0.87890625,2,subruns\s6010_rf_4096_mutation_only_ga_main,17.034869088522488,85f8bb3c781fbab8,3.506938775510204,0.0,2.96,683
6010,rf,4096,iterated_local_search,main,4096,budget_exhausted,rf300_seq303_9c981f0484f8d975,3.1750719000119716,2.0725064998841844,9,4310,4080,0.9466357308584686,2,subruns\s6010_rf_4096_iterated_local_search_main,17.034869088522488,85f8bb3c781fbab8,5.518367346938776,0.0,3.82,4088
6010,rf,4096,simulated_annealing,main,4096,budget_exhausted,rf300_seq303_9c981f0484f8d975,16.784586399968248,8.589229400095064,256,4080,4080,1.0,2,subruns\s6010_rf_4096_simulated_annealing_main,17.10245678538235,3fdac9a7f53b710a,6.1257142857142854,0.0,4.04,4088
6010,rf,4096,mutation_only_adalead,main,1843,neighbors_exhausted,rf300_seq303_9c981f0484f8d975,7.269190899969544,4.1328293001279235,121,1920,1827,0.9515625,2,subruns\s6010_rf_4096_mutation_only_adalead_main,17.034869088522488,85f8bb3c781fbab8,4.619591836734694,0.0,4.12,1835
6010,rf,1024,matched_seed_random_walk,refit,1024,budget_exhausted,rf300_seq303_517465b1dbedf15d,1.4651249999878928,0.727555499994196,9,1008,1008,1.0,2,subruns\s6010_rf_1024_matched_seed_random_walk_refit,18.14000285203597,0c5b3e653e4e11c3,6.793469387755102,0.0,1.92,1016
6010,rf,1024,multi_start_hill_climb,refit,1024,budget_exhausted,rf300_seq303_517465b1dbedf15d,1.8199233000050299,1.2838534000329673,30,1131,1008,0.8912466843501327,2,subruns\s6010_rf_1024_multi_start_hill_climb_refit,17.72846771429573,b61813c99235ac1e,5.113469387755102,0.0,4.18,1016
6010,rf,1024,multi_start_beam,refit,1024,stagnation,rf300_seq303_517465b1dbedf15d,1.1353270999970846,0.6187528001028113,5,1037,1008,0.9720347155255545,2,subruns\s6010_rf_1024_multi_start_beam_refit,17.208501909439317,e4511f3f79e276ed,6.495510204081633,0.0,2.04,1016
6010,rf,1024,mutation_only_ga,refit,1021,stagnation,rf300_seq303_517465b1dbedf15d,2.136591500020586,0.742517500068061,11,1150,1005,0.8739130434782608,2,subruns\s6010_rf_1024_mutation_only_ga_refit,17.458920737238937,ff64ffd2fc38d8bb,4.151020408163265,0.0,3.76,1013
6010,rf,1024,iterated_local_search,refit,1024,budget_exhausted,rf300_seq303_517465b1dbedf15d,0.8035125000169501,0.533147599955555,3,1193,1008,0.8449287510477788,2,subruns\s6010_rf_1024_iterated_local_search_refit,17.208501909439317,e4511f3f79e276ed,7.054693877551021,0.0,1.68,1016
6010,rf,1024,simulated_annealing,refit,1024,budget_exhausted,rf300_seq303_517465b1dbedf15d,3.19069610000588,2.1053459998220205,64,1008,1008,1.0,2,subruns\s6010_rf_1024_simulated_annealing_refit,17.83074220070832,19fbc955148c52ca,6.479183673469388,0.0,4.52,1016
6010,rf,1024,mutation_only_adalead,refit,1024,budget_exhausted,rf300_seq303_517465b1dbedf15d,3.555572099983692,2.2101480998680927,66,1028,1008,0.980544747081712,2,subruns\s6010_rf_1024_mutation_only_adalead_refit,17.208501909439317,e4511f3f79e276ed,3.5648979591836736,0.0,3.58,1016
6011,xgb,1024,matched_seed_random_walk,main,1024,budget_exhausted,xgb_boot5_sklearn_gbm_76beb92e00f94744,1.0914160999818705,0.4659998000715859,9,1008,1008,1.0,2,subruns\s6011_xgb_1024_matched_seed_random_walk_main,4.566610614581796,5024e899281b9f65,6.3028571428571425,0.0,1.74,1016
6011,xgb,1024,multi_start_hill_climb,main,1024,budget_exhausted,xgb_boot5_sklearn_gbm_76beb92e00f94744,0.9661045999964699,0.4716903000953607,29,1092,1008,0.9230769230769231,2,subruns\s6011_xgb_1024_multi_start_hill_climb_main,2.91820352440132,5f12193844ed3c07,2.6685714285714286,0.0,2.9,1016
6011,xgb,1024,multi_start_beam,main,1024,stagnation,xgb_boot5_sklearn_gbm_76beb92e00f94744,0.9102671000291593,0.43298940011300147,5,1055,1008,0.9554502369668246,2,subruns\s6011_xgb_1024_multi_start_beam_main,2.91820352440132,5f12193844ed3c07,4.500408163265306,0.0,2.1,1016
6011,xgb,1024,mutation_only_ga,main,1024,budget_exhausted,xgb_boot5_sklearn_gbm_76beb92e00f94744,2.0162400999688543,0.4758741999976337,12,1134,1008,0.8888888888888888,2,subruns\s6011_xgb_1024_mutation_only_ga_main,2.585822697512371,1c77ac6e4637c504,4.0048979591836735,0.0,3.62,1016
6011,xgb,1024,iterated_local_search,main,1024,budget_exhausted,xgb_boot5_sklearn_gbm_76beb92e00f94744,0.6612032999983057,0.41704810003284365,3,1196,1008,0.842809364548495,2,subruns\s6011_xgb_1024_iterated_local_search_main,3.66210861120316,891c120f5e195881,4.316734693877551,0.0,1.5,1016
6011,xgb,1024,simulated_annealing,main,1024,budget_exhausted,xgb_boot5_sklearn_gbm_76beb92e00f94744,1.6352854000288062,0.5533693997422233,64,1008,1008,1.0,2,subruns\s6011_xgb_1024_simulated_annealing_main,2.6053021354305295,587725275fbc44c5,4.648163265306122,0.0,3.88,1016
6011,xgb,1024,mutation_only_adalead,main,304,neighbors_exhausted,xgb_boot5_sklearn_gbm_76beb92e00f94744,0.4516101999906823,0.17477059998782352,24,368,288,0.782608695652174,2,subruns\s6011_xgb_1024_mutation_only_adalead_main,2.585822697512371,1c77ac6e4637c504,2.857142857142857,0.0,4.16,296
6011,xgb,4096,matched_seed_random_walk,main,4096,budget_exhausted,xgb_boot5_sklearn_gbm_76beb92e00f94744,5.839440699957777,1.8225192003883421,33,4080,4080,1.0,2,subruns\s6011_xgb_4096_matched_seed_random_walk_main,4.566610614581796,5024e899281b9f65,4.621224489795918,0.0,1.96,4088
6011,xgb,4096,multi_start_hill_climb,main,3786,local_optima,xgb_boot5_sklearn_gbm_76beb92e00f94744,4.920795999991242,1.8096013003378175,107,4122,3770,0.9146045608927705,2,subruns\s6011_xgb_4096_multi_start_hill_climb_main,2.585822697512371,1c77ac6e4637c504,4.337959183673469,0.0,3.88,3778
6011,xgb,4096,multi_start_beam,main,3122,stagnation,xgb_boot5_sklearn_gbm_76beb92e00f94744,2.6506205999758095,1.3661068000365049,5,3584,3106,0.8666294642857143,2,subruns\s6011_xgb_4096_multi_start_beam_main,2.91820352440132,5f12193844ed3c07,4.0987755102040815,0.0,3.4,3114
6011,xgb,4096,mutation_only_ga,main,1324,stagnation,xgb_boot5_sklearn_gbm_76beb92e00f94744,2.7272612000233494,0.6182327000424266,13,1536,1308,0.8515625,2,subruns\s6011_xgb_4096_mutation_only_ga_main,2.585822697512371,1c77ac6e4637c504,3.8604081632653062,0.0,3.82,1316
6011,xgb,4096,iterated_local_search,main,4096,budget_exhausted,xgb_boot5_sklearn_gbm_76beb92e00f94744,2.878496899968013,1.7796996000688523,9,4248,4080,0.96045197740113,2,subruns\s6011_xgb_4096_iterated_local_search_main,2.585822697512371,1c77ac6e4637c504,4.474285714285714,0.0,3.78,4088
6011,xgb,4096,simulated_annealing,main,3655,max_generations,xgb_boot5_sklearn_gbm_76beb92e00f94744,9.877328499977011,2.0220629010000266,257,3639,3639,1.0,2,subruns\s6011_xgb_4096_simulated_annealing_main,2.585822697512371,1c77ac6e4637c504,4.217142857142857,0.0,4.04,3647
6011,xgb,4096,mutation_only_adalead,main,304,neighbors_exhausted,xgb_boot5_sklearn_gbm_76beb92e00f94744,0.43736490001901984,0.16525749961147085,24,368,288,0.782608695652174,2,subruns\s6011_xgb_4096_mutation_only_adalead_main,2.585822697512371,1c77ac6e4637c504,2.857142857142857,0.0,4.16,296
6011,xgb,1024,matched_seed_random_walk,refit,1024,budget_exhausted,xgb_boot5_sklearn_gbm_c52df9cb0c95a23d,1.0739467000239529,0.45619359996635467,9,1008,1008,1.0,2,subruns\s6011_xgb_1024_matched_seed_random_walk_refit,9.403132244042917,2eb775647e4c72c2,7.655510204081633,0.0,1.74,1016
6011,xgb,1024,multi_start_hill_climb,refit,1024,budget_exhausted,xgb_boot5_sklearn_gbm_c52df9cb0c95a23d,1.032997099973727,0.5032359001343139,29,1092,1008,0.9230769230769231,2,subruns\s6011_xgb_1024_multi_start_hill_climb_refit,5.522753903748129,584b17b1abbed400,5.220408163265306,0.0,3.9,1016
6011,xgb,1024,multi_start_beam,refit,1024,stagnation,xgb_boot5_sklearn_gbm_c52df9cb0c95a23d,0.9446132999728434,0.43712580000283197,5,1048,1008,0.9618320610687023,2,subruns\s6011_xgb_1024_multi_start_beam_refit,6.133611826857063,8f97373cb9853a68,6.289795918367347,0.0,1.96,1016
6011,xgb,1024,mutation_only_ga,refit,1023,stagnation,xgb_boot5_sklearn_gbm_c52df9cb0c95a23d,2.0109050999744795,0.4783389000222087,12,1111,1007,0.9063906390639064,2,subruns\s6011_xgb_1024_mutation_only_ga_refit,1.4273981035935717,5f238485e76e3298,4.618775510204082,0.0,3.8,1015
6011,xgb,1024,iterated_local_search,refit,1024,budget_exhausted,xgb_boot5_sklearn_gbm_c52df9cb0c95a23d,0.7248824999551289,0.4756285999901593,3,1192,1008,0.8456375838926175,2,subruns\s6011_xgb_1024_iterated_local_search_refit,6.5056079054092235,c67151978c79d687,6.406530612244898,0.0,1.6,1016
6011,xgb,1024,simulated_annealing,refit,1024,budget_exhausted,xgb_boot5_sklearn_gbm_c52df9cb0c95a23d,1.5950764999724925,0.5361109999357723,64,1008,1008,1.0,2,subruns\s6011_xgb_1024_simulated_annealing_refit,1.2336256647123656,53c6df16b608a5de,6.563265306122449,0.0,4.5,1016
6011,xgb,1024,mutation_only_adalead,refit,513,neighbors_exhausted,xgb_boot5_sklearn_gbm_c52df9cb0c95a23d,0.7752183999982662,0.28181520011276007,36,560,497,0.8875,2,subruns\s6011_xgb_1024_mutation_only_adalead_refit,4.615553828416039,51d74ccf70affd2d,3.16,0.0,3.82,505
6011,rf,1024,matched_seed_random_walk,main,1024,budget_exhausted,rf300_seq303_dccf8ce892e4d85a,1.4616676999721676,0.7324937999946997,9,1008,1008,1.0,2,subruns\s6011_rf_1024_matched_seed_random_walk_main,17.147974167937083,9743b9a6cfcef954,6.926530612244898,0.0,1.86,1016
6011,rf,1024,multi_start_hill_climb,main,1024,budget_exhausted,rf300_seq303_dccf8ce892e4d85a,1.711610099999234,1.2049558001453988,29,1092,1008,0.9230769230769231,2,subruns\s6011_rf_1024_multi_start_hill_climb_main,17.11626824435227,b666cc18f57ac936,5.090612244897959,0.0,3.36,1016
6011,rf,1024,multi_start_beam,main,1015,stagnation,rf300_seq303_dccf8ce892e4d85a,1.0807489000144415,0.5904916999861598,4,1045,999,0.9559808612440192,2,subruns\s6011_rf_1024_multi_start_beam_main,17.147974167937083,9743b9a6cfcef954,4.438367346938776,0.0,1.72,1007
6011,rf,1024,mutation_only_ga,main,581,stagnation,rf300_seq303_dccf8ce892e4d85a,1.1884178000036627,0.40423059999011457,6,640,565,0.8828125,2,subruns\s6011_rf_1024_mutation_only_ga_main,17.147974167937083,9743b9a6cfcef954,3.646530612244898,0.0,2.12,573
6011,rf,1024,iterated_local_search,main,1024,budget_exhausted,rf300_seq303_dccf8ce892e4d85a,0.7910529000218958,0.5482220000121742,3,1193,1008,0.8449287510477788,2,subruns\s6011_rf_1024_iterated_local_search_main,17.147974167937083,9743b9a6cfcef954,4.8677551020408165,0.0,1.48,1016
6011,rf,1024,simulated_annealing,main,1024,budget_exhausted,rf300_seq303_dccf8ce892e4d85a,3.2155281999730505,2.1664169003488496,64,1008,1008,1.0,2,subruns\s6011_rf_1024_simulated_annealing_main,17.235993346008016,e8f16edd5e09b994,5.8342857142857145,0.0,3.98,1016
6011,rf,1024,mutation_only_adalead,main,1024,budget_exhausted,rf300_seq303_dccf8ce892e4d85a,3.760729599976912,2.2581097999354824,66,1031,1008,0.9776915615906887,2,subruns\s6011_rf_1024_mutation_only_adalead_main,17.147974167937083,9743b9a6cfcef954,3.340408163265306,0.0,2.86,1016
6011,rf,4096,matched_seed_random_walk,main,4096,budget_exhausted,rf300_seq303_dccf8ce892e4d85a,6.727690000028815,2.731525200069882,33,4080,4080,1.0,2,subruns\s6011_rf_4096_matched_seed_random_walk_main,17.147974167937083,9743b9a6cfcef954,4.804897959183673,0.0,2.48,4088
6011,rf,4096,multi_start_hill_climb,main,4096,budget_exhausted,rf300_seq303_dccf8ce892e4d85a,8.712914199975785,5.103549800114706,117,4516,4080,0.9034543844109831,2,subruns\s6011_rf_4096_multi_start_hill_climb_main,17.02672507893592,9d2266f56fd019ed,5.158367346938776,0.0,3.6,4088
6011,rf,4096,multi_start_beam,main,2317,stagnation,rf300_seq303_dccf8ce892e4d85a,2.003451500029769,1.1028005999978632,4,2560,2301,0.898828125,2,subruns\s6011_rf_4096_multi_start_beam_main,17.147974167937083,9743b9a6cfcef954,3.013061224489796,0.0,1.96,2309
6011,rf,4096,mutation_only_ga,main,581,stagnation,rf300_seq303_dccf8ce892e4d85a,1.219794999982696,0.4189869000110775,6,640,565,0.8828125,2,subruns\s6011_rf_4096_mutation_only_ga_main,17.147974167937083,9743b9a6cfcef954,3.646530612244898,0.0,2.12,573
6011,rf,4096,iterated_local_search,main,4096,budget_exhausted,rf300_seq303_dccf8ce892e4d85a,3.44308599998476,2.146038100065198,9,4213,4080,0.9684310467600284,2,subruns\s6011_rf_4096_iterated_local_search_main,17.02672507893592,9d2266f56fd019ed,4.742857142857143,0.0,3.42,4088
6011,rf,4096,simulated_annealing,main,4095,max_generations,rf300_seq303_dccf8ce892e4d85a,16.675867300014943,8.653454399842303,257,4079,4079,1.0,2,subruns\s6011_rf_4096_simulated_annealing_main,17.10343122576884,d737b27cf8518295,5.223673469387755,0.0,3.92,4087
6011,rf,4096,mutation_only_adalead,main,2261,neighbors_exhausted,rf300_seq303_dccf8ce892e4d85a,8.903116799949203,4.8701924997149035,148,2352,2245,0.9545068027210885,2,subruns\s6011_rf_4096_mutation_only_adalead_main,17.116692765140918,1e599a0a3087474b,4.082448979591836,0.0,3.46,2253
6011,rf,1024,matched_seed_random_walk,refit,1024,budget_exhausted,rf300_seq303_d0f55ba319b203d5,1.3422157000168227,0.7078781999880448,9,1008,1008,1.0,2,subruns\s6011_rf_1024_matched_seed_random_walk_refit,17.425911148052293,b71433387844162f,6.973877551020408,0.0,1.8,1016
6011,rf,1024,multi_start_hill_climb,refit,1024,budget_exhausted,rf300_seq303_d0f55ba319b203d5,1.756274699990172,1.2535225999890827,29,1092,1008,0.9230769230769231,2,subruns\s6011_rf_1024_multi_start_hill_climb_refit,17.018346842057834,83a528a9a1d8f47b,5.922448979591837,0.0,3.7,1016
6011,rf,1024,multi_start_beam,refit,1019,stagnation,rf300_seq303_d0f55ba319b203d5,1.0807142999838106,0.5734683000482619,4,1049,1003,0.9561487130600572,2,subruns\s6011_rf_1024_multi_start_beam_refit,17.3191407264636,b7077c03cefe3a1e,6.7640816326530615,0.0,1.96,1011
6011,rf,1024,mutation_only_ga,refit,1023,neighbors_exhausted,rf300_seq303_d0f55ba319b203d5,2.3434053999953903,0.7793445999850519,12,1164,1007,0.8651202749140894,2,subruns\s6011_rf_1024_mutation_only_ga_refit,17.018346842057834,154b6006aba6ff6c,4.275102040816327,0.0,2.56,1015
6011,rf,1024,iterated_local_search,refit,1024,budget_exhausted,rf300_seq303_d0f55ba319b203d5,0.9002606999711134,0.5071879000170156,3,1123,1008,0.8975957257346393,2,subruns\s6011_rf_1024_iterated_local_search_refit,17.3191407264636,b7077c03cefe3a1e,6.948571428571428,0.0,1.34,1016
6011,rf,1024,simulated_annealing,refit,1024,budget_exhausted,rf300_seq303_d0f55ba319b203d5,3.286358700017445,2.206683800148312,64,1008,1008,1.0,2,subruns\s6011_rf_1024_simulated_annealing_refit,16.705362971605886,10457b3ffd954a91,6.18530612244898,0.0,4.62,1016
6011,rf,1024,mutation_only_adalead,refit,1024,budget_exhausted,rf300_seq303_d0f55ba319b203d5,3.557783299998846,2.1972686001099646,66,1038,1008,0.9710982658959537,2,subruns\s6011_rf_1024_mutation_only_adalead_refit,17.018346842057834,154b6006aba6ff6c,3.326530612244898,0.0,2.54,1016
6012,xgb,1024,matched_seed_random_walk,main,1024,budget_exhausted,xgb_boot5_sklearn_gbm_161c712930832354,1.0299860999803059,0.43536310008494183,9,1008,1008,1.0,2,subruns\s6012_xgb_1024_matched_seed_random_walk_main,8.261707129599385,f9fef716b3b8aef1,7.96,0.0,1.84,1016
6012,xgb,1024,multi_start_hill_climb,main,1024,budget_exhausted,xgb_boot5_sklearn_gbm_161c712930832354,1.002372600021772,0.4894697000272572,30,1131,1008,0.8912466843501327,2,subruns\s6012_xgb_1024_multi_start_hill_climb_main,5.758760780829364,5bfacfae93fcb8f4,4.515102040816327,0.0,4.4,1016
6012,xgb,1024,multi_start_beam,main,1024,stagnation,xgb_boot5_sklearn_gbm_161c712930832354,0.9990790999727324,0.4489853999693878,5,1042,1008,0.9673704414587332,2,subruns\s6012_xgb_1024_multi_start_beam_main,7.9186181018574775,bbd147e34dcbe68e,7.688163265306122,0.0,2.14,1016
6012,xgb,1024,mutation_only_ga,main,1024,budget_exhausted,xgb_boot5_sklearn_gbm_161c712930832354,1.88174339995021,0.46635519998380914,11,1116,1008,0.9032258064516129,2,subruns\s6012_xgb_1024_mutation_only_ga_main,5.5246681925720065,8e1532956ee76cb0,3.7208163265306125,0.0,4.42,1016
6012,xgb,1024,iterated_local_search,main,1024,budget_exhausted,xgb_boot5_sklearn_gbm_161c712930832354,0.6711930999881588,0.42389610002283007,3,1196,1008,0.842809364548495,2,subruns\s6012_xgb_1024_iterated_local_search_main,8.044801937910087,0686c0f7f88c7ea3,7.531428571428571,0.0,1.58,1016
6012,xgb,1024,simulated_annealing,main,1024,budget_exhausted,xgb_boot5_sklearn_gbm_161c712930832354,1.6431366999750026,0.5477882999111898,64,1008,1008,1.0,2,subruns\s6012_xgb_1024_simulated_annealing_main,6.149625928031742,a40a64f215cc6ebc,5.424489795918367,0.0,4.46,1016
6012,xgb,1024,mutation_only_adalead,main,440,neighbors_exhausted,xgb_boot5_sklearn_gbm_161c712930832354,0.6396386999986134,0.24915520008653402,33,512,424,0.828125,2,subruns\s6012_xgb_1024_mutation_only_adalead_main,5.5246681925720065,8e1532956ee76cb0,3.0644897959183672,0.0,4.46,432
6012,xgb,4096,matched_seed_random_walk,main,4096,budget_exhausted,xgb_boot5_sklearn_gbm_161c712930832354,5.883111100003589,1.87163999985205,33,4080,4080,1.0,2,subruns\s6012_xgb_4096_matched_seed_random_walk_main,8.261707129599385,f9fef716b3b8aef1,7.565714285714286,0.0,2.5,4088
6012,xgb,4096,multi_start_hill_climb,main,4096,budget_exhausted,xgb_boot5_sklearn_gbm_161c712930832354,5.6102857000078075,1.9816258005448617,117,4520,4080,0.9026548672566371,2,subruns\s6012_xgb_4096_multi_start_hill_climb_main,5.5246681925720065,8e1532956ee76cb0,5.0620408163265305,0.0,4.52,4088
6012,xgb,4096,multi_start_beam,main,4051,stagnation,xgb_boot5_sklearn_gbm_161c712930832354,3.6303286000038497,1.7684593999874778,7,4541,4035,0.8885707993833958,2,subruns\s6012_xgb_4096_multi_start_beam_main,5.312967844466426,5e2f569ac71d501b,5.9077551020408166,0.0,4.1,4043
6012,xgb,4096,mutation_only_ga,main,1368,stagnation,xgb_boot5_sklearn_gbm_161c712930832354,2.591479700000491,0.6119283001171425,13,1536,1352,0.8802083333333334,2,subruns\s6012_xgb_4096_mutation_only_ga_main,5.5246681925720065,8e1532956ee76cb0,3.4816326530612245,0.0,4.4,1360
6012,xgb,4096,iterated_local_search,main,4096,budget_exhausted,xgb_boot5_sklearn_gbm_161c712930832354,3.0138622999656945,1.896959199977573,9,4346,4080,0.9387942936033133,2,subruns\s6012_xgb_4096_iterated_local_search_main,5.758760780829364,5bfacfae93fcb8f4,5.882448979591837,0.0,4.24,4088
6012,xgb,4096,simulated_annealing,main,3753,max_generations,xgb_boot5_sklearn_gbm_161c712930832354,9.919375700003002,2.06514690030599,257,3737,3737,1.0,2,subruns\s6012_xgb_4096_simulated_annealing_main,5.274571132517288,ebb82b309891543e,4.868571428571428,0.0,4.38,3745
6012,xgb,4096,mutation_only_adalead,main,440,neighbors_exhausted,xgb_boot5_sklearn_gbm_161c712930832354,0.6346902999794111,0.2384931999258697,33,512,424,0.828125,2,subruns\s6012_xgb_4096_mutation_only_adalead_main,5.5246681925720065,8e1532956ee76cb0,3.0644897959183672,0.0,4.46,432
6012,xgb,1024,matched_seed_random_walk,refit,1024,budget_exhausted,xgb_boot5_sklearn_gbm_e60e86a3eacf3bf3,1.0569363000104204,0.44520410004770383,9,1008,1008,1.0,2,subruns\s6012_xgb_1024_matched_seed_random_walk_refit,4.543137907002467,2ebc0d00608ab9d1,6.348571428571429,0.0,2.14,1016
6012,xgb,1024,multi_start_hill_climb,refit,1024,budget_exhausted,xgb_boot5_sklearn_gbm_e60e86a3eacf3bf3,1.014166299952194,0.4836552001652308,30,1131,1008,0.8912466843501327,2,subruns\s6012_xgb_1024_multi_start_hill_climb_refit,3.9190758116896154,7ed8a0a3dd0f7ec5,4.023673469387755,0.0,4.04,1016
6012,xgb,1024,multi_start_beam,refit,1024,stagnation,xgb_boot5_sklearn_gbm_e60e86a3eacf3bf3,1.0272593999980018,0.48992469994118437,5,1042,1008,0.9673704414587332,2,subruns\s6012_xgb_1024_multi_start_beam_refit,5.871219252951383,a0b0876e5482ab78,4.502040816326531,0.0,2.0,1016
6012,xgb,1024,mutation_only_ga,refit,1024,budget_exhausted,xgb_boot5_sklearn_gbm_e60e86a3eacf3bf3,1.8841990000219084,0.49272659997222945,11,1103,1008,0.9138712601994561,2,subruns\s6012_xgb_1024_mutation_only_ga_refit,3.9190758116896154,7ed8a0a3dd0f7ec5,3.896326530612245,0.0,3.96,1016
6012,xgb,1024,iterated_local_search,refit,1024,budget_exhausted,xgb_boot5_sklearn_gbm_e60e86a3eacf3bf3,0.7054078000364825,0.4503535999683663,3,1196,1008,0.842809364548495,2,subruns\s6012_xgb_1024_iterated_local_search_refit,5.0168239526754155,92dfd33da114f4a4,5.076734693877551,0.0,1.6,1016
6012,xgb,1024,simulated_annealing,refit,1024,budget_exhausted,xgb_boot5_sklearn_gbm_e60e86a3eacf3bf3,1.595659099984914,0.544737899734173,64,1008,1008,1.0,2,subruns\s6012_xgb_1024_simulated_annealing_refit,4.005425300845547,9b545bbc0be6c109,4.929795918367347,0.0,3.88,1016
6012,xgb,1024,mutation_only_adalead,refit,1024,budget_exhausted,xgb_boot5_sklearn_gbm_e60e86a3eacf3bf3,1.8538515000254847,0.5569609000813216,68,1067,1008,0.9447047797563262,2,subruns\s6012_xgb_1024_mutation_only_adalead_refit,4.005425300845547,0c95b0dfc18bb07a,3.0171428571428573,0.0,4.34,1016
6012,rf,1024,matched_seed_random_walk,main,1024,budget_exhausted,rf300_seq303_7ac74b055978437b,1.2954255000222474,0.7004922000342049,9,1008,1008,1.0,2,subruns\s6012_rf_1024_matched_seed_random_walk_main,16.532053000270054,ae99ad6a10f2f837,7.016326530612245,0.0,2.1,1016
6012,rf,1024,multi_start_hill_climb,main,1024,budget_exhausted,rf300_seq303_7ac74b055978437b,1.790983100014273,1.264533600071445,30,1131,1008,0.8912466843501327,2,subruns\s6012_rf_1024_multi_start_hill_climb_main,15.783515006824679,c98b059cfecef640,2.969795918367347,0.0,4.12,1016
6012,rf,1024,multi_start_beam,main,1024,stagnation,rf300_seq303_7ac74b055978437b,1.114275700005237,0.5886442000046372,5,1041,1008,0.968299711815562,2,subruns\s6012_rf_1024_multi_start_beam_main,16.53104046427457,f0a78fc66bf5598e,6.240816326530612,0.0,1.98,1016
6012,rf,1024,mutation_only_ga,main,1024,budget_exhausted,rf300_seq303_7ac74b055978437b,2.2793410000158474,0.7830824999837205,12,1137,1008,0.8865435356200527,2,subruns\s6012_rf_1024_mutation_only_ga_main,16.19657361581705,e205d1efea5e0a0b,7.18938775510204,0.0,3.4,1016
6012,rf,1024,iterated_local_search,main,1024,budget_exhausted,rf300_seq303_7ac74b055978437b,0.9021883999812417,0.565670499985572,3,1193,1008,0.8449287510477788,2,subruns\s6012_rf_1024_iterated_local_search_main,16.53104046427457,a8dd59aaef44b4f7,6.506122448979592,0.0,1.52,1016
6012,rf,1024,simulated_annealing,main,1024,budget_exhausted,rf300_seq303_7ac74b055978437b,3.1556329000159167,2.084310999896843,64,1008,1008,1.0,2,subruns\s6012_rf_1024_simulated_annealing_main,16.56152792807744,aeaee71ac19d2035,6.600816326530612,0.0,3.9,1016
6012,rf,1024,mutation_only_adalead,main,1024,budget_exhausted,rf300_seq303_7ac74b055978437b,3.720413999981247,2.282544999907259,65,1017,1008,0.9911504424778761,2,subruns\s6012_rf_1024_mutation_only_adalead_main,15.783515006824679,c98b059cfecef640,3.023673469387755,0.0,4.16,1016
6012,rf,4096,matched_seed_random_walk,main,4096,budget_exhausted,rf300_seq303_7ac74b055978437b,6.8826494999811985,2.79348819993902,33,4080,4080,1.0,2,subruns\s6012_rf_4096_matched_seed_random_walk_main,16.532053000270054,ae99ad6a10f2f837,6.123265306122449,0.0,2.36,4088
6012,rf,4096,multi_start_hill_climb,main,4096,budget_exhausted,rf300_seq303_7ac74b055978437b,8.651953099993989,4.968001000524964,118,4555,4080,0.8957189901207464,2,subruns\s6012_rf_4096_multi_start_hill_climb_main,15.783515006824679,c98b059cfecef640,3.0195918367346937,0.0,4.1,4088
6012,rf,4096,multi_start_beam,main,4094,stagnation,rf300_seq303_7ac74b055978437b,3.9252550000092015,2.072991500084754,8,4560,4078,0.894298245614035,2,subruns\s6012_rf_4096_multi_start_beam_main,16.006102510180305,be25f98a88871bdf,5.0285714285714285,0.0,3.84,4086
6012,rf,4096,mutation_only_ga,main,2166,stagnation,rf300_seq303_7ac74b055978437b,5.059373600000981,1.5993706000153907,21,2560,2150,0.83984375,2,subruns\s6012_rf_4096_mutation_only_ga_main,15.854911639131839,1a68c10c306c67a2,3.057142857142857,0.0,3.84,2158
6012,rf,4096,iterated_local_search,main,4096,budget_exhausted,rf300_seq303_7ac74b055978437b,3.198886099969968,2.053564199944958,9,4472,4080,0.9123434704830053,2,subruns\s6012_rf_4096_iterated_local_search_main,15.783515006824679,c98b059cfecef640,3.1681632653061222,0.0,4.14,4088
6012,rf,4096,simulated_annealing,main,4096,budget_exhausted,rf300_seq303_7ac74b055978437b,16.349564899981488,8.538853400037624,256,4080,4080,1.0,2,subruns\s6012_rf_4096_simulated_annealing_main,15.783515006824679,c98b059cfecef640,3.012244897959184,0.0,4.14,4088
6012,rf,4096,mutation_only_adalead,main,2025,neighbors_exhausted,rf300_seq303_7ac74b055978437b,8.071717599988915,4.445226899464615,133,2112,2009,0.9512310606060606,2,subruns\s6012_rf_4096_mutation_only_adalead_main,15.783515006824679,c98b059cfecef640,2.9379591836734695,0.0,4.04,2017
6012,rf,1024,matched_seed_random_walk,refit,1024,budget_exhausted,rf300_seq303_8b8af744b97fee23,1.300710599985905,0.6948196999146603,9,1008,1008,1.0,2,subruns\s6012_rf_1024_matched_seed_random_walk_refit,16.552282380645636,87b94470b31c14ea,6.1387755102040815,0.0,2.24,1016
6012,rf,1024,multi_start_hill_climb,refit,1024,budget_exhausted,rf300_seq303_8b8af744b97fee23,1.7546217000344768,1.2256222998839803,30,1131,1008,0.8912466843501327,2,subruns\s6012_rf_1024_multi_start_hill_climb_refit,15.8243442881121,5e8814a048c89a6d,3.1085714285714285,0.0,3.92,1016
6012,rf,1024,multi_start_beam,refit,1024,budget_exhausted,rf300_seq303_8b8af744b97fee23,1.0985108999884687,0.5890786999952979,5,1045,1008,0.9645933014354067,2,subruns\s6012_rf_1024_multi_start_beam_refit,16.178620231941643,c7a0819761f2c401,3.910204081632653,0.0,1.88,1016
6012,rf,1024,mutation_only_ga,refit,1024,budget_exhausted,rf300_seq303_8b8af744b97fee23,2.273647100024391,0.7976279001450166,13,1144,1008,0.8811188811188811,2,subruns\s6012_rf_1024_mutation_only_ga_refit,15.8243442881121,5e8814a048c89a6d,3.3812244897959185,0.0,3.28,1016
6012,rf,1024,iterated_local_search,refit,1024,budget_exhausted,rf300_seq303_8b8af744b97fee23,0.8457190000335686,0.5507473000325263,3,1193,1008,0.8449287510477788,2,subruns\s6012_rf_1024_iterated_local_search_refit,16.178620231941643,c7a0819761f2c401,4.591020408163265,0.0,1.54,1016
6012,rf,1024,simulated_annealing,refit,1024,budget_exhausted,rf300_seq303_8b8af744b97fee23,3.298903699964285,2.1770796000491828,64,1008,1008,1.0,2,subruns\s6012_rf_1024_simulated_annealing_refit,16.149300798246834,2d8dfcdbf8aa4a57,5.612244897959184,0.0,3.78,1016
6012,rf,1024,mutation_only_adalead,refit,1024,budget_exhausted,rf300_seq303_8b8af744b97fee23,3.497064399998635,2.1810648001846857,65,1021,1008,0.9872673849167483,2,subruns\s6012_rf_1024_mutation_only_adalead_refit,15.8243442881121,5e8814a048c89a6d,2.837551020408163,0.0,3.98,1016
6013,xgb,1024,matched_seed_random_walk,main,1024,budget_exhausted,xgb_boot5_sklearn_gbm_a7a10916d1d5c110,1.033370399964042,0.47193350008456036,9,1008,1008,1.0,2,subruns\s6013_xgb_1024_matched_seed_random_walk_main,8.496487499290605,9aac754d494e96ac,7.328163265306123,0.0,1.82,1016
6013,xgb,1024,multi_start_hill_climb,main,1024,budget_exhausted,xgb_boot5_sklearn_gbm_a7a10916d1d5c110,1.0115663000033237,0.49018200021237135,30,1131,1008,0.8912466843501327,2,subruns\s6013_xgb_1024_multi_start_hill_climb_main,4.992876185826029,d82ebd95ea0e8c23,5.610612244897959,0.0,4.12,1016
6013,xgb,1024,multi_start_beam,main,1024,stagnation,xgb_boot5_sklearn_gbm_a7a10916d1d5c110,0.99688370001968,0.4643226999323815,5,1045,1008,0.9645933014354067,2,subruns\s6013_xgb_1024_multi_start_beam_main,7.795677041342872,70ad1de6fe009c54,6.431020408163265,0.0,1.8,1016
6013,xgb,1024,mutation_only_ga,main,1024,budget_exhausted,xgb_boot5_sklearn_gbm_a7a10916d1d5c110,2.0924486000440083,0.47729850007453933,12,1166,1008,0.8644939965694682,2,subruns\s6013_xgb_1024_mutation_only_ga_main,4.992876185826029,d82ebd95ea0e8c23,5.865306122448979,0.0,4.26,1016
6013,xgb,1024,iterated_local_search,main,1024,budget_exhausted,xgb_boot5_sklearn_gbm_a7a10916d1d5c110,0.7230623999494128,0.4469946000026539,3,1196,1008,0.842809364548495,2,subruns\s6013_xgb_1024_iterated_local_search_main,5.898821780602647,b5025589c6baf9ee,6.826122448979592,0.0,1.46,1016
6013,xgb,1024,simulated_annealing,main,1024,budget_exhausted,xgb_boot5_sklearn_gbm_a7a10916d1d5c110,1.6486567000392824,0.5728181998129003,64,1008,1008,1.0,2,subruns\s6013_xgb_1024_simulated_annealing_main,6.908451043206415,2aab49bf7b35525f,6.731428571428571,0.0,3.58,1016
6013,xgb,1024,mutation_only_adalead,main,290,neighbors_exhausted,xgb_boot5_sklearn_gbm_a7a10916d1d5c110,0.3866199000040069,0.14873640006408095,22,336,274,0.8154761904761905,2,subruns\s6013_xgb_1024_mutation_only_adalead_main,4.729453227095493,b7c1d37a6636a8a7,2.716734693877551,0.0,4.16,282
6013,xgb,4096,matched_seed_random_walk,main,4096,budget_exhausted,xgb_boot5_sklearn_gbm_a7a10916d1d5c110,6.035483600047883,1.9538480000337586,33,4080,4080,1.0,2,subruns\s6013_xgb_4096_matched_seed_random_walk_main,7.079994819447376,58314eafb5f06285,6.930612244897959,0.0,2.3,4088
6013,xgb,4096,multi_start_hill_climb,main,4096,budget_exhausted,xgb_boot5_sklearn_gbm_a7a10916d1d5c110,5.391427800001111,1.8934433999820612,117,4520,4080,0.9026548672566371,2,subruns\s6013_xgb_4096_multi_start_hill_climb_main,4.5187095341589165,cc6533892af0d217,5.932244897959183,0.0,4.36,4088
6013,xgb,4096,multi_start_beam,main,4091,stagnation,xgb_boot5_sklearn_gbm_a7a10916d1d5c110,3.617919999989681,1.778218099847436,8,4699,4075,0.867205788465631,2,subruns\s6013_xgb_4096_multi_start_beam_main,4.5187095341589165,cc6533892af0d217,5.7371428571428575,0.0,4.26,4083
6013,xgb,4096,mutation_only_ga,main,1442,stagnation,xgb_boot5_sklearn_gbm_a7a10916d1d5c110,2.9105596999870613,0.7102370000793599,14,1664,1426,0.8569711538461539,2,subruns\s6013_xgb_4096_mutation_only_ga_main,5.486001870220255,481d8f5a2c8df8b7,5.1991836734693875,0.0,4.64,1434
6013,xgb,4096,iterated_local_search,main,4096,budget_exhausted,xgb_boot5_sklearn_gbm_a7a10916d1d5c110,2.869469399971422,1.8079530001268722,9,4287,4080,0.9517144856543037,2,subruns\s6013_xgb_4096_iterated_local_search_main,4.729453227095493,b7c1d37a6636a8a7,5.456326530612245,0.0,4.36,4088
6013,xgb,4096,simulated_annealing,main,3607,max_generations,xgb_boot5_sklearn_gbm_a7a10916d1d5c110,9.722508999984711,2.0354444998083636,257,3592,3591,0.9997216035634744,2,subruns\s6013_xgb_4096_simulated_annealing_main,4.5187095341589165,cc6533892af0d217,5.3461224489795915,0.0,4.6,3599
6013,xgb,4096,mutation_only_adalead,main,290,neighbors_exhausted,xgb_boot5_sklearn_gbm_a7a10916d1d5c110,0.41952200001105666,0.1599068000796251,22,336,274,0.8154761904761905,2,subruns\s6013_xgb_4096_mutation_only_adalead_main,4.729453227095493,b7c1d37a6636a8a7,2.716734693877551,0.0,4.16,282
6013,xgb,1024,matched_seed_random_walk,refit,1024,budget_exhausted,xgb_boot5_sklearn_gbm_a130bb817d978f3c,1.0690804999903776,0.45344250003108755,9,1008,1008,1.0,2,subruns\s6013_xgb_1024_matched_seed_random_walk_refit,7.407499531579646,9aac754d494e96ac,5.484897959183673,0.0,2.1,1016
6013,xgb,1024,multi_start_hill_climb,refit,1024,budget_exhausted,xgb_boot5_sklearn_gbm_a130bb817d978f3c,1.1853718999773264,0.545612899994012,30,1131,1008,0.8912466843501327,2,subruns\s6013_xgb_1024_multi_start_hill_climb_refit,6.460831888703265,d0f92583b76719bb,4.383673469387755,0.0,3.82,1016
6013,xgb,1024,multi_start_beam,refit,1024,budget_exhausted,xgb_boot5_sklearn_gbm_a130bb817d978f3c,0.9382355000125244,0.4509701000642963,5,1041,1008,0.968299711815562,2,subruns\s6013_xgb_1024_multi_start_beam_refit,7.14849552380241,3f2abd31c9c5a0f4,4.799183673469388,0.0,1.78,1016
6013,xgb,1024,mutation_only_ga,refit,1024,budget_exhausted,xgb_boot5_sklearn_gbm_a130bb817d978f3c,1.897093000006862,0.4461425999761559,12,1183,1008,0.8520710059171598,2,subruns\s6013_xgb_1024_mutation_only_ga_refit,3.8851142922356985,884da6e5d10a22ca,6.206530612244898,0.0,3.48,1016
6013,xgb,1024,iterated_local_search,refit,1024,budget_exhausted,xgb_boot5_sklearn_gbm_a130bb817d978f3c,0.7306943999719806,0.4523680999991484,3,1196,1008,0.842809364548495,2,subruns\s6013_xgb_1024_iterated_local_search_refit,7.407499531579646,9aac754d494e96ac,5.07265306122449,0.0,1.58,1016
6013,xgb,1024,simulated_annealing,refit,1024,budget_exhausted,xgb_boot5_sklearn_gbm_a130bb817d978f3c,1.7074426999897696,0.5657663001329638,64,1008,1008,1.0,2,subruns\s6013_xgb_1024_simulated_annealing_refit,4.535809987188624,dfc64e0d90382d79,6.347755102040816,0.0,4.36,1016
6013,xgb,1024,mutation_only_adalead,refit,336,neighbors_exhausted,xgb_boot5_sklearn_gbm_a130bb817d978f3c,0.47191670001484454,0.18010659998981282,26,400,320,0.8,2,subruns\s6013_xgb_1024_mutation_only_adalead_refit,5.506148295493825,446447b51b3db22e,3.0987755102040815,0.0,3.5,328
6013,rf,1024,matched_seed_random_walk,main,1024,budget_exhausted,rf300_seq303_28f0ea4e8cffabd4,1.452085500000976,0.7346751000150107,9,1008,1008,1.0,2,subruns\s6013_rf_1024_matched_seed_random_walk_main,17.998321097214113,493358069d64a15d,7.648979591836735,0.0,2.0,1016
6013,rf,1024,multi_start_hill_climb,main,1024,budget_exhausted,rf300_seq303_28f0ea4e8cffabd4,1.7211462000268511,1.2062496998696588,30,1131,1008,0.8912466843501327,2,subruns\s6013_rf_1024_multi_start_hill_climb_main,16.915024393946208,507241a7a9afd2a8,3.3289795918367346,0.0,4.14,1016
6013,rf,1024,multi_start_beam,main,1024,budget_exhausted,rf300_seq303_28f0ea4e8cffabd4,1.1264132000505924,0.607974499987904,5,1045,1008,0.9645933014354067,2,subruns\s6013_rf_1024_multi_start_beam_main,17.476600850784582,3905f1bfea7a55a9,6.617959183673469,0.0,2.22,1016
6013,rf,1024,mutation_only_ga,main,1024,budget_exhausted,rf300_seq303_28f0ea4e8cffabd4,2.286196300003212,0.8053020999650471,12,1154,1008,0.8734835355285961,2,subruns\s6013_rf_1024_mutation_only_ga_main,17.02671302983967,3000d94d3032a400,5.324897959183674,0.0,4.16,1016
6013,rf,1024,iterated_local_search,main,1024,budget_exhausted,rf300_seq303_28f0ea4e8cffabd4,0.7894296000013128,0.5363811000133865,3,1196,1008,0.842809364548495,2,subruns\s6013_rf_1024_iterated_local_search_main,17.913473570298112,c71750f4354a8aa7,6.808979591836735,0.0,1.78,1016
6013,rf,1024,simulated_annealing,main,1024,budget_exhausted,rf300_seq303_28f0ea4e8cffabd4,3.214901000028476,2.132975700253155,64,1008,1008,1.0,2,subruns\s6013_rf_1024_simulated_annealing_main,17.232260331055095,979d9a204fcd6fa1,5.773877551020409,0.0,4.04,1016
6013,rf,1024,mutation_only_adalead,main,1024,budget_exhausted,rf300_seq303_28f0ea4e8cffabd4,3.6570524999988265,2.2752877000020817,66,1027,1008,0.9814995131450828,2,subruns\s6013_rf_1024_mutation_only_adalead_main,16.953790785347234,c02bd96098d593e8,3.04,0.0,4.3,1016
6013,rf,4096,matched_seed_random_walk,main,4096,budget_exhausted,rf300_seq303_28f0ea4e8cffabd4,6.908676799968816,2.7208016999065876,33,4080,4080,1.0,2,subruns\s6013_rf_4096_matched_seed_random_walk_main,17.998321097214113,493358069d64a15d,7.358367346938776,0.0,2.6,4088
6013,rf,4096,multi_start_hill_climb,main,4096,budget_exhausted,rf300_seq303_28f0ea4e8cffabd4,8.420045400038362,4.936738700256683,117,4520,4080,0.9026548672566371,2,subruns\s6013_rf_4096_multi_start_hill_climb_main,16.915024393946208,507241a7a9afd2a8,3.893061224489796,0.0,4.0,4088
6013,rf,4096,multi_start_beam,main,4086,stagnation,rf300_seq303_28f0ea4e8cffabd4,3.97059610002907,2.00707470002817,8,4610,4070,0.8828633405639913,2,subruns\s6013_rf_4096_multi_start_beam_main,16.915024393946208,507241a7a9afd2a8,4.765714285714286,0.0,3.58,4078
6013,rf,4096,mutation_only_ga,main,1643,stagnation,rf300_seq303_28f0ea4e8cffabd4,3.5712892999872565,1.1526894001872279,16,1920,1627,0.8473958333333333,2,subruns\s6013_rf_4096_mutation_only_ga_main,16.953790785347234,c02bd96098d593e8,4.533877551020408,0.0,4.18,1635
6013,rf,4096,iterated_local_search,main,4096,budget_exhausted,rf300_seq303_28f0ea4e8cffabd4,3.2989135999814607,2.1093222998897545,9,4185,4080,0.974910394265233,2,subruns\s6013_rf_4096_iterated_local_search_main,16.915024393946208,507241a7a9afd2a8,4.289795918367347,0.0,3.74,4088
6013,rf,4096,simulated_annealing,main,4087,max_generations,rf300_seq303_28f0ea4e8cffabd4,16.543122000002768,8.57923989923438,257,4073,4071,0.9995089614534741,2,subruns\s6013_rf_4096_simulated_annealing_main,16.915024393946208,507241a7a9afd2a8,3.773877551020408,0.0,4.26,4079
6013,rf,4096,mutation_only_adalead,main,1501,neighbors_exhausted,rf300_seq303_28f0ea4e8cffabd4,5.720504299970344,3.2855604999349453,99,1568,1485,0.9470663265306123,2,subruns\s6013_rf_4096_mutation_only_adalead_main,16.953790785347234,c02bd96098d593e8,3.057959183673469,0.0,4.26,1493
6013,rf,1024,matched_seed_random_walk,refit,1024,budget_exhausted,rf300_seq303_0588681d7b8a4539,1.3147580999648198,0.6951047999318689,9,1008,1008,1.0,2,subruns\s6013_rf_1024_matched_seed_random_walk_refit,18.037689931089947,c74cf207c5e54437,8.058775510204082,0.0,1.92,1016
6013,rf,1024,multi_start_hill_climb,refit,1024,budget_exhausted,rf300_seq303_0588681d7b8a4539,1.753717500017956,1.216777399997227,30,1131,1008,0.8912466843501327,2,subruns\s6013_rf_1024_multi_start_hill_climb_refit,16.90952802468136,507241a7a9afd2a8,4.5869387755102045,0.0,3.8,1016
6013,rf,1024,multi_start_beam,refit,1024,budget_exhausted,rf300_seq303_0588681d7b8a4539,1.0831345999613404,0.5666983000119217,5,1050,1008,0.96,2,subruns\s6013_rf_1024_multi_start_beam_refit,17.74692520048565,8c29ec9d34386c21,6.395102040816327,0.0,2.1,1016
6013,rf,1024,mutation_only_ga,refit,1023,stagnation,rf300_seq303_0588681d7b8a4539,2.154473999980837,0.7572036000783555,12,1164,1007,0.8651202749140894,2,subruns\s6013_rf_1024_mutation_only_ga_refit,17.084638695178025,5eb5c38bc731907e,5.075918367346938,0.0,3.9,1015
6013,rf,1024,iterated_local_search,refit,1024,budget_exhausted,rf300_seq303_0588681d7b8a4539,0.813082399952691,0.5382269999827258,3,1196,1008,0.842809364548495,2,subruns\s6013_rf_1024_iterated_local_search_refit,17.57080806790661,c04e28ec87f69642,6.85061224489796,0.0,1.74,1016
6013,rf,1024,simulated_annealing,refit,1024,budget_exhausted,rf300_seq303_0588681d7b8a4539,3.3105992999626324,2.192076399922371,64,1008,1008,1.0,2,subruns\s6013_rf_1024_simulated_annealing_refit,17.28800829139295,c1ae09175eb16862,6.226122448979591,0.0,4.3,1016
6013,rf,1024,mutation_only_adalead,refit,1024,budget_exhausted,rf300_seq303_0588681d7b8a4539,3.6801364999846555,2.231291699805297,66,1035,1008,0.9739130434782609,2,subruns\s6013_rf_1024_mutation_only_adalead_refit,16.883762192721896,06e718cce1a5abe1,3.800816326530612,0.0,4.52,1016
6014,xgb,1024,matched_seed_random_walk,main,1024,budget_exhausted,xgb_boot5_sklearn_gbm_c2ddac617bff52ae,1.0993052999838255,0.4652906999690458,9,1008,1008,1.0,2,subruns\s6014_xgb_1024_matched_seed_random_walk_main,7.049441020609104,e73be45dc1fb63f4,8.101224489795918,0.0,1.88,1016
6014,xgb,1024,multi_start_hill_climb,main,1024,budget_exhausted,xgb_boot5_sklearn_gbm_c2ddac617bff52ae,0.9833634999813512,0.48111100011738017,29,1092,1008,0.9230769230769231,2,subruns\s6014_xgb_1024_multi_start_hill_climb_main,6.828435380112029,6dfefb8d7254c914,6.328979591836735,0.0,3.54,1016
6014,xgb,1024,multi_start_beam,main,1024,stagnation,xgb_boot5_sklearn_gbm_c2ddac617bff52ae,0.9247417000005953,0.43728610005928203,5,1044,1008,0.9655172413793104,2,subruns\s6014_xgb_1024_multi_start_beam_main,7.049441020609104,e73be45dc1fb63f4,6.7306122448979595,0.0,1.76,1016
6014,xgb,1024,mutation_only_ga,main,592,stagnation,xgb_boot5_sklearn_gbm_c2ddac617bff52ae,1.0067304999683984,0.27407149999635294,6,640,576,0.9,2,subruns\s6014_xgb_1024_mutation_only_ga_main,7.049441020609104,e73be45dc1fb63f4,6.22530612244898,0.0,2.4,584
6014,xgb,1024,iterated_local_search,main,1024,budget_exhausted,xgb_boot5_sklearn_gbm_c2ddac617bff52ae,0.7447570000076666,0.4457198999589309,3,1193,1008,0.8449287510477788,2,subruns\s6014_xgb_1024_iterated_local_search_main,7.049441020609104,e73be45dc1fb63f4,5.806530612244898,0.0,1.48,1016
6014,xgb,1024,simulated_annealing,main,1024,budget_exhausted,xgb_boot5_sklearn_gbm_c2ddac617bff52ae,1.6433367999852635,0.5496523000765592,64,1008,1008,1.0,2,subruns\s6014_xgb_1024_simulated_annealing_main,6.246670458112333,0a235d8e4399692e,6.113469387755102,0.0,4.18,1016
6014,xgb,1024,mutation_only_adalead,main,260,neighbors_exhausted,xgb_boot5_sklearn_gbm_c2ddac617bff52ae,0.3542072999989614,0.13798540004063398,19,288,244,0.8472222222222222,2,subruns\s6014_xgb_1024_mutation_only_adalead_main,6.086950689719173,642d762e8a5d04ad,2.8889795918367347,0.0,3.62,252
6014,xgb,4096,matched_seed_random_walk,main,4096,budget_exhausted,xgb_boot5_sklearn_gbm_c2ddac617bff52ae,5.841912099975161,1.911996600101702,33,4080,4080,1.0,2,subruns\s6014_xgb_4096_matched_seed_random_walk_main,7.049441020609104,e73be45dc1fb63f4,7.705306122448979,0.0,2.0,4088
6014,xgb,4096,multi_start_hill_climb,main,4096,budget_exhausted,xgb_boot5_sklearn_gbm_c2ddac617bff52ae,5.555307400005404,1.994619499600958,116,4477,4080,0.911324547688184,2,subruns\s6014_xgb_4096_multi_start_hill_climb_main,6.4693784465108495,c616f676a1c1c901,6.689795918367347,0.0,4.38,4088
6014,xgb,4096,multi_start_beam,main,4061,stagnation,xgb_boot5_sklearn_gbm_c2ddac617bff52ae,3.5584788999985904,1.761211299977731,7,4556,4045,0.8878402107111502,2,subruns\s6014_xgb_4096_multi_start_beam_main,6.246670458112333,0a235d8e4399692e,5.6604081632653065,0.0,4.1,4053
6014,xgb,4096,mutation_only_ga,main,592,stagnation,xgb_boot5_sklearn_gbm_c2ddac617bff52ae,1.0300071999663487,0.2677852000342682,6,640,576,0.9,2,subruns\s6014_xgb_4096_mutation_only_ga_main,7.049441020609104,e73be45dc1fb63f4,6.22530612244898,0.0,2.4,584
6014,xgb,4096,iterated_local_search,main,4096,budget_exhausted,xgb_boot5_sklearn_gbm_c2ddac617bff52ae,2.9041858999989927,1.7365326000144705,9,4256,4080,0.9586466165413534,2,subruns\s6014_xgb_4096_iterated_local_search_main,6.086950689719173,642d762e8a5d04ad,6.64734693877551,0.0,4.08,4088
6014,xgb,4096,simulated_annealing,main,3766,max_generations,xgb_boot5_sklearn_gbm_c2ddac617bff52ae,10.086477099976037,2.073996900115162,257,3750,3750,1.0,2,subruns\s6014_xgb_4096_simulated_annealing_main,5.292732819451839,b11789c18fdd4606,5.990204081632653,0.0,4.4,3758
6014,xgb,4096,mutation_only_adalead,main,260,neighbors_exhausted,xgb_boot5_sklearn_gbm_c2ddac617bff52ae,0.3537369999685325,0.13312229997245595,19,288,244,0.8472222222222222,2,subruns\s6014_xgb_4096_mutation_only_adalead_main,6.086950689719173,642d762e8a5d04ad,2.8889795918367347,0.0,3.62,252
6014,xgb,1024,matched_seed_random_walk,refit,1024,budget_exhausted,xgb_boot5_sklearn_gbm_1273766567e950e9,1.1556059999857098,0.46126490004826337,9,1008,1008,1.0,2,subruns\s6014_xgb_1024_matched_seed_random_walk_refit,11.3102723768873,f0f45bd9aea64391,8.04734693877551,0.0,1.9,1016
6014,xgb,1024,multi_start_hill_climb,refit,1024,budget_exhausted,xgb_boot5_sklearn_gbm_1273766567e950e9,1.0259010000154376,0.5075461000087671,30,1131,1008,0.8912466843501327,2,subruns\s6014_xgb_1024_multi_start_hill_climb_refit,5.698442997233165,97f379a6831c0afd,4.742857142857143,0.0,4.34,1016
6014,xgb,1024,multi_start_beam,refit,1024,stagnation,xgb_boot5_sklearn_gbm_1273766567e950e9,1.0603400999680161,0.47170979995280504,5,1042,1008,0.9673704414587332,2,subruns\s6014_xgb_1024_multi_start_beam_refit,9.597426622595762,da70c931aea6d9f1,7.32734693877551,0.0,2.36,1016
6014,xgb,1024,mutation_only_ga,refit,1023,stagnation,xgb_boot5_sklearn_gbm_1273766567e950e9,1.8493206000421196,0.4922333000577055,12,1115,1007,0.9031390134529148,2,subruns\s6014_xgb_1024_mutation_only_ga_refit,7.089845745901576,5d10867ac8aaa850,4.697959183673469,0.0,4.3,1015
6014,xgb,1024,iterated_local_search,refit,1024,budget_exhausted,xgb_boot5_sklearn_gbm_1273766567e950e9,0.7108414000249468,0.45298099995125085,3,1193,1008,0.8449287510477788,2,subruns\s6014_xgb_1024_iterated_local_search_refit,10.211161113844968,5770b62a5ee6dc83,7.231836734693878,0.0,1.52,1016
6014,xgb,1024,simulated_annealing,refit,1024,budget_exhausted,xgb_boot5_sklearn_gbm_1273766567e950e9,1.6213203000370413,0.5602236001868732,64,1008,1008,1.0,2,subruns\s6014_xgb_1024_simulated_annealing_refit,7.222712436221828,3a2923572de7fc0a,6.154285714285714,0.0,4.6,1016
6014,xgb,1024,mutation_only_adalead,refit,1024,budget_exhausted,xgb_boot5_sklearn_gbm_1273766567e950e9,1.850340300006792,0.5633989996858872,72,1119,1008,0.900804289544236,2,subruns\s6014_xgb_1024_mutation_only_adalead_refit,8.135558695639888,f34191f6dba6d30c,3.403265306122449,0.0,5.14,1016
6014,rf,1024,matched_seed_random_walk,main,1024,budget_exhausted,rf300_seq303_9975b9ed077eb2e2,1.3301666000043042,0.7050398999708705,9,1008,1008,1.0,2,subruns\s6014_rf_1024_matched_seed_random_walk_main,17.980025134538185,e73be45dc1fb63f4,7.546122448979592,0.0,2.14,1016
6014,rf,1024,multi_start_hill_climb,main,1024,budget_exhausted,rf300_seq303_9975b9ed077eb2e2,1.8509291000082158,1.3109073000377975,30,1131,1008,0.8912466843501327,2,subruns\s6014_rf_1024_multi_start_hill_climb_main,17.027749783833077,c14c0f03540542d6,3.2816326530612243,0.0,3.86,1016
6014,rf,1024,multi_start_beam,main,1024,stagnation,rf300_seq303_9975b9ed077eb2e2,1.1217374000116251,0.609424099966418,5,1036,1008,0.972972972972973,2,subruns\s6014_rf_1024_multi_start_beam_main,17.55490133728302,2bb63195c3bbde6c,3.595918367346939,0.0,2.1,1016
6014,rf,1024,mutation_only_ga,main,1024,stagnation,rf300_seq303_9975b9ed077eb2e2,2.1749377000378445,0.7483529000310227,12,1134,1008,0.8888888888888888,2,subruns\s6014_rf_1024_mutation_only_ga_main,17.048889177363357,2bbf037277c1fb2c,3.893061224489796,0.0,3.9,1016
6014,rf,1024,iterated_local_search,main,1024,budget_exhausted,rf300_seq303_9975b9ed077eb2e2,0.7930277000414208,0.5206222999258898,3,1196,1008,0.842809364548495,2,subruns\s6014_rf_1024_iterated_local_search_main,17.521319889358914,628e09f62aa37cff,4.877551020408164,0.0,1.6,1016
6014,rf,1024,simulated_annealing,main,1024,budget_exhausted,rf300_seq303_9975b9ed077eb2e2,3.2142129999701865,2.142811599827837,64,1008,1008,1.0,2,subruns\s6014_rf_1024_simulated_annealing_main,17.71148602428896,4b265259ad22969e,6.44734693877551,0.0,4.26,1016
6014,rf,1024,mutation_only_adalead,main,1024,budget_exhausted,rf300_seq303_9975b9ed077eb2e2,3.6868391999742016,2.2507587001891807,66,1030,1008,0.9786407766990292,2,subruns\s6014_rf_1024_mutation_only_adalead_main,17.027749783833077,c14c0f03540542d6,3.636734693877551,0.0,4.18,1016
6014,rf,4096,matched_seed_random_walk,main,4096,budget_exhausted,rf300_seq303_9975b9ed077eb2e2,6.741109800001141,2.73831599985715,33,4080,4080,1.0,2,subruns\s6014_rf_4096_matched_seed_random_walk_main,17.980025134538185,e73be45dc1fb63f4,5.350204081632653,0.0,2.9,4088
6014,rf,4096,multi_start_hill_climb,main,4096,budget_exhausted,rf300_seq303_9975b9ed077eb2e2,8.42837460001465,4.9555662997299805,117,4520,4080,0.9026548672566371,2,subruns\s6014_rf_4096_multi_start_hill_climb_main,17.027749783833077,c14c0f03540542d6,3.233469387755102,0.0,3.86,4088
6014,rf,4096,multi_start_beam,main,4092,stagnation,rf300_seq303_9975b9ed077eb2e2,4.136753200029489,2.0951174999936484,9,4659,4076,0.8748658510409959,2,subruns\s6014_rf_4096_multi_start_beam_main,17.027749783833077,c14c0f03540542d6,3.8489795918367347,0.0,3.94,4084
6014,rf,4096,mutation_only_ga,main,1404,stagnation,rf300_seq303_9975b9ed077eb2e2,3.094237899989821,0.9908069999073632,14,1664,1388,0.8341346153846154,2,subruns\s6014_rf_4096_mutation_only_ga_main,17.027749783833077,c14c0f03540542d6,3.5314285714285716,0.0,4.06,1396
6014,rf,4096,iterated_local_search,main,4096,budget_exhausted,rf300_seq303_9975b9ed077eb2e2,3.149541400023736,2.0401046999613754,9,4383,4080,0.9308692676249144,2,subruns\s6014_rf_4096_iterated_local_search_main,17.048889177363357,2bbf037277c1fb2c,4.100408163265306,0.0,3.86,4088
6014,rf,4096,simulated_annealing,main,4090,max_generations,rf300_seq303_9975b9ed077eb2e2,16.600830500014126,8.646710400062148,257,4076,4074,0.9995093228655545,2,subruns\s6014_rf_4096_simulated_annealing_main,17.027749783833077,c14c0f03540542d6,3.053061224489796,0.0,3.84,4082
6014,rf,4096,mutation_only_adalead,main,2044,neighbors_exhausted,rf300_seq303_9975b9ed077eb2e2,8.028667899954598,4.48250389972236,135,2144,2028,0.9458955223880597,2,subruns\s6014_rf_4096_mutation_only_adalead_main,17.027749783833077,c14c0f03540542d6,3.0563265306122447,0.0,3.94,2036
6014,rf,1024,matched_seed_random_walk,refit,1024,budget_exhausted,rf300_seq303_07760c75b884298e,1.3928959000040777,0.7499795000185259,9,1008,1008,1.0,2,subruns\s6014_rf_1024_matched_seed_random_walk_refit,17.846832396288576,e73be45dc1fb63f4,7.485714285714286,0.0,2.0,1016
6014,rf,1024,multi_start_hill_climb,refit,1024,budget_exhausted,rf300_seq303_07760c75b884298e,1.7142519000335597,1.190096300037112,30,1131,1008,0.8912466843501327,2,subruns\s6014_rf_1024_multi_start_hill_climb_refit,17.365991843903657,bb3c6c5428707113,5.391836734693878,0.0,3.72,1016
6014,rf,1024,multi_start_beam,refit,1018,stagnation,rf300_seq303_07760c75b884298e,1.169031500001438,0.566366300045047,4,1035,1002,0.9681159420289855,2,subruns\s6014_rf_1024_multi_start_beam_refit,17.365991843903657,bb3c6c5428707113,4.029387755102041,0.0,2.08,1010
6014,rf,1024,mutation_only_ga,refit,1024,stagnation,rf300_seq303_07760c75b884298e,2.2735157000133768,0.8226610998972319,13,1141,1008,0.8834355828220859,2,subruns\s6014_rf_1024_mutation_only_ga_refit,17.365991843903657,bb3c6c5428707113,3.833469387755102,0.0,3.56,1016
6014,rf,1024,iterated_local_search,refit,1024,budget_exhausted,rf300_seq303_07760c75b884298e,0.7620939000044018,0.5104688999708742,3,1196,1008,0.842809364548495,2,subruns\s6014_rf_1024_iterated_local_search_refit,17.365991843903657,bb3c6c5428707113,4.438367346938776,0.0,1.64,1016
6014,rf,1024,simulated_annealing,refit,1024,budget_exhausted,rf300_seq303_07760c75b884298e,3.2718515999731608,2.17311219999101,64,1008,1008,1.0,2,subruns\s6014_rf_1024_simulated_annealing_refit,17.772156285567746,acfff257e0d2e341,7.2024489795918365,0.0,4.64,1016
6014,rf,1024,mutation_only_adalead,refit,1024,budget_exhausted,rf300_seq303_07760c75b884298e,3.599459199991543,2.187376500107348,66,1026,1008,0.9824561403508771,2,subruns\s6014_rf_1024_mutation_only_adalead_refit,17.365991843903657,bb3c6c5428707113,3.1044897959183673,0.0,3.88,1016
6015,xgb,1024,matched_seed_random_walk,main,1024,budget_exhausted,xgb_boot5_sklearn_gbm_db0a70abe389fc7b,1.0460897999582812,0.4565057999570854,9,1008,1008,1.0,2,subruns\s6015_xgb_1024_matched_seed_random_walk_main,4.512723707873261,13257505729c772b,5.549387755102041,0.0,2.18,1016
6015,xgb,1024,multi_start_hill_climb,main,1024,budget_exhausted,xgb_boot5_sklearn_gbm_db0a70abe389fc7b,1.0019652000046335,0.508779899973888,30,1131,1008,0.8912466843501327,2,subruns\s6015_xgb_1024_multi_start_hill_climb_main,-1.1600224809211859,6299f26b0e68459f,3.3616326530612244,0.0,3.58,1016
6015,xgb,1024,multi_start_beam,main,1023,stagnation,xgb_boot5_sklearn_gbm_db0a70abe389fc7b,0.9066272000200115,0.4279695000150241,5,1034,1007,0.9738878143133463,2,subruns\s6015_xgb_1024_multi_start_beam_main,3.7395321717187273,42d1e844a62b6bac,5.565714285714286,0.0,2.34,1015
6015,xgb,1024,mutation_only_ga,main,1023,stagnation,xgb_boot5_sklearn_gbm_db0a70abe389fc7b,1.972044800000731,0.48440879996633157,12,1156,1007,0.8711072664359861,2,subruns\s6015_xgb_1024_mutation_only_ga_main,-1.1600224809211859,6299f26b0e68459f,3.1812244897959183,0.02,3.6,1015
6015,xgb,1024,iterated_local_search,main,1024,budget_exhausted,xgb_boot5_sklearn_gbm_db0a70abe389fc7b,0.7041336999973282,0.4589806999429129,3,1196,1008,0.842809364548495,2,subruns\s6015_xgb_1024_iterated_local_search_main,3.630216395456158,f071f322c13bc613,5.566530612244898,0.0,1.8,1016
6015,xgb,1024,simulated_annealing,main,1024,budget_exhausted,xgb_boot5_sklearn_gbm_db0a70abe389fc7b,1.6629743999801576,0.5555640005040914,64,1008,1008,1.0,2,subruns\s6015_xgb_1024_simulated_annealing_main,0.6827969923577241,098fe22bcf438cc4,4.060408163265306,0.0,4.34,1016
6015,xgb,1024,mutation_only_adalead,main,341,neighbors_exhausted,xgb_boot5_sklearn_gbm_db0a70abe389fc7b,0.4731329000205733,0.18894859997089952,27,416,325,0.78125,2,subruns\s6015_xgb_1024_mutation_only_adalead_main,-1.1600224809211859,6299f26b0e68459f,2.916734693877551,0.0,4.26,333
6015,xgb,4096,matched_seed_random_walk,main,4096,budget_exhausted,xgb_boot5_sklearn_gbm_db0a70abe389fc7b,5.89014530001441,1.8456774999503978,33,4080,4080,1.0,2,subruns\s6015_xgb_4096_matched_seed_random_walk_main,4.067630365079024,1326be089feb2e9f,5.328979591836735,0.0,2.78,4088
6015,xgb,4096,multi_start_hill_climb,main,4096,budget_exhausted,xgb_boot5_sklearn_gbm_db0a70abe389fc7b,5.5810843000072055,1.9506892001954839,118,4559,4080,0.8949330993638956,2,subruns\s6015_xgb_4096_multi_start_hill_climb_main,-1.3601382353092588,881e5e9587c06710,3.522448979591837,0.0,3.98,4088
6015,xgb,4096,multi_start_beam,main,4063,stagnation,xgb_boot5_sklearn_gbm_db0a70abe389fc7b,3.4943817000021227,1.7315298999310471,7,4547,4047,0.8900373872883219,2,subruns\s6015_xgb_4096_multi_start_beam_main,-1.1600224809211859,6299f26b0e68459f,3.349387755102041,0.0,3.98,4055
6015,xgb,4096,mutation_only_ga,main,1617,stagnation,xgb_boot5_sklearn_gbm_db0a70abe389fc7b,3.30712820001645,0.760639000160154,16,1920,1601,0.8338541666666667,2,subruns\s6015_xgb_4096_mutation_only_ga_main,-1.3601382353092588,881e5e9587c06710,3.275918367346939,0.0,4.08,1609
6015,xgb,4096,iterated_local_search,main,4096,budget_exhausted,xgb_boot5_sklearn_gbm_db0a70abe389fc7b,2.965038899972569,1.821100699948147,9,4301,4080,0.9486166007905138,2,subruns\s6015_xgb_4096_iterated_local_search_main,-1.1600224809211859,6299f26b0e68459f,3.1820408163265306,0.0,3.86,4088
6015,xgb,4096,simulated_annealing,main,3404,max_generations,xgb_boot5_sklearn_gbm_db0a70abe389fc7b,9.58406369999284,1.9033486997941509,257,3388,3388,1.0,2,subruns\s6015_xgb_4096_simulated_annealing_main,-1.3601382353092588,881e5e9587c06710,3.3681632653061224,0.0,4.24,3396
6015,xgb,4096,mutation_only_adalead,main,341,neighbors_exhausted,xgb_boot5_sklearn_gbm_db0a70abe389fc7b,0.4723070000181906,0.1854443001211621,27,416,325,0.78125,2,subruns\s6015_xgb_4096_mutation_only_adalead_main,-1.1600224809211859,6299f26b0e68459f,2.916734693877551,0.0,4.26,333
6015,xgb,1024,matched_seed_random_walk,refit,1024,budget_exhausted,xgb_boot5_sklearn_gbm_d3dc68cacdc0d7e9,1.1976223000092432,0.4504853000398725,9,1008,1008,1.0,2,subruns\s6015_xgb_1024_matched_seed_random_walk_refit,7.068030201132942,12c28576f6f9aabc,6.624489795918367,0.0,1.98,1016
6015,xgb,1024,multi_start_hill_climb,refit,1024,budget_exhausted,xgb_boot5_sklearn_gbm_d3dc68cacdc0d7e9,0.9787384999799542,0.47054909978760406,30,1131,1008,0.8912466843501327,2,subruns\s6015_xgb_1024_multi_start_hill_climb_refit,1.5680160009958815,afe3b6309d85d62f,3.2612244897959184,0.0,4.48,1016
6015,xgb,1024,multi_start_beam,refit,1024,stagnation,xgb_boot5_sklearn_gbm_d3dc68cacdc0d7e9,0.9739929999923334,0.4432734999572858,5,1050,1008,0.96,2,subruns\s6015_xgb_1024_multi_start_beam_refit,5.714376434539502,f20e817c2d9cec31,6.222040816326531,0.0,2.34,1016
6015,xgb,1024,mutation_only_ga,refit,1024,budget_exhausted,xgb_boot5_sklearn_gbm_d3dc68cacdc0d7e9,1.8405306999920867,0.475294399948325,11,1132,1008,0.8904593639575972,2,subruns\s6015_xgb_1024_mutation_only_ga_refit,1.0551958439922986,fcd02c994bba9715,5.384489795918367,0.06,3.92,1016
6015,xgb,1024,iterated_local_search,refit,1024,budget_exhausted,xgb_boot5_sklearn_gbm_d3dc68cacdc0d7e9,0.727477699983865,0.4575302000157535,3,1196,1008,0.842809364548495,2,subruns\s6015_xgb_1024_iterated_local_search_refit,6.733852665923626,42d1e844a62b6bac,6.708571428571428,0.0,1.76,1016
6015,xgb,1024,simulated_annealing,refit,1024,budget_exhausted,xgb_boot5_sklearn_gbm_d3dc68cacdc0d7e9,1.6664349000202492,0.5591084997286089,64,1008,1008,1.0,2,subruns\s6015_xgb_1024_simulated_annealing_refit,1.5680160009958815,afe3b6309d85d62f,5.475102040816327,0.0,4.48,1016
6015,xgb,1024,mutation_only_adalead,refit,212,neighbors_exhausted,xgb_boot5_sklearn_gbm_d3dc68cacdc0d7e9,0.31482980004511774,0.1309828999801539,17,256,196,0.765625,2,subruns\s6015_xgb_1024_mutation_only_adalead_refit,-0.07879202205804817,4842f9320e99fa2e,2.9828571428571427,0.0,4.44,204
6015,rf,1024,matched_seed_random_walk,main,1024,budget_exhausted,rf300_seq303_9fb0a2a899b7b5a4,1.4025722999940626,0.7031988999224268,9,1008,1008,1.0,2,subruns\s6015_rf_1024_matched_seed_random_walk_main,17.02419679982505,18790b3f7800ae7b,6.94204081632653,0.0,1.96,1016
6015,rf,1024,multi_start_hill_climb,main,1024,budget_exhausted,rf300_seq303_9fb0a2a899b7b5a4,1.8406802999670617,1.293451399949845,30,1131,1008,0.8912466843501327,2,subruns\s6015_rf_1024_multi_start_hill_climb_main,16.250938512647792,4d1e751bfe8bc75b,4.371428571428571,0.0,3.82,1016
6015,rf,1024,multi_start_beam,main,1024,budget_exhausted,rf300_seq303_9fb0a2a899b7b5a4,1.0650120999780484,0.5598784000030719,5,1047,1008,0.9627507163323782,2,subruns\s6015_rf_1024_multi_start_beam_main,16.606225635973303,71556dee76603a77,6.546938775510204,0.0,2.16,1016
6015,rf,1024,mutation_only_ga,main,1024,budget_exhausted,rf300_seq303_9fb0a2a899b7b5a4,2.228995200013742,0.7573223999934271,12,1105,1008,0.9122171945701357,2,subruns\s6015_rf_1024_mutation_only_ga_main,16.250938512647792,4d1e751bfe8bc75b,4.803265306122449,0.0,3.2,1016
6015,rf,1024,iterated_local_search,main,1024,budget_exhausted,rf300_seq303_9fb0a2a899b7b5a4,0.7783144999993965,0.5147998000611551,3,1196,1008,0.842809364548495,2,subruns\s6015_rf_1024_iterated_local_search_main,16.308877099843986,1d50ec82160ab962,6.466122448979592,0.0,1.76,1016
6015,rf,1024,simulated_annealing,main,1024,budget_exhausted,rf300_seq303_9fb0a2a899b7b5a4,3.204695600026753,2.1252773998421617,64,1008,1008,1.0,2,subruns\s6015_rf_1024_simulated_annealing_main,16.366844633781756,4f9b3910556fad3b,4.785306122448979,0.0,4.32,1016
6015,rf,1024,mutation_only_adalead,main,1024,budget_exhausted,rf300_seq303_9fb0a2a899b7b5a4,3.5544359000050463,2.2084899999317713,66,1023,1008,0.9853372434017595,2,subruns\s6015_rf_1024_mutation_only_adalead_main,16.250938512647792,4d1e751bfe8bc75b,3.133877551020408,0.0,3.64,1016
6015,rf,4096,matched_seed_random_walk,main,4096,budget_exhausted,rf300_seq303_9fb0a2a899b7b5a4,7.1233191000064835,2.8513025000575,33,4080,4080,1.0,2,subruns\s6015_rf_4096_matched_seed_random_walk_main,16.41599606927231,6e5e7a2c4491f812,6.5869387755102045,0.0,2.54,4088
6015,rf,4096,multi_start_hill_climb,main,4096,budget_exhausted,rf300_seq303_9fb0a2a899b7b5a4,8.440503199992236,4.920099500275683,117,4520,4080,0.9026548672566371,2,subruns\s6015_rf_4096_multi_start_hill_climb_main,16.244020869417053,7cc7c4992ac58ef0,4.52,0.0,3.98,4088
6015,rf,4096,multi_start_beam,main,4039,stagnation,rf300_seq303_9fb0a2a899b7b5a4,3.896724499994889,1.9771606000722386,7,4545,4023,0.8851485148514852,2,subruns\s6015_rf_4096_multi_start_beam_main,16.250938512647792,4d1e751bfe8bc75b,4.164081632653061,0.0,3.8,4031
6015,rf,4096,mutation_only_ga,main,1483,stagnation,rf300_seq303_9fb0a2a899b7b5a4,3.190862899995409,1.0040381000726484,14,1664,1467,0.8816105769230769,2,subruns\s6015_rf_4096_mutation_only_ga_main,16.250938512647792,4d1e751bfe8bc75b,4.016326530612245,0.0,3.78,1475
6015,rf,4096,iterated_local_search,main,4096,budget_exhausted,rf300_seq303_9fb0a2a899b7b5a4,3.485564799979329,2.230780099867843,9,4289,4080,0.951270692469107,2,subruns\s6015_rf_4096_iterated_local_search_main,16.24804797786147,350539e37db0e9bd,4.347755102040816,0.0,3.78,4088
6015,rf,4096,simulated_annealing,main,4096,budget_exhausted,rf300_seq303_9fb0a2a899b7b5a4,17.39465710002696,9.149166599614546,256,4080,4080,1.0,2,subruns\s6015_rf_4096_simulated_annealing_main,16.250938512647792,4d1e751bfe8bc75b,4.289795918367347,0.0,3.92,4088
6015,rf,4096,mutation_only_adalead,main,1635,neighbors_exhausted,rf300_seq303_9fb0a2a899b7b5a4,6.253713199985214,3.5742371004307643,107,1696,1619,0.9545990566037735,2,subruns\s6015_rf_4096_mutation_only_adalead_main,16.250938512647792,4d1e751bfe8bc75b,3.100408163265306,0.0,3.64,1627
6015,rf,1024,matched_seed_random_walk,refit,1024,budget_exhausted,rf300_seq303_8b6ab111aaa46dd9,1.2986908999737352,0.684822800103575,9,1008,1008,1.0,2,subruns\s6015_rf_1024_matched_seed_random_walk_refit,17.295943644214795,df5026cfa31c3e3b,7.198367346938776,0.0,1.98,1016
6015,rf,1024,multi_start_hill_climb,refit,1024,budget_exhausted,rf300_seq303_8b6ab111aaa46dd9,1.8192054000101052,1.304285100020934,30,1131,1008,0.8912466843501327,2,subruns\s6015_rf_1024_multi_start_hill_climb_refit,15.82377759257173,19306de6dde437a3,4.181224489795919,0.0,3.82,1016
6015,rf,1024,multi_start_beam,refit,1024,stagnation,rf300_seq303_8b6ab111aaa46dd9,1.124523600039538,0.602257999998983,5,1043,1008,0.9664429530201343,2,subruns\s6015_rf_1024_multi_start_beam_refit,16.1186313371595,8e00450c18918db9,6.170612244897959,0.0,2.12,1016
6015,rf,1024,mutation_only_ga,refit,1024,budget_exhausted,rf300_seq303_8b6ab111aaa46dd9,2.3258482000092044,0.7762528999592178,12,1141,1008,0.8834355828220859,2,subruns\s6015_rf_1024_mutation_only_ga_refit,15.820726939199227,a0dc1af4bd83a6e4,3.56,0.0,3.78,1016
6015,rf,1024,iterated_local_search,refit,1024,budget_exhausted,rf300_seq303_8b6ab111aaa46dd9,0.8516243000049144,0.5354822000372224,3,1196,1008,0.842809364548495,2,subruns\s6015_rf_1024_iterated_local_search_refit,16.1186313371595,8e00450c18918db9,6.451428571428571,0.0,1.78,1016
6015,rf,1024,simulated_annealing,refit,1024,budget_exhausted,rf300_seq303_8b6ab111aaa46dd9,3.4528175000450574,2.2921679001883604,64,1008,1008,1.0,2,subruns\s6015_rf_1024_simulated_annealing_refit,16.20195803486018,7ab00624d35e11e0,5.44,0.0,4.14,1016
6015,rf,1024,mutation_only_adalead,refit,1024,budget_exhausted,rf300_seq303_8b6ab111aaa46dd9,3.5757441999739967,2.226137200195808,66,1030,1008,0.9786407766990292,2,subruns\s6015_rf_1024_mutation_only_adalead_refit,15.902795797361753,0000309884f6f7df,3.5428571428571427,0.0,3.82,1016
6016,xgb,1024,matched_seed_random_walk,main,1024,budget_exhausted,xgb_boot5_sklearn_gbm_44edd3c35172a54f,1.032346600026358,0.4448056000401266,9,1008,1008,1.0,2,subruns\s6016_xgb_1024_matched_seed_random_walk_main,6.338308796312054,3e15aa4ed55e5064,6.613061224489796,0.0,1.92,1016
6016,xgb,1024,multi_start_hill_climb,main,1024,budget_exhausted,xgb_boot5_sklearn_gbm_44edd3c35172a54f,1.175062499998603,0.5833670002757572,30,1131,1008,0.8912466843501327,2,subruns\s6016_xgb_1024_multi_start_hill_climb_main,2.1013127870470303,0a2293f669edfb3c,3.4946938775510206,0.0,5.02,1016
6016,xgb,1024,multi_start_beam,main,1024,stagnation,xgb_boot5_sklearn_gbm_44edd3c35172a54f,0.9651006000349298,0.4379458000767045,5,1036,1008,0.972972972972973,2,subruns\s6016_xgb_1024_multi_start_beam_main,6.3643884200238965,0483ee77895c3da9,6.191020408163265,0.0,2.24,1016
6016,xgb,1024,mutation_only_ga,main,1024,budget_exhausted,xgb_boot5_sklearn_gbm_44edd3c35172a54f,1.8502635000040755,0.4277188999694772,11,1106,1008,0.9113924050632911,2,subruns\s6016_xgb_1024_mutation_only_ga_main,2.214174959235966,ff0f083ba3824691,4.622040816326531,0.0,4.66,1016
6016,xgb,1024,iterated_local_search,main,1024,budget_exhausted,xgb_boot5_sklearn_gbm_44edd3c35172a54f,0.6518249000073411,0.4026181999943219,3,1194,1008,0.8442211055276382,2,subruns\s6016_xgb_1024_iterated_local_search_main,6.338308796312054,3e15aa4ed55e5064,5.96734693877551,0.0,1.8,1016
6016,xgb,1024,simulated_annealing,main,1024,budget_exhausted,xgb_boot5_sklearn_gbm_44edd3c35172a54f,1.6338836000068113,0.5561227999860421,64,1008,1008,1.0,2,subruns\s6016_xgb_1024_simulated_annealing_main,2.0695748435171075,b4f28bead808d46a,5.141224489795919,0.0,5.18,1016
6016,xgb,1024,mutation_only_adalead,main,1024,budget_exhausted,xgb_boot5_sklearn_gbm_44edd3c35172a54f,1.6837083999998868,0.5382063998840749,70,1093,1008,0.9222323879231473,2,subruns\s6016_xgb_1024_mutation_only_adalead_main,2.0695748435171075,b4f28bead808d46a,3.850612244897959,0.0,5.12,1016
6016,xgb,4096,matched_seed_random_walk,main,4096,budget_exhausted,xgb_boot5_sklearn_gbm_44edd3c35172a54f,5.979684799967799,1.891553299908992,33,4080,4080,1.0,2,subruns\s6016_xgb_4096_matched_seed_random_walk_main,6.338308796312054,3e15aa4ed55e5064,5.777142857142858,0.0,2.56,4088
6016,xgb,4096,multi_start_hill_climb,main,4096,budget_exhausted,xgb_boot5_sklearn_gbm_44edd3c35172a54f,5.438432900002226,1.8968100002384745,118,4551,4080,0.8965062623599209,2,subruns\s6016_xgb_4096_multi_start_hill_climb_main,2.1013127870470303,0a2293f669edfb3c,4.140408163265306,0.0,5.2,4088
6016,xgb,4096,multi_start_beam,main,4096,stagnation,xgb_boot5_sklearn_gbm_44edd3c35172a54f,3.928243400005158,1.8755029999883845,10,4483,4080,0.910104840508588,2,subruns\s6016_xgb_4096_multi_start_beam_main,2.0695748435171075,b4f28bead808d46a,3.5346938775510206,0.0,4.72,4088
6016,xgb,4096,mutation_only_ga,main,1718,stagnation,xgb_boot5_sklearn_gbm_44edd3c35172a54f,3.169684700027574,0.7597526001627557,16,1920,1702,0.8864583333333333,2,subruns\s6016_xgb_4096_mutation_only_ga_main,2.0695748435171075,b4f28bead808d46a,3.924081632653061,0.0,5.12,1710
6016,xgb,4096,iterated_local_search,main,4096,budget_exhausted,xgb_boot5_sklearn_gbm_44edd3c35172a54f,2.9384255000040866,1.79310229991097,9,4337,4080,0.9407424486972562,2,subruns\s6016_xgb_4096_iterated_local_search_main,2.679870138650718,74fa34eba3493eb8,3.199183673469388,0.0,4.92,4088
6016,xgb,4096,simulated_annealing,main,3601,max_generations,xgb_boot5_sklearn_gbm_44edd3c35172a54f,9.804108300013468,2.0064053998794407,257,3585,3585,1.0,2,subruns\s6016_xgb_4096_simulated_annealing_main,2.1013127870470303,0a2293f669edfb3c,4.3061224489795915,0.0,5.08,3593
6016,xgb,4096,mutation_only_adalead,main,1211,neighbors_exhausted,xgb_boot5_sklearn_gbm_44edd3c35172a54f,2.1555375000461936,0.6466161998687312,85,1344,1195,0.8891369047619048,2,subruns\s6016_xgb_4096_mutation_only_adalead_main,2.0695748435171075,b4f28bead808d46a,3.896326530612245,0.0,5.16,1203
6016,xgb,1024,matched_seed_random_walk,refit,1024,budget_exhausted,xgb_boot5_sklearn_gbm_8cea704516403993,1.150411200011149,0.4725553999305703,9,1008,1008,1.0,2,subruns\s6016_xgb_1024_matched_seed_random_walk_refit,7.651857169841017,ae98d707f29643c8,6.656326530612245,0.0,1.88,1016
6016,xgb,1024,multi_start_hill_climb,refit,1024,budget_exhausted,xgb_boot5_sklearn_gbm_8cea704516403993,1.017254700011108,0.509123400086537,30,1131,1008,0.8912466843501327,2,subruns\s6016_xgb_1024_multi_start_hill_climb_refit,4.221329622775263,33f584a5b62fd978,3.7420408163265306,0.0,4.76,1016
6016,xgb,1024,multi_start_beam,refit,1023,stagnation,xgb_boot5_sklearn_gbm_8cea704516403993,0.9425978999934159,0.45567550003761426,5,1053,1007,0.956315289648623,2,subruns\s6016_xgb_1024_multi_start_beam_refit,6.224906628782747,3191dc0a4d06aae7,5.954285714285715,0.0,2.3,1015
6016,xgb,1024,mutation_only_ga,refit,930,stagnation,xgb_boot5_sklearn_gbm_8cea704516403993,1.7545277999597602,0.3988081000279635,9,1024,914,0.892578125,2,subruns\s6016_xgb_1024_mutation_only_ga_refit,4.896542946580702,3ef5a3215d515bdd,4.477551020408163,0.0,3.12,922
6016,xgb,1024,iterated_local_search,refit,1024,budget_exhausted,xgb_boot5_sklearn_gbm_8cea704516403993,0.7278347000246868,0.45261829998344183,3,1195,1008,0.8435146443514644,2,subruns\s6016_xgb_1024_iterated_local_search_refit,6.224906628782747,3191dc0a4d06aae7,5.467755102040816,0.0,1.62,1016
6016,xgb,1024,simulated_annealing,refit,1024,budget_exhausted,xgb_boot5_sklearn_gbm_8cea704516403993,1.690816199989058,0.5665862000896595,64,1008,1008,1.0,2,subruns\s6016_xgb_1024_simulated_annealing_refit,3.9597150677069117,a1918bea681152a3,5.825306122448979,0.0,4.88,1016
6016,xgb,1024,mutation_only_adalead,refit,904,neighbors_exhausted,xgb_boot5_sklearn_gbm_8cea704516403993,1.500238900014665,0.5175555001478642,65,1024,888,0.8671875,2,subruns\s6016_xgb_1024_mutation_only_adalead_refit,4.221329622775263,33f584a5b62fd978,3.182857142857143,0.0,5.0,896
6016,rf,1024,matched_seed_random_walk,main,1024,budget_exhausted,rf300_seq303_90349de63e265717,1.417315199971199,0.7119352000299841,9,1008,1008,1.0,2,subruns\s6016_rf_1024_matched_seed_random_walk_main,17.361363052665542,0066e4f15e4f01e0,7.331428571428572,0.0,1.84,1016
6016,rf,1024,multi_start_hill_climb,main,1024,budget_exhausted,rf300_seq303_90349de63e265717,1.77324160002172,1.2686140003497712,29,1092,1008,0.9230769230769231,2,subruns\s6016_rf_1024_multi_start_hill_climb_main,16.718047822230147,e681f48c303d7ab7,2.9624489795918367,0.0,4.04,1016
6016,rf,1024,multi_start_beam,main,1024,budget_exhausted,rf300_seq303_90349de63e265717,1.1153218999970704,0.5802887000609189,5,1039,1008,0.9701636188642926,2,subruns\s6016_rf_1024_multi_start_beam_main,17.418702905432866,d5f1c2617e1c26d4,6.28,0.0,1.7,1016
6016,rf,1024,mutation_only_ga,main,1024,budget_exhausted,rf300_seq303_90349de63e265717,2.372871900035534,0.8163518999936059,12,1155,1008,0.8727272727272727,2,subruns\s6016_rf_1024_mutation_only_ga_main,16.826537284849937,15e09e7bd944dad2,5.475918367346939,0.0,3.24,1016
6016,rf,1024,iterated_local_search,main,1024,budget_exhausted,rf300_seq303_90349de63e265717,0.7852951000095345,0.5414044000790454,3,1196,1008,0.842809364548495,2,subruns\s6016_rf_1024_iterated_local_search_main,17.279017274572126,c7d72a3d3253364e,6.67265306122449,0.0,1.54,1016
6016,rf,1024,simulated_annealing,main,1024,budget_exhausted,rf300_seq303_90349de63e265717,3.279674999997951,2.207679299695883,64,1008,1008,1.0,2,subruns\s6016_rf_1024_simulated_annealing_main,17.40130689902286,2607ca604185f533,6.451428571428571,0.0,4.54,1016
6016,rf,1024,mutation_only_adalead,main,1024,budget_exhausted,rf300_seq303_90349de63e265717,3.5930128000327386,2.1612885001813993,65,1022,1008,0.9863013698630136,2,subruns\s6016_rf_1024_mutation_only_adalead_main,16.718047822230147,e681f48c303d7ab7,3.146938775510204,0.0,4.54,1016
6016,rf,4096,matched_seed_random_walk,main,4096,budget_exhausted,rf300_seq303_90349de63e265717,6.9753028999548405,2.78908560029231,33,4080,4080,1.0,2,subruns\s6016_rf_4096_matched_seed_random_walk_main,17.293792448750526,da4c06f3c55d5380,6.435102040816327,0.0,2.66,4088
6016,rf,4096,multi_start_hill_climb,main,4096,budget_exhausted,rf300_seq303_90349de63e265717,9.337513400008902,5.511563900334295,118,4559,4080,0.8949330993638956,2,subruns\s6016_rf_4096_multi_start_hill_climb_main,16.718047822230147,e681f48c303d7ab7,3.4791836734693877,0.0,4.26,4088
6016,rf,4096,multi_start_beam,main,4074,stagnation,rf300_seq303_90349de63e265717,4.0113384000142105,2.0345183999743313,8,4843,4058,0.8379103861243031,2,subruns\s6016_rf_4096_multi_start_beam_main,16.813546098570335,a9f51de94dec056a,3.24734693877551,0.0,4.04,4066
6016,rf,4096,mutation_only_ga,main,1522,stagnation,rf300_seq303_90349de63e265717,3.4201573000173084,1.0779040998895653,15,1792,1506,0.8404017857142857,2,subruns\s6016_rf_4096_mutation_only_ga_main,16.769008025399344,74fa34eba3493eb8,3.4938775510204083,0.0,4.04,1514
6016,rf,4096,iterated_local_search,main,4096,budget_exhausted,rf300_seq303_90349de63e265717,3.269968800013885,2.121221100038383,9,4294,4080,0.9501630181648812,2,subruns\s6016_rf_4096_iterated_local_search_main,16.718047822230147,e681f48c303d7ab7,3.1387755102040815,0.0,4.1,4088
6016,rf,4096,simulated_annealing,main,4096,budget_exhausted,rf300_seq303_90349de63e265717,16.94208200002322,8.778948900289834,256,4080,4080,1.0,2,subruns\s6016_rf_4096_simulated_annealing_main,16.718047822230147,e681f48c303d7ab7,3.611428571428571,0.0,4.52,4088
6016,rf,4096,mutation_only_adalead,main,1728,neighbors_exhausted,rf300_seq303_90349de63e265717,6.658612599945627,3.772886299993843,113,1792,1712,0.9553571428571429,2,subruns\s6016_rf_4096_mutation_only_adalead_main,16.718047822230147,e681f48c303d7ab7,3.0146938775510206,0.0,4.44,1720
6016,rf,1024,matched_seed_random_walk,refit,1024,budget_exhausted,rf300_seq303_7b9c4801f9eef29b,1.3181163999834098,0.6919759000884369,9,1008,1008,1.0,2,subruns\s6016_rf_1024_matched_seed_random_walk_refit,17.413071389585742,ae98d707f29643c8,6.884081632653062,0.0,1.9,1016
6016,rf,1024,multi_start_hill_climb,refit,1024,budget_exhausted,rf300_seq303_7b9c4801f9eef29b,1.7363698999979533,1.2233740999363363,29,1092,1008,0.9230769230769231,2,subruns\s6016_rf_1024_multi_start_hill_climb_refit,17.36827533842233,0a84b033393e3aa8,6.094693877551021,0.0,3.7,1016
6016,rf,1024,multi_start_beam,refit,1023,stagnation,rf300_seq303_7b9c4801f9eef29b,1.1179179000318982,0.6091985999373719,5,1045,1007,0.9636363636363636,2,subruns\s6016_rf_1024_multi_start_beam_refit,17.36827533842233,8798a0f6dfac19f8,5.453877551020408,0.0,1.94,1015
6016,rf,1024,mutation_only_ga,refit,1023,stagnation,rf300_seq303_7b9c4801f9eef29b,2.3219505000161007,0.7816466999938712,11,1121,1007,0.8983050847457628,2,subruns\s6016_rf_1024_mutation_only_ga_refit,17.00729374639987,71dbd985aff252c0,5.5869387755102045,0.0,3.68,1015
6016,rf,1024,iterated_local_search,refit,1024,budget_exhausted,rf300_seq303_7b9c4801f9eef29b,0.8474576000007801,0.5183503000298515,3,1196,1008,0.842809364548495,2,subruns\s6016_rf_1024_iterated_local_search_refit,17.36827533842233,ed54923eb75e4161,6.109387755102041,0.0,1.52,1016
6016,rf,1024,simulated_annealing,refit,1024,budget_exhausted,rf300_seq303_7b9c4801f9eef29b,3.532915099989623,2.384965299977921,64,1008,1008,1.0,2,subruns\s6016_rf_1024_simulated_annealing_refit,17.548499273777733,9dff152de08ff04a,5.875918367346939,0.0,4.34,1016
6016,rf,1024,mutation_only_adalead,refit,1024,budget_exhausted,rf300_seq303_7b9c4801f9eef29b,3.7336096999933943,2.1953539999667555,65,1024,1008,0.984375,2,subruns\s6016_rf_1024_mutation_only_adalead_refit,17.06993316985492,0219ac7d55a5af78,3.6530612244897958,0.0,3.54,1016
6017,xgb,1024,matched_seed_random_walk,main,1024,budget_exhausted,xgb_boot5_sklearn_gbm_6249edc534f8c3ea,1.099653400015086,0.4762150999158621,9,1008,1008,1.0,2,subruns\s6017_xgb_1024_matched_seed_random_walk_main,7.980169485704494,f5bff29ce5c84078,6.332244897959184,0.0,2.2,1016
6017,xgb,1024,multi_start_hill_climb,main,1024,budget_exhausted,xgb_boot5_sklearn_gbm_6249edc534f8c3ea,1.0044133000192232,0.4947845001006499,30,1131,1008,0.8912466843501327,2,subruns\s6017_xgb_1024_multi_start_hill_climb_main,7.111618738473046,05590a64ca2ec5ec,4.355102040816327,0.0,3.88,1016
6017,xgb,1024,multi_start_beam,main,1024,budget_exhausted,xgb_boot5_sklearn_gbm_6249edc534f8c3ea,0.956090799998492,0.44765939994249493,5,1042,1008,0.9673704414587332,2,subruns\s6017_xgb_1024_multi_start_beam_main,5.967717499297312,e9d5ed762f71adf2,5.513469387755102,0.0,2.12,1016
6017,xgb,1024,mutation_only_ga,main,1024,budget_exhausted,xgb_boot5_sklearn_gbm_6249edc534f8c3ea,1.9467624999815598,0.48028679995331913,13,1113,1008,0.9056603773584906,2,subruns\s6017_xgb_1024_mutation_only_ga_main,5.0329254358795605,3a9ff3debd4a894d,3.7053061224489796,0.0,4.2,1016
6017,xgb,1024,iterated_local_search,main,1024,budget_exhausted,xgb_boot5_sklearn_gbm_6249edc534f8c3ea,0.6903126999968663,0.4395683000329882,3,1196,1008,0.842809364548495,2,subruns\s6017_xgb_1024_iterated_local_search_main,7.584063715381876,8b68a88239117413,5.496326530612245,0.0,1.66,1016
6017,xgb,1024,simulated_annealing,main,1024,budget_exhausted,xgb_boot5_sklearn_gbm_6249edc534f8c3ea,1.6456771999946795,0.5625795002561063,64,1008,1008,1.0,2,subruns\s6017_xgb_1024_simulated_annealing_main,6.136418771881686,f46bb5f3db89ed14,5.584489795918367,0.0,3.92,1016
6017,xgb,1024,mutation_only_adalead,main,207,neighbors_exhausted,xgb_boot5_sklearn_gbm_6249edc534f8c3ea,0.3568578999838792,0.11485710024135187,17,256,191,0.74609375,2,subruns\s6017_xgb_1024_mutation_only_adalead_main,6.183337375953954,4f34e2296e5ad60c,2.7714285714285714,0.0,3.7,199
6017,xgb,4096,matched_seed_random_walk,main,4096,budget_exhausted,xgb_boot5_sklearn_gbm_6249edc534f8c3ea,5.990995900006965,1.9442244001547806,33,4080,4080,1.0,2,subruns\s6017_xgb_4096_matched_seed_random_walk_main,7.980169485704494,f5bff29ce5c84078,6.071020408163266,0.0,2.56,4088
6017,xgb,4096,multi_start_hill_climb,main,4096,budget_exhausted,xgb_boot5_sklearn_gbm_6249edc534f8c3ea,5.8632483999826945,2.045868399902247,116,4481,4080,0.9105110466413747,2,subruns\s6017_xgb_4096_multi_start_hill_climb_main,4.193357024181623,07f341b9ae8db7ba,4.297142857142857,0.0,4.16,4088
6017,xgb,4096,multi_start_beam,main,4065,stagnation,xgb_boot5_sklearn_gbm_6249edc534f8c3ea,5.587524299975485,2.710401299991645,7,4646,4049,0.8715023676280672,2,subruns\s6017_xgb_4096_multi_start_beam_main,4.193357024181623,07f341b9ae8db7ba,3.199183673469388,0.0,4.22,4057
6017,xgb,4096,mutation_only_ga,main,1578,stagnation,xgb_boot5_sklearn_gbm_6249edc534f8c3ea,3.2530153000261635,0.7673880999209359,15,1792,1562,0.8716517857142857,2,subruns\s6017_xgb_4096_mutation_only_ga_main,4.193357024181623,07f341b9ae8db7ba,2.9371428571428573,0.0,4.52,1570
6017,xgb,4096,iterated_local_search,main,4096,budget_exhausted,xgb_boot5_sklearn_gbm_6249edc534f8c3ea,2.9773089999798685,1.8079831999493763,9,4310,4080,0.9466357308584686,2,subruns\s6017_xgb_4096_iterated_local_search_main,4.193357024181623,07f341b9ae8db7ba,3.253061224489796,0.0,4.78,4088
6017,xgb,4096,simulated_annealing,main,3992,max_generations,xgb_boot5_sklearn_gbm_6249edc534f8c3ea,10.03110339998966,2.137421200168319,257,3977,3976,0.9997485541865728,2,subruns\s6017_xgb_4096_simulated_annealing_main,5.075207932887375,49c71e2c911bb6c2,4.355102040816327,0.0,4.98,3984
6017,xgb,4096,mutation_only_adalead,main,207,neighbors_exhausted,xgb_boot5_sklearn_gbm_6249edc534f8c3ea,0.3132028999971226,0.11474080017069355,17,256,191,0.74609375,2,subruns\s6017_xgb_4096_mutation_only_adalead_main,6.183337375953954,4f34e2296e5ad60c,2.7714285714285714,0.0,3.7,199
6017,xgb,1024,matched_seed_random_walk,refit,1024,budget_exhausted,xgb_boot5_sklearn_gbm_64987e9e3e846043,1.3970298999920487,0.589296099904459,9,1008,1008,1.0,2,subruns\s6017_xgb_1024_matched_seed_random_walk_refit,10.666704575016354,209e1bbb1525f7f5,7.948571428571428,0.0,2.8,1016
6017,xgb,1024,multi_start_hill_climb,refit,1024,budget_exhausted,xgb_boot5_sklearn_gbm_64987e9e3e846043,1.0097059999825433,0.48016989993629977,30,1131,1008,0.8912466843501327,2,subruns\s6017_xgb_1024_multi_start_hill_climb_refit,7.8446884716218435,3f71f1f5ccca1d6e,3.3812244897959185,0.0,4.2,1016
6017,xgb,1024,multi_start_beam,refit,1024,budget_exhausted,xgb_boot5_sklearn_gbm_64987e9e3e846043,0.9638253000448458,0.4684218000038527,4,1036,1008,0.972972972972973,2,subruns\s6017_xgb_1024_multi_start_beam_refit,10.717221500282383,08c7e6664e781dd1,7.456326530612245,0.0,2.28,1016
6017,xgb,1024,mutation_only_ga,refit,1024,stagnation,xgb_boot5_sklearn_gbm_64987e9e3e846043,1.9094742000452243,0.4607346000848338,11,1091,1008,0.923923006416132,2,subruns\s6017_xgb_1024_mutation_only_ga_refit,8.933359482200547,065c26cd280804a2,5.970612244897959,0.0,4.26,1016
6017,xgb,1024,iterated_local_search,refit,1024,budget_exhausted,xgb_boot5_sklearn_gbm_64987e9e3e846043,0.8155858999816701,0.4691502000205219,3,1196,1008,0.842809364548495,2,subruns\s6017_xgb_1024_iterated_local_search_refit,12.031038370268863,d75641820e689da4,7.277551020408163,0.0,1.88,1016
6017,xgb,1024,simulated_annealing,refit,1024,budget_exhausted,xgb_boot5_sklearn_gbm_64987e9e3e846043,1.6011827999609523,0.5463820999721065,64,1008,1008,1.0,2,subruns\s6017_xgb_1024_simulated_annealing_refit,9.019315913327704,1842c70cc59a9375,6.766530612244898,0.0,4.94,1016
6017,xgb,1024,mutation_only_adalead,refit,599,neighbors_exhausted,xgb_boot5_sklearn_gbm_64987e9e3e846043,0.9300784000079148,0.3349076001904905,44,688,583,0.8473837209302325,2,subruns\s6017_xgb_1024_mutation_only_adalead_refit,8.511453046458287,c1cd66a111a61bed,2.7485714285714287,0.0,3.58,591
6017,rf,1024,matched_seed_random_walk,main,1024,budget_exhausted,rf300_seq303_1ac3828c38aaeabc,1.3228287000092678,0.69946939998772,9,1008,1008,1.0,2,subruns\s6017_rf_1024_matched_seed_random_walk_main,19.369105798141035,7cae0db149ff9707,7.33469387755102,0.0,2.46,1016
6017,rf,1024,multi_start_hill_climb,main,1024,budget_exhausted,rf300_seq303_1ac3828c38aaeabc,1.9185371000203304,1.3616045997478068,30,1131,1008,0.8912466843501327,2,subruns\s6017_rf_1024_multi_start_hill_climb_main,17.08598188736767,74b7802549e4bf8c,2.906122448979592,0.0,3.42,1016
6017,rf,1024,multi_start_beam,main,1023,neighbors_exhausted,rf300_seq303_1ac3828c38aaeabc,1.0752492000465281,0.5654404000961222,4,1033,1007,0.9748305905130688,2,subruns\s6017_rf_1024_multi_start_beam_main,18.688561336603463,8eb82c53f5af1abe,7.0653061224489795,0.0,3.1,1015
6017,rf,1024,mutation_only_ga,main,1024,budget_exhausted,rf300_seq303_1ac3828c38aaeabc,2.2442697000224143,0.7784383000689559,11,1094,1008,0.9213893967093236,2,subruns\s6017_rf_1024_mutation_only_ga_main,17.296265280477144,1849cdcc39c3bbe9,4.056326530612245,0.0,4.02,1016
6017,rf,1024,iterated_local_search,main,1024,budget_exhausted,rf300_seq303_1ac3828c38aaeabc,0.8111747999791987,0.5647978000924923,3,1196,1008,0.842809364548495,2,subruns\s6017_rf_1024_iterated_local_search_main,18.688561336603463,8eb82c53f5af1abe,6.826122448979592,0.0,2.86,1016
6017,rf,1024,simulated_annealing,main,1024,budget_exhausted,rf300_seq303_1ac3828c38aaeabc,3.2771958999801427,2.1591331997769885,64,1008,1008,1.0,2,subruns\s6017_rf_1024_simulated_annealing_main,18.314292733821116,719b7092278258b9,6.78204081632653,0.0,4.7,1016
6017,rf,1024,mutation_only_adalead,main,1024,budget_exhausted,rf300_seq303_1ac3828c38aaeabc,3.538912000018172,2.2158478999044746,65,1022,1008,0.9863013698630136,2,subruns\s6017_rf_1024_mutation_only_adalead_main,17.08598188736767,74b7802549e4bf8c,3.052244897959184,0.0,3.0,1016
6017,rf,4096,matched_seed_random_walk,main,4096,budget_exhausted,rf300_seq303_1ac3828c38aaeabc,6.755002199963201,2.7694024000084028,33,4080,4080,1.0,2,subruns\s6017_rf_4096_matched_seed_random_walk_main,18.125566635766777,e77ae1023e11ed25,6.926530612244898,0.0,3.54,4088
6017,rf,4096,multi_start_hill_climb,main,4096,budget_exhausted,rf300_seq303_1ac3828c38aaeabc,9.490275099989958,5.471384599863086,118,4559,4080,0.8949330993638956,2,subruns\s6017_rf_4096_multi_start_hill_climb_main,17.08598188736767,74b7802549e4bf8c,3.3526530612244896,0.0,3.4,4088
6017,rf,4096,multi_start_beam,main,4096,budget_exhausted,rf300_seq303_1ac3828c38aaeabc,3.8025751000386663,2.0572447999729775,8,4345,4080,0.9390103567318757,2,subruns\s6017_rf_4096_multi_start_beam_main,17.35185793885754,9d985e6e75abaec1,4.482448979591837,0.0,4.44,4088
6017,rf,4096,mutation_only_ga,main,1498,stagnation,rf300_seq303_1ac3828c38aaeabc,3.263687199971173,1.0339667000807822,14,1664,1482,0.890625,2,subruns\s6017_rf_4096_mutation_only_ga_main,17.104932188947906,e5d810ed9145b3e7,3.346122448979592,0.0,3.74,1490
6017,rf,4096,iterated_local_search,main,4096,budget_exhausted,rf300_seq303_1ac3828c38aaeabc,3.2694545999984257,2.120244999998249,9,4467,4080,0.9133646742780389,2,subruns\s6017_rf_4096_iterated_local_search_main,17.20530345676623,98cb2cb987717ea4,3.5510204081632653,0.0,4.24,4088
6017,rf,4096,simulated_annealing,main,4096,budget_exhausted,rf300_seq303_1ac3828c38aaeabc,16.688242300006095,8.784920700127259,256,4080,4080,1.0,2,subruns\s6017_rf_4096_simulated_annealing_main,17.159253123680855,473b6576b4cb6335,4.017142857142857,0.0,4.2,4088
6017,rf,4096,mutation_only_adalead,main,1732,neighbors_exhausted,rf300_seq303_1ac3828c38aaeabc,6.864778999995906,3.921853299892973,114,1808,1716,0.9491150442477876,2,subruns\s6017_rf_4096_mutation_only_adalead_main,17.08598188736767,74b7802549e4bf8c,2.947755102040816,0.0,2.98,1724
6017,rf,1024,matched_seed_random_walk,refit,1024,budget_exhausted,rf300_seq303_76da90d942fdb46b,1.3079760000109673,0.7026962000527419,9,1008,1008,1.0,2,subruns\s6017_rf_1024_matched_seed_random_walk_refit,18.987042895105347,e8b15c97d5773aca,7.739591836734694,0.0,2.16,1016
6017,rf,1024,multi_start_hill_climb,refit,1024,budget_exhausted,rf300_seq303_76da90d942fdb46b,1.7529863999807276,1.2246916000149213,30,1131,1008,0.8912466843501327,2,subruns\s6017_rf_1024_multi_start_hill_climb_refit,17.659175259105897,9b16e3c737d3a39f,2.4881632653061225,0.0,4.22,1016
6017,rf,1024,multi_start_beam,refit,1023,stagnation,rf300_seq303_76da90d942fdb46b,1.1319393999874592,0.5868494999594986,5,1043,1007,0.965484180249281,2,subruns\s6017_rf_1024_multi_start_beam_refit,18.877268657584327,8245665991344a23,6.005714285714285,0.0,2.48,1015
6017,rf,1024,mutation_only_ga,refit,1024,budget_exhausted,rf300_seq303_76da90d942fdb46b,2.3214999999618158,0.7836699999752454,12,1143,1008,0.8818897637795275,2,subruns\s6017_rf_1024_mutation_only_ga_refit,18.047772948694117,fcd830bafaa500a3,4.222857142857142,0.0,4.14,1016
6017,rf,1024,iterated_local_search,refit,1024,budget_exhausted,rf300_seq303_76da90d942fdb46b,0.8155004999716766,0.5612276999745518,3,1196,1008,0.842809364548495,2,subruns\s6017_rf_1024_iterated_local_search_refit,18.75450653253208,b6ff49e8d404ea4b,6.6,0.0,2.24,1016
6017,rf,1024,simulated_annealing,refit,1024,budget_exhausted,rf300_seq303_76da90d942fdb46b,3.3358756999950856,2.219065500423312,64,1008,1008,1.0,2,subruns\s6017_rf_1024_simulated_annealing_refit,17.943975287224134,1a9f6eee2b0b48b8,6.506122448979592,0.0,4.5,1016
6017,rf,1024,mutation_only_adalead,refit,1024,budget_exhausted,rf300_seq303_76da90d942fdb46b,3.563734400027897,2.210817299899645,65,1024,1008,0.984375,2,subruns\s6017_rf_1024_mutation_only_adalead_refit,17.622976003729594,728ddde841e84692,3.506938775510204,0.0,4.46,1016
6018,xgb,1024,matched_seed_random_walk,main,1024,budget_exhausted,xgb_boot5_sklearn_gbm_f1b622da0aaac9a2,1.6684822000097483,0.7008054999751039,9,1008,1008,1.0,2,subruns\s6018_xgb_1024_matched_seed_random_walk_main,6.001030756955886,59805dfbd78e165a,8.070204081632653,0.0,1.96,1016
6018,xgb,1024,multi_start_hill_climb,main,1024,budget_exhausted,xgb_boot5_sklearn_gbm_f1b622da0aaac9a2,1.645230200025253,0.8355776001699269,30,1131,1008,0.8912466843501327,2,subruns\s6018_xgb_1024_multi_start_hill_climb_main,-0.14233520924776197,abe0a28f689ebf0c,2.7918367346938777,0.0,4.74,1016
6018,xgb,1024,multi_start_beam,main,1024,budget_exhausted,xgb_boot5_sklearn_gbm_f1b622da0aaac9a2,1.4759258000412956,0.6528287000255659,4,1036,1008,0.972972972972973,2,subruns\s6018_xgb_1024_multi_start_beam_main,4.566913913162242,e34ceecc609f1ce7,6.0653061224489795,0.0,1.92,1016
6018,xgb,1024,mutation_only_ga,main,1024,budget_exhausted,xgb_boot5_sklearn_gbm_f1b622da0aaac9a2,2.216683499980718,0.5750841000699438,13,1123,1008,0.8975957257346393,2,subruns\s6018_xgb_1024_mutation_only_ga_main,0.3513444382832902,b365f85b76c2e054,4.124897959183674,0.0,4.26,1016
6018,xgb,1024,iterated_local_search,main,1024,budget_exhausted,xgb_boot5_sklearn_gbm_f1b622da0aaac9a2,0.7293900999939069,0.47565950005082414,3,1193,1008,0.8449287510477788,2,subruns\s6018_xgb_1024_iterated_local_search_main,4.566913913162242,e34ceecc609f1ce7,6.866938775510204,0.0,1.74,1016
6018,xgb,1024,simulated_annealing,main,1024,budget_exhausted,xgb_boot5_sklearn_gbm_f1b622da0aaac9a2,1.727953699999489,0.591859599982854,64,1008,1008,1.0,2,subruns\s6018_xgb_1024_simulated_annealing_main,3.2254150219939035,14378d1573440853,5.520816326530612,0.0,4.4,1016
6018,xgb,1024,mutation_only_adalead,main,173,neighbors_exhausted,xgb_boot5_sklearn_gbm_f1b622da0aaac9a2,0.2988875000155531,0.09803240018663928,15,224,157,0.7008928571428571,2,subruns\s6018_xgb_1024_mutation_only_adalead_main,6.001030756955886,59805dfbd78e165a,2.9828571428571427,0.0,3.14,165
6018,xgb,4096,matched_seed_random_walk,main,4096,budget_exhausted,xgb_boot5_sklearn_gbm_f1b622da0aaac9a2,5.749180599988904,1.8329616000992246,33,4080,4080,1.0,2,subruns\s6018_xgb_4096_matched_seed_random_walk_main,6.001030756955886,59805dfbd78e165a,6.812244897959184,0.0,2.38,4088
6018,xgb,4096,multi_start_hill_climb,main,4096,budget_exhausted,xgb_boot5_sklearn_gbm_f1b622da0aaac9a2,5.529267700039782,1.9676967000123113,117,4516,4080,0.9034543844109831,2,subruns\s6018_xgb_4096_multi_start_hill_climb_main,-0.14233520924776197,abe0a28f689ebf0c,3.23265306122449,0.0,4.82,4088
6018,xgb,4096,multi_start_beam,main,4096,budget_exhausted,xgb_boot5_sklearn_gbm_f1b622da0aaac9a2,4.164711799996439,1.896356100041885,9,4592,4080,0.8885017421602788,2,subruns\s6018_xgb_4096_multi_start_beam_main,-0.14233520924776197,abe0a28f689ebf0c,3.523265306122449,0.0,4.56,4088
6018,xgb,4096,mutation_only_ga,main,1460,stagnation,xgb_boot5_sklearn_gbm_f1b622da0aaac9a2,2.664112299971748,0.6674180999398232,14,1664,1444,0.8677884615384616,2,subruns\s6018_xgb_4096_mutation_only_ga_main,-0.14233520924776197,abe0a28f689ebf0c,3.4718367346938774,0.0,4.72,1452
6018,xgb,4096,iterated_local_search,main,4096,budget_exhausted,xgb_boot5_sklearn_gbm_f1b622da0aaac9a2,2.893696599989198,1.7519475001026876,9,4239,4080,0.9624911535739561,2,subruns\s6018_xgb_4096_iterated_local_search_main,-0.14233520924776197,abe0a28f689ebf0c,3.021224489795918,0.0,4.88,4088
6018,xgb,4096,simulated_annealing,main,3436,max_generations,xgb_boot5_sklearn_gbm_f1b622da0aaac9a2,9.679141300031915,1.9431297003757209,257,3420,3420,1.0,2,subruns\s6018_xgb_4096_simulated_annealing_main,-0.14233520924776197,abe0a28f689ebf0c,2.9918367346938775,0.0,4.78,3428
6018,xgb,4096,mutation_only_adalead,main,173,neighbors_exhausted,xgb_boot5_sklearn_gbm_f1b622da0aaac9a2,0.2698013999615796,0.1010110997594893,15,224,157,0.7008928571428571,2,subruns\s6018_xgb_4096_mutation_only_adalead_main,6.001030756955886,59805dfbd78e165a,2.9828571428571427,0.0,3.14,165
6018,xgb,1024,matched_seed_random_walk,refit,1024,budget_exhausted,xgb_boot5_sklearn_gbm_677811abd54b937d,1.09859010000946,0.4715722000109963,9,1008,1008,1.0,2,subruns\s6018_xgb_1024_matched_seed_random_walk_refit,5.899518151277929,bd69103eaa1e5997,7.605714285714286,0.0,2.02,1016
6018,xgb,1024,multi_start_hill_climb,refit,1024,budget_exhausted,xgb_boot5_sklearn_gbm_677811abd54b937d,0.9999345999676734,0.48826860007829964,30,1131,1008,0.8912466843501327,2,subruns\s6018_xgb_1024_multi_start_hill_climb_refit,1.3942564784424432,cd755d7fb1549e77,5.03265306122449,0.0,4.06,1016
6018,xgb,1024,multi_start_beam,refit,1024,budget_exhausted,xgb_boot5_sklearn_gbm_677811abd54b937d,0.9534733999753371,0.4471731000812724,4,1043,1008,0.9664429530201343,2,subruns\s6018_xgb_1024_multi_start_beam_refit,2.0233359194071427,0c2ce54857101453,6.100408163265306,0.0,2.18,1016
6018,xgb,1024,mutation_only_ga,refit,1024,budget_exhausted,xgb_boot5_sklearn_gbm_677811abd54b937d,2.0778628999833018,0.4785120998858474,12,1131,1008,0.8912466843501327,2,subruns\s6018_xgb_1024_mutation_only_ga_refit,3.6001948356281686,1709ab8f4dbaa777,4.617142857142857,0.0,3.6,1016
6018,xgb,1024,iterated_local_search,refit,1024,budget_exhausted,xgb_boot5_sklearn_gbm_677811abd54b937d,0.6962307000067085,0.44045749999349937,3,1195,1008,0.8435146443514644,2,subruns\s6018_xgb_1024_iterated_local_search_refit,1.3942564784424432,cd755d7fb1549e77,6.422040816326531,0.0,2.28,1016
6018,xgb,1024,simulated_annealing,refit,1024,budget_exhausted,xgb_boot5_sklearn_gbm_677811abd54b937d,1.6144840000197291,0.5493635000893846,64,1008,1008,1.0,2,subruns\s6018_xgb_1024_simulated_annealing_refit,3.5184641817081426,5d5fda7ad25d606c,6.608979591836735,0.0,4.82,1016
6018,xgb,1024,mutation_only_adalead,refit,995,neighbors_exhausted,xgb_boot5_sklearn_gbm_677811abd54b937d,1.5789849999709986,0.5352215998573229,70,1104,979,0.8867753623188406,2,subruns\s6018_xgb_1024_mutation_only_adalead_refit,1.3826525058089183,3dce9ff40395ce90,3.2848979591836733,0.0,3.62,987
6018,rf,1024,matched_seed_random_walk,main,1024,budget_exhausted,rf300_seq303_83183767b1a8664e,1.3525754999718629,0.7251896000816487,9,1008,1008,1.0,2,subruns\s6018_rf_1024_matched_seed_random_walk_main,16.271594224692112,bd69103eaa1e5997,6.789387755102041,0.0,1.76,1016
6018,rf,1024,multi_start_hill_climb,main,1024,budget_exhausted,rf300_seq303_83183767b1a8664e,1.7520052999607287,1.2101342002861202,30,1131,1008,0.8912466843501327,2,subruns\s6018_rf_1024_multi_start_hill_climb_main,15.732492784947222,6271d26e0126c325,3.4457142857142857,0.0,3.54,1016
6018,rf,1024,multi_start_beam,main,1023,stagnation,rf300_seq303_83183767b1a8664e,1.183595799957402,0.6442192000104114,5,1034,1007,0.9738878143133463,2,subruns\s6018_rf_1024_multi_start_beam_main,15.785209319115605,95461a2377c1ebdc,3.3502040816326533,0.0,1.86,1015
6018,rf,1024,mutation_only_ga,main,1024,stagnation,rf300_seq303_83183767b1a8664e,2.648716100025922,0.8790818999987096,13,1139,1008,0.8849868305531168,2,subruns\s6018_rf_1024_mutation_only_ga_main,15.716047862020275,c6b1c8c88e44075b,3.3689795918367347,0.0,3.3,1016
6018,rf,1024,iterated_local_search,main,1024,budget_exhausted,rf300_seq303_83183767b1a8664e,0.9407345000072382,0.631755999987945,3,1196,1008,0.842809364548495,2,subruns\s6018_rf_1024_iterated_local_search_main,15.793648900943396,7f2d15db89893d6a,4.707755102040816,0.0,1.58,1016
6018,rf,1024,simulated_annealing,main,1024,budget_exhausted,rf300_seq303_83183767b1a8664e,3.767299200000707,2.5621616001590155,64,1008,1008,1.0,2,subruns\s6018_rf_1024_simulated_annealing_main,16.62169443836749,112d669334a5021e,7.224489795918367,0.0,4.7,1016
6018,rf,1024,mutation_only_adalead,main,1024,budget_exhausted,rf300_seq303_83183767b1a8664e,3.5987972000148147,2.2067347000120208,66,1028,1008,0.980544747081712,2,subruns\s6018_rf_1024_mutation_only_adalead_main,15.716047862020275,c6b1c8c88e44075b,2.7281632653061223,0.0,3.6,1016
6018,rf,4096,matched_seed_random_walk,main,4096,budget_exhausted,rf300_seq303_83183767b1a8664e,6.962482300004922,2.818944899889175,33,4080,4080,1.0,2,subruns\s6018_rf_4096_matched_seed_random_walk_main,16.229057803650647,3e4ff6dba03a8806,5.92734693877551,0.0,2.42,4088
6018,rf,4096,multi_start_hill_climb,main,4096,budget_exhausted,rf300_seq303_83183767b1a8664e,8.34133369999472,4.908331100130454,117,4520,4080,0.9026548672566371,2,subruns\s6018_rf_4096_multi_start_hill_climb_main,15.716047862020275,c6b1c8c88e44075b,3.2751020408163267,0.0,3.9,4088
6018,rf,4096,multi_start_beam,main,4082,stagnation,rf300_seq303_83183767b1a8664e,4.095183899975382,2.0528228999464773,8,4649,4066,0.8745966874596688,2,subruns\s6018_rf_4096_multi_start_beam_main,15.716047862020275,c6b1c8c88e44075b,3.443265306122449,0.0,3.54,4074
6018,rf,4096,mutation_only_ga,main,1317,stagnation,rf300_seq303_83183767b1a8664e,2.8483383000129834,0.9407060999656096,13,1536,1301,0.8470052083333334,2,subruns\s6018_rf_4096_mutation_only_ga_main,15.716047862020275,c6b1c8c88e44075b,3.3102040816326532,0.0,3.44,1309
6018,rf,4096,iterated_local_search,main,4096,budget_exhausted,rf300_seq303_83183767b1a8664e,3.2817931000026874,2.095766299928073,9,4245,4080,0.9611307420494699,2,subruns\s6018_rf_4096_iterated_local_search_main,15.732492784947222,6271d26e0126c325,3.462040816326531,0.0,3.56,4088
6018,rf,4096,simulated_annealing,main,4096,budget_exhausted,rf300_seq303_83183767b1a8664e,16.67783749999944,8.743330999684986,256,4080,4080,1.0,2,subruns\s6018_rf_4096_simulated_annealing_main,15.716047862020275,c6b1c8c88e44075b,3.8220408163265307,0.0,3.9,4088
6018,rf,4096,mutation_only_adalead,main,1534,neighbors_exhausted,rf300_seq303_83183767b1a8664e,5.782600599981379,3.3958338998490945,101,1600,1518,0.94875,2,subruns\s6018_rf_4096_mutation_only_adalead_main,15.716047862020275,c6b1c8c88e44075b,2.6857142857142855,0.0,3.64,1526
6018,rf,1024,matched_seed_random_walk,refit,1024,budget_exhausted,rf300_seq303_9b4dd4a03d5804be,1.336480500001926,0.7118303999886848,9,1008,1008,1.0,2,subruns\s6018_rf_1024_matched_seed_random_walk_refit,16.773558524609392,2b4baf287a83b318,6.250612244897959,0.0,1.78,1016
6018,rf,1024,multi_start_hill_climb,refit,1024,budget_exhausted,rf300_seq303_9b4dd4a03d5804be,1.8074434000300243,1.295767399657052,30,1131,1008,0.8912466843501327,2,subruns\s6018_rf_1024_multi_start_hill_climb_refit,15.690097652600215,5d974e230bd0d2de,3.3183673469387753,0.0,3.58,1016
6018,rf,1024,multi_start_beam,refit,1020,stagnation,rf300_seq303_9b4dd4a03d5804be,1.0731984000303783,0.5851590999518521,4,1045,1004,0.9607655502392345,2,subruns\s6018_rf_1024_multi_start_beam_refit,15.830088947769033,7873f1796dec9b91,3.6922448979591835,0.0,1.82,1012
6018,rf,1024,mutation_only_ga,refit,999,stagnation,rf300_seq303_9b4dd4a03d5804be,2.1759038000018336,0.7170008000684902,10,1128,983,0.8714539007092199,2,subruns\s6018_rf_1024_mutation_only_ga_refit,15.817774624326384,81995f512c365e50,3.562448979591837,0.0,3.14,991
6018,rf,1024,iterated_local_search,refit,1024,budget_exhausted,rf300_seq303_9b4dd4a03d5804be,0.8023453999776393,0.5340384999872185,3,1196,1008,0.842809364548495,2,subruns\s6018_rf_1024_iterated_local_search_refit,15.830088947769033,7873f1796dec9b91,4.1991836734693875,0.0,1.54,1016
6018,rf,1024,simulated_annealing,refit,1024,budget_exhausted,rf300_seq303_9b4dd4a03d5804be,3.3013133999775164,2.200282099947799,64,1008,1008,1.0,2,subruns\s6018_rf_1024_simulated_annealing_refit,15.85845011770084,43fca80d6c30cf6a,5.7004081632653065,0.0,4.74,1016
6018,rf,1024,mutation_only_adalead,refit,1024,budget_exhausted,rf300_seq303_9b4dd4a03d5804be,3.7867376999929547,2.332700100261718,66,1033,1008,0.9757986447241046,2,subruns\s6018_rf_1024_mutation_only_adalead_refit,15.830088947769033,7873f1796dec9b91,2.996734693877551,0.0,2.84,1016
6019,xgb,1024,matched_seed_random_walk,main,1024,budget_exhausted,xgb_boot5_sklearn_gbm_792aab551643ec34,1.135412500007078,0.48864790005609393,9,1008,1008,1.0,2,subruns\s6019_xgb_1024_matched_seed_random_walk_main,7.605327960267966,c5e8593d0292318b,8.02204081632653,0.0,1.98,1016
6019,xgb,1024,multi_start_hill_climb,main,1024,budget_exhausted,xgb_boot5_sklearn_gbm_792aab551643ec34,1.0116928000352345,0.501388400036376,30,1131,1008,0.8912466843501327,2,subruns\s6019_xgb_1024_multi_start_hill_climb_main,4.480440163372288,fc846ad1b43364a9,4.066122448979592,0.0,4.92,1016
6019,xgb,1024,multi_start_beam,main,1024,stagnation,xgb_boot5_sklearn_gbm_792aab551643ec34,1.0017933000344783,0.4364286999334581,6,1040,1008,0.9692307692307692,2,subruns\s6019_xgb_1024_multi_start_beam_main,8.183315093681378,1602193711bd211f,7.711836734693877,0.0,1.68,1016
6019,xgb,1024,mutation_only_ga,main,1024,budget_exhausted,xgb_boot5_sklearn_gbm_792aab551643ec34,1.9561428999877535,0.45855829992797226,12,1132,1008,0.8904593639575972,2,subruns\s6019_xgb_1024_mutation_only_ga_main,4.390943937310873,ac1db159af93aaff,6.204081632653061,0.0,5.0,1016
6019,xgb,1024,iterated_local_search,main,1024,budget_exhausted,xgb_boot5_sklearn_gbm_792aab551643ec34,0.7063187999883667,0.4353429999900982,3,1157,1008,0.8712186689714779,2,subruns\s6019_xgb_1024_iterated_local_search_main,8.229329118834404,10e2872173814bd1,7.84,0.0,1.56,1016
6019,xgb,1024,simulated_annealing,main,1024,budget_exhausted,xgb_boot5_sklearn_gbm_792aab551643ec34,1.6167623999645002,0.54909649991896,64,1008,1008,1.0,2,subruns\s6019_xgb_1024_simulated_annealing_main,5.5136122199968485,bd095b321fb2fc3e,7.337142857142857,0.0,4.66,1016
6019,xgb,1024,mutation_only_adalead,main,126,neighbors_exhausted,xgb_boot5_sklearn_gbm_792aab551643ec34,0.19023330003255978,0.06899879995035008,11,160,110,0.6875,2,subruns\s6019_xgb_1024_mutation_only_adalead_main,8.229329118834404,10e2872173814bd1,2.669387755102041,0.0,1.62,118
6019,xgb,4096,matched_seed_random_walk,main,4096,budget_exhausted,xgb_boot5_sklearn_gbm_792aab551643ec34,6.0734510999755,1.9452062998898327,33,4080,4080,1.0,2,subruns\s6019_xgb_4096_matched_seed_random_walk_main,7.605327960267966,c5e8593d0292318b,7.544489795918367,0.0,2.34,4088
6019,xgb,4096,multi_start_hill_climb,main,4096,budget_exhausted,xgb_boot5_sklearn_gbm_792aab551643ec34,6.967061700008344,2.3938824994838797,117,4512,4080,0.9042553191489362,2,subruns\s6019_xgb_4096_multi_start_hill_climb_main,4.28775195180191,dbede7c21562fb0d,5.326530612244898,0.0,4.98,4088
6019,xgb,4096,multi_start_beam,main,4091,stagnation,xgb_boot5_sklearn_gbm_792aab551643ec34,3.4954735999926925,1.8012390000512823,7,4433,4075,0.9192420482743063,2,subruns\s6019_xgb_4096_multi_start_beam_main,4.349688880360134,27e0ccf6a8857e8f,6.788571428571428,0.0,4.7,4083
6019,xgb,4096,mutation_only_ga,main,1526,stagnation,xgb_boot5_sklearn_gbm_792aab551643ec34,3.4179287999868393,0.8050361002678983,15,1792,1510,0.8426339285714286,2,subruns\s6019_xgb_4096_mutation_only_ga_main,4.327016705571358,749b4e93f5bd890a,5.819591836734694,0.0,5.14,1518
6019,xgb,4096,iterated_local_search,main,4096,budget_exhausted,xgb_boot5_sklearn_gbm_792aab551643ec34,3.139383199973963,1.9242966999299824,9,4284,4080,0.9523809523809523,2,subruns\s6019_xgb_4096_iterated_local_search_main,4.28775195180191,dbede7c21562fb0d,5.340408163265306,0.0,4.96,4088
6019,xgb,4096,simulated_annealing,main,3576,max_generations,xgb_boot5_sklearn_gbm_792aab551643ec34,9.740422400005627,1.980429400166031,257,3561,3560,0.9997191800056164,2,subruns\s6019_xgb_4096_simulated_annealing_main,4.28775195180191,dbede7c21562fb0d,6.333877551020408,0.0,5.1,3568
6019,xgb,4096,mutation_only_adalead,main,126,neighbors_exhausted,xgb_boot5_sklearn_gbm_792aab551643ec34,0.18259380001109093,0.06951249990379438,11,160,110,0.6875,2,subruns\s6019_xgb_4096_mutation_only_adalead_main,8.229329118834404,10e2872173814bd1,2.669387755102041,0.0,1.62,118
6019,xgb,1024,matched_seed_random_walk,refit,1024,budget_exhausted,xgb_boot5_sklearn_gbm_3495eae0492ad940,1.0484872999950312,0.4423689999966882,9,1008,1008,1.0,2,subruns\s6019_xgb_1024_matched_seed_random_walk_refit,8.938989127043907,a4d226e5e941aa36,8.344489795918367,0.0,1.78,1016
6019,xgb,1024,multi_start_hill_climb,refit,1024,budget_exhausted,xgb_boot5_sklearn_gbm_3495eae0492ad940,0.9993702000356279,0.5006779000395909,30,1131,1008,0.8912466843501327,2,subruns\s6019_xgb_1024_multi_start_hill_climb_refit,4.882816586152477,9f396ebe1d7d61d4,4.331428571428572,0.0,4.2,1016
6019,xgb,1024,multi_start_beam,refit,1023,stagnation,xgb_boot5_sklearn_gbm_3495eae0492ad940,0.9916949999751523,0.4402995000127703,5,1043,1007,0.965484180249281,2,subruns\s6019_xgb_1024_multi_start_beam_refit,6.246412115430042,dec30ebe59b27345,7.576326530612245,0.0,2.44,1015
6019,xgb,1024,mutation_only_ga,refit,1008,stagnation,xgb_boot5_sklearn_gbm_3495eae0492ad940,1.8940682000247762,0.49520160001702607,10,1118,992,0.8872987477638641,2,subruns\s6019_xgb_1024_mutation_only_ga_refit,5.518680721586822,f0beed3149330774,4.969795918367347,0.0,3.36,1000
6019,xgb,1024,iterated_local_search,refit,1024,budget_exhausted,xgb_boot5_sklearn_gbm_3495eae0492ad940,0.679830499982927,0.42839389998698607,3,1192,1008,0.8456375838926175,2,subruns\s6019_xgb_1024_iterated_local_search_refit,5.6794889262236925,61d545d381482151,7.346938775510204,0.0,1.94,1016
6019,xgb,1024,simulated_annealing,refit,1024,budget_exhausted,xgb_boot5_sklearn_gbm_3495eae0492ad940,1.737857600033749,0.5564622000674717,64,1008,1008,1.0,2,subruns\s6019_xgb_1024_simulated_annealing_refit,4.882816586152477,9f396ebe1d7d61d4,3.9583673469387755,0.0,4.88,1016
6019,xgb,1024,mutation_only_adalead,refit,426,neighbors_exhausted,xgb_boot5_sklearn_gbm_3495eae0492ad940,0.6294853000435978,0.2526916001806967,31,480,410,0.8541666666666666,2,subruns\s6019_xgb_1024_mutation_only_adalead_refit,7.07344076157195,21cd33f008b50cd6,2.75265306122449,0.0,4.56,418
6019,rf,1024,matched_seed_random_walk,main,1024,budget_exhausted,rf300_seq303_7d9a4ad29fa57aad,1.2721190000302158,0.6723374000284821,9,1008,1008,1.0,2,subruns\s6019_rf_1024_matched_seed_random_walk_main,17.788685218011242,e269ede903a84d10,5.843265306122449,0.0,1.62,1016
6019,rf,1024,multi_start_hill_climb,main,1024,budget_exhausted,rf300_seq303_7d9a4ad29fa57aad,1.771898399980273,1.253032500098925,30,1131,1008,0.8912466843501327,2,subruns\s6019_rf_1024_multi_start_hill_climb_main,16.654963894160836,8f6fbe954da7725d,3.5942857142857143,0.0,3.76,1016
6019,rf,1024,multi_start_beam,main,1024,budget_exhausted,rf300_seq303_7d9a4ad29fa57aad,1.0383053999976255,0.5507160000270233,4,1035,1008,0.9739130434782609,2,subruns\s6019_rf_1024_multi_start_beam_main,17.03385496024811,b968e96fe21cb4a5,5.338775510204082,0.0,1.88,1016
6019,rf,1024,mutation_only_ga,main,1024,budget_exhausted,rf300_seq303_7d9a4ad29fa57aad,2.3301559999817982,0.8166011999710463,13,1170,1008,0.8615384615384616,2,subruns\s6019_rf_1024_mutation_only_ga_main,17.029100828266657,2726b95950fa2c07,4.717551020408163,0.0,3.76,1016
6019,rf,1024,iterated_local_search,main,1024,budget_exhausted,rf300_seq303_7d9a4ad29fa57aad,0.7782813000376336,0.514253200031817,3,1192,1008,0.8456375838926175,2,subruns\s6019_rf_1024_iterated_local_search_main,17.03385496024811,b968e96fe21cb4a5,5.455510204081633,0.0,1.58,1016
6019,rf,1024,simulated_annealing,main,1024,budget_exhausted,rf300_seq303_7d9a4ad29fa57aad,3.242404600023292,2.143006800324656,64,1008,1008,1.0,2,subruns\s6019_rf_1024_simulated_annealing_main,16.840808764096778,52c4b8a8a3c94ee5,6.566530612244898,0.0,4.26,1016
6019,rf,1024,mutation_only_adalead,main,1024,budget_exhausted,rf300_seq303_7d9a4ad29fa57aad,3.6093395999632776,2.1781913997256197,65,1022,1008,0.9863013698630136,2,subruns\s6019_rf_1024_mutation_only_adalead_main,16.654963894160836,8f6fbe954da7725d,3.0220408163265304,0.0,4.24,1016
6019,rf,4096,matched_seed_random_walk,main,4096,budget_exhausted,rf300_seq303_7d9a4ad29fa57aad,6.8541375999921,2.770103700226173,33,4080,4080,1.0,2,subruns\s6019_rf_4096_matched_seed_random_walk_main,17.249536981154876,60f162d1b76d5362,5.983673469387755,0.0,2.18,4088
6019,rf,4096,multi_start_hill_climb,main,4096,budget_exhausted,rf300_seq303_7d9a4ad29fa57aad,8.579523199994583,4.981611699855421,117,4512,4080,0.9042553191489362,2,subruns\s6019_rf_4096_multi_start_hill_climb_main,16.654963894160836,8f6fbe954da7725d,3.7142857142857144,0.0,4.06,4088
6019,rf,4096,multi_start_beam,main,3927,stagnation,rf300_seq303_7d9a4ad29fa57aad,3.6307730000116862,1.9381020999280736,6,4402,3911,0.888459791004089,2,subruns\s6019_rf_4096_multi_start_beam_main,16.654963894160836,8f6fbe954da7725d,3.0595918367346937,0.0,4.04,3919
6019,rf,4096,mutation_only_ga,main,2188,stagnation,rf300_seq303_7d9a4ad29fa57aad,5.205139800033066,1.670957199879922,22,2688,2172,0.8080357142857143,2,subruns\s6019_rf_4096_mutation_only_ga_main,16.654963894160836,8f6fbe954da7725d,3.0595918367346937,0.0,4.26,2180
6019,rf,4096,iterated_local_search,main,4096,budget_exhausted,rf300_seq303_7d9a4ad29fa57aad,3.2258069000090472,2.0508212000131607,9,4352,4080,0.9375,2,subruns\s6019_rf_4096_iterated_local_search_main,16.654963894160836,8f6fbe954da7725d,3.5510204081632653,0.0,3.94,4088
6019,rf,4096,simulated_annealing,main,4063,max_generations,rf300_seq303_7d9a4ad29fa57aad,17.234881300013512,9.01367869967362,257,4048,4047,0.9997529644268774,2,subruns\s6019_rf_4096_simulated_annealing_main,16.654963894160836,8f6fbe954da7725d,3.9379591836734695,0.0,4.22,4055
6019,rf,4096,mutation_only_adalead,main,1638,neighbors_exhausted,rf300_seq303_7d9a4ad29fa57aad,6.391087400028482,3.676575899880845,108,1712,1622,0.947429906542056,2,subruns\s6019_rf_4096_mutation_only_adalead_main,16.654963894160836,8f6fbe954da7725d,2.978775510204082,0.0,4.22,1630
6019,rf,1024,matched_seed_random_walk,refit,1024,budget_exhausted,rf300_seq303_363abc297636df8f,1.3142292000120506,0.6831382000818849,9,1008,1008,1.0,2,subruns\s6019_rf_1024_matched_seed_random_walk_refit,17.405782290726265,e491617c76724175,5.480816326530612,0.0,1.54,1016
6019,rf,1024,multi_start_hill_climb,refit,1024,budget_exhausted,rf300_seq303_363abc297636df8f,1.7413453999906778,1.2188494998263195,29,1092,1008,0.9230769230769231,2,subruns\s6019_rf_1024_multi_start_hill_climb_refit,17.29538293194335,2a18a322c0cc5ebc,4.280816326530612,0.0,3.8,1016
6019,rf,1024,multi_start_beam,refit,1021,stagnation,rf300_seq303_363abc297636df8f,1.0776147000142373,0.5538311999989673,4,1046,1005,0.9608030592734226,2,subruns\s6019_rf_1024_multi_start_beam_refit,17.405782290726265,e491617c76724175,5.515918367346939,0.0,1.9,1013
6019,rf,1024,mutation_only_ga,refit,1024,budget_exhausted,rf300_seq303_363abc297636df8f,2.4149561999947764,0.8096954000066034,11,1145,1008,0.880349344978166,2,subruns\s6019_rf_1024_mutation_only_ga_refit,17.385338193587042,5b1859d2fadebbc2,4.191020408163265,0.0,3.14,1016
6019,rf,1024,iterated_local_search,refit,1024,budget_exhausted,rf300_seq303_363abc297636df8f,0.7658873999607749,0.5121999999391846,3,1192,1008,0.8456375838926175,2,subruns\s6019_rf_1024_iterated_local_search_refit,17.405782290726265,e491617c76724175,5.448163265306122,0.0,1.64,1016
6019,rf,1024,simulated_annealing,refit,1024,budget_exhausted,rf300_seq303_363abc297636df8f,3.269809399964288,2.174948600062635,64,1008,1008,1.0,2,subruns\s6019_rf_1024_simulated_annealing_refit,17.454255526823175,36dadc565f3852a2,5.704489795918367,0.0,4.32,1016
6019,rf,1024,mutation_only_adalead,refit,1024,budget_exhausted,rf300_seq303_363abc297636df8f,3.559143899998162,2.2332918999018148,66,1026,1008,0.9824561403508771,2,subruns\s6019_rf_1024_mutation_only_adalead_refit,17.29538293194335,2a18a322c0cc5ebc,4.7673469387755105,0.0,3.38,1016
6020,xgb,1024,matched_seed_random_walk,main,1024,budget_exhausted,xgb_boot5_sklearn_gbm_9f01f9bf1925b1bc,1.6352585999993607,0.744696100067813,9,1008,1008,1.0,2,subruns\s6020_xgb_1024_matched_seed_random_walk_main,9.047504361301652,2a7fe6b8267fa718,8.246530612244898,0.0,1.98,1016
6020,xgb,1024,multi_start_hill_climb,main,1024,budget_exhausted,xgb_boot5_sklearn_gbm_9f01f9bf1925b1bc,1.0707038000109605,0.5362317000399344,30,1131,1008,0.8912466843501327,2,subruns\s6020_xgb_1024_multi_start_hill_climb_main,6.253480956717743,d07b0951601ed521,3.5893877551020408,0.0,3.76,1016
6020,xgb,1024,multi_start_beam,main,1024,stagnation,xgb_boot5_sklearn_gbm_9f01f9bf1925b1bc,0.9698538000229746,0.4731570999720134,5,1037,1008,0.9720347155255545,2,subruns\s6020_xgb_1024_multi_start_beam_main,7.709632668278191,b7e618fb208f72c0,4.681632653061224,0.0,1.92,1016
6020,xgb,1024,mutation_only_ga,main,1024,budget_exhausted,xgb_boot5_sklearn_gbm_9f01f9bf1925b1bc,1.934303699992597,0.45814239990431815,12,1110,1008,0.9081081081081082,2,subruns\s6020_xgb_1024_mutation_only_ga_main,6.745432927507681,4d85bc8d0bdce2ca,5.332244897959184,0.0,4.2,1016
6020,xgb,1024,iterated_local_search,main,1024,budget_exhausted,xgb_boot5_sklearn_gbm_9f01f9bf1925b1bc,0.8400381000246853,0.48310759995365515,3,1196,1008,0.842809364548495,2,subruns\s6020_xgb_1024_iterated_local_search_main,7.709632668278191,c3763c0709c5a1ad,5.836734693877551,0.0,1.62,1016
6020,xgb,1024,simulated_annealing,main,1024,budget_exhausted,xgb_boot5_sklearn_gbm_9f01f9bf1925b1bc,1.8934570000274107,0.6478121999534778,64,1008,1008,1.0,2,subruns\s6020_xgb_1024_simulated_annealing_main,6.593798874210206,e6a0090a34a0e1df,6.030204081632653,0.0,4.48,1016
6020,xgb,1024,mutation_only_adalead,main,409,neighbors_exhausted,xgb_boot5_sklearn_gbm_9f01f9bf1925b1bc,0.6100839999853633,0.23366739985067397,32,496,393,0.7923387096774194,2,subruns\s6020_xgb_1024_mutation_only_adalead_main,6.251967480200499,f59363ee346d8ef1,2.7616326530612243,0.0,3.94,401
6020,xgb,4096,matched_seed_random_walk,main,4096,budget_exhausted,xgb_boot5_sklearn_gbm_9f01f9bf1925b1bc,6.058441400004085,2.005329299776349,33,4080,4080,1.0,2,subruns\s6020_xgb_4096_matched_seed_random_walk_main,9.047504361301652,2a7fe6b8267fa718,7.63265306122449,0.0,2.88,4088
6020,xgb,4096,multi_start_hill_climb,main,4096,budget_exhausted,xgb_boot5_sklearn_gbm_9f01f9bf1925b1bc,5.498154000029899,1.945090799999889,116,4473,4080,0.9121395036887995,2,subruns\s6020_xgb_4096_multi_start_hill_climb_main,5.571486998409161,dc97199ef6e993d4,5.12734693877551,0.0,3.98,4088
6020,xgb,4096,multi_start_beam,main,3914,stagnation,xgb_boot5_sklearn_gbm_9f01f9bf1925b1bc,3.378773100033868,1.7168450999888591,6,4401,3898,0.8857077936832538,2,subruns\s6020_xgb_4096_multi_start_beam_main,6.357574111108244,c29d5185be84e51f,3.782857142857143,0.0,3.82,3906
6020,xgb,4096,mutation_only_ga,main,1660,stagnation,xgb_boot5_sklearn_gbm_9f01f9bf1925b1bc,3.3455874999635853,0.7686293000006117,16,1920,1644,0.85625,2,subruns\s6020_xgb_4096_mutation_only_ga_main,5.571486998409161,dc97199ef6e993d4,4.417142857142857,0.0,4.02,1652
6020,xgb,4096,iterated_local_search,main,4096,budget_exhausted,xgb_boot5_sklearn_gbm_9f01f9bf1925b1bc,2.904268399986904,1.8369499999680556,9,4278,4080,0.9537166900420757,2,subruns\s6020_xgb_4096_iterated_local_search_main,5.571486998409161,dc97199ef6e993d4,5.04,0.0,3.96,4088
6020,xgb,4096,simulated_annealing,main,3901,max_generations,xgb_boot5_sklearn_gbm_9f01f9bf1925b1bc,9.931029199971817,2.091846900584642,257,3885,3885,1.0,2,subruns\s6020_xgb_4096_simulated_annealing_main,5.571486998409161,dc97199ef6e993d4,4.435918367346939,0.0,4.54,3893
6020,xgb,4096,mutation_only_adalead,main,409,neighbors_exhausted,xgb_boot5_sklearn_gbm_9f01f9bf1925b1bc,0.6142851999611594,0.22334250004496425,32,496,393,0.7923387096774194,2,subruns\s6020_xgb_4096_mutation_only_adalead_main,6.251967480200499,f59363ee346d8ef1,2.7616326530612243,0.0,3.94,401
6020,xgb,1024,matched_seed_random_walk,refit,1024,budget_exhausted,xgb_boot5_sklearn_gbm_cc991c4e70d4cb8f,1.0809007000061683,0.46724519989220425,9,1008,1008,1.0,2,subruns\s6020_xgb_1024_matched_seed_random_walk_refit,11.040088032739089,2a7fe6b8267fa718,8.03591836734694,0.0,1.96,1016
6020,xgb,1024,multi_start_hill_climb,refit,1024,budget_exhausted,xgb_boot5_sklearn_gbm_cc991c4e70d4cb8f,0.9914718000218272,0.486945400130935,29,1092,1008,0.9230769230769231,2,subruns\s6020_xgb_1024_multi_start_hill_climb_refit,4.174067275922223,6f2afbe04b769fb2,5.052244897959183,0.0,4.26,1016
6020,xgb,1024,multi_start_beam,refit,1024,budget_exhausted,xgb_boot5_sklearn_gbm_cc991c4e70d4cb8f,0.9583385000005364,0.4561743999947794,5,1041,1008,0.968299711815562,2,subruns\s6020_xgb_1024_multi_start_beam_refit,7.898173936289604,b6d889457c19ff4a,7.106122448979592,0.0,2.18,1016
6020,xgb,1024,mutation_only_ga,refit,1024,budget_exhausted,xgb_boot5_sklearn_gbm_cc991c4e70d4cb8f,2.0134576000273228,0.4787288000807166,12,1107,1008,0.9105691056910569,2,subruns\s6020_xgb_1024_mutation_only_ga_refit,4.23381028400283,07574291613e0fc0,5.394285714285714,0.0,3.8,1016
6020,xgb,1024,iterated_local_search,refit,1024,budget_exhausted,xgb_boot5_sklearn_gbm_cc991c4e70d4cb8f,0.6953536000219174,0.4480435000732541,3,1192,1008,0.8456375838926175,2,subruns\s6020_xgb_1024_iterated_local_search_refit,7.322189132488485,d1fdca9056369d47,7.173061224489796,0.0,1.68,1016
6020,xgb,1024,simulated_annealing,refit,1024,budget_exhausted,xgb_boot5_sklearn_gbm_cc991c4e70d4cb8f,1.6748536999803036,0.5728093001525849,64,1008,1008,1.0,2,subruns\s6020_xgb_1024_simulated_annealing_refit,6.504312571866255,2d1e97113c4cfefc,5.916734693877551,0.0,4.7,1016
6020,xgb,1024,mutation_only_adalead,refit,1024,budget_exhausted,xgb_boot5_sklearn_gbm_cc991c4e70d4cb8f,1.859535900002811,0.5755230999784544,68,1047,1008,0.9627507163323782,2,subruns\s6020_xgb_1024_mutation_only_adalead_refit,6.901335655260889,85eb593aa6db2011,2.9322448979591837,0.0,4.18,1016
6020,rf,1024,matched_seed_random_walk,main,1024,budget_exhausted,rf300_seq303_e857ef7b8d2695ed,1.2823281000019051,0.6764587998623028,9,1008,1008,1.0,2,subruns\s6020_rf_1024_matched_seed_random_walk_main,17.486259264536816,30fdde1f51a73dcf,7.913469387755102,0.0,2.26,1016
6020,rf,1024,multi_start_hill_climb,main,1024,budget_exhausted,rf300_seq303_e857ef7b8d2695ed,1.775471100001596,1.2521265999530442,30,1131,1008,0.8912466843501327,2,subruns\s6020_rf_1024_multi_start_hill_climb_main,16.55617040691646,2621b5d6a2b97647,4.919183673469388,0.0,3.8,1016
6020,rf,1024,multi_start_beam,main,1024,stagnation,rf300_seq303_e857ef7b8d2695ed,1.1677236999967135,0.6636371999629773,5,1032,1008,0.9767441860465116,2,subruns\s6020_rf_1024_multi_start_beam_main,17.156905301569573,120b9b3170218eb8,7.427755102040816,0.0,2.16,1016
6020,rf,1024,mutation_only_ga,main,1024,budget_exhausted,rf300_seq303_e857ef7b8d2695ed,2.2055817000218667,0.7710189001518302,12,1136,1008,0.8873239436619719,2,subruns\s6020_rf_1024_mutation_only_ga_main,16.804292430003372,49081a78b063db0e,5.808979591836735,0.0,3.68,1016
6020,rf,1024,iterated_local_search,main,1024,budget_exhausted,rf300_seq303_e857ef7b8d2695ed,0.8358177000191063,0.5862770000239834,3,1196,1008,0.842809364548495,2,subruns\s6020_rf_1024_iterated_local_search_main,17.057932140000222,4e682684839c10e7,6.968979591836734,0.0,1.8,1016
6020,rf,1024,simulated_annealing,main,1024,budget_exhausted,rf300_seq303_e857ef7b8d2695ed,3.4781432999880053,2.2761899999459274,64,1008,1008,1.0,2,subruns\s6020_rf_1024_simulated_annealing_main,17.03859913505748,c56cdc97d1f651b5,7.262040816326531,0.0,4.54,1016
6020,rf,1024,mutation_only_adalead,main,1024,budget_exhausted,rf300_seq303_e857ef7b8d2695ed,3.6016955000231974,2.262334300146904,66,1021,1008,0.9872673849167483,2,subruns\s6020_rf_1024_mutation_only_adalead_main,16.426447881598936,0a8348d51c087d8f,4.580408163265306,0.0,4.08,1016
6020,rf,4096,matched_seed_random_walk,main,4096,budget_exhausted,rf300_seq303_e857ef7b8d2695ed,6.907762300048489,2.800887599994894,33,4080,4080,1.0,2,subruns\s6020_rf_4096_matched_seed_random_walk_main,17.399974844646454,d692ae513e8c35e0,7.581224489795918,0.0,3.02,4088
6020,rf,4096,multi_start_hill_climb,main,4096,budget_exhausted,rf300_seq303_e857ef7b8d2695ed,9.143578099959996,5.333660800184589,118,4555,4080,0.8957189901207464,2,subruns\s6020_rf_4096_multi_start_hill_climb_main,16.426447881598936,0a8348d51c087d8f,4.233469387755102,0.0,3.68,4088
6020,rf,4096,multi_start_beam,main,4077,stagnation,rf300_seq303_e857ef7b8d2695ed,3.6993662000168115,1.9641030001221225,7,4428,4061,0.9171183378500452,2,subruns\s6020_rf_4096_multi_start_beam_main,16.55617040691646,2621b5d6a2b97647,4.081632653061225,0.0,3.72,4069
6020,rf,4096,mutation_only_ga,main,2175,stagnation,rf300_seq303_e857ef7b8d2695ed,4.972504000004847,1.5876118001760915,21,2560,2159,0.843359375,2,subruns\s6020_rf_4096_mutation_only_ga_main,16.649493859453298,25ece87b33df75c0,4.370612244897959,0.0,3.94,2167
6020,rf,4096,iterated_local_search,main,4096,budget_exhausted,rf300_seq303_e857ef7b8d2695ed,3.2520511000184342,2.1885727000189945,9,4338,4080,0.9405255878284924,2,subruns\s6020_rf_4096_iterated_local_search_main,16.426447881598936,1b4659be585ff8a1,4.355102040816327,0.0,3.76,4088
6020,rf,4096,simulated_annealing,main,4096,budget_exhausted,rf300_seq303_e857ef7b8d2695ed,16.64357400004519,8.63281890063081,256,4080,4080,1.0,2,subruns\s6020_rf_4096_simulated_annealing_main,16.426447881598936,7abfd460fd353d11,5.2293877551020405,0.0,3.66,4088
6020,rf,4096,mutation_only_adalead,main,2432,neighbors_exhausted,rf300_seq303_e857ef7b8d2695ed,9.826141800032929,5.2517508995952085,158,2512,2416,0.9617834394904459,2,subruns\s6020_rf_4096_mutation_only_adalead_main,16.426447881598936,0a8348d51c087d8f,4.180408163265306,0.0,3.56,2424
6020,rf,1024,matched_seed_random_walk,refit,1024,budget_exhausted,rf300_seq303_a5dc7f7de09adfe6,1.2761449999525212,0.674116599955596,9,1008,1008,1.0,2,subruns\s6020_rf_1024_matched_seed_random_walk_refit,17.107416693094876,a41beb6e2ea6414e,7.485714285714286,0.0,2.06,1016
6020,rf,1024,multi_start_hill_climb,refit,1024,budget_exhausted,rf300_seq303_a5dc7f7de09adfe6,1.7584105000132695,1.2478396001388319,30,1131,1008,0.8912466843501327,2,subruns\s6020_rf_1024_multi_start_hill_climb_refit,16.19204155518304,b0e0b17b8e160222,2.9412244897959186,0.0,3.74,1016
6020,rf,1024,multi_start_beam,refit,1024,stagnation,rf300_seq303_a5dc7f7de09adfe6,1.1395787000074051,0.6041735999751836,5,1040,1008,0.9692307692307692,2,subruns\s6020_rf_1024_multi_start_beam_refit,17.140080008225343,ce1b7dac8b3e6b8f,6.738775510204082,0.0,1.82,1016
6020,rf,1024,mutation_only_ga,refit,1024,budget_exhausted,rf300_seq303_a5dc7f7de09adfe6,2.309551999962423,0.7910640999907628,12,1136,1008,0.8873239436619719,2,subruns\s6020_rf_1024_mutation_only_ga_refit,16.19204155518304,b0e0b17b8e160222,3.5681632653061226,0.0,3.66,1016
6020,rf,1024,iterated_local_search,refit,1024,budget_exhausted,rf300_seq303_a5dc7f7de09adfe6,0.8155457000248134,0.5461572000058368,3,1196,1008,0.842809364548495,2,subruns\s6020_rf_1024_iterated_local_search_refit,16.47454837566297,4e682684839c10e7,6.608979591836735,0.0,1.66,1016
6020,rf,1024,simulated_annealing,refit,1024,budget_exhausted,rf300_seq303_a5dc7f7de09adfe6,3.2267361999838613,2.123327699955553,64,1008,1008,1.0,2,subruns\s6020_rf_1024_simulated_annealing_refit,16.95469727333778,e55f5f5ac94d6e59,7.230204081632653,0.0,4.72,1016
6020,rf,1024,mutation_only_adalead,refit,1024,budget_exhausted,rf300_seq303_a5dc7f7de09adfe6,3.5844854000024498,2.1793618999654427,65,1023,1008,0.9853372434017595,2,subruns\s6020_rf_1024_mutation_only_adalead_refit,16.19204155518304,f4e7b3516e331ea6,3.4546938775510205,0.0,4.12,1016
6021,xgb,1024,matched_seed_random_walk,main,1024,budget_exhausted,xgb_boot5_sklearn_gbm_0552723f2dd6777d,1.1277457000105642,0.4774312999797985,9,1008,1008,1.0,2,subruns\s6021_xgb_1024_matched_seed_random_walk_main,9.380121502193592,167819ceb411e8b2,5.659591836734694,0.0,1.86,1016
6021,xgb,1024,multi_start_hill_climb,main,1024,budget_exhausted,xgb_boot5_sklearn_gbm_0552723f2dd6777d,0.9810226999688894,0.45848970010410994,30,1127,1008,0.8944099378881988,2,subruns\s6021_xgb_1024_multi_start_hill_climb_main,4.470115824314542,31c5834b6ad7864b,3.662857142857143,0.0,3.28,1016
6021,xgb,1024,multi_start_beam,main,1024,stagnation,xgb_boot5_sklearn_gbm_0552723f2dd6777d,1.0154586999560706,0.46260039997287095,5,1042,1008,0.9673704414587332,2,subruns\s6021_xgb_1024_multi_start_beam_main,7.809482406310423,2119ef2a466b31e3,5.680816326530612,0.08,2.56,1016
6021,xgb,1024,mutation_only_ga,main,1024,budget_exhausted,xgb_boot5_sklearn_gbm_0552723f2dd6777d,1.9270603000186384,0.4665447000297718,12,1124,1008,0.896797153024911,2,subruns\s6021_xgb_1024_mutation_only_ga_main,4.470115824314542,31c5834b6ad7864b,4.769795918367347,0.0,3.92,1016
6021,xgb,1024,iterated_local_search,main,1024,budget_exhausted,xgb_boot5_sklearn_gbm_0552723f2dd6777d,0.7627744000055827,0.47773449996020645,3,1185,1008,0.850632911392405,2,subruns\s6021_xgb_1024_iterated_local_search_main,4.470115824314542,31c5834b6ad7864b,4.518367346938776,0.02,1.68,1016
6021,xgb,1024,simulated_annealing,main,1024,budget_exhausted,xgb_boot5_sklearn_gbm_0552723f2dd6777d,1.589201700000558,0.5405679999967106,64,1008,1008,1.0,2,subruns\s6021_xgb_1024_simulated_annealing_main,6.409239034009472,b180d7e3e649e5a9,6.274285714285714,0.0,4.38,1016
6021,xgb,1024,mutation_only_adalead,main,241,neighbors_exhausted,xgb_boot5_sklearn_gbm_0552723f2dd6777d,0.3526191000128165,0.13764380011707544,20,304,225,0.7401315789473685,2,subruns\s6021_xgb_1024_mutation_only_adalead_main,4.470115824314542,31c5834b6ad7864b,2.623673469387755,0.0,3.1,233
6021,xgb,4096,matched_seed_random_walk,main,4096,budget_exhausted,xgb_boot5_sklearn_gbm_0552723f2dd6777d,5.818411200016271,1.8466317001148127,33,4080,4080,1.0,2,subruns\s6021_xgb_4096_matched_seed_random_walk_main,9.380121502193592,167819ceb411e8b2,5.003265306122449,0.0,2.1,4088
6021,xgb,4096,multi_start_hill_climb,main,4096,budget_exhausted,xgb_boot5_sklearn_gbm_0552723f2dd6777d,5.440738399978727,1.9322634999407455,117,4496,4080,0.9074733096085409,2,subruns\s6021_xgb_4096_multi_start_hill_climb_main,4.470115824314542,31c5834b6ad7864b,4.32,0.0,3.64,4088
6021,xgb,4096,multi_start_beam,main,3927,stagnation,xgb_boot5_sklearn_gbm_0552723f2dd6777d,3.4553979000193067,1.79583009990165,6,4342,3911,0.9007369875633349,2,subruns\s6021_xgb_4096_multi_start_beam_main,4.470115824314542,31c5834b6ad7864b,4.34530612244898,0.0,3.6,3919
6021,xgb,4096,mutation_only_ga,main,1427,stagnation,xgb_boot5_sklearn_gbm_0552723f2dd6777d,2.723005599982571,0.6371572000789456,14,1664,1411,0.8479567307692307,2,subruns\s6021_xgb_4096_mutation_only_ga_main,4.470115824314542,31c5834b6ad7864b,4.643265306122449,0.0,3.7,1419
6021,xgb,4096,iterated_local_search,main,4096,budget_exhausted,xgb_boot5_sklearn_gbm_0552723f2dd6777d,2.820991899992805,1.7545943000586703,9,4241,4080,0.9620372553643008,2,subruns\s6021_xgb_4096_iterated_local_search_main,4.470115824314542,31c5834b6ad7864b,3.613877551020408,0.0,3.4,4088
6021,xgb,4096,simulated_annealing,main,3506,max_generations,xgb_boot5_sklearn_gbm_0552723f2dd6777d,9.770247299980838,1.9578005009680055,257,3490,3490,1.0,2,subruns\s6021_xgb_4096_simulated_annealing_main,4.470115824314542,31c5834b6ad7864b,4.988571428571428,0.0,4.08,3498
6021,xgb,4096,mutation_only_adalead,main,241,neighbors_exhausted,xgb_boot5_sklearn_gbm_0552723f2dd6777d,0.331927299965173,0.12697479996131733,20,304,225,0.7401315789473685,2,subruns\s6021_xgb_4096_mutation_only_adalead_main,4.470115824314542,31c5834b6ad7864b,2.623673469387755,0.0,3.1,233
6021,xgb,1024,matched_seed_random_walk,refit,1024,budget_exhausted,xgb_boot5_sklearn_gbm_0ed0864a7358b86f,1.156179899990093,0.4720765000092797,9,1008,1008,1.0,2,subruns\s6021_xgb_1024_matched_seed_random_walk_refit,6.957892523951057,167819ceb411e8b2,7.685714285714286,0.0,1.86,1016
6021,xgb,1024,multi_start_hill_climb,refit,1024,budget_exhausted,xgb_boot5_sklearn_gbm_0ed0864a7358b86f,0.9881774000241421,0.477958399860654,30,1131,1008,0.8912466843501327,2,subruns\s6021_xgb_1024_multi_start_hill_climb_refit,3.3301131303119704,428afaf81925f88e,5.074285714285714,0.0,3.98,1016
6021,xgb,1024,multi_start_beam,refit,1024,stagnation,xgb_boot5_sklearn_gbm_0ed0864a7358b86f,1.0001888999831863,0.4692718000151217,5,1037,1008,0.9720347155255545,2,subruns\s6021_xgb_1024_multi_start_beam_refit,4.111453405603914,fcf1c67b4b444125,6.9918367346938775,0.0,2.12,1016
6021,xgb,1024,mutation_only_ga,refit,1024,budget_exhausted,xgb_boot5_sklearn_gbm_0ed0864a7358b86f,1.926785200019367,0.44244030001573265,12,1118,1008,0.9016100178890877,2,subruns\s6021_xgb_1024_mutation_only_ga_refit,2.927374046834359,c37abf97a90bc74f,4.870204081632653,0.02,3.8,1016
6021,xgb,1024,iterated_local_search,refit,1024,budget_exhausted,xgb_boot5_sklearn_gbm_0ed0864a7358b86f,0.7353465000051074,0.4603281000163406,3,1193,1008,0.8449287510477788,2,subruns\s6021_xgb_1024_iterated_local_search_refit,3.352819811741823,c88d8ee6fe7b7c39,5.839183673469388,0.02,1.88,1016
6021,xgb,1024,simulated_annealing,refit,1024,budget_exhausted,xgb_boot5_sklearn_gbm_0ed0864a7358b86f,1.669424000021536,0.5523990999208763,64,1008,1008,1.0,2,subruns\s6021_xgb_1024_simulated_annealing_refit,2.7518705080412253,7a1ede5241d96434,4.758367346938775,0.0,3.96,1016
6021,xgb,1024,mutation_only_adalead,refit,463,neighbors_exhausted,xgb_boot5_sklearn_gbm_0ed0864a7358b86f,0.6877564999740571,0.25483079988043755,35,544,447,0.8216911764705882,2,subruns\s6021_xgb_1024_mutation_only_adalead_refit,3.3301131303119704,428afaf81925f88e,3.182857142857143,0.02,3.74,455
6021,rf,1024,matched_seed_random_walk,main,1024,budget_exhausted,rf300_seq303_98fc60401346e7b8,1.3936262999777682,0.7446547000436112,9,1008,1008,1.0,2,subruns\s6021_rf_1024_matched_seed_random_walk_main,17.553399048699898,4a95d8e327d4db96,6.344489795918367,0.0,1.86,1016
6021,rf,1024,multi_start_hill_climb,main,1024,budget_exhausted,rf300_seq303_98fc60401346e7b8,1.7989891999750398,1.2691119999508373,30,1127,1008,0.8944099378881988,2,subruns\s6021_rf_1024_multi_start_hill_climb_main,16.36775412144321,707398c7d54936d3,3.3787755102040817,0.0,3.74,1016
6021,rf,1024,multi_start_beam,main,1018,stagnation,rf300_seq303_98fc60401346e7b8,1.0424441999639384,0.5588446999317966,4,1043,1002,0.9606903163950143,2,subruns\s6021_rf_1024_multi_start_beam_main,16.983864214228102,c178d02f8206f3f3,5.930612244897959,0.0,1.64,1010
6021,rf,1024,mutation_only_ga,main,1015,stagnation,rf300_seq303_98fc60401346e7b8,2.1802726999740116,0.7184007000760175,11,1177,999,0.848768054375531,2,subruns\s6021_rf_1024_mutation_only_ga_main,16.57954205091257,428afaf81925f88e,3.8220408163265307,0.0,3.62,1007
6021,rf,1024,iterated_local_search,main,1024,budget_exhausted,rf300_seq303_98fc60401346e7b8,0.8384777000173926,0.5782782000605948,3,1192,1008,0.8456375838926175,2,subruns\s6021_rf_1024_iterated_local_search_main,16.701473889060686,674b91340a361d2a,5.435102040816327,0.0,1.66,1016
6021,rf,1024,simulated_annealing,main,1024,budget_exhausted,rf300_seq303_98fc60401346e7b8,3.279376599995885,2.181458399980329,64,1008,1008,1.0,2,subruns\s6021_rf_1024_simulated_annealing_main,16.902334829146106,16baa0429a307843,5.933061224489796,0.0,4.36,1016
6021,rf,1024,mutation_only_adalead,main,1024,budget_exhausted,rf300_seq303_98fc60401346e7b8,3.5334829000057653,2.225925100094173,66,1035,1008,0.9739130434782609,2,subruns\s6021_rf_1024_mutation_only_adalead_main,16.5197189148023,9cba68d413f2fe8b,3.015510204081633,0.0,4.32,1016
6021,rf,4096,matched_seed_random_walk,main,4096,budget_exhausted,rf300_seq303_98fc60401346e7b8,7.1865525000030175,2.832340000080876,33,4080,4080,1.0,2,subruns\s6021_rf_4096_matched_seed_random_walk_main,16.983864214228102,c178d02f8206f3f3,5.60734693877551,0.0,2.12,4088
6021,rf,4096,multi_start_hill_climb,main,3966,local_optima,rf300_seq303_98fc60401346e7b8,8.442006200028118,5.110840699693654,113,4348,3950,0.9084636614535418,2,subruns\s6021_rf_4096_multi_start_hill_climb_main,16.36775412144321,707398c7d54936d3,3.553469387755102,0.0,3.74,3958
6021,rf,4096,multi_start_beam,main,3907,stagnation,rf300_seq303_98fc60401346e7b8,3.632238899997901,1.951234700041823,6,4436,3891,0.877141568981064,2,subruns\s6021_rf_4096_multi_start_beam_main,16.36775412144321,707398c7d54936d3,3.6563265306122448,0.0,3.6,3899
6021,rf,4096,mutation_only_ga,main,1089,stagnation,rf300_seq303_98fc60401346e7b8,2.284673699992709,0.7778070999193005,11,1280,1073,0.83828125,2,subruns\s6021_rf_4096_mutation_only_ga_main,16.57954205091257,428afaf81925f88e,3.951020408163265,0.0,3.7,1081
6021,rf,4096,iterated_local_search,main,4096,budget_exhausted,rf300_seq303_98fc60401346e7b8,3.1517324000014924,2.1141222999431193,9,4187,4080,0.9744447098160974,2,subruns\s6021_rf_4096_iterated_local_search_main,16.36775412144321,707398c7d54936d3,3.653877551020408,0.0,3.84,4088
6021,rf,4096,simulated_annealing,main,4096,budget_exhausted,rf300_seq303_98fc60401346e7b8,16.881592500023544,8.882743099762592,257,4081,4080,0.999754962019113,2,subruns\s6021_rf_4096_simulated_annealing_main,16.444827975941514,f61d01d8b1764b7c,4.121632653061225,0.0,3.98,4088
6021,rf,4096,mutation_only_adalead,main,2114,neighbors_exhausted,rf300_seq303_98fc60401346e7b8,8.992235699959565,4.917986300075427,139,2208,2098,0.9501811594202898,2,subruns\s6021_rf_4096_mutation_only_adalead_main,16.36775412144321,707398c7d54936d3,3.4906122448979593,0.0,3.82,2106
6021,rf,1024,matched_seed_random_walk,refit,1024,budget_exhausted,rf300_seq303_0da167d93a54d3fb,1.3382267000270076,0.7277917000465095,9,1008,1008,1.0,2,subruns\s6021_rf_1024_matched_seed_random_walk_refit,16.8253767263855,167819ceb411e8b2,6.057142857142857,0.0,1.88,1016
6021,rf,1024,multi_start_hill_climb,refit,1024,budget_exhausted,rf300_seq303_0da167d93a54d3fb,1.758656800026074,1.2463494000257924,30,1131,1008,0.8912466843501327,2,subruns\s6021_rf_1024_multi_start_hill_climb_refit,15.755574046550027,f61d01d8b1764b7c,3.1085714285714285,0.0,3.66,1016
6021,rf,1024,multi_start_beam,refit,1023,stagnation,rf300_seq303_0da167d93a54d3fb,1.1547808999894187,0.6206898999516852,5,1055,1007,0.9545023696682464,2,subruns\s6021_rf_1024_multi_start_beam_refit,16.48454067973234,674b91340a361d2a,5.580408163265306,0.0,1.82,1015
6021,rf,1024,mutation_only_ga,refit,1024,stagnation,rf300_seq303_0da167d93a54d3fb,2.342925800010562,0.7826072999159805,12,1143,1008,0.8818897637795275,2,subruns\s6021_rf_1024_mutation_only_ga_refit,15.755574046550027,f61d01d8b1764b7c,3.76734693877551,0.0,3.1,1016
6021,rf,1024,iterated_local_search,refit,1024,budget_exhausted,rf300_seq303_0da167d93a54d3fb,0.8733376999734901,0.5781022000592202,3,1196,1008,0.842809364548495,2,subruns\s6021_rf_1024_iterated_local_search_refit,16.48454067973234,674b91340a361d2a,5.048163265306123,0.0,1.56,1016
6021,rf,1024,simulated_annealing,refit,1024,budget_exhausted,rf300_seq303_0da167d93a54d3fb,3.3030721999821253,2.183157800231129,64,1008,1008,1.0,2,subruns\s6021_rf_1024_simulated_annealing_refit,16.77798576519427,81094efb23e797bc,6.575510204081633,0.0,3.58,1016
6021,rf,1024,mutation_only_adalead,refit,892,neighbors_exhausted,rf300_seq303_0da167d93a54d3fb,3.005139200016856,2.009610799897928,62,976,876,0.8975409836065574,2,subruns\s6021_rf_1024_mutation_only_adalead_refit,15.755574046550027,f61d01d8b1764b7c,3.100408163265306,0.0,3.76,884
6022,xgb,1024,matched_seed_random_walk,main,1024,budget_exhausted,xgb_boot5_sklearn_gbm_bd982b4e2aa8057d,1.075506300025154,0.453406399989035,9,1008,1008,1.0,2,subruns\s6022_xgb_1024_matched_seed_random_walk_main,7.275091068937765,0bb855eab3b45657,6.658775510204082,0.0,1.78,1016
6022,xgb,1024,multi_start_hill_climb,main,1024,budget_exhausted,xgb_boot5_sklearn_gbm_bd982b4e2aa8057d,1.0216670000227168,0.5070425999583676,30,1131,1008,0.8912466843501327,2,subruns\s6022_xgb_1024_multi_start_hill_climb_main,3.9922426102772306,f12c1de2c15a9298,3.2179591836734693,0.0,3.92,1016
6022,xgb,1024,multi_start_beam,main,1023,stagnation,xgb_boot5_sklearn_gbm_bd982b4e2aa8057d,0.9394301999709569,0.4318794999271631,5,1037,1007,0.9710703953712633,2,subruns\s6022_xgb_1024_multi_start_beam_main,6.359540384007131,8f6796e514690b2a,6.43265306122449,0.0,1.8,1015
6022,xgb,1024,mutation_only_ga,main,1023,stagnation,xgb_boot5_sklearn_gbm_bd982b4e2aa8057d,1.9160930999787524,0.45527469989610836,12,1153,1007,0.8733738074588031,2,subruns\s6022_xgb_1024_mutation_only_ga_main,3.9922426102772306,f12c1de2c15a9298,3.8269387755102042,0.0,3.9,1015
6022,xgb,1024,iterated_local_search,main,1024,budget_exhausted,xgb_boot5_sklearn_gbm_bd982b4e2aa8057d,0.6894144999678247,0.432076400029473,3,1161,1008,0.8682170542635659,2,subruns\s6022_xgb_1024_iterated_local_search_main,6.359540384007131,8f6796e514690b2a,7.164897959183674,0.0,1.38,1016
6022,xgb,1024,simulated_annealing,main,1024,budget_exhausted,xgb_boot5_sklearn_gbm_bd982b4e2aa8057d,1.7485131000285037,0.5851976001868024,65,1009,1008,0.9990089197224975,2,subruns\s6022_xgb_1024_simulated_annealing_main,3.9922426102772306,f12c1de2c15a9298,5.2791836734693875,0.0,3.98,1016
6022,xgb,1024,mutation_only_adalead,main,127,neighbors_exhausted,xgb_boot5_sklearn_gbm_bd982b4e2aa8057d,0.18956369999796152,0.07076350005809218,11,160,111,0.69375,1,subruns\s6022_xgb_1024_mutation_only_adalead_main,7.0630640335669,2c530f71871f7e5c,2.4,0.0,1.64,119
6022,xgb,4096,matched_seed_random_walk,main,4096,budget_exhausted,xgb_boot5_sklearn_gbm_bd982b4e2aa8057d,5.8378961000125855,1.8542039000894874,33,4080,4080,1.0,2,subruns\s6022_xgb_4096_matched_seed_random_walk_main,7.275091068937765,0bb855eab3b45657,5.119183673469387,0.0,2.04,4088
6022,xgb,4096,multi_start_hill_climb,main,4096,budget_exhausted,xgb_boot5_sklearn_gbm_bd982b4e2aa8057d,5.46719600004144,1.9066490004188381,117,4520,4080,0.9026548672566371,2,subruns\s6022_xgb_4096_multi_start_hill_climb_main,3.9922426102772306,f12c1de2c15a9298,3.1248979591836736,0.0,4.74,4088
6022,xgb,4096,multi_start_beam,main,4046,stagnation,xgb_boot5_sklearn_gbm_bd982b4e2aa8057d,3.612790999992285,1.7454164999653585,7,4585,4030,0.8789531079607416,2,subruns\s6022_xgb_4096_multi_start_beam_main,3.9922426102772306,f12c1de2c15a9298,3.346122448979592,0.0,4.24,4038
6022,xgb,4096,mutation_only_ga,main,1226,stagnation,xgb_boot5_sklearn_gbm_bd982b4e2aa8057d,2.317665400041733,0.5533200999489054,12,1408,1210,0.859375,2,subruns\s6022_xgb_4096_mutation_only_ga_main,3.9922426102772306,f12c1de2c15a9298,3.5281632653061226,0.0,4.0,1218
6022,xgb,4096,iterated_local_search,main,4096,budget_exhausted,xgb_boot5_sklearn_gbm_bd982b4e2aa8057d,2.9739151000394486,1.8859865000704303,9,4180,4080,0.9760765550239234,2,subruns\s6022_xgb_4096_iterated_local_search_main,3.9922426102772306,f12c1de2c15a9298,3.203265306122449,0.0,4.4,4088
6022,xgb,4096,simulated_annealing,main,3310,max_generations,xgb_boot5_sklearn_gbm_bd982b4e2aa8057d,9.377776199951768,1.848770400392823,257,3294,3294,1.0,2,subruns\s6022_xgb_4096_simulated_annealing_main,3.9922426102772306,f12c1de2c15a9298,4.078367346938776,0.0,4.78,3302
6022,xgb,4096,mutation_only_adalead,main,127,neighbors_exhausted,xgb_boot5_sklearn_gbm_bd982b4e2aa8057d,0.1845459000323899,0.06540519994450733,11,160,111,0.69375,1,subruns\s6022_xgb_4096_mutation_only_adalead_main,7.0630640335669,2c530f71871f7e5c,2.4,0.0,1.64,119
6022,xgb,1024,matched_seed_random_walk,refit,1024,budget_exhausted,xgb_boot5_sklearn_gbm_759037bd42aa0e91,1.1887016000109725,0.48690420005004853,9,1008,1008,1.0,2,subruns\s6022_xgb_1024_matched_seed_random_walk_refit,8.84414496600807,85bd13d67a9384ba,6.570612244897959,0.0,1.86,1016
6022,xgb,1024,multi_start_hill_climb,refit,1024,budget_exhausted,xgb_boot5_sklearn_gbm_759037bd42aa0e91,0.9993280000053346,0.46443459967849776,30,1131,1008,0.8912466843501327,2,subruns\s6022_xgb_1024_multi_start_hill_climb_refit,5.031639144451593,4a10e9e39649d44c,3.0620408163265305,0.0,3.62,1016
6022,xgb,1024,multi_start_beam,refit,1024,budget_exhausted,xgb_boot5_sklearn_gbm_759037bd42aa0e91,0.9790136000374332,0.4582354999729432,5,1047,1008,0.9627507163323782,2,subruns\s6022_xgb_1024_multi_start_beam_refit,7.401944165406938,9137815236c34aca,6.582040816326531,0.0,2.16,1016
6022,xgb,1024,mutation_only_ga,refit,1022,stagnation,xgb_boot5_sklearn_gbm_759037bd42aa0e91,2.2129925000481308,0.48360769997816533,12,1142,1006,0.8809106830122592,2,subruns\s6022_xgb_1024_mutation_only_ga_refit,2.7523840324885476,6fbd632996f1241a,7.388571428571429,0.0,3.6,1014
6022,xgb,1024,iterated_local_search,refit,1024,budget_exhausted,xgb_boot5_sklearn_gbm_759037bd42aa0e91,0.7274747000192292,0.4658585999859497,3,1196,1008,0.842809364548495,2,subruns\s6022_xgb_1024_iterated_local_search_refit,7.3785288885125855,e20e616949511b47,6.343673469387755,0.0,1.72,1016
6022,xgb,1024,simulated_annealing,refit,1024,budget_exhausted,xgb_boot5_sklearn_gbm_759037bd42aa0e91,1.7999182000057772,0.5817855999921449,64,1008,1008,1.0,2,subruns\s6022_xgb_1024_simulated_annealing_refit,5.862323218720083,55b7c9ab7ffe32d3,4.518367346938776,0.0,4.32,1016
6022,xgb,1024,mutation_only_adalead,refit,599,neighbors_exhausted,xgb_boot5_sklearn_gbm_759037bd42aa0e91,1.0841200000140816,0.4213097001775168,44,688,583,0.8473837209302325,2,subruns\s6022_xgb_1024_mutation_only_adalead_refit,5.031639144451593,4a10e9e39649d44c,2.7910204081632655,0.0,3.78,591
6022,rf,1024,matched_seed_random_walk,main,1024,budget_exhausted,rf300_seq303_3c82c07aad56e3c0,1.3094782999833114,0.6994483001180924,9,1008,1008,1.0,2,subruns\s6022_rf_1024_matched_seed_random_walk_main,16.487164928381357,789488cacb3a2e78,6.631020408163265,0.0,1.9,1016
6022,rf,1024,multi_start_hill_climb,main,1024,budget_exhausted,rf300_seq303_3c82c07aad56e3c0,1.811364000022877,1.2876474999939092,30,1131,1008,0.8912466843501327,2,subruns\s6022_rf_1024_multi_start_hill_climb_main,15.781868968347851,b825f3361bee0dcc,3.488979591836735,0.0,4.46,1016
6022,rf,1024,multi_start_beam,main,1024,budget_exhausted,rf300_seq303_3c82c07aad56e3c0,1.1708054000046104,0.6096639999886975,5,1044,1008,0.9655172413793104,2,subruns\s6022_rf_1024_multi_start_beam_main,16.116973479815965,6ea8f61c95317cb6,4.191836734693878,0.0,1.84,1016
6022,rf,1024,mutation_only_ga,main,1024,budget_exhausted,rf300_seq303_3c82c07aad56e3c0,2.2893306000041775,0.7872814000002109,12,1144,1008,0.8811188811188811,2,subruns\s6022_rf_1024_mutation_only_ga_main,15.781868968347851,b825f3361bee0dcc,3.8448979591836734,0.0,3.5,1016
6022,rf,1024,iterated_local_search,main,1024,budget_exhausted,rf300_seq303_3c82c07aad56e3c0,0.8202693999628536,0.5617470000288449,3,1196,1008,0.842809364548495,2,subruns\s6022_rf_1024_iterated_local_search_main,16.443242551028668,d1915c9d402b529a,5.2791836734693875,0.0,1.52,1016
6022,rf,1024,simulated_annealing,main,1024,budget_exhausted,rf300_seq303_3c82c07aad56e3c0,3.1908448999747634,2.1077060998650268,64,1008,1008,1.0,2,subruns\s6022_rf_1024_simulated_annealing_main,16.431503420074986,9fe8c47583a00a9d,5.128163265306123,0.0,4.48,1016
6022,rf,1024,mutation_only_adalead,main,1024,budget_exhausted,rf300_seq303_3c82c07aad56e3c0,3.566852999967523,2.2289298998657614,67,1035,1008,0.9739130434782609,2,subruns\s6022_rf_1024_mutation_only_adalead_main,15.781868968347851,b825f3361bee0dcc,3.379591836734694,0.0,3.86,1016
6022,rf,4096,matched_seed_random_walk,main,4096,budget_exhausted,rf300_seq303_3c82c07aad56e3c0,6.839592799951788,2.75467010011198,33,4080,4080,1.0,2,subruns\s6022_rf_4096_matched_seed_random_walk_main,16.487164928381357,789488cacb3a2e78,5.595918367346939,0.0,2.34,4088
6022,rf,4096,multi_start_hill_climb,main,4096,budget_exhausted,rf300_seq303_3c82c07aad56e3c0,8.761757800006308,5.000575799727812,118,4559,4080,0.8949330993638956,2,subruns\s6022_rf_4096_multi_start_hill_climb_main,15.781868968347851,b825f3361bee0dcc,4.016326530612245,0.0,3.98,4088
6022,rf,4096,multi_start_beam,main,4090,stagnation,rf300_seq303_3c82c07aad56e3c0,4.04757289995905,2.0696797001291998,9,4743,4074,0.8589500316255535,2,subruns\s6022_rf_4096_multi_start_beam_main,15.781868968347851,b825f3361bee0dcc,3.6653061224489796,0.0,3.8,4082
6022,rf,4096,mutation_only_ga,main,1318,stagnation,rf300_seq303_3c82c07aad56e3c0,3.082470400026068,1.0289280998986214,13,1536,1302,0.84765625,2,subruns\s6022_rf_4096_mutation_only_ga_main,15.781868968347851,b825f3361bee0dcc,3.386122448979592,0.0,3.9,1310
6022,rf,4096,iterated_local_search,main,4096,budget_exhausted,rf300_seq303_3c82c07aad56e3c0,3.674339500023052,2.3533856999711134,9,4384,4080,0.9306569343065694,2,subruns\s6022_rf_4096_iterated_local_search_main,15.781868968347851,b825f3361bee0dcc,4.14530612244898,0.0,4.04,4088
6022,rf,4096,simulated_annealing,main,4085,max_generations,rf300_seq303_3c82c07aad56e3c0,16.726512200024445,8.79871830000775,257,4069,4069,1.0,2,subruns\s6022_rf_4096_simulated_annealing_main,15.781868968347851,b825f3361bee0dcc,4.0,0.0,3.98,4077
6022,rf,4096,mutation_only_adalead,main,1778,neighbors_exhausted,rf300_seq303_3c82c07aad56e3c0,6.7296364000067115,3.819972300727386,119,1888,1762,0.9332627118644068,2,subruns\s6022_rf_4096_mutation_only_adalead_main,15.781868968347851,b825f3361bee0dcc,3.8653061224489798,0.0,3.92,1770
6022,rf,1024,matched_seed_random_walk,refit,1024,budget_exhausted,rf300_seq303_8de708c1e2e9b02d,1.4205287999939173,0.7663328999769874,9,1008,1008,1.0,2,subruns\s6022_rf_1024_matched_seed_random_walk_refit,16.29576864634619,789488cacb3a2e78,6.503673469387755,0.0,1.98,1016
6022,rf,1024,multi_start_hill_climb,refit,1024,budget_exhausted,rf300_seq303_8de708c1e2e9b02d,1.728071200021077,1.2213673001388088,30,1131,1008,0.8912466843501327,2,subruns\s6022_rf_1024_multi_start_hill_climb_refit,15.736567942319073,635ccde62a92abb9,4.963265306122449,0.0,4.3,1016
6022,rf,1024,multi_start_beam,refit,1024,budget_exhausted,rf300_seq303_8de708c1e2e9b02d,1.0863111999933608,0.569514499977231,5,1045,1008,0.9645933014354067,2,subruns\s6022_rf_1024_multi_start_beam_refit,15.987553931554983,585b03e5c711671e,5.222857142857142,0.0,1.94,1016
6022,rf,1024,mutation_only_ga,refit,1024,stagnation,rf300_seq303_8de708c1e2e9b02d,2.255426299991086,0.8074050000868738,11,1126,1008,0.8952042628774423,2,subruns\s6022_rf_1024_mutation_only_ga_refit,15.645596643290443,652daef657dcd29d,3.9640816326530612,0.0,4.48,1016
6022,rf,1024,iterated_local_search,refit,1024,budget_exhausted,rf300_seq303_8de708c1e2e9b02d,0.7512214999878779,0.5021958000143059,3,1196,1008,0.842809364548495,2,subruns\s6022_rf_1024_iterated_local_search_refit,16.273638170620362,0f2ef1f29f510d72,5.6538775510204085,0.0,1.62,1016
6022,rf,1024,simulated_annealing,refit,1024,budget_exhausted,rf300_seq303_8de708c1e2e9b02d,3.29681160004111,2.1888943002559245,64,1008,1008,1.0,2,subruns\s6022_rf_1024_simulated_annealing_refit,15.637616430119524,cddba52ee02860c9,6.003265306122449,0.0,4.08,1016
6022,rf,1024,mutation_only_adalead,refit,1024,budget_exhausted,rf300_seq303_8de708c1e2e9b02d,3.596555600001011,2.1698403001064435,66,1028,1008,0.980544747081712,2,subruns\s6022_rf_1024_mutation_only_adalead_refit,15.637616430119524,cddba52ee02860c9,3.299591836734694,0.0,4.06,1016
6023,xgb,1024,matched_seed_random_walk,main,1024,budget_exhausted,xgb_boot5_sklearn_gbm_43aba3a87c202d6c,1.0825027999817394,0.4498507999815047,9,1008,1008,1.0,2,subruns\s6023_xgb_1024_matched_seed_random_walk_main,9.48312278533244,3b28c5a90705f6ef,7.082448979591836,0.0,1.98,1016
6023,xgb,1024,multi_start_hill_climb,main,1024,budget_exhausted,xgb_boot5_sklearn_gbm_43aba3a87c202d6c,0.9421954000135884,0.45235919987317175,30,1131,1008,0.8912466843501327,2,subruns\s6023_xgb_1024_multi_start_hill_climb_main,4.65947926057611,b5da1fc673ddca63,2.9183673469387754,0.0,4.34,1016
6023,xgb,1024,multi_start_beam,main,1024,budget_exhausted,xgb_boot5_sklearn_gbm_43aba3a87c202d6c,0.997727699985262,0.4398994000512175,5,1042,1008,0.9673704414587332,2,subruns\s6023_xgb_1024_multi_start_beam_main,7.099247835215193,12bce5d6658edabc,5.455510204081633,0.0,2.42,1016
6023,xgb,1024,mutation_only_ga,main,1024,stagnation,xgb_boot5_sklearn_gbm_43aba3a87c202d6c,1.8290232999715954,0.44997129996772856,11,1107,1008,0.9105691056910569,2,subruns\s6023_xgb_1024_mutation_only_ga_main,5.036577675606854,7370d2f667fc3d7a,3.5493877551020407,0.0,4.22,1016
6023,xgb,1024,iterated_local_search,main,1024,budget_exhausted,xgb_boot5_sklearn_gbm_43aba3a87c202d6c,0.7412634999491274,0.4607417000224814,3,1196,1008,0.842809364548495,2,subruns\s6023_xgb_1024_iterated_local_search_main,8.184056052443108,44acf245a255a9d5,5.359183673469388,0.0,1.76,1016
6023,xgb,1024,simulated_annealing,main,1024,budget_exhausted,xgb_boot5_sklearn_gbm_43aba3a87c202d6c,1.7166881000157446,0.5903406997094862,64,1008,1008,1.0,2,subruns\s6023_xgb_1024_simulated_annealing_main,6.315485687663392,6bc815578302b460,3.795918367346939,0.0,4.4,1016
6023,xgb,1024,mutation_only_adalead,main,496,neighbors_exhausted,xgb_boot5_sklearn_gbm_43aba3a87c202d6c,0.7405518000014126,0.27080309990560636,39,608,480,0.7894736842105263,2,subruns\s6023_xgb_1024_mutation_only_adalead_main,4.65947926057611,b5da1fc673ddca63,2.6514285714285712,0.0,4.48,488
6023,xgb,4096,matched_seed_random_walk,main,4096,budget_exhausted,xgb_boot5_sklearn_gbm_43aba3a87c202d6c,5.831275800010189,1.8608087999746203,33,4080,4080,1.0,2,subruns\s6023_xgb_4096_matched_seed_random_walk_main,6.43328640036386,7d356f7144b7374f,6.356734693877551,0.0,2.44,4088
6023,xgb,4096,multi_start_hill_climb,main,4096,budget_exhausted,xgb_boot5_sklearn_gbm_43aba3a87c202d6c,5.500922399980482,1.9435311001143418,118,4559,4080,0.8949330993638956,2,subruns\s6023_xgb_4096_multi_start_hill_climb_main,4.65947926057611,b5da1fc673ddca63,2.706938775510204,0.0,4.52,4088
6023,xgb,4096,multi_start_beam,main,4063,stagnation,xgb_boot5_sklearn_gbm_43aba3a87c202d6c,3.6426542999688536,1.7406814000569284,7,4523,4047,0.8947601149679416,2,subruns\s6023_xgb_4096_multi_start_beam_main,4.65947926057611,b5da1fc673ddca63,3.12,0.0,4.34,4055
6023,xgb,4096,mutation_only_ga,main,1165,stagnation,xgb_boot5_sklearn_gbm_43aba3a87c202d6c,2.1724788999999873,0.5280973998596892,11,1280,1149,0.89765625,2,subruns\s6023_xgb_4096_mutation_only_ga_main,5.036577675606854,7370d2f667fc3d7a,3.2653061224489797,0.0,4.26,1157
6023,xgb,4096,iterated_local_search,main,4096,budget_exhausted,xgb_boot5_sklearn_gbm_43aba3a87c202d6c,3.4397272000205703,2.148101400001906,9,4289,4080,0.951270692469107,2,subruns\s6023_xgb_4096_iterated_local_search_main,4.65947926057611,b5da1fc673ddca63,2.726530612244898,0.0,4.58,4088
6023,xgb,4096,simulated_annealing,main,3421,max_generations,xgb_boot5_sklearn_gbm_43aba3a87c202d6c,9.620243799989112,1.8979710005805828,257,3409,3405,0.9988266353769434,2,subruns\s6023_xgb_4096_simulated_annealing_main,4.65947926057611,b5da1fc673ddca63,2.6979591836734693,0.0,4.48,3413
6023,xgb,4096,mutation_only_adalead,main,496,neighbors_exhausted,xgb_boot5_sklearn_gbm_43aba3a87c202d6c,0.7560104000149295,0.27922769996803254,39,608,480,0.7894736842105263,2,subruns\s6023_xgb_4096_mutation_only_adalead_main,4.65947926057611,b5da1fc673ddca63,2.6514285714285712,0.0,4.48,488
6023,xgb,1024,matched_seed_random_walk,refit,1024,budget_exhausted,xgb_boot5_sklearn_gbm_d9f7c8454d8d86a6,1.1493648000177927,0.4522823000443168,9,1008,1008,1.0,2,subruns\s6023_xgb_1024_matched_seed_random_walk_refit,14.012504700522053,23a1a542339fed0e,7.803265306122449,0.0,2.04,1016
6023,xgb,1024,multi_start_hill_climb,refit,1024,budget_exhausted,xgb_boot5_sklearn_gbm_d9f7c8454d8d86a6,0.9782295000040904,0.4715832000365481,30,1131,1008,0.8912466843501327,2,subruns\s6023_xgb_1024_multi_start_hill_climb_refit,9.390243756391865,a95f0140b162ba49,5.538775510204082,0.0,4.84,1016
6023,xgb,1024,multi_start_beam,refit,1024,budget_exhausted,xgb_boot5_sklearn_gbm_d9f7c8454d8d86a6,0.9865026000188664,0.48852819990133867,5,1045,1008,0.9645933014354067,2,subruns\s6023_xgb_1024_multi_start_beam_refit,11.974634237446889,2735e2da02113d08,6.648979591836735,0.0,2.52,1016
6023,xgb,1024,mutation_only_ga,refit,1024,budget_exhausted,xgb_boot5_sklearn_gbm_d9f7c8454d8d86a6,1.8062341999611817,0.4682500999770127,11,1103,1008,0.9138712601994561,2,subruns\s6023_xgb_1024_mutation_only_ga_refit,11.002356372693997,6ab4147e0ab28501,6.046530612244898,0.0,4.24,1016
6023,xgb,1024,iterated_local_search,refit,1024,budget_exhausted,xgb_boot5_sklearn_gbm_d9f7c8454d8d86a6,0.6948092000093311,0.45187410002108663,3,1196,1008,0.842809364548495,2,subruns\s6023_xgb_1024_iterated_local_search_refit,11.064810772754086,7b78e3a2a283b39c,6.851428571428571,0.0,1.68,1016
6023,xgb,1024,simulated_annealing,refit,1024,budget_exhausted,xgb_boot5_sklearn_gbm_d9f7c8454d8d86a6,1.9208356000017375,0.5992525997571647,64,1008,1008,1.0,2,subruns\s6023_xgb_1024_simulated_annealing_refit,9.974099045799315,187dfc27c9fedabe,6.828571428571428,0.0,4.98,1016
6023,xgb,1024,mutation_only_adalead,refit,468,neighbors_exhausted,xgb_boot5_sklearn_gbm_d9f7c8454d8d86a6,0.7090567999985069,0.2682612999342382,35,544,452,0.8308823529411765,2,subruns\s6023_xgb_1024_mutation_only_adalead_refit,9.255145028477559,6c1583356e9798ae,2.939591836734694,0.0,5.06,460
6023,rf,1024,matched_seed_random_walk,main,1024,budget_exhausted,rf300_seq303_210df98801457642,1.300455700024031,0.7063338999287225,9,1008,1008,1.0,2,subruns\s6023_rf_1024_matched_seed_random_walk_main,19.337904315369002,3674b9f8c4f3abba,7.1355102040816325,0.0,1.68,1016
6023,rf,1024,multi_start_hill_climb,main,1024,budget_exhausted,rf300_seq303_210df98801457642,1.707757700001821,1.209346900228411,30,1131,1008,0.8912466843501327,2,subruns\s6023_rf_1024_multi_start_hill_climb_main,18.61720440248255,d764397e4310f5d0,3.523265306122449,0.0,3.52,1016
6023,rf,1024,multi_start_beam,main,1024,stagnation,rf300_seq303_210df98801457642,1.1095144999562763,0.577982599963434,5,1052,1008,0.9581749049429658,2,subruns\s6023_rf_1024_multi_start_beam_main,18.994395064169673,f1d703ff61f8aaaf,5.343673469387755,0.0,2.04,1016
6023,rf,1024,mutation_only_ga,main,1023,stagnation,rf300_seq303_210df98801457642,2.251251600042451,0.7908052999409847,12,1146,1007,0.8787085514834206,2,subruns\s6023_rf_1024_mutation_only_ga_main,18.643584073850636,fa8a50e363c59bad,5.114285714285714,0.0,3.04,1015
6023,rf,1024,iterated_local_search,main,1024,budget_exhausted,rf300_seq303_210df98801457642,0.7869525999994949,0.5401802999549545,3,1196,1008,0.842809364548495,2,subruns\s6023_rf_1024_iterated_local_search_main,18.731235610112254,7034b7634c6639e6,5.906938775510204,0.0,1.58,1016
6023,rf,1024,simulated_annealing,main,1024,budget_exhausted,rf300_seq303_210df98801457642,3.2652543000294827,2.1827411998528987,64,1008,1008,1.0,2,subruns\s6023_rf_1024_simulated_annealing_main,18.643584073850636,fa8a50e363c59bad,5.488163265306122,0.0,3.86,1016
6023,rf,1024,mutation_only_adalead,main,1024,budget_exhausted,rf300_seq303_210df98801457642,3.7192222999874502,2.2443868002155796,66,1026,1008,0.9824561403508771,2,subruns\s6023_rf_1024_mutation_only_adalead_main,18.61720440248255,d764397e4310f5d0,3.32,0.0,3.72,1016
6023,rf,4096,matched_seed_random_walk,main,4096,budget_exhausted,rf300_seq303_210df98801457642,6.9161423000041395,2.775089799950365,33,4080,4080,1.0,2,subruns\s6023_rf_4096_matched_seed_random_walk_main,19.14309055731478,8e688daf0ae27db9,6.6538775510204085,0.0,2.4,4088
6023,rf,4096,multi_start_hill_climb,main,4096,budget_exhausted,rf300_seq303_210df98801457642,8.42180950002512,4.875868300325237,117,4520,4080,0.9026548672566371,2,subruns\s6023_rf_4096_multi_start_hill_climb_main,18.61720440248255,d764397e4310f5d0,3.5314285714285716,0.0,3.78,4088
6023,rf,4096,multi_start_beam,main,4079,stagnation,rf300_seq303_210df98801457642,3.865530399954878,1.9965413000900298,8,4740,4063,0.8571729957805907,2,subruns\s6023_rf_4096_multi_start_beam_main,18.674211051684065,31a99e3a81055a80,3.7208163265306125,0.0,3.54,4071
6023,rf,4096,mutation_only_ga,main,1217,stagnation,rf300_seq303_210df98801457642,2.7390901999897324,0.8849434000439942,12,1408,1201,0.8529829545454546,2,subruns\s6023_rf_4096_mutation_only_ga_main,18.643584073850636,fa8a50e363c59bad,4.799183673469388,0.0,3.26,1209
6023,rf,4096,iterated_local_search,main,4096,budget_exhausted,rf300_seq303_210df98801457642,3.098820800019894,2.0215905000222847,9,4367,4080,0.9342798259674834,2,subruns\s6023_rf_4096_iterated_local_search_main,18.61720440248255,d764397e4310f5d0,3.556734693877551,0.0,3.6,4088
6023,rf,4096,simulated_annealing,main,4096,budget_exhausted,rf300_seq303_210df98801457642,16.58484900003532,8.600097200192977,256,4080,4080,1.0,2,subruns\s6023_rf_4096_simulated_annealing_main,18.904849642506665,b65ec73948fc124e,5.037551020408163,0.0,4.08,4088
6023,rf,4096,mutation_only_adalead,main,1770,neighbors_exhausted,rf300_seq303_210df98801457642,6.900033599988092,3.896038700186182,117,1856,1754,0.9450431034482759,2,subruns\s6023_rf_4096_mutation_only_adalead_main,18.61720440248255,d764397e4310f5d0,3.4057142857142857,0.0,3.72,1762
6023,rf,1024,matched_seed_random_walk,refit,1024,budget_exhausted,rf300_seq303_b918177119f256d0,1.3568847999558784,0.7211869000457227,9,1008,1008,1.0,2,subruns\s6023_rf_1024_matched_seed_random_walk_refit,19.129388996697607,d96a7634ec3150ba,7.080816326530612,0.0,1.66,1016
6023,rf,1024,multi_start_hill_climb,refit,1024,budget_exhausted,rf300_seq303_b918177119f256d0,1.786993200017605,1.2553178000380285,30,1131,1008,0.8912466843501327,2,subruns\s6023_rf_1024_multi_start_hill_climb_refit,18.46310773479946,c30c142f0f59f3f8,3.4457142857142857,0.0,3.76,1016
6023,rf,1024,multi_start_beam,refit,1024,budget_exhausted,rf300_seq303_b918177119f256d0,1.1998438999871723,0.5853234999813139,5,1039,1008,0.9701636188642926,2,subruns\s6023_rf_1024_multi_start_beam_refit,18.852955329059938,3273c72882b699a0,4.9746938775510205,0.0,2.26,1016
6023,rf,1024,mutation_only_ga,refit,1024,stagnation,rf300_seq303_b918177119f256d0,2.2732662999769673,0.7692094999947585,12,1125,1008,0.896,2,subruns\s6023_rf_1024_mutation_only_ga_refit,18.465882725216694,723cd887ab40b8c1,4.341224489795918,0.0,3.98,1016
6023,rf,1024,iterated_local_search,refit,1024,budget_exhausted,rf300_seq303_b918177119f256d0,0.8161572000244632,0.5409094999195077,3,1196,1008,0.842809364548495,2,subruns\s6023_rf_1024_iterated_local_search_refit,18.64065554309207,82c2417810729527,6.063673469387755,0.0,1.62,1016
6023,rf,1024,simulated_annealing,refit,1024,budget_exhausted,rf300_seq303_b918177119f256d0,3.3063142000464723,2.2022358998074196,64,1008,1008,1.0,2,subruns\s6023_rf_1024_simulated_annealing_refit,18.70571983214678,46f126baf18f1e88,5.515918367346939,0.0,4.38,1016
6023,rf,1024,mutation_only_adalead,refit,1024,budget_exhausted,rf300_seq303_b918177119f256d0,3.6043863999657333,2.2293454001192003,65,1019,1008,0.9892051030421982,2,subruns\s6023_rf_1024_mutation_only_adalead_refit,18.46310773479946,c30c142f0f59f3f8,2.933061224489796,0.0,4.18,1016
6024,xgb,1024,matched_seed_random_walk,main,1024,budget_exhausted,xgb_boot5_sklearn_gbm_85ce585ffa2572d8,1.1158086999785155,0.49197140004253015,9,1008,1008,1.0,2,subruns\s6024_xgb_1024_matched_seed_random_walk_main,8.364449952328032,2eb775647e4c72c2,7.445714285714286,0.0,1.92,1016
6024,xgb,1024,multi_start_hill_climb,main,1024,budget_exhausted,xgb_boot5_sklearn_gbm_85ce585ffa2572d8,0.9816273000324145,0.4590454999706708,29,1092,1008,0.9230769230769231,2,subruns\s6024_xgb_1024_multi_start_hill_climb_main,1.3933910645572083,ab83ea9d5c4f6c88,4.027755102040817,0.0,5.04,1016
6024,xgb,1024,multi_start_beam,main,1024,budget_exhausted,xgb_boot5_sklearn_gbm_85ce585ffa2572d8,1.200371199985966,0.560549299872946,5,1045,1008,0.9645933014354067,2,subruns\s6024_xgb_1024_multi_start_beam_main,6.492126463692186,18cd8e10031a7170,7.343673469387755,0.0,2.4,1016
6024,xgb,1024,mutation_only_ga,main,1024,budget_exhausted,xgb_boot5_sklearn_gbm_85ce585ffa2572d8,2.268784300016705,0.5495449000736699,12,1155,1008,0.8727272727272727,2,subruns\s6024_xgb_1024_mutation_only_ga_main,2.71805384923726,07d5ee79a52fe72d,5.608979591836735,0.0,4.48,1016
6024,xgb,1024,iterated_local_search,main,1024,budget_exhausted,xgb_boot5_sklearn_gbm_85ce585ffa2572d8,0.7133561000227928,0.445717699942179,3,1161,1008,0.8682170542635659,2,subruns\s6024_xgb_1024_iterated_local_search_main,5.291616088866066,6bac292a2a64f4b0,7.115102040816327,0.0,1.84,1016
6024,xgb,1024,simulated_annealing,main,1024,budget_exhausted,xgb_boot5_sklearn_gbm_85ce585ffa2572d8,1.6833794999984093,0.5753000996774063,64,1008,1008,1.0,2,subruns\s6024_xgb_1024_simulated_annealing_main,3.0238481930823213,6a03b9e722f21c5e,5.182857142857143,0.0,4.62,1016
6024,xgb,1024,mutation_only_adalead,main,91,neighbors_exhausted,xgb_boot5_sklearn_gbm_85ce585ffa2572d8,0.1427288000122644,0.049515999970026314,8,112,75,0.6696428571428571,2,subruns\s6024_xgb_1024_mutation_only_adalead_main,9.272471154869116,5bc4d60c83fa6708,2.6220408163265305,0.0,1.52,83
6024,xgb,4096,matched_seed_random_walk,main,4096,budget_exhausted,xgb_boot5_sklearn_gbm_85ce585ffa2572d8,5.946704000001773,1.8758889999007806,33,4080,4080,1.0,2,subruns\s6024_xgb_4096_matched_seed_random_walk_main,8.364449952328032,2eb775647e4c72c2,7.644897959183673,0.0,2.38,4088
6024,xgb,4096,multi_start_hill_climb,main,4096,budget_exhausted,xgb_boot5_sklearn_gbm_85ce585ffa2572d8,5.39853750000475,1.9118826001067646,117,4516,4080,0.9034543844109831,2,subruns\s6024_xgb_4096_multi_start_hill_climb_main,1.3933910645572083,ab83ea9d5c4f6c88,4.142857142857143,0.0,5.1,4088
6024,xgb,4096,multi_start_beam,main,4092,stagnation,xgb_boot5_sklearn_gbm_85ce585ffa2572d8,3.481643199978862,1.7173290999489836,8,4417,4076,0.9227982793751415,2,subruns\s6024_xgb_4096_multi_start_beam_main,2.583107746120286,f63eb72468700c80,4.26530612244898,0.0,4.74,4084
6024,xgb,4096,mutation_only_ga,main,1954,stagnation,xgb_boot5_sklearn_gbm_85ce585ffa2572d8,4.002489700040314,0.8877635001554154,19,2304,1938,0.8411458333333334,2,subruns\s6024_xgb_4096_mutation_only_ga_main,1.3933910645572083,ab83ea9d5c4f6c88,3.4693877551020407,0.0,5.1,1946
6024,xgb,4096,iterated_local_search,main,4096,budget_exhausted,xgb_boot5_sklearn_gbm_85ce585ffa2572d8,2.8493501999764703,1.7177161999279633,9,4305,4080,0.9477351916376306,2,subruns\s6024_xgb_4096_iterated_local_search_main,1.3933910645572083,ab83ea9d5c4f6c88,4.635918367346939,0.0,4.92,4088
6024,xgb,4096,simulated_annealing,main,3761,max_generations,xgb_boot5_sklearn_gbm_85ce585ffa2572d8,9.912238799966872,2.060117300366983,257,3745,3745,1.0,2,subruns\s6024_xgb_4096_simulated_annealing_main,1.3933910645572083,ab83ea9d5c4f6c88,4.073469387755102,0.0,5.14,3753
6024,xgb,4096,mutation_only_adalead,main,91,neighbors_exhausted,xgb_boot5_sklearn_gbm_85ce585ffa2572d8,0.14161009999224916,0.04817569995066151,8,112,75,0.6696428571428571,2,subruns\s6024_xgb_4096_mutation_only_adalead_main,9.272471154869116,5bc4d60c83fa6708,2.6220408163265305,0.0,1.52,83
6024,xgb,1024,matched_seed_random_walk,refit,1024,budget_exhausted,xgb_boot5_sklearn_gbm_4c6d9430ca18b948,1.085927799984347,0.45533750008326024,9,1008,1008,1.0,2,subruns\s6024_xgb_1024_matched_seed_random_walk_refit,5.968071262182497,205a0f3c637e4ce8,7.368163265306123,0.0,2.24,1016
6024,xgb,1024,multi_start_hill_climb,refit,1024,budget_exhausted,xgb_boot5_sklearn_gbm_4c6d9430ca18b948,0.990717200038489,0.48079679993679747,30,1131,1008,0.8912466843501327,2,subruns\s6024_xgb_1024_multi_start_hill_climb_refit,3.817187888190903,b82d6ee31c9be7ac,3.393469387755102,0.0,3.58,1016
6024,xgb,1024,multi_start_beam,refit,1024,budget_exhausted,xgb_boot5_sklearn_gbm_4c6d9430ca18b948,0.9386599999852479,0.4454196999431588,4,1022,1008,0.9863013698630136,2,subruns\s6024_xgb_1024_multi_start_beam_refit,8.343511333850538,d2a8f7630f125852,5.9681632653061225,0.0,2.78,1016
6024,xgb,1024,mutation_only_ga,refit,1024,budget_exhausted,xgb_boot5_sklearn_gbm_4c6d9430ca18b948,1.8988009000313468,0.48140340007375926,11,1099,1008,0.9171974522292994,2,subruns\s6024_xgb_1024_mutation_only_ga_refit,3.947206619207332,542a16dff77b3272,3.907755102040816,0.0,4.38,1016
6024,xgb,1024,iterated_local_search,refit,1024,budget_exhausted,xgb_boot5_sklearn_gbm_4c6d9430ca18b948,0.6821287000202574,0.4216192999156192,3,1196,1008,0.842809364548495,2,subruns\s6024_xgb_1024_iterated_local_search_refit,6.449698755913931,9bcb190557238499,5.813877551020409,0.0,2.14,1016
6024,xgb,1024,simulated_annealing,refit,1024,budget_exhausted,xgb_boot5_sklearn_gbm_4c6d9430ca18b948,1.6162041000206955,0.5533713001059368,64,1008,1008,1.0,2,subruns\s6024_xgb_1024_simulated_annealing_refit,5.91219071829773,9e1766888d853d6a,5.7910204081632655,0.0,4.28,1016
6024,xgb,1024,mutation_only_adalead,refit,335,neighbors_exhausted,xgb_boot5_sklearn_gbm_4c6d9430ca18b948,0.5018099000444636,0.1970060999155976,26,400,319,0.7975,2,subruns\s6024_xgb_1024_mutation_only_adalead_refit,3.817187888190903,b82d6ee31c9be7ac,2.804081632653061,0.0,4.02,327
6024,rf,1024,matched_seed_random_walk,main,1024,budget_exhausted,rf300_seq303_09e7cd36812d4bf7,1.381246300006751,0.7238405999960378,9,1008,1008,1.0,2,subruns\s6024_rf_1024_matched_seed_random_walk_main,17.778966290681524,49116dfc62a4184b,7.176326530612245,0.0,2.2,1016
6024,rf,1024,multi_start_hill_climb,main,1024,budget_exhausted,rf300_seq303_09e7cd36812d4bf7,1.7481457000249065,1.2443608001922257,30,1131,1008,0.8912466843501327,2,subruns\s6024_rf_1024_multi_start_hill_climb_main,15.010686816869368,00b287abf8237739,4.828571428571428,0.0,3.74,1016
6024,rf,1024,multi_start_beam,main,1024,stagnation,rf300_seq303_09e7cd36812d4bf7,1.0927063000272028,0.5743037001229823,5,1043,1008,0.9664429530201343,2,subruns\s6024_rf_1024_multi_start_beam_main,15.827700875586142,80632484eb86654f,6.316734693877551,0.0,2.5,1016
6024,rf,1024,mutation_only_ga,main,1024,budget_exhausted,rf300_seq303_09e7cd36812d4bf7,2.122351899975911,0.7351707999478094,11,1108,1008,0.9097472924187726,2,subruns\s6024_rf_1024_mutation_only_ga_main,15.334595847208224,64e0091dcf67972b,4.946938775510204,0.0,4.4,1016
6024,rf,1024,iterated_local_search,main,1024,budget_exhausted,rf300_seq303_09e7cd36812d4bf7,0.7763550999807194,0.5226389999152161,3,1161,1008,0.8682170542635659,2,subruns\s6024_rf_1024_iterated_local_search_main,15.50410268375682,f0f7311a16135b1e,5.604897959183673,0.0,1.96,1016
6024,rf,1024,simulated_annealing,main,1024,budget_exhausted,rf300_seq303_09e7cd36812d4bf7,3.2682569000171497,2.174321899889037,64,1008,1008,1.0,2,subruns\s6024_rf_1024_simulated_annealing_main,15.135518361596766,0668543a618603f0,6.30530612244898,0.0,4.46,1016
6024,rf,1024,mutation_only_adalead,main,1024,budget_exhausted,rf300_seq303_09e7cd36812d4bf7,3.496798600011971,2.13768069940852,66,1025,1008,0.9834146341463414,2,subruns\s6024_rf_1024_mutation_only_adalead_main,15.018219900208708,8dfec174c19b323a,4.254693877551021,0.0,4.56,1016
6024,rf,4096,matched_seed_random_walk,main,4096,budget_exhausted,rf300_seq303_09e7cd36812d4bf7,6.818947900028434,2.7457914001424797,33,4080,4080,1.0,2,subruns\s6024_rf_4096_matched_seed_random_walk_main,16.551360542807508,b2710252572aefb4,7.050612244897959,0.0,2.72,4088
6024,rf,4096,multi_start_hill_climb,main,4096,budget_exhausted,rf300_seq303_09e7cd36812d4bf7,8.448894499975722,4.97064709989354,117,4520,4080,0.9026548672566371,2,subruns\s6024_rf_4096_multi_start_hill_climb_main,15.010686816869368,00b287abf8237739,4.411428571428571,0.0,3.92,4088
6024,rf,4096,multi_start_beam,main,4096,budget_exhausted,rf300_seq303_09e7cd36812d4bf7,3.9690805000136606,2.0496090999804437,9,4477,4080,0.911324547688184,2,subruns\s6024_rf_4096_multi_start_beam_main,15.010686816869368,00b287abf8237739,3.673469387755102,0.0,4.3,4088
6024,rf,4096,mutation_only_ga,main,2072,stagnation,rf300_seq303_09e7cd36812d4bf7,4.550662200024817,1.4470513001433574,20,2432,2056,0.8453947368421053,2,subruns\s6024_rf_4096_mutation_only_ga_main,15.012894916602672,47cd543c34d59e57,4.475102040816327,0.0,4.14,2064
6024,rf,4096,iterated_local_search,main,4096,budget_exhausted,rf300_seq303_09e7cd36812d4bf7,3.2759629999636672,2.109313800057862,9,4415,4080,0.9241223103057757,2,subruns\s6024_rf_4096_iterated_local_search_main,15.010686816869368,00b287abf8237739,4.082448979591836,0.0,4.16,4088
6024,rf,4096,simulated_annealing,main,4076,max_generations,rf300_seq303_09e7cd36812d4bf7,16.800530900014564,8.756642599881161,257,4060,4060,1.0,2,subruns\s6024_rf_4096_simulated_annealing_main,15.010686816869368,00b287abf8237739,4.324897959183674,0.0,4.18,4068
6024,rf,4096,mutation_only_adalead,main,2618,neighbors_exhausted,rf300_seq303_09e7cd36812d4bf7,10.673575999971945,5.654424700245727,171,2720,2602,0.9566176470588236,2,subruns\s6024_rf_4096_mutation_only_adalead_main,14.980544476985457,5024b28ba0ec0814,3.8555102040816327,0.0,3.8,2610
6024,rf,1024,matched_seed_random_walk,refit,1024,budget_exhausted,rf300_seq303_74be069bd7b643ad,1.3765638999757357,0.7138210000703111,9,1008,1008,1.0,2,subruns\s6024_rf_1024_matched_seed_random_walk_refit,17.754547417062046,49116dfc62a4184b,7.161632653061225,0.0,1.92,1016
6024,rf,1024,multi_start_hill_climb,refit,1024,budget_exhausted,rf300_seq303_74be069bd7b643ad,2.0399660000111908,1.3736987999873236,30,1131,1008,0.8912466843501327,2,subruns\s6024_rf_1024_multi_start_hill_climb_refit,15.214883426993232,d9b11c2d70cd10e8,4.480816326530612,0.0,4.26,1016
6024,rf,1024,multi_start_beam,refit,1024,budget_exhausted,rf300_seq303_74be069bd7b643ad,1.065073800040409,0.5588289000443183,4,1040,1008,0.9692307692307692,2,subruns\s6024_rf_1024_multi_start_beam_refit,15.544005660187722,80632484eb86654f,6.361632653061225,0.0,2.18,1016
6024,rf,1024,mutation_only_ga,refit,824,stagnation,rf300_seq303_74be069bd7b643ad,1.8140960999880917,0.6184645998873748,8,896,808,0.9017857142857143,2,subruns\s6024_rf_1024_mutation_only_ga_refit,15.44646303618197,69acc752325f9c4c,4.453877551020408,0.0,3.62,816
6024,rf,1024,iterated_local_search,refit,1024,budget_exhausted,rf300_seq303_74be069bd7b643ad,0.8933672999846749,0.6138199000852183,3,1196,1008,0.842809364548495,2,subruns\s6024_rf_1024_iterated_local_search_refit,15.44646303618197,69acc752325f9c4c,5.542857142857143,0.0,1.86,1016
6024,rf,1024,simulated_annealing,refit,1024,budget_exhausted,rf300_seq303_74be069bd7b643ad,3.540697300049942,2.32680260023335,64,1008,1008,1.0,2,subruns\s6024_rf_1024_simulated_annealing_refit,15.421361076075042,1cb5250b7b1e1edb,5.475918367346939,0.0,4.46,1016
6024,rf,1024,mutation_only_adalead,refit,1024,budget_exhausted,rf300_seq303_74be069bd7b643ad,3.5202155000297353,2.1683272998197936,66,1027,1008,0.9814995131450828,2,subruns\s6024_rf_1024_mutation_only_adalead_refit,15.407945151323046,a48ec58fe6591577,3.6155102040816325,0.0,4.74,1016
6025,xgb,1024,matched_seed_random_walk,main,1024,budget_exhausted,xgb_boot5_sklearn_gbm_d262844500523e42,1.0918864000122994,0.46586249995743856,9,1008,1008,1.0,2,subruns\s6025_xgb_1024_matched_seed_random_walk_main,10.994395487707916,975ee6beb4fe26c6,7.7004081632653065,0.0,3.28,1016
6025,xgb,1024,multi_start_hill_climb,main,1024,budget_exhausted,xgb_boot5_sklearn_gbm_d262844500523e42,0.9828183999634348,0.47299740015296265,30,1131,1008,0.8912466843501327,2,subruns\s6025_xgb_1024_multi_start_hill_climb_main,4.594097358177582,a386a47b9c681850,3.3412244897959185,0.0,4.92,1016
6025,xgb,1024,multi_start_beam,main,1024,budget_exhausted,xgb_boot5_sklearn_gbm_d262844500523e42,0.9437670999905095,0.4513945999206044,5,1040,1008,0.9692307692307692,2,subruns\s6025_xgb_1024_multi_start_beam_main,10.987187631721516,d905f619812ffe59,7.793469387755102,0.0,3.24,1016
6025,xgb,1024,mutation_only_ga,main,1024,budget_exhausted,xgb_boot5_sklearn_gbm_d262844500523e42,1.92620100005297,0.4796846999670379,11,1097,1008,0.918869644484959,2,subruns\s6025_xgb_1024_mutation_only_ga_main,6.892576165826857,0928f4a7c6e766d4,5.918367346938775,0.0,4.82,1016
6025,xgb,1024,iterated_local_search,main,1024,budget_exhausted,xgb_boot5_sklearn_gbm_d262844500523e42,0.6553636000026017,0.40497499995399266,3,1196,1008,0.842809364548495,2,subruns\s6025_xgb_1024_iterated_local_search_main,12.175820733918659,4670292497d4a960,7.946938775510204,0.02,2.56,1016
6025,xgb,1024,simulated_annealing,main,1024,budget_exhausted,xgb_boot5_sklearn_gbm_d262844500523e42,1.657351900008507,0.5565549999591894,65,1009,1008,0.9990089197224975,2,subruns\s6025_xgb_1024_simulated_annealing_main,5.884121473702981,c79d852f7de7590e,4.675918367346939,0.0,4.72,1016
6025,xgb,1024,mutation_only_adalead,main,318,neighbors_exhausted,xgb_boot5_sklearn_gbm_d262844500523e42,0.43457590002799407,0.17298929975368083,24,368,302,0.8206521739130435,2,subruns\s6025_xgb_1024_mutation_only_adalead_main,5.884121473702981,c79d852f7de7590e,2.7322448979591836,0.0,4.74,310
6025,xgb,4096,matched_seed_random_walk,main,4096,budget_exhausted,xgb_boot5_sklearn_gbm_d262844500523e42,5.953669600014109,1.8353199001285248,33,4080,4080,1.0,2,subruns\s6025_xgb_4096_matched_seed_random_walk_main,10.994395487707916,975ee6beb4fe26c6,7.431020408163265,0.04,4.08,4088
6025,xgb,4096,multi_start_hill_climb,main,4096,budget_exhausted,xgb_boot5_sklearn_gbm_d262844500523e42,5.745513400004711,1.9847397998091765,117,4504,4080,0.9058614564831261,2,subruns\s6025_xgb_4096_multi_start_hill_climb_main,4.594097358177582,a386a47b9c681850,3.061224489795918,0.0,5.16,4088
6025,xgb,4096,multi_start_beam,main,4094,stagnation,xgb_boot5_sklearn_gbm_d262844500523e42,3.8007231000228785,1.9747625000891276,8,4389,4078,0.9291410344041923,2,subruns\s6025_xgb_4096_multi_start_beam_main,4.594097358177582,a386a47b9c681850,4.157551020408163,0.0,5.04,4086
6025,xgb,4096,mutation_only_ga,main,3074,stagnation,xgb_boot5_sklearn_gbm_d262844500523e42,6.373654299997725,1.3621557998121716,31,3840,3058,0.7963541666666667,2,subruns\s6025_xgb_4096_mutation_only_ga_main,4.594097358177582,a386a47b9c681850,3.4906122448979593,0.0,4.98,3066
6025,xgb,4096,iterated_local_search,main,4096,budget_exhausted,xgb_boot5_sklearn_gbm_d262844500523e42,2.946223500010092,1.7665203000069596,9,4298,4080,0.949278734295021,2,subruns\s6025_xgb_4096_iterated_local_search_main,4.594097358177582,a386a47b9c681850,3.537959183673469,0.0,5.02,4088
6025,xgb,4096,simulated_annealing,main,3819,max_generations,xgb_boot5_sklearn_gbm_d262844500523e42,10.086873100022785,2.118279499874916,257,3804,3803,0.9997371188222923,2,subruns\s6025_xgb_4096_simulated_annealing_main,5.444119673935807,61f63132a0e84d02,4.402448979591837,0.0,4.86,3811
6025,xgb,4096,mutation_only_adalead,main,318,neighbors_exhausted,xgb_boot5_sklearn_gbm_d262844500523e42,0.48097720002988353,0.18539299996336922,24,368,302,0.8206521739130435,2,subruns\s6025_xgb_4096_mutation_only_adalead_main,5.884121473702981,c79d852f7de7590e,2.7322448979591836,0.0,4.74,310
6025,xgb,1024,matched_seed_random_walk,refit,1024,budget_exhausted,xgb_boot5_sklearn_gbm_9219d34fe9b8e5cc,1.0868278000270948,0.4652674999088049,9,1008,1008,1.0,2,subruns\s6025_xgb_1024_matched_seed_random_walk_refit,9.944652207452206,b5ae1acb94bfe8bc,7.100408163265306,0.0,1.96,1016
6025,xgb,1024,multi_start_hill_climb,refit,1024,budget_exhausted,xgb_boot5_sklearn_gbm_9219d34fe9b8e5cc,1.0300183000508696,0.5061651999712922,30,1131,1008,0.8912466843501327,2,subruns\s6025_xgb_1024_multi_start_hill_climb_refit,7.3873021684603914,a5ecd1971449a537,5.631836734693877,0.0,4.38,1016
6025,xgb,1024,multi_start_beam,refit,1024,stagnation,xgb_boot5_sklearn_gbm_9219d34fe9b8e5cc,0.945397800009232,0.4526528000133112,5,1039,1008,0.9701636188642926,2,subruns\s6025_xgb_1024_multi_start_beam_refit,9.863664097837555,111afece2c015b0e,6.518367346938776,0.0,2.36,1016
6025,xgb,1024,mutation_only_ga,refit,1024,budget_exhausted,xgb_boot5_sklearn_gbm_9219d34fe9b8e5cc,2.002146899991203,0.48602979991119355,11,1107,1008,0.9105691056910569,2,subruns\s6025_xgb_1024_mutation_only_ga_refit,7.311029039016925,3dcb141334c65431,6.783673469387755,0.0,4.7,1016
6025,xgb,1024,iterated_local_search,refit,1024,budget_exhausted,xgb_boot5_sklearn_gbm_9219d34fe9b8e5cc,0.7257197000435553,0.4758897999417968,3,1196,1008,0.842809364548495,2,subruns\s6025_xgb_1024_iterated_local_search_refit,9.92563010055689,b702eea05635d269,5.9012244897959185,0.0,1.82,1016
6025,xgb,1024,simulated_annealing,refit,1024,budget_exhausted,xgb_boot5_sklearn_gbm_9219d34fe9b8e5cc,1.6791260999743827,0.5626020001946017,64,1008,1008,1.0,2,subruns\s6025_xgb_1024_simulated_annealing_refit,9.110585941524544,5874594df8498ece,6.7208163265306125,0.0,4.88,1016
6025,xgb,1024,mutation_only_adalead,refit,541,neighbors_exhausted,xgb_boot5_sklearn_gbm_9219d34fe9b8e5cc,0.8131590000120923,0.30420709983445704,40,624,525,0.8413461538461539,2,subruns\s6025_xgb_1024_mutation_only_adalead_refit,5.388201493627882,6795108d7449c754,3.122448979591837,0.0,4.88,533
6025,rf,1024,matched_seed_random_walk,main,1024,budget_exhausted,rf300_seq303_e619da2986be9270,1.3428887000191025,0.6883796000038274,9,1008,1008,1.0,2,subruns\s6025_rf_1024_matched_seed_random_walk_main,17.357425652918927,3d93e0f862d0525b,5.316734693877551,0.0,2.28,1016
6025,rf,1024,multi_start_hill_climb,main,1024,budget_exhausted,rf300_seq303_e619da2986be9270,1.8833941000048071,1.35304429999087,30,1131,1008,0.8912466843501327,2,subruns\s6025_rf_1024_multi_start_hill_climb_main,16.970432708180976,d51f59cbd9d7db72,3.4824489795918367,0.0,3.58,1016
6025,rf,1024,multi_start_beam,main,1024,stagnation,rf300_seq303_e619da2986be9270,1.1170117000001483,0.6146413999958895,5,1056,1008,0.9545454545454546,2,subruns\s6025_rf_1024_multi_start_beam_main,17.304975149948085,62ca2c0e2f765741,3.893061224489796,0.0,2.22,1016
6025,rf,1024,mutation_only_ga,main,1006,stagnation,rf300_seq303_e619da2986be9270,2.5184611000004224,0.7860054000630043,10,1117,990,0.8863025962399284,2,subruns\s6025_rf_1024_mutation_only_ga_main,16.970432708180976,d51f59cbd9d7db72,4.2391836734693875,0.0,3.56,998
6025,rf,1024,iterated_local_search,main,1024,budget_exhausted,rf300_seq303_e619da2986be9270,0.8334745999891311,0.549061699945014,3,1161,1008,0.8682170542635659,2,subruns\s6025_rf_1024_iterated_local_search_main,17.2192177285604,898a5226b831f817,3.5306122448979593,0.0,1.66,1016
6025,rf,1024,simulated_annealing,main,1024,budget_exhausted,rf300_seq303_e619da2986be9270,3.2560078999958932,2.1679980998742394,64,1008,1008,1.0,2,subruns\s6025_rf_1024_simulated_annealing_main,17.333190373518732,29ae43d7af5e7b73,6.248979591836735,0.0,4.24,1016
6025,rf,1024,mutation_only_adalead,main,1024,budget_exhausted,rf300_seq303_e619da2986be9270,3.5472586000105366,2.195635799842421,65,1019,1008,0.9892051030421982,2,subruns\s6025_rf_1024_mutation_only_adalead_main,17.064500448193453,9b8f641eaa811591,3.353469387755102,0.0,3.74,1016
6025,rf,4096,matched_seed_random_walk,main,4096,budget_exhausted,rf300_seq303_e619da2986be9270,6.765807999996468,2.717944700329099,33,4080,4080,1.0,2,subruns\s6025_rf_4096_matched_seed_random_walk_main,17.357425652918927,3d93e0f862d0525b,4.530612244897959,0.02,2.6,4088
6025,rf,4096,multi_start_hill_climb,main,4096,budget_exhausted,rf300_seq303_e619da2986be9270,8.577463900030125,4.956337400071789,117,4516,4080,0.9034543844109831,2,subruns\s6025_rf_4096_multi_start_hill_climb_main,16.91425472115639,c328a9e049009721,4.59265306122449,0.0,4.12,4088
6025,rf,4096,multi_start_beam,main,4082,stagnation,rf300_seq303_e619da2986be9270,4.013728099991567,2.053564600064419,8,4731,4066,0.8594377510040161,2,subruns\s6025_rf_4096_multi_start_beam_main,16.970432708180976,d51f59cbd9d7db72,4.670204081632653,0.0,3.6,4074
6025,rf,4096,mutation_only_ga,main,1033,stagnation,rf300_seq303_e619da2986be9270,2.5229767999844626,0.8658176999306306,10,1152,1017,0.8828125,2,subruns\s6025_rf_4096_mutation_only_ga_main,16.970432708180976,d51f59cbd9d7db72,4.123265306122449,0.0,3.56,1025
6025,rf,4096,iterated_local_search,main,4096,budget_exhausted,rf300_seq303_e619da2986be9270,3.554622199968435,2.3514805999584496,9,4362,4080,0.9353507565337001,2,subruns\s6025_rf_4096_iterated_local_search_main,16.970432708180976,d51f59cbd9d7db72,4.52734693877551,0.0,3.68,4088
6025,rf,4096,simulated_annealing,main,4096,budget_exhausted,rf300_seq303_e619da2986be9270,16.667820400034543,8.720387399953324,256,4080,4080,1.0,2,subruns\s6025_rf_4096_simulated_annealing_main,16.997458612348368,06aafa55bb526542,4.722448979591837,0.0,4.2,4088
6025,rf,4096,mutation_only_adalead,main,2163,neighbors_exhausted,rf300_seq303_e619da2986be9270,8.688498600036837,4.758880699577276,141,2240,2147,0.9584821428571428,2,subruns\s6025_rf_4096_mutation_only_adalead_main,16.970432708180976,d51f59cbd9d7db72,3.2587755102040816,0.0,4.18,2155
6025,rf,1024,matched_seed_random_walk,refit,1024,budget_exhausted,rf300_seq303_c2bcf89c665390a3,1.3931278000236489,0.7512293998734094,9,1008,1008,1.0,2,subruns\s6025_rf_1024_matched_seed_random_walk_refit,17.686265021044257,8dd1a9b04c10702d,5.55265306122449,0.0,2.52,1016
6025,rf,1024,multi_start_hill_climb,refit,1024,budget_exhausted,rf300_seq303_c2bcf89c665390a3,1.7327761999913491,1.2061009999597445,30,1131,1008,0.8912466843501327,2,subruns\s6025_rf_1024_multi_start_hill_climb_refit,17.064040985918062,ac8ba119387769f7,3.3216326530612243,0.0,4.26,1016
6025,rf,1024,multi_start_beam,refit,1024,budget_exhausted,rf300_seq303_c2bcf89c665390a3,1.0937684000236914,0.5871306000044569,5,1047,1008,0.9627507163323782,2,subruns\s6025_rf_1024_multi_start_beam_refit,17.25070190811397,917ec2cecd8e8bc8,4.876734693877551,0.0,2.46,1016
6025,rf,1024,mutation_only_ga,refit,1002,stagnation,rf300_seq303_c2bcf89c665390a3,2.1161465999903157,0.6980458999169059,10,1113,986,0.8858939802336029,2,subruns\s6025_rf_1024_mutation_only_ga_refit,17.535443472193297,4586aacaaafe873f,4.060408163265306,0.0,3.58,994
6025,rf,1024,iterated_local_search,refit,1024,budget_exhausted,rf300_seq303_c2bcf89c665390a3,0.7829903000383638,0.5239687000284903,3,1161,1008,0.8682170542635659,2,subruns\s6025_rf_1024_iterated_local_search_refit,17.43875764351749,898a5226b831f817,4.724897959183673,0.0,1.9,1016
6025,rf,1024,simulated_annealing,refit,1024,budget_exhausted,rf300_seq303_c2bcf89c665390a3,3.3823098000139,2.15208709979197,64,1008,1008,1.0,2,subruns\s6025_rf_1024_simulated_annealing_refit,17.637382224293958,ce1e3f82a740e9f2,5.0955102040816325,0.0,4.98,1016
6025,rf,1024,mutation_only_adalead,refit,1024,budget_exhausted,rf300_seq303_c2bcf89c665390a3,3.5745836999849416,2.205426199885551,66,1022,1008,0.9863013698630136,2,subruns\s6025_rf_1024_mutation_only_adalead_refit,17.064040985918062,ac8ba119387769f7,3.8922448979591837,0.0,4.6,1016
6026,xgb,1024,matched_seed_random_walk,main,1024,budget_exhausted,xgb_boot5_sklearn_gbm_e9b38600d1fa3c18,1.093814600026235,0.48543860018253326,9,1008,1008,1.0,2,subruns\s6026_xgb_1024_matched_seed_random_walk_main,4.294878022792126,fe781198b0aca149,7.328163265306123,0.0,1.98,1016
6026,xgb,1024,multi_start_hill_climb,main,1024,budget_exhausted,xgb_boot5_sklearn_gbm_e9b38600d1fa3c18,1.0167453000321984,0.4826381001039408,30,1131,1008,0.8912466843501327,2,subruns\s6026_xgb_1024_multi_start_hill_climb_main,4.294878022792126,1b3977349c52eff9,5.994285714285715,0.0,3.0,1016
6026,xgb,1024,multi_start_beam,main,1022,stagnation,xgb_boot5_sklearn_gbm_e9b38600d1fa3c18,0.952422000002116,0.4398187000188045,4,1033,1006,0.9738625363020329,2,subruns\s6026_xgb_1024_multi_start_beam_main,4.294878022792126,520bf4632e40028d,3.3085714285714287,0.0,2.06,1014
6026,xgb,1024,mutation_only_ga,main,1024,budget_exhausted,xgb_boot5_sklearn_gbm_e9b38600d1fa3c18,1.8773344999644905,0.45660580007825047,13,1139,1008,0.8849868305531168,2,subruns\s6026_xgb_1024_mutation_only_ga_main,2.5788014552205474,44f7be5ecbb3c55b,3.83265306122449,0.0,3.7,1016
6026,xgb,1024,iterated_local_search,main,1024,budget_exhausted,xgb_boot5_sklearn_gbm_e9b38600d1fa3c18,0.7524070999934338,0.46900319994892925,3,1192,1008,0.8456375838926175,2,subruns\s6026_xgb_1024_iterated_local_search_main,4.294878022792126,1b3977349c52eff9,4.015510204081632,0.0,1.56,1016
6026,xgb,1024,simulated_annealing,main,1024,budget_exhausted,xgb_boot5_sklearn_gbm_e9b38600d1fa3c18,1.6699423000100069,0.5687825001077726,64,1008,1008,1.0,2,subruns\s6026_xgb_1024_simulated_annealing_main,2.3148599973326656,7a8d3ebd870b6b19,6.642448979591837,0.0,4.52,1016
6026,xgb,1024,mutation_only_adalead,main,423,neighbors_exhausted,xgb_boot5_sklearn_gbm_e9b38600d1fa3c18,0.6115296999923885,0.23175580007955432,31,480,407,0.8479166666666667,2,subruns\s6026_xgb_1024_mutation_only_adalead_main,2.196916313792788,3777dae14a7cad3d,2.7224489795918365,0.0,4.3,415
6026,xgb,4096,matched_seed_random_walk,main,4096,budget_exhausted,xgb_boot5_sklearn_gbm_e9b38600d1fa3c18,5.979496299987659,1.8780541999149136,33,4080,4080,1.0,2,subruns\s6026_xgb_4096_matched_seed_random_walk_main,4.294878022792126,fe781198b0aca149,7.131428571428572,0.0,3.32,4088
6026,xgb,4096,multi_start_hill_climb,main,3743,local_optima,xgb_boot5_sklearn_gbm_e9b38600d1fa3c18,4.814607199979946,1.7726220999029465,106,4087,3727,0.9119158306826524,2,subruns\s6026_xgb_4096_multi_start_hill_climb_main,2.5788014552205474,18ef7db90e6cada0,3.7453061224489796,0.0,4.24,3735
6026,xgb,4096,multi_start_beam,main,4094,stagnation,xgb_boot5_sklearn_gbm_e9b38600d1fa3c18,3.793050700041931,1.9028496000100859,9,4674,4078,0.8724860932819855,2,subruns\s6026_xgb_4096_multi_start_beam_main,2.4168398908890483,0b757924a62fcafb,4.023673469387755,0.0,4.1,4086
6026,xgb,4096,mutation_only_ga,main,1658,stagnation,xgb_boot5_sklearn_gbm_e9b38600d1fa3c18,3.197754300024826,0.7359543000347912,16,1920,1642,0.8552083333333333,2,subruns\s6026_xgb_4096_mutation_only_ga_main,2.196916313792788,3777dae14a7cad3d,3.8016326530612243,0.0,4.2,1650
6026,xgb,4096,iterated_local_search,main,4096,budget_exhausted,xgb_boot5_sklearn_gbm_e9b38600d1fa3c18,2.969707100011874,1.7920775999082252,9,4172,4080,0.9779482262703739,2,subruns\s6026_xgb_4096_iterated_local_search_main,2.5788014552205474,18ef7db90e6cada0,3.783673469387755,0.0,4.22,4088
6026,xgb,4096,simulated_annealing,main,3927,max_generations,xgb_boot5_sklearn_gbm_e9b38600d1fa3c18,10.261195899976883,2.243966100329999,257,3911,3911,1.0,2,subruns\s6026_xgb_4096_simulated_annealing_main,2.196916313792788,3777dae14a7cad3d,3.5387755102040814,0.0,4.42,3919
6026,xgb,4096,mutation_only_adalead,main,423,neighbors_exhausted,xgb_boot5_sklearn_gbm_e9b38600d1fa3c18,0.6020537000149488,0.22816270013572648,31,480,407,0.8479166666666667,2,subruns\s6026_xgb_4096_mutation_only_adalead_main,2.196916313792788,3777dae14a7cad3d,2.7224489795918365,0.0,4.3,415
6026,xgb,1024,matched_seed_random_walk,refit,1024,budget_exhausted,xgb_boot5_sklearn_gbm_63107eea1d119790,1.0735053999815136,0.47093030001269653,9,1008,1008,1.0,2,subruns\s6026_xgb_1024_matched_seed_random_walk_refit,6.9712469067583545,a74bb8dffbb4f745,7.482448979591837,0.0,1.88,1016
6026,xgb,1024,multi_start_hill_climb,refit,1024,budget_exhausted,xgb_boot5_sklearn_gbm_63107eea1d119790,1.0063585999887437,0.4837184999487363,30,1131,1008,0.8912466843501327,2,subruns\s6026_xgb_1024_multi_start_hill_climb_refit,3.954124599960447,eeb3168a15bf00c3,4.33469387755102,0.0,4.04,1016
6026,xgb,1024,multi_start_beam,refit,1024,budget_exhausted,xgb_boot5_sklearn_gbm_63107eea1d119790,0.9317857999703847,0.42829169996548444,5,1039,1008,0.9701636188642926,2,subruns\s6026_xgb_1024_multi_start_beam_refit,4.682764125741405,45ab476c01e8023a,6.9379591836734695,0.0,2.22,1016
6026,xgb,1024,mutation_only_ga,refit,838,stagnation,xgb_boot5_sklearn_gbm_63107eea1d119790,1.4692515000351705,0.38295030005974695,8,896,822,0.9174107142857143,2,subruns\s6026_xgb_1024_mutation_only_ga_refit,4.682764125741405,45ab476c01e8023a,5.525714285714286,0.0,3.24,830
6026,xgb,1024,iterated_local_search,refit,1024,budget_exhausted,xgb_boot5_sklearn_gbm_63107eea1d119790,0.7188353999517858,0.4605973999714479,3,1191,1008,0.8463476070528967,2,subruns\s6026_xgb_1024_iterated_local_search_refit,4.682764125741405,45ab476c01e8023a,7.034285714285715,0.0,1.78,1016
6026,xgb,1024,simulated_annealing,refit,1024,budget_exhausted,xgb_boot5_sklearn_gbm_63107eea1d119790,1.7718729000189342,0.5849775000242516,64,1008,1008,1.0,2,subruns\s6026_xgb_1024_simulated_annealing_refit,4.617615202609831,7a10be5c789d2d29,5.649795918367347,0.0,4.22,1016
6026,xgb,1024,mutation_only_adalead,refit,904,neighbors_exhausted,xgb_boot5_sklearn_gbm_63107eea1d119790,1.460569699993357,0.5010703998268582,64,1008,888,0.8809523809523809,2,subruns\s6026_xgb_1024_mutation_only_adalead_refit,3.954124599960447,eeb3168a15bf00c3,3.1975510204081634,0.0,4.34,896
6026,rf,1024,matched_seed_random_walk,main,1024,budget_exhausted,rf300_seq303_e61477bd7176feaa,1.3327871999936178,0.7426721999654546,9,1008,1008,1.0,2,subruns\s6026_rf_1024_matched_seed_random_walk_main,17.854306773405423,0bab4bb54259bf47,8.191836734693878,0.0,2.32,1016
6026,rf,1024,multi_start_hill_climb,main,1024,budget_exhausted,rf300_seq303_e61477bd7176feaa,1.7930445999954827,1.2876732000731863,30,1131,1008,0.8912466843501327,2,subruns\s6026_rf_1024_multi_start_hill_climb_main,16.347317932048814,1c460c0cdd266d5e,2.9551020408163264,0.0,4.26,1016
6026,rf,1024,multi_start_beam,main,1024,budget_exhausted,rf300_seq303_e61477bd7176feaa,1.0755499000078999,0.5931518999277614,5,1042,1008,0.9673704414587332,2,subruns\s6026_rf_1024_multi_start_beam_main,17.25180972300519,72dd578453dfd686,7.54530612244898,0.0,3.22,1016
6026,rf,1024,mutation_only_ga,main,1024,budget_exhausted,rf300_seq303_e61477bd7176feaa,2.1229005999630317,0.7771836000611074,11,1093,1008,0.9222323879231473,2,subruns\s6026_rf_1024_mutation_only_ga_main,16.625861437782444,239ff0889d989237,3.617142857142857,0.0,4.48,1016
6026,rf,1024,iterated_local_search,main,1024,budget_exhausted,rf300_seq303_e61477bd7176feaa,0.8071670000208542,0.5567017000284977,3,1191,1008,0.8463476070528967,2,subruns\s6026_rf_1024_iterated_local_search_main,17.466133994675474,e7a2e6ce4df0bf22,7.429387755102041,0.0,2.24,1016
6026,rf,1024,simulated_annealing,main,1024,budget_exhausted,rf300_seq303_e61477bd7176feaa,3.6693953000358306,2.404912700119894,64,1008,1008,1.0,2,subruns\s6026_rf_1024_simulated_annealing_main,17.056172477862866,0d5f3ea4d3d8555e,5.103673469387755,0.0,4.6,1016
6026,rf,1024,mutation_only_adalead,main,1024,budget_exhausted,rf300_seq303_e61477bd7176feaa,3.848496599995997,2.4016428000759333,66,1028,1008,0.980544747081712,2,subruns\s6026_rf_1024_mutation_only_adalead_main,16.347317932048814,1c460c0cdd266d5e,3.2114285714285713,0.0,4.4,1016
6026,rf,4096,matched_seed_random_walk,main,4096,budget_exhausted,rf300_seq303_e61477bd7176feaa,6.809054699959233,2.7526191998040304,33,4080,4080,1.0,2,subruns\s6026_rf_4096_matched_seed_random_walk_main,17.756672938520836,f855ce00693ef903,6.8277551020408165,0.0,3.62,4088
6026,rf,4096,multi_start_hill_climb,main,4096,budget_exhausted,rf300_seq303_e61477bd7176feaa,8.616303999966476,4.9931047998252325,118,4555,4080,0.8957189901207464,2,subruns\s6026_rf_4096_multi_start_hill_climb_main,16.347317932048814,1c460c0cdd266d5e,3.2881632653061224,0.0,4.54,4088
6026,rf,4096,multi_start_beam,main,4094,stagnation,rf300_seq303_e61477bd7176feaa,3.922271199990064,2.055064899905119,8,4404,4078,0.9259763851044505,2,subruns\s6026_rf_4096_multi_start_beam_main,16.42599074150881,b994f9bd442b2d91,3.8987755102040818,0.0,4.26,4086
6026,rf,4096,mutation_only_ga,main,1517,stagnation,rf300_seq303_e61477bd7176feaa,3.112808400008362,1.1184913997421972,14,1664,1501,0.9020432692307693,2,subruns\s6026_rf_4096_mutation_only_ga_main,16.378571266576273,33d12e2ca0f71a74,3.4,0.0,4.28,1509
6026,rf,4096,iterated_local_search,main,4096,budget_exhausted,rf300_seq303_e61477bd7176feaa,3.29703909996897,2.0918776000034995,9,4386,4080,0.9302325581395349,2,subruns\s6026_rf_4096_iterated_local_search_main,16.347317932048814,1c460c0cdd266d5e,3.354285714285714,0.0,4.46,4088
6026,rf,4096,simulated_annealing,main,4096,budget_exhausted,rf300_seq303_e61477bd7176feaa,16.381237900000997,8.447379100485705,256,4080,4080,1.0,2,subruns\s6026_rf_4096_simulated_annealing_main,16.347317932048814,1c460c0cdd266d5e,3.5306122448979593,0.0,4.48,4088
6026,rf,4096,mutation_only_adalead,main,1747,neighbors_exhausted,rf300_seq303_e61477bd7176feaa,6.871385300008114,3.9459961998509243,115,1824,1731,0.9490131578947368,2,subruns\s6026_rf_4096_mutation_only_adalead_main,16.347317932048814,1c460c0cdd266d5e,3.1387755102040815,0.0,4.46,1739
6026,rf,1024,matched_seed_random_walk,refit,1024,budget_exhausted,rf300_seq303_5b57f6073e73a476,1.4233423000550829,0.7411997000453994,9,1008,1008,1.0,2,subruns\s6026_rf_1024_matched_seed_random_walk_refit,17.631935890319912,0bab4bb54259bf47,7.705306122448979,0.0,2.4,1016
6026,rf,1024,multi_start_hill_climb,refit,1024,budget_exhausted,rf300_seq303_5b57f6073e73a476,2.2423580999602564,1.6008089000242762,30,1131,1008,0.8912466843501327,2,subruns\s6026_rf_1024_multi_start_hill_climb_refit,16.489027266949822,169c8d8bedf8f293,2.9412244897959186,0.0,4.18,1016
6026,rf,1024,multi_start_beam,refit,1024,budget_exhausted,rf300_seq303_5b57f6073e73a476,1.1273181999567896,0.6112075999844819,5,1041,1008,0.968299711815562,2,subruns\s6026_rf_1024_multi_start_beam_refit,17.497902880590296,f2a3657ac905b085,6.6636734693877555,0.0,2.16,1016
6026,rf,1024,mutation_only_ga,refit,1024,budget_exhausted,rf300_seq303_5b57f6073e73a476,2.2255621000076644,0.760709099995438,11,1100,1008,0.9163636363636364,2,subruns\s6026_rf_1024_mutation_only_ga_refit,16.618767413980557,ff7fded85728e54a,5.088163265306123,0.0,4.32,1016
6026,rf,1024,iterated_local_search,refit,1024,budget_exhausted,rf300_seq303_5b57f6073e73a476,0.7793046999722719,0.5305212000384927,3,1192,1008,0.8456375838926175,2,subruns\s6026_rf_1024_iterated_local_search_refit,17.430766530489336,c734856a7d5a7a55,7.266938775510204,0.0,2.32,1016
6026,rf,1024,simulated_annealing,refit,1024,budget_exhausted,rf300_seq303_5b57f6073e73a476,3.358397900010459,2.253980200039223,64,1008,1008,1.0,2,subruns\s6026_rf_1024_simulated_annealing_refit,16.99087332793247,68459840c537c205,6.400816326530612,0.0,4.26,1016
6026,rf,1024,mutation_only_adalead,refit,1024,budget_exhausted,rf300_seq303_5b57f6073e73a476,3.5349960000021383,2.1982082998147234,65,1018,1008,0.9901768172888016,2,subruns\s6026_rf_1024_mutation_only_adalead_refit,16.617577953581456,44853615dfa38041,3.629387755102041,0.0,4.06,1016
6027,xgb,1024,matched_seed_random_walk,main,1024,budget_exhausted,xgb_boot5_sklearn_gbm_90254a4a06256ede,1.0698112999671139,0.4558018999523483,9,1008,1008,1.0,2,subruns\s6027_xgb_1024_matched_seed_random_walk_main,9.219365867652522,e896dea31fc87000,6.1020408163265305,0.0,2.18,1016
6027,xgb,1024,multi_start_hill_climb,main,1024,budget_exhausted,xgb_boot5_sklearn_gbm_90254a4a06256ede,1.0212150999577716,0.516383399895858,30,1131,1008,0.8912466843501327,2,subruns\s6027_xgb_1024_multi_start_hill_climb_main,5.426741678304568,779cd94c25e370f7,3.213061224489796,0.0,3.84,1016
6027,xgb,1024,multi_start_beam,main,1023,stagnation,xgb_boot5_sklearn_gbm_90254a4a06256ede,0.9640337000018917,0.45779359998414293,5,1046,1007,0.9627151051625239,2,subruns\s6027_xgb_1024_multi_start_beam_main,7.296066659240509,b1d0c001f16a7324,4.9983673469387755,0.0,1.92,1015
6027,xgb,1024,mutation_only_ga,main,1024,budget_exhausted,xgb_boot5_sklearn_gbm_90254a4a06256ede,2.0856574999634176,0.5254957999568433,13,1127,1008,0.8944099378881988,2,subruns\s6027_xgb_1024_mutation_only_ga_main,5.520989623137576,a728e93337da5c57,3.7518367346938777,0.0,4.2,1016
6027,xgb,1024,iterated_local_search,main,1024,budget_exhausted,xgb_boot5_sklearn_gbm_90254a4a06256ede,0.6974811000400223,0.4388756000553258,3,1196,1008,0.842809364548495,2,subruns\s6027_xgb_1024_iterated_local_search_main,6.329399795238911,52e516168395f4e8,4.860408163265306,0.0,1.6,1016
6027,xgb,1024,simulated_annealing,main,1024,budget_exhausted,xgb_boot5_sklearn_gbm_90254a4a06256ede,1.6201269999728538,0.5552847000071779,64,1008,1008,1.0,2,subruns\s6027_xgb_1024_simulated_annealing_main,6.833173625577646,538a88467daca56a,5.897142857142857,0.0,4.56,1016
6027,xgb,1024,mutation_only_adalead,main,277,neighbors_exhausted,xgb_boot5_sklearn_gbm_90254a4a06256ede,0.40862190001644194,0.15893189987400547,21,320,261,0.815625,2,subruns\s6027_xgb_1024_mutation_only_adalead_main,4.714996979669269,1a373d9fd19ce04c,3.2081632653061223,0.0,4.68,269
6027,xgb,4096,matched_seed_random_walk,main,4096,budget_exhausted,xgb_boot5_sklearn_gbm_90254a4a06256ede,6.382616000017151,2.049698799906764,33,4080,4080,1.0,2,subruns\s6027_xgb_4096_matched_seed_random_walk_main,8.619781406912026,d3fcaeb56de30c65,5.943673469387755,0.0,2.5,4088
6027,xgb,4096,multi_start_hill_climb,main,4096,budget_exhausted,xgb_boot5_sklearn_gbm_90254a4a06256ede,5.513354499998968,1.942276099754963,116,4481,4080,0.9105110466413747,2,subruns\s6027_xgb_4096_multi_start_hill_climb_main,4.714996979669269,1a373d9fd19ce04c,3.5159183673469387,0.0,4.54,4088
6027,xgb,4096,multi_start_beam,main,4084,stagnation,xgb_boot5_sklearn_gbm_90254a4a06256ede,3.792058299994096,1.7544925000984222,8,4604,4068,0.8835794960903562,2,subruns\s6027_xgb_4096_multi_start_beam_main,4.714996979669269,1a373d9fd19ce04c,3.20734693877551,0.0,4.36,4076
6027,xgb,4096,mutation_only_ga,main,1840,stagnation,xgb_boot5_sklearn_gbm_90254a4a06256ede,3.513345199986361,0.8317096000537276,18,2176,1824,0.8382352941176471,2,subruns\s6027_xgb_4096_mutation_only_ga_main,4.714996979669269,1a373d9fd19ce04c,3.4212244897959185,0.0,4.36,1832
6027,xgb,4096,iterated_local_search,main,4096,budget_exhausted,xgb_boot5_sklearn_gbm_90254a4a06256ede,2.954278500052169,1.805926300061401,9,4242,4080,0.9618104667609618,2,subruns\s6027_xgb_4096_iterated_local_search_main,4.714996979669269,1a373d9fd19ce04c,3.8122448979591836,0.0,4.32,4088
6027,xgb,4096,simulated_annealing,main,3800,max_generations,xgb_boot5_sklearn_gbm_90254a4a06256ede,10.223394399974495,2.1698661004193127,257,3784,3784,1.0,2,subruns\s6027_xgb_4096_simulated_annealing_main,4.714996979669269,1a373d9fd19ce04c,3.5053061224489794,0.0,4.64,3792
6027,xgb,4096,mutation_only_adalead,main,277,neighbors_exhausted,xgb_boot5_sklearn_gbm_90254a4a06256ede,0.365695999993477,0.14768019987968728,21,320,261,0.815625,2,subruns\s6027_xgb_4096_mutation_only_adalead_main,4.714996979669269,1a373d9fd19ce04c,3.2081632653061223,0.0,4.68,269
6027,xgb,1024,matched_seed_random_walk,refit,1024,budget_exhausted,xgb_boot5_sklearn_gbm_6671a2b1a6a9ebea,1.0742274000076577,0.4503636999288574,9,1008,1008,1.0,2,subruns\s6027_xgb_1024_matched_seed_random_walk_refit,9.41927916510881,50cba55e9d385570,7.502857142857143,0.0,1.9,1016
6027,xgb,1024,multi_start_hill_climb,refit,1024,budget_exhausted,xgb_boot5_sklearn_gbm_6671a2b1a6a9ebea,1.1253484999760985,0.5733385002240539,29,1092,1008,0.9230769230769231,2,subruns\s6027_xgb_1024_multi_start_hill_climb_refit,6.188787626593734,27104710a8b844a3,6.684897959183673,0.0,4.06,1016
6027,xgb,1024,multi_start_beam,refit,1024,stagnation,xgb_boot5_sklearn_gbm_6671a2b1a6a9ebea,0.9737204000120983,0.4784330000402406,5,1048,1008,0.9618320610687023,2,subruns\s6027_xgb_1024_multi_start_beam_refit,8.287838982514852,edf88f97fdb6b31c,8.30938775510204,0.0,1.98,1016
6027,xgb,1024,mutation_only_ga,refit,1024,budget_exhausted,xgb_boot5_sklearn_gbm_6671a2b1a6a9ebea,2.1034947999869473,0.5143650998943485,11,1166,1008,0.8644939965694682,2,subruns\s6027_xgb_1024_mutation_only_ga_refit,6.570187615339799,b44e05f1b7ca8707,4.383673469387755,0.0,3.82,1016
6027,xgb,1024,iterated_local_search,refit,1024,budget_exhausted,xgb_boot5_sklearn_gbm_6671a2b1a6a9ebea,0.7195884000393562,0.4390669999993406,3,1161,1008,0.8682170542635659,2,subruns\s6027_xgb_1024_iterated_local_search_refit,8.287838982514852,edf88f97fdb6b31c,8.09061224489796,0.0,1.78,1016
6027,xgb,1024,simulated_annealing,refit,1024,budget_exhausted,xgb_boot5_sklearn_gbm_6671a2b1a6a9ebea,1.6862420999677852,0.5368562000803649,64,1008,1008,1.0,2,subruns\s6027_xgb_1024_simulated_annealing_refit,6.755667390867153,9f082d04c8caabdd,6.400816326530612,0.0,4.06,1016
6027,xgb,1024,mutation_only_adalead,refit,664,neighbors_exhausted,xgb_boot5_sklearn_gbm_6671a2b1a6a9ebea,1.0813217000104487,0.37399630004074425,49,768,648,0.84375,2,subruns\s6027_xgb_1024_mutation_only_adalead_refit,7.981548493030546,30f129d7608de923,2.782857142857143,0.0,4.66,656
6027,rf,1024,matched_seed_random_walk,main,1024,budget_exhausted,rf300_seq303_1c287198cf401f68,1.2891763999941759,0.6798336999490857,9,1008,1008,1.0,2,subruns\s6027_rf_1024_matched_seed_random_walk_main,17.292248174833464,0118ed28a50277ff,7.631020408163265,0.0,2.1,1016
6027,rf,1024,multi_start_hill_climb,main,1024,budget_exhausted,rf300_seq303_1c287198cf401f68,1.7366447999957018,1.2237652997719124,30,1131,1008,0.8912466843501327,2,subruns\s6027_rf_1024_multi_start_hill_climb_main,15.918806383550821,f3c9cc133cffc5a8,3.9975510204081632,0.0,3.48,1016
6027,rf,1024,multi_start_beam,main,1023,stagnation,rf300_seq303_1c287198cf401f68,1.1233983000274748,0.6016293000429869,5,1047,1007,0.9617956064947469,2,subruns\s6027_rf_1024_multi_start_beam_main,17.21211443647918,83815f749244ff92,7.733061224489796,0.0,2.24,1015
6027,rf,1024,mutation_only_ga,main,1024,stagnation,rf300_seq303_1c287198cf401f68,2.2154813000233844,0.8099026998970658,13,1125,1008,0.896,2,subruns\s6027_rf_1024_mutation_only_ga_main,15.834574566127577,06292fe1bfb5720e,4.267755102040816,0.0,4.18,1016
6027,rf,1024,iterated_local_search,main,1024,budget_exhausted,rf300_seq303_1c287198cf401f68,0.8066402999684215,0.5474732999573462,3,1196,1008,0.842809364548495,2,subruns\s6027_rf_1024_iterated_local_search_main,16.99355238086916,59b72167b201b89a,7.384489795918367,0.0,1.82,1016
6027,rf,1024,simulated_annealing,main,1024,budget_exhausted,rf300_seq303_1c287198cf401f68,3.2978174000163563,2.1450007999665104,64,1008,1008,1.0,2,subruns\s6027_rf_1024_simulated_annealing_main,16.157597229392017,d332e1d7b70bbfa8,6.9583673469387755,0.0,4.62,1016
6027,rf,1024,mutation_only_adalead,main,1024,budget_exhausted,rf300_seq303_1c287198cf401f68,3.5908015000168234,2.3087450999883004,65,1017,1008,0.9911504424778761,2,subruns\s6027_rf_1024_mutation_only_adalead_main,15.834574566127577,06292fe1bfb5720e,2.8816326530612244,0.0,4.14,1016
6027,rf,4096,matched_seed_random_walk,main,4096,budget_exhausted,rf300_seq303_1c287198cf401f68,6.821949400007725,2.741802499978803,33,4080,4080,1.0,2,subruns\s6027_rf_4096_matched_seed_random_walk_main,16.646619739268754,edfaf87243375454,7.119183673469387,0.0,2.5,4088
6027,rf,4096,multi_start_hill_climb,main,4096,budget_exhausted,rf300_seq303_1c287198cf401f68,8.646265100047458,4.984517900273204,117,4520,4080,0.9026548672566371,2,subruns\s6027_rf_4096_multi_start_hill_climb_main,15.834574566127577,06292fe1bfb5720e,3.924081632653061,0.0,4.3,4088
6027,rf,4096,multi_start_beam,main,4083,stagnation,rf300_seq303_1c287198cf401f68,3.724885100033134,2.0200280999415554,7,4421,4067,0.9199276181859308,2,subruns\s6027_rf_4096_multi_start_beam_main,16.041143420196317,90f4c36359f9e6b8,6.228571428571429,0.0,4.4,4075
6027,rf,4096,mutation_only_ga,main,1352,stagnation,rf300_seq303_1c287198cf401f68,2.9875435000285506,0.9648960000486113,13,1536,1336,0.8697916666666666,2,subruns\s6027_rf_4096_mutation_only_ga_main,15.834574566127577,06292fe1bfb5720e,3.602448979591837,0.0,4.08,1344
6027,rf,4096,iterated_local_search,main,4096,budget_exhausted,rf300_seq303_1c287198cf401f68,3.199542200018186,2.1112005001632497,9,4313,4080,0.945977277996754,2,subruns\s6027_rf_4096_iterated_local_search_main,15.834574566127577,06292fe1bfb5720e,4.044081632653061,0.0,4.36,4088
6027,rf,4096,simulated_annealing,main,4096,budget_exhausted,rf300_seq303_1c287198cf401f68,16.45799560000887,8.615346300241072,256,4080,4080,1.0,2,subruns\s6027_rf_4096_simulated_annealing_main,15.870276908321209,5de696603b34f7ef,5.1053061224489795,0.0,4.52,4088
6027,rf,4096,mutation_only_adalead,main,2139,neighbors_exhausted,rf300_seq303_1c287198cf401f68,8.794182499987073,4.904621900001075,140,2224,2123,0.9545863309352518,2,subruns\s6027_rf_4096_mutation_only_adalead_main,15.834574566127577,06292fe1bfb5720e,3.0873469387755104,0.0,4.24,2131
6027,rf,1024,matched_seed_random_walk,refit,1024,budget_exhausted,rf300_seq303_025b753415137934,1.311674900003709,0.6971460999920964,9,1008,1008,1.0,2,subruns\s6027_rf_1024_matched_seed_random_walk_refit,17.261960233794355,0118ed28a50277ff,7.495510204081633,0.0,1.98,1016
6027,rf,1024,multi_start_hill_climb,refit,1024,budget_exhausted,rf300_seq303_025b753415137934,1.7893281999859028,1.2808731998084113,30,1131,1008,0.8912466843501327,2,subruns\s6027_rf_1024_multi_start_hill_climb_refit,16.408164868355005,c52d45add9d657dd,3.462857142857143,0.0,4.1,1016
6027,rf,1024,multi_start_beam,refit,1024,stagnation,rf300_seq303_025b753415137934,1.1287296999944374,0.6014767000451684,5,1040,1008,0.9692307692307692,2,subruns\s6027_rf_1024_multi_start_beam_refit,16.894238602676584,0cdd3b3596713b3e,7.204081632653061,0.0,2.52,1016
6027,rf,1024,mutation_only_ga,refit,1024,budget_exhausted,rf300_seq303_025b753415137934,2.309613100020215,0.7972849999205209,12,1118,1008,0.9016100178890877,2,subruns\s6027_rf_1024_mutation_only_ga_refit,16.190847359318788,6264080c4a8c8a0c,5.929795918367347,0.0,4.4,1016
6027,rf,1024,iterated_local_search,refit,1024,budget_exhausted,rf300_seq303_025b753415137934,0.8180273000034504,0.566821800020989,3,1196,1008,0.842809364548495,2,subruns\s6027_rf_1024_iterated_local_search_refit,17.261960233794355,0118ed28a50277ff,7.015510204081632,0.0,1.64,1016
6027,rf,1024,simulated_annealing,refit,1024,budget_exhausted,rf300_seq303_025b753415137934,3.2819015000131913,2.185533800336998,64,1008,1008,1.0,2,subruns\s6027_rf_1024_simulated_annealing_refit,16.610722351722842,029ee39b2185c02c,6.111020408163266,0.0,4.58,1016
6027,rf,1024,mutation_only_adalead,refit,1024,budget_exhausted,rf300_seq303_025b753415137934,3.6139162999461405,2.2320056001190096,66,1026,1008,0.9824561403508771,2,subruns\s6027_rf_1024_mutation_only_adalead_refit,15.9635129755262,4f39a5d6c2a2da98,2.9975510204081632,0.0,4.88,1016
6028,xgb,1024,matched_seed_random_walk,main,1024,budget_exhausted,xgb_boot5_sklearn_gbm_3803d0e882f5ac50,1.067151199968066,0.4529156000353396,9,1008,1008,1.0,2,subruns\s6028_xgb_1024_matched_seed_random_walk_main,6.8213623193668464,f88299fffca79cd6,6.009795918367347,0.0,2.28,1016
6028,xgb,1024,multi_start_hill_climb,main,1024,budget_exhausted,xgb_boot5_sklearn_gbm_3803d0e882f5ac50,1.0496764000272378,0.5069319999311119,30,1131,1008,0.8912466843501327,2,subruns\s6028_xgb_1024_multi_start_hill_climb_main,4.33491082370742,a97bc4f0fddebd60,5.610612244897959,0.0,4.46,1016
6028,xgb,1024,multi_start_beam,main,1021,stagnation,xgb_boot5_sklearn_gbm_3803d0e882f5ac50,0.9601712000439875,0.44274929992388934,4,1029,1005,0.9766763848396501,2,subruns\s6028_xgb_1024_multi_start_beam_main,5.143230414036016,88e83aae43c7abdc,4.364897959183674,0.0,2.06,1013
6028,xgb,1024,mutation_only_ga,main,1024,budget_exhausted,xgb_boot5_sklearn_gbm_3803d0e882f5ac50,1.7726684999652207,0.4268995000747964,12,1132,1008,0.8904593639575972,2,subruns\s6028_xgb_1024_mutation_only_ga_main,4.3282920209989495,2b65f0eb1f4c2776,4.525714285714286,0.0,3.8,1016
6028,xgb,1024,iterated_local_search,main,1024,budget_exhausted,xgb_boot5_sklearn_gbm_3803d0e882f5ac50,0.7626361000002362,0.4537032999214716,3,1196,1008,0.842809364548495,2,subruns\s6028_xgb_1024_iterated_local_search_main,5.784780774284985,dc55256854c56bf8,5.714285714285714,0.0,1.6,1016
6028,xgb,1024,simulated_annealing,main,1024,budget_exhausted,xgb_boot5_sklearn_gbm_3803d0e882f5ac50,1.7041460000327788,0.5684691998758353,64,1008,1008,1.0,2,subruns\s6028_xgb_1024_simulated_annealing_main,4.052735103025901,f804e092a9e5dc36,5.026938775510204,0.0,4.28,1016
6028,xgb,1024,mutation_only_adalead,main,239,neighbors_exhausted,xgb_boot5_sklearn_gbm_3803d0e882f5ac50,0.34723890002351254,0.13535789988236502,20,304,223,0.7335526315789473,2,subruns\s6028_xgb_1024_mutation_only_adalead_main,2.6470449204154525,6ffecc657cbe6d11,2.4759183673469387,0.0,3.72,231
6028,xgb,4096,matched_seed_random_walk,main,4096,budget_exhausted,xgb_boot5_sklearn_gbm_3803d0e882f5ac50,6.046444300038274,1.8961987999500707,33,4080,4080,1.0,2,subruns\s6028_xgb_4096_matched_seed_random_walk_main,6.054579224020779,aa4d3ceca8b7201f,5.419591836734694,0.0,2.9,4088
6028,xgb,4096,multi_start_hill_climb,main,3713,local_optima,xgb_boot5_sklearn_gbm_3803d0e882f5ac50,4.774354099994525,1.7239148995722644,105,4052,3697,0.9123889437314906,2,subruns\s6028_xgb_4096_multi_start_hill_climb_main,2.6470449204154525,6ffecc657cbe6d11,4.276734693877551,0.0,4.44,3705
6028,xgb,4096,multi_start_beam,main,3910,stagnation,xgb_boot5_sklearn_gbm_3803d0e882f5ac50,3.5900869999895804,1.8000213000341319,6,4429,3894,0.8792052382027545,2,subruns\s6028_xgb_4096_multi_start_beam_main,2.6470449204154525,6ffecc657cbe6d11,4.196734693877551,0.0,4.18,3902
6028,xgb,4096,mutation_only_ga,main,1760,stagnation,xgb_boot5_sklearn_gbm_3803d0e882f5ac50,3.259724500006996,0.7704216999700293,17,2048,1744,0.8515625,2,subruns\s6028_xgb_4096_mutation_only_ga_main,2.6470449204154525,6ffecc657cbe6d11,4.0,0.0,4.6,1752
6028,xgb,4096,iterated_local_search,main,4096,budget_exhausted,xgb_boot5_sklearn_gbm_3803d0e882f5ac50,2.8306551999994554,1.7572744999779388,9,4114,4080,0.9917355371900827,2,subruns\s6028_xgb_4096_iterated_local_search_main,2.6470449204154525,6ffecc657cbe6d11,4.509387755102041,0.0,4.34,4088
6028,xgb,4096,simulated_annealing,main,3504,max_generations,xgb_boot5_sklearn_gbm_3803d0e882f5ac50,9.731608400004916,1.9411312000011094,257,3489,3488,0.999713384924047,2,subruns\s6028_xgb_4096_simulated_annealing_main,2.6470449204154525,6ffecc657cbe6d11,3.817142857142857,0.0,4.46,3496
6028,xgb,4096,mutation_only_adalead,main,239,neighbors_exhausted,xgb_boot5_sklearn_gbm_3803d0e882f5ac50,0.3604501000372693,0.14140159991802648,20,304,223,0.7335526315789473,2,subruns\s6028_xgb_4096_mutation_only_adalead_main,2.6470449204154525,6ffecc657cbe6d11,2.4759183673469387,0.0,3.72,231
6028,xgb,1024,matched_seed_random_walk,refit,1024,budget_exhausted,xgb_boot5_sklearn_gbm_a406f3557077d87f,1.100782800000161,0.4846877001109533,9,1008,1008,1.0,2,subruns\s6028_xgb_1024_matched_seed_random_walk_refit,6.945095735329417,362b5fadfe572d5d,6.835918367346939,0.0,2.04,1016
6028,xgb,1024,multi_start_hill_climb,refit,1024,budget_exhausted,xgb_boot5_sklearn_gbm_a406f3557077d87f,1.0402988000423647,0.4829058002214879,30,1131,1008,0.8912466843501327,2,subruns\s6028_xgb_1024_multi_start_hill_climb_refit,4.367047684780735,28fa31a1c179e525,4.008979591836734,0.0,4.72,1016
6028,xgb,1024,multi_start_beam,refit,1023,stagnation,xgb_boot5_sklearn_gbm_a406f3557077d87f,0.9483223999850452,0.44845780002651736,4,1034,1007,0.9738878143133463,2,subruns\s6028_xgb_1024_multi_start_beam_refit,5.900284284796598,875f3f7705575515,6.203265306122449,0.0,1.92,1015
6028,xgb,1024,mutation_only_ga,refit,1024,budget_exhausted,xgb_boot5_sklearn_gbm_a406f3557077d87f,1.8252703999751247,0.45319820003351197,12,1143,1008,0.8818897637795275,2,subruns\s6028_xgb_1024_mutation_only_ga_refit,4.384336135928374,6034d51bcd289055,5.062857142857143,0.0,3.86,1016
6028,xgb,1024,iterated_local_search,refit,1024,budget_exhausted,xgb_boot5_sklearn_gbm_a406f3557077d87f,0.7338405000045896,0.4682949999696575,3,1196,1008,0.842809364548495,2,subruns\s6028_xgb_1024_iterated_local_search_refit,5.900284284796598,875f3f7705575515,7.03265306122449,0.0,1.82,1016
6028,xgb,1024,simulated_annealing,refit,1024,budget_exhausted,xgb_boot5_sklearn_gbm_a406f3557077d87f,1.6246703999931924,0.5421606000745669,64,1008,1008,1.0,2,subruns\s6028_xgb_1024_simulated_annealing_refit,5.0101433672617866,2a1edeb86b667ec9,5.64734693877551,0.0,4.78,1016
6028,xgb,1024,mutation_only_adalead,refit,297,neighbors_exhausted,xgb_boot5_sklearn_gbm_a406f3557077d87f,0.4245853000320494,0.16466080001555383,23,352,281,0.7982954545454546,1,subruns\s6028_xgb_1024_mutation_only_adalead_refit,3.7196170972795413,aa4d1115bfcd7edd,2.5853061224489795,0.0,4.6,289
6028,rf,1024,matched_seed_random_walk,main,1024,budget_exhausted,rf300_seq303_eaf0c6a3f6f85910,1.4926758999936283,0.7462184999021702,9,1008,1008,1.0,2,subruns\s6028_rf_1024_matched_seed_random_walk_main,15.582991199958723,49a61480950bf3ac,5.897142857142857,0.0,2.1,1016
6028,rf,1024,multi_start_hill_climb,main,1024,budget_exhausted,rf300_seq303_eaf0c6a3f6f85910,1.8463922999799252,1.3166745999478735,30,1131,1008,0.8912466843501327,2,subruns\s6028_rf_1024_multi_start_hill_climb_main,15.10351955257902,0419e5b060249878,3.0742857142857143,0.0,2.8,1016
6028,rf,1024,multi_start_beam,main,1019,stagnation,rf300_seq303_eaf0c6a3f6f85910,1.0347718999837525,0.5578458000672981,4,1042,1003,0.9625719769673704,2,subruns\s6028_rf_1024_multi_start_beam_main,15.10351955257902,0419e5b060249878,3.446530612244898,0.0,1.78,1011
6028,rf,1024,mutation_only_ga,main,918,stagnation,rf300_seq303_eaf0c6a3f6f85910,1.8544474000227638,0.6395506999106146,9,1024,902,0.880859375,2,subruns\s6028_rf_1024_mutation_only_ga_main,15.10351955257902,0419e5b060249878,3.2277551020408164,0.0,2.3,910
6028,rf,1024,iterated_local_search,main,1024,budget_exhausted,rf300_seq303_eaf0c6a3f6f85910,0.7899013999849558,0.5410898998961784,3,1196,1008,0.842809364548495,2,subruns\s6028_rf_1024_iterated_local_search_main,15.10351955257902,0419e5b060249878,4.644081632653061,0.0,1.58,1016
6028,rf,1024,simulated_annealing,main,1024,budget_exhausted,rf300_seq303_eaf0c6a3f6f85910,3.2115598999662325,2.117787100141868,64,1008,1008,1.0,2,subruns\s6028_rf_1024_simulated_annealing_main,15.35567167025992,61b680c32cfed01e,5.488163265306122,0.0,4.2,1016
6028,rf,1024,mutation_only_adalead,main,1024,budget_exhausted,rf300_seq303_eaf0c6a3f6f85910,3.6039427000214346,2.192232599889394,67,1038,1008,0.9710982658959537,2,subruns\s6028_rf_1024_mutation_only_adalead_main,15.10351955257902,0419e5b060249878,2.9689795918367348,0.0,2.56,1016
6028,rf,4096,matched_seed_random_walk,main,4096,budget_exhausted,rf300_seq303_eaf0c6a3f6f85910,6.986918100039475,2.797285299981013,33,4080,4080,1.0,2,subruns\s6028_rf_4096_matched_seed_random_walk_main,15.53234617037315,47016aeb69293539,5.184489795918368,0.0,2.78,4088
6028,rf,4096,multi_start_hill_climb,main,4096,budget_exhausted,rf300_seq303_eaf0c6a3f6f85910,8.381923499982804,4.9487840996007435,119,4598,4080,0.8873423227490214,2,subruns\s6028_rf_4096_multi_start_hill_climb_main,15.10351955257902,0419e5b060249878,3.2253061224489796,0.0,2.74,4088
6028,rf,4096,multi_start_beam,main,2337,stagnation,rf300_seq303_eaf0c6a3f6f85910,2.1244607000262477,1.1479390999884345,4,2560,2321,0.906640625,2,subruns\s6028_rf_4096_multi_start_beam_main,15.10351955257902,0419e5b060249878,3.0040816326530613,0.0,2.06,2329
6028,rf,4096,mutation_only_ga,main,918,stagnation,rf300_seq303_eaf0c6a3f6f85910,1.8301301999599673,0.6292212000698783,9,1024,902,0.880859375,2,subruns\s6028_rf_4096_mutation_only_ga_main,15.10351955257902,0419e5b060249878,3.2277551020408164,0.0,2.3,910
6028,rf,4096,iterated_local_search,main,4096,budget_exhausted,rf300_seq303_eaf0c6a3f6f85910,3.2507537999772467,2.1683069000719115,9,4343,4080,0.9394427814874511,2,subruns\s6028_rf_4096_iterated_local_search_main,15.10351955257902,0419e5b060249878,2.972244897959184,0.0,2.46,4088
6028,rf,4096,simulated_annealing,main,4096,budget_exhausted,rf300_seq303_eaf0c6a3f6f85910,16.907225899980403,8.771310200274456,256,4080,4080,1.0,2,subruns\s6028_rf_4096_simulated_annealing_main,15.10351955257902,0419e5b060249878,3.036734693877551,0.0,2.54,4088
6028,rf,4096,mutation_only_adalead,main,1304,neighbors_exhausted,rf300_seq303_eaf0c6a3f6f85910,4.877260099980049,2.8686741999699734,87,1376,1288,0.936046511627907,2,subruns\s6028_rf_4096_mutation_only_adalead_main,15.10351955257902,0419e5b060249878,3.0775510204081633,0.0,2.58,1296
6028,rf,1024,matched_seed_random_walk,refit,1024,budget_exhausted,rf300_seq303_10d9464fd1d928e9,1.2989253000123426,0.7075845999643207,9,1008,1008,1.0,2,subruns\s6028_rf_1024_matched_seed_random_walk_refit,15.672412218814294,52bfed847d9e76eb,6.321632653061225,0.02,2.28,1016
6028,rf,1024,multi_start_hill_climb,refit,1024,budget_exhausted,rf300_seq303_10d9464fd1d928e9,1.8214878999860957,1.2859502998762764,30,1131,1008,0.8912466843501327,2,subruns\s6028_rf_1024_multi_start_hill_climb_refit,15.25623527106765,2aef3a1468d935a5,2.976326530612245,0.0,4.18,1016
6028,rf,1024,multi_start_beam,refit,1024,budget_exhausted,rf300_seq303_10d9464fd1d928e9,1.0706213000230491,0.5526854998897761,5,1039,1008,0.9701636188642926,2,subruns\s6028_rf_1024_multi_start_beam_refit,15.436860052294241,7bf1169ae4587008,4.044081632653061,0.0,2.08,1016
6028,rf,1024,mutation_only_ga,refit,718,stagnation,rf300_seq303_10d9464fd1d928e9,1.5659059999743477,0.5589693001238629,7,768,702,0.9140625,2,subruns\s6028_rf_1024_mutation_only_ga_refit,15.25357554721625,c6812e90016077b5,4.476734693877551,0.0,3.28,710
6028,rf,1024,iterated_local_search,refit,1024,budget_exhausted,rf300_seq303_10d9464fd1d928e9,0.8795676000299864,0.5954807999660261,3,1196,1008,0.842809364548495,2,subruns\s6028_rf_1024_iterated_local_search_refit,15.25357554721625,c6812e90016077b5,4.692244897959184,0.0,1.72,1016
6028,rf,1024,simulated_annealing,refit,1024,budget_exhausted,rf300_seq303_10d9464fd1d928e9,3.1676837999839336,2.0958165006595664,64,1008,1008,1.0,2,subruns\s6028_rf_1024_simulated_annealing_refit,15.323602112328699,e42f3ecb80ab436b,4.732244897959184,0.0,3.66,1016
6028,rf,1024,mutation_only_adalead,refit,1024,budget_exhausted,rf300_seq303_10d9464fd1d928e9,3.6575931000406854,2.234401600260753,66,1026,1008,0.9824561403508771,2,subruns\s6028_rf_1024_mutation_only_adalead_refit,15.25357554721625,c6812e90016077b5,3.663673469387755,0.0,3.72,1016
6029,xgb,1024,matched_seed_random_walk,main,1024,budget_exhausted,xgb_boot5_sklearn_gbm_51dee5ff7a51ac20,1.0476829999824986,0.45862640003906563,9,1008,1008,1.0,2,subruns\s6029_xgb_1024_matched_seed_random_walk_main,7.656502017513313,fb6534ef040b0f11,6.763265306122449,0.0,2.3,1016
6029,xgb,1024,multi_start_hill_climb,main,1024,budget_exhausted,xgb_boot5_sklearn_gbm_51dee5ff7a51ac20,1.0235152000095695,0.48623309982940555,30,1131,1008,0.8912466843501327,2,subruns\s6029_xgb_1024_multi_start_hill_climb_main,3.4615580593910877,9b0e495f04d7d867,4.075918367346938,0.0,3.88,1016
6029,xgb,1024,multi_start_beam,main,1024,budget_exhausted,xgb_boot5_sklearn_gbm_51dee5ff7a51ac20,1.0000127999810502,0.48066630004905164,4,1033,1008,0.9757986447241046,2,subruns\s6029_xgb_1024_multi_start_beam_main,4.373036169299928,372f9a20c08ce354,4.68,0.0,2.36,1016
6029,xgb,1024,mutation_only_ga,main,1003,stagnation,xgb_boot5_sklearn_gbm_51dee5ff7a51ac20,1.9441614999668673,0.5038607000024058,10,1130,987,0.8734513274336283,2,subruns\s6029_xgb_1024_mutation_only_ga_main,4.09899062846109,8cfdcdf63bafb9c8,3.6816326530612247,0.0,3.64,995
6029,xgb,1024,iterated_local_search,main,1024,budget_exhausted,xgb_boot5_sklearn_gbm_51dee5ff7a51ac20,0.6986715000239201,0.46012240002164617,3,1196,1008,0.842809364548495,2,subruns\s6029_xgb_1024_iterated_local_search_main,4.373036169299928,372f9a20c08ce354,4.581224489795918,0.0,1.64,1016
6029,xgb,1024,simulated_annealing,main,1024,budget_exhausted,xgb_boot5_sklearn_gbm_51dee5ff7a51ac20,1.586696399957873,0.527698400139343,64,1008,1008,1.0,2,subruns\s6029_xgb_1024_simulated_annealing_main,3.5658453770887917,b886ed3da7b2bd1e,5.906938775510204,0.0,4.74,1016
6029,xgb,1024,mutation_only_adalead,main,697,neighbors_exhausted,xgb_boot5_sklearn_gbm_51dee5ff7a51ac20,1.099863000039477,0.37527839990798384,51,800,681,0.85125,2,subruns\s6029_xgb_1024_mutation_only_adalead_main,3.4615580593910877,9b0e495f04d7d867,3.1355102040816325,0.0,4.46,689
6029,xgb,4096,matched_seed_random_walk,main,4096,budget_exhausted,xgb_boot5_sklearn_gbm_51dee5ff7a51ac20,6.043270300026052,1.8500694999820553,33,4080,4080,1.0,2,subruns\s6029_xgb_4096_matched_seed_random_walk_main,4.671159838416557,7ad2b45953d6822d,5.474285714285714,0.0,2.72,4088
6029,xgb,4096,multi_start_hill_climb,main,4096,budget_exhausted,xgb_boot5_sklearn_gbm_51dee5ff7a51ac20,5.412458200007677,1.8816361999488436,117,4520,4080,0.9026548672566371,2,subruns\s6029_xgb_4096_multi_start_hill_climb_main,3.4615580593910877,9b0e495f04d7d867,4.158367346938776,0.0,4.48,4088
6029,xgb,4096,multi_start_beam,main,4091,stagnation,xgb_boot5_sklearn_gbm_51dee5ff7a51ac20,3.8983515999861993,1.8081892000045627,8,4580,4075,0.8897379912663755,2,subruns\s6029_xgb_4096_multi_start_beam_main,3.4615580593910877,9b0e495f04d7d867,4.428571428571429,0.0,4.22,4083
6029,xgb,4096,mutation_only_ga,main,1019,stagnation,xgb_boot5_sklearn_gbm_51dee5ff7a51ac20,2.1643444999936037,0.5344017999013886,10,1152,1003,0.8706597222222222,2,subruns\s6029_xgb_4096_mutation_only_ga_main,4.09899062846109,8cfdcdf63bafb9c8,3.6816326530612247,0.0,3.64,1011
6029,xgb,4096,iterated_local_search,main,4096,budget_exhausted,xgb_boot5_sklearn_gbm_51dee5ff7a51ac20,2.922718600020744,1.7753545999876224,9,4434,4080,0.9201623815967523,2,subruns\s6029_xgb_4096_iterated_local_search_main,3.6453147715743164,7550cf7df5280596,4.643265306122449,0.0,4.26,4088
6029,xgb,4096,simulated_annealing,main,3767,max_generations,xgb_boot5_sklearn_gbm_51dee5ff7a51ac20,10.286778999958187,2.145485499931965,257,3751,3751,1.0,2,subruns\s6029_xgb_4096_simulated_annealing_main,3.4615580593910877,9b0e495f04d7d867,3.850612244897959,0.0,4.64,3759
6029,xgb,4096,mutation_only_adalead,main,697,neighbors_exhausted,xgb_boot5_sklearn_gbm_51dee5ff7a51ac20,1.0662233000039123,0.3619792000972666,51,800,681,0.85125,2,subruns\s6029_xgb_4096_mutation_only_adalead_main,3.4615580593910877,9b0e495f04d7d867,3.1355102040816325,0.0,4.46,689
6029,xgb,1024,matched_seed_random_walk,refit,1024,budget_exhausted,xgb_boot5_sklearn_gbm_1b08003247fd9a68,1.1038624999928288,0.45182679989375174,9,1008,1008,1.0,2,subruns\s6029_xgb_1024_matched_seed_random_walk_refit,6.466591053105501,820fec2d1e7c5dfe,6.676734693877551,0.0,2.4,1016
6029,xgb,1024,multi_start_hill_climb,refit,1024,budget_exhausted,xgb_boot5_sklearn_gbm_1b08003247fd9a68,0.9882151000201702,0.4867926000151783,30,1131,1008,0.8912466843501327,2,subruns\s6029_xgb_1024_multi_start_hill_climb_refit,1.6734138151331295,d8e5cb3de2a59d01,3.6718367346938776,0.0,4.68,1016
6029,xgb,1024,multi_start_beam,refit,1024,budget_exhausted,xgb_boot5_sklearn_gbm_1b08003247fd9a68,1.0399250000482425,0.46850640000775456,4,1029,1008,0.9795918367346939,2,subruns\s6029_xgb_1024_multi_start_beam_refit,5.661959072074397,47e2dce0a3069f8a,4.3061224489795915,0.0,2.52,1016
6029,xgb,1024,mutation_only_ga,refit,1024,budget_exhausted,xgb_boot5_sklearn_gbm_1b08003247fd9a68,1.8322071000002325,0.45031830010702834,12,1112,1008,0.9064748201438849,2,subruns\s6029_xgb_1024_mutation_only_ga_refit,1.0229158568194299,21ba79f76f876591,3.6048979591836736,0.0,4.34,1016
6029,xgb,1024,iterated_local_search,refit,1024,budget_exhausted,xgb_boot5_sklearn_gbm_1b08003247fd9a68,0.6780486999778077,0.42568389989901334,3,1193,1008,0.8449287510477788,2,subruns\s6029_xgb_1024_iterated_local_search_refit,5.933448436078063,6ef8505427e2957f,4.653061224489796,0.0,1.66,1016
6029,xgb,1024,simulated_annealing,refit,1024,budget_exhausted,xgb_boot5_sklearn_gbm_1b08003247fd9a68,1.6321738999686204,0.5454215001664124,64,1008,1008,1.0,2,subruns\s6029_xgb_1024_simulated_annealing_refit,1.6734138151331295,d8e5cb3de2a59d01,4.113469387755102,0.0,4.56,1016
6029,xgb,1024,mutation_only_adalead,refit,358,neighbors_exhausted,xgb_boot5_sklearn_gbm_1b08003247fd9a68,0.5066716999863274,0.2025393999647349,28,432,342,0.7916666666666666,2,subruns\s6029_xgb_1024_mutation_only_adalead_refit,1.0229158568194299,21ba79f76f876591,2.8816326530612244,0.0,4.44,350
6029,rf,1024,matched_seed_random_walk,main,1024,budget_exhausted,rf300_seq303_94453dd196f9042e,1.3597461000317708,0.7427527999388985,9,1008,1008,1.0,2,subruns\s6029_rf_1024_matched_seed_random_walk_main,16.754595507006353,3e6b88e3992784df,6.184489795918368,0.0,2.22,1016
6029,rf,1024,multi_start_hill_climb,main,1024,budget_exhausted,rf300_seq303_94453dd196f9042e,1.7417690000147559,1.2246049999375828,30,1131,1008,0.8912466843501327,2,subruns\s6029_rf_1024_multi_start_hill_climb_main,16.252528594757596,8343f60cef6d7bfa,3.6914285714285713,0.0,4.62,1016
6029,rf,1024,multi_start_beam,main,1023,stagnation,rf300_seq303_94453dd196f9042e,1.05285969999386,0.5566362999961711,4,1033,1007,0.9748305905130688,2,subruns\s6029_rf_1024_multi_start_beam_main,16.509989894900762,7fdaa1f97014f430,3.957551020408163,0.0,2.2,1015
6029,rf,1024,mutation_only_ga,main,1024,stagnation,rf300_seq303_94453dd196f9042e,2.300855799985584,0.8035085001029074,13,1111,1008,0.9072907290729073,2,subruns\s6029_rf_1024_mutation_only_ga_main,16.3823355069427,0b74536c04677fe3,3.9640816326530612,0.0,3.76,1016
6029,rf,1024,iterated_local_search,main,1024,budget_exhausted,rf300_seq303_94453dd196f9042e,0.8263094999711029,0.5256128999753855,3,1193,1008,0.8449287510477788,2,subruns\s6029_rf_1024_iterated_local_search_main,16.509989894900762,7fdaa1f97014f430,4.368979591836735,0.0,1.52,1016
6029,rf,1024,simulated_annealing,main,1024,budget_exhausted,rf300_seq303_94453dd196f9042e,3.2994933999725617,2.223439400026109,64,1008,1008,1.0,2,subruns\s6029_rf_1024_simulated_annealing_main,17.007348483085465,2111c13448a207bb,6.3763265306122445,0.0,4.6,1016
6029,rf,1024,mutation_only_adalead,main,1024,budget_exhausted,rf300_seq303_94453dd196f9042e,3.5413426000159234,2.1823890005471185,65,1020,1008,0.9882352941176471,2,subruns\s6029_rf_1024_mutation_only_adalead_main,16.252528594757596,8343f60cef6d7bfa,2.979591836734694,0.0,4.74,1016
6029,rf,4096,matched_seed_random_walk,main,4096,budget_exhausted,rf300_seq303_94453dd196f9042e,6.8309876000275835,2.7849522000178695,33,4080,4080,1.0,2,subruns\s6029_rf_4096_matched_seed_random_walk_main,16.536135789495116,f81cc102c14f5d54,4.908571428571428,0.0,2.46,4088
6029,rf,4096,multi_start_hill_climb,main,4096,budget_exhausted,rf300_seq303_94453dd196f9042e,8.599680699990131,5.009132299688645,118,4555,4080,0.8957189901207464,2,subruns\s6029_rf_4096_multi_start_hill_climb_main,16.252528594757596,8343f60cef6d7bfa,3.026938775510204,0.0,4.78,4088
6029,rf,4096,multi_start_beam,main,4096,budget_exhausted,rf300_seq303_94453dd196f9042e,3.904140099999495,2.0645503000123426,9,4561,4080,0.8945406709055032,2,subruns\s6029_rf_4096_multi_start_beam_main,16.347716629098585,e79ade6bd04eb712,3.5893877551020408,0.0,4.42,4088
6029,rf,4096,mutation_only_ga,main,1793,stagnation,rf300_seq303_94453dd196f9042e,4.019510299956892,1.279572500148788,17,2048,1777,0.86767578125,2,subruns\s6029_rf_4096_mutation_only_ga_main,16.252528594757596,8343f60cef6d7bfa,3.8024489795918366,0.0,4.54,1785
6029,rf,4096,iterated_local_search,main,4096,budget_exhausted,rf300_seq303_94453dd196f9042e,3.3468709999579005,2.2228742999141105,9,4370,4080,0.9336384439359268,2,subruns\s6029_rf_4096_iterated_local_search_main,16.3823355069427,2ba20e2facd3a333,3.773061224489796,0.0,4.52,4088
6029,rf,4096,simulated_annealing,main,4096,budget_exhausted,rf300_seq303_94453dd196f9042e,16.535848000028636,8.611093300103676,257,4082,4080,0.9995100440960314,2,subruns\s6029_rf_4096_simulated_annealing_main,16.305382782471487,fa6f74c5b91f81e1,3.504489795918367,0.0,4.74,4088
6029,rf,4096,mutation_only_adalead,main,1809,neighbors_exhausted,rf300_seq303_94453dd196f9042e,7.3675227999920025,4.23204810032621,118,1872,1793,0.9577991452991453,2,subruns\s6029_rf_4096_mutation_only_adalead_main,16.252528594757596,8343f60cef6d7bfa,3.060408163265306,0.0,4.76,1801
6029,rf,1024,matched_seed_random_walk,refit,1024,budget_exhausted,rf300_seq303_f6f695d53106577d,1.3486904999590479,0.7291729999706149,9,1008,1008,1.0,2,subruns\s6029_rf_1024_matched_seed_random_walk_refit,16.995996984679497,d672ed00609059ae,6.009795918367347,0.0,2.12,1016
6029,rf,1024,multi_start_hill_climb,refit,1024,budget_exhausted,rf300_seq303_f6f695d53106577d,1.847883999987971,1.306204200081993,30,1131,1008,0.8912466843501327,2,subruns\s6029_rf_1024_multi_start_hill_climb_refit,16.003618330941443,eccb8fccde971461,3.31265306122449,0.0,4.26,1016
6029,rf,1024,multi_start_beam,refit,1024,budget_exhausted,rf300_seq303_f6f695d53106577d,1.0869819999788888,0.5844399999477901,4,1033,1008,0.9757986447241046,2,subruns\s6029_rf_1024_multi_start_beam_refit,16.483928236370534,a7d1cae96d49eadd,4.310204081632653,0.0,2.26,1016
6029,rf,1024,mutation_only_ga,refit,1023,neighbors_exhausted,rf300_seq303_f6f695d53106577d,2.1994354999624193,0.7238426001276821,11,1104,1007,0.9121376811594203,2,subruns\s6029_rf_1024_mutation_only_ga_refit,16.21575572792489,8d1069f8b3a7df64,3.8024489795918366,0.0,3.8,1015
6029,rf,1024,iterated_local_search,refit,1024,budget_exhausted,rf300_seq303_f6f695d53106577d,0.8031362000037916,0.5305472999461927,3,1196,1008,0.842809364548495,2,subruns\s6029_rf_1024_iterated_local_search_refit,16.57203521954417,1ee218cef661a477,4.973061224489796,0.0,1.64,1016
6029,rf,1024,simulated_annealing,refit,1024,budget_exhausted,rf300_seq303_f6f695d53106577d,3.2055956999538466,2.1195971002453007,64,1008,1008,1.0,2,subruns\s6029_rf_1024_simulated_annealing_refit,16.890259929960663,db09ad9570c4768f,6.644897959183673,0.0,4.94,1016
6029,rf,1024,mutation_only_adalead,refit,1024,budget_exhausted,rf300_seq303_f6f695d53106577d,3.5349848000332713,2.184874400147237,65,1017,1008,0.9911504424778761,2,subruns\s6029_rf_1024_mutation_only_adalead_refit,16.003618330941443,eccb8fccde971461,3.202448979591837,0.0,4.36,1016
6030,xgb,1024,matched_seed_random_walk,main,1024,budget_exhausted,xgb_boot5_sklearn_gbm_85878b0157eda5a8,1.0456724000396207,0.4498520998749882,9,1008,1008,1.0,2,subruns\s6030_xgb_1024_matched_seed_random_walk_main,9.291087788258903,29db1d27f4ace9a2,7.115918367346938,0.0,1.82,1016
6030,xgb,1024,multi_start_hill_climb,main,1024,budget_exhausted,xgb_boot5_sklearn_gbm_85878b0157eda5a8,0.9655057999771088,0.4604270003037527,30,1131,1008,0.8912466843501327,2,subruns\s6030_xgb_1024_multi_start_hill_climb_main,6.203957609425356,8eecab5ff3a72f29,3.7624489795918366,0.0,4.46,1016
6030,xgb,1024,multi_start_beam,main,1024,budget_exhausted,xgb_boot5_sklearn_gbm_85878b0157eda5a8,0.9072413999820128,0.4202481999527663,5,1037,1008,0.9720347155255545,2,subruns\s6030_xgb_1024_multi_start_beam_main,7.477290039907787,b4e7923937a49d1d,6.725714285714286,0.0,1.86,1016
6030,xgb,1024,mutation_only_ga,main,1024,budget_exhausted,xgb_boot5_sklearn_gbm_85878b0157eda5a8,2.2111990000121295,0.513789499993436,12,1119,1008,0.900804289544236,2,subruns\s6030_xgb_1024_mutation_only_ga_main,5.123785003578395,1f05ab63aca8ccf7,4.508571428571429,0.0,4.1,1016
6030,xgb,1024,iterated_local_search,main,1024,budget_exhausted,xgb_boot5_sklearn_gbm_85878b0157eda5a8,0.7641780999838375,0.5018013999797404,3,1193,1008,0.8449287510477788,2,subruns\s6030_xgb_1024_iterated_local_search_main,8.364811442509414,1ba47d82959bc7d7,7.044897959183674,0.0,1.58,1016
6030,xgb,1024,simulated_annealing,main,1024,budget_exhausted,xgb_boot5_sklearn_gbm_85878b0157eda5a8,1.6369611999834888,0.5495083002606407,66,1008,1008,1.0,2,subruns\s6030_xgb_1024_simulated_annealing_main,6.208209727334072,0cd901d9f755da67,5.307755102040816,0.0,4.3,1016
6030,xgb,1024,mutation_only_adalead,main,200,neighbors_exhausted,xgb_boot5_sklearn_gbm_85878b0157eda5a8,0.2833442999981344,0.11462700011907145,15,224,184,0.8214285714285714,2,subruns\s6030_xgb_1024_mutation_only_adalead_main,6.413246236081787,81d57a1fa92d6ec4,3.0310204081632652,0.0,3.74,192
6030,xgb,4096,matched_seed_random_walk,main,4096,budget_exhausted,xgb_boot5_sklearn_gbm_85878b0157eda5a8,6.165373500029091,2.0449020000523888,33,4080,4080,1.0,2,subruns\s6030_xgb_4096_matched_seed_random_walk_main,9.291087788258903,29db1d27f4ace9a2,6.947755102040817,0.0,2.16,4088
6030,xgb,4096,multi_start_hill_climb,main,4096,budget_exhausted,xgb_boot5_sklearn_gbm_85878b0157eda5a8,5.772699100023601,2.0213878001086414,118,4555,4080,0.8957189901207464,2,subruns\s6030_xgb_4096_multi_start_hill_climb_main,5.106032180815372,36f383a0a9bd19f9,4.732244897959184,0.0,4.34,4088
6030,xgb,4096,multi_start_beam,main,4089,stagnation,xgb_boot5_sklearn_gbm_85878b0157eda5a8,3.875100500008557,1.972674100077711,8,4507,4073,0.9037053472376304,2,subruns\s6030_xgb_4096_multi_start_beam_main,5.106032180815372,36f383a0a9bd19f9,5.356734693877551,0.0,3.98,4081
6030,xgb,4096,mutation_only_ga,main,1791,stagnation,xgb_boot5_sklearn_gbm_85878b0157eda5a8,3.585266199952457,0.7836623999173753,18,2176,1775,0.8157169117647058,2,subruns\s6030_xgb_4096_mutation_only_ga_main,5.106032180815372,36f383a0a9bd19f9,4.273469387755102,0.0,4.26,1783
6030,xgb,4096,iterated_local_search,main,4096,budget_exhausted,xgb_boot5_sklearn_gbm_85878b0157eda5a8,3.003780699975323,1.820539400097914,9,4294,4080,0.9501630181648812,2,subruns\s6030_xgb_4096_iterated_local_search_main,6.203957609425356,8eecab5ff3a72f29,5.25795918367347,0.0,4.24,4088
6030,xgb,4096,simulated_annealing,main,3616,max_generations,xgb_boot5_sklearn_gbm_85878b0157eda5a8,9.661033599986695,1.966113900532946,257,3600,3600,1.0,2,subruns\s6030_xgb_4096_simulated_annealing_main,5.106032180815372,36f383a0a9bd19f9,4.39265306122449,0.0,4.3,3608
6030,xgb,4096,mutation_only_adalead,main,200,neighbors_exhausted,xgb_boot5_sklearn_gbm_85878b0157eda5a8,0.2792873999569565,0.10892619995865971,15,224,184,0.8214285714285714,2,subruns\s6030_xgb_4096_mutation_only_adalead_main,6.413246236081787,81d57a1fa92d6ec4,3.0310204081632652,0.0,3.74,192
6030,xgb,1024,matched_seed_random_walk,refit,1024,budget_exhausted,xgb_boot5_sklearn_gbm_8b526fa3d808e0e8,1.220392899995204,0.5249868000391871,9,1008,1008,1.0,2,subruns\s6030_xgb_1024_matched_seed_random_walk_refit,11.66796272402387,03f49687e08ff31d,7.037551020408163,0.0,1.74,1016
6030,xgb,1024,multi_start_hill_climb,refit,1024,budget_exhausted,xgb_boot5_sklearn_gbm_8b526fa3d808e0e8,0.9853607000550255,0.46745429979637265,30,1131,1008,0.8912466843501327,2,subruns\s6030_xgb_1024_multi_start_hill_climb_refit,8.177546852894135,8a5c5215c762a7c3,4.460408163265306,0.0,4.1,1016
6030,xgb,1024,multi_start_beam,refit,1023,stagnation,xgb_boot5_sklearn_gbm_8b526fa3d808e0e8,0.9927978999912739,0.4633848999510519,5,1041,1007,0.9673390970220941,2,subruns\s6030_xgb_1024_multi_start_beam_refit,8.56682089264599,3fd60f7805fe4f43,7.093061224489796,0.0,1.98,1015
6030,xgb,1024,mutation_only_ga,refit,1024,budget_exhausted,xgb_boot5_sklearn_gbm_8b526fa3d808e0e8,2.0074393000104465,0.4816907999920659,11,1109,1008,0.90892696122633,2,subruns\s6030_xgb_1024_mutation_only_ga_refit,8.736922475666974,ea7579c5fccb50b8,5.935510204081632,0.0,4.04,1016
6030,xgb,1024,iterated_local_search,refit,1024,budget_exhausted,xgb_boot5_sklearn_gbm_8b526fa3d808e0e8,0.7465955000370741,0.46950069995364174,3,1193,1008,0.8449287510477788,2,subruns\s6030_xgb_1024_iterated_local_search_refit,8.56682089264599,3fd60f7805fe4f43,6.923265306122449,0.0,1.76,1016
6030,xgb,1024,simulated_annealing,refit,1024,budget_exhausted,xgb_boot5_sklearn_gbm_8b526fa3d808e0e8,1.6616703000036068,0.5257310000597499,64,1008,1008,1.0,2,subruns\s6030_xgb_1024_simulated_annealing_refit,7.96546240501957,ad658c7f3fc0d29a,5.856326530612245,0.0,4.28,1016
6030,xgb,1024,mutation_only_adalead,refit,255,neighbors_exhausted,xgb_boot5_sklearn_gbm_8b526fa3d808e0e8,0.3481829999946058,0.13495149998925626,20,304,239,0.7861842105263158,2,subruns\s6030_xgb_1024_mutation_only_adalead_refit,8.121711349469773,de29cfd66519c426,2.719183673469388,0.0,4.06,247
6030,rf,1024,matched_seed_random_walk,main,1024,budget_exhausted,rf300_seq303_86cf2755ffde1cd8,1.3679300000076182,0.7231069998815656,9,1008,1008,1.0,2,subruns\s6030_rf_1024_matched_seed_random_walk_main,17.303595000780287,29db1d27f4ace9a2,6.176326530612245,0.0,1.72,1016
6030,rf,1024,multi_start_hill_climb,main,1024,budget_exhausted,rf300_seq303_86cf2755ffde1cd8,1.7328625000081956,1.2101289998972788,30,1131,1008,0.8912466843501327,2,subruns\s6030_rf_1024_multi_start_hill_climb_main,16.274097255459047,9bf0e0520fed0c98,2.9771428571428573,0.0,3.9,1016
6030,rf,1024,multi_start_beam,main,1024,stagnation,rf300_seq303_86cf2755ffde1cd8,1.1323283999809064,0.6018950999714434,5,1041,1008,0.968299711815562,2,subruns\s6030_rf_1024_multi_start_beam_main,17.049552569674532,47267149e4f35f64,6.005714285714285,0.0,2.1,1016
6030,rf,1024,mutation_only_ga,main,1024,stagnation,rf300_seq303_86cf2755ffde1cd8,2.1794025000417605,0.7673260000301525,11,1105,1008,0.9122171945701357,2,subruns\s6030_rf_1024_mutation_only_ga_main,16.283857232856363,2838db71477db09d,3.559183673469388,0.0,3.56,1016
6030,rf,1024,iterated_local_search,main,1024,budget_exhausted,rf300_seq303_86cf2755ffde1cd8,0.8870103000081144,0.6003165000583977,3,1189,1008,0.847771236333053,2,subruns\s6030_rf_1024_iterated_local_search_main,16.7621390980478,5a2b6c533577ce59,6.423673469387755,0.0,1.64,1016
6030,rf,1024,simulated_annealing,main,1024,budget_exhausted,rf300_seq303_86cf2755ffde1cd8,3.2481165999779478,2.126225500018336,64,1008,1008,1.0,2,subruns\s6030_rf_1024_simulated_annealing_main,16.675743268717238,a56ddacc21d8d3e8,5.14530612244898,0.0,3.72,1016
6030,rf,1024,mutation_only_adalead,main,1024,budget_exhausted,rf300_seq303_86cf2755ffde1cd8,3.4919331000419334,2.1788566997856833,66,1025,1008,0.9834146341463414,2,subruns\s6030_rf_1024_mutation_only_adalead_main,16.274097255459047,9bf0e0520fed0c98,3.4204081632653063,0.0,3.48,1016
6030,rf,4096,matched_seed_random_walk,main,4096,budget_exhausted,rf300_seq303_86cf2755ffde1cd8,6.877623200009111,2.7598539001191966,33,4080,4080,1.0,2,subruns\s6030_rf_4096_matched_seed_random_walk_main,17.303595000780287,29db1d27f4ace9a2,5.706938775510204,0.0,2.04,4088
6030,rf,4096,multi_start_hill_climb,main,4096,budget_exhausted,rf300_seq303_86cf2755ffde1cd8,8.695876199984923,5.011775699851569,119,4582,4080,0.8904408555216062,2,subruns\s6030_rf_4096_multi_start_hill_climb_main,16.274097255459047,9bf0e0520fed0c98,3.433469387755102,0.0,3.5,4088
6030,rf,4096,multi_start_beam,main,4093,stagnation,rf300_seq303_86cf2755ffde1cd8,3.920728199998848,2.0766172001021914,8,4441,4077,0.9180364782706597,2,subruns\s6030_rf_4096_multi_start_beam_main,16.302670709591812,44c29a8f4e78cb90,3.886530612244898,0.0,3.4,4085
6030,rf,4096,mutation_only_ga,main,1163,stagnation,rf300_seq303_86cf2755ffde1cd8,2.4050220000208355,0.8158367000287399,11,1280,1147,0.89609375,2,subruns\s6030_rf_4096_mutation_only_ga_main,16.283857232856363,2838db71477db09d,3.5053061224489794,0.0,3.48,1155
6030,rf,4096,iterated_local_search,main,4096,budget_exhausted,rf300_seq303_86cf2755ffde1cd8,3.1186979999765754,2.0621261001215316,9,4249,4080,0.9602259355142386,2,subruns\s6030_rf_4096_iterated_local_search_main,16.274097255459047,9bf0e0520fed0c98,3.4261224489795916,0.0,3.54,4088
6030,rf,4096,simulated_annealing,main,4096,budget_exhausted,rf300_seq303_86cf2755ffde1cd8,17.09686380001949,8.888590899819974,256,4080,4080,1.0,2,subruns\s6030_rf_4096_simulated_annealing_main,16.283857232856363,2838db71477db09d,3.6489795918367345,0.0,3.5,4088
6030,rf,4096,mutation_only_adalead,main,1573,neighbors_exhausted,rf300_seq303_86cf2755ffde1cd8,5.8492759999935515,3.4065373999765143,104,1648,1557,0.9447815533980582,2,subruns\s6030_rf_4096_mutation_only_adalead_main,16.274097255459047,9bf0e0520fed0c98,3.391020408163265,0.0,3.64,1565
6030,rf,1024,matched_seed_random_walk,refit,1024,budget_exhausted,rf300_seq303_1a5a5f72c6747046,1.3164827000000514,0.7006293999729678,9,1008,1008,1.0,2,subruns\s6030_rf_1024_matched_seed_random_walk_refit,17.723113092171708,7d715c5d9e3a01cf,6.540408163265306,0.0,1.66,1016
6030,rf,1024,multi_start_hill_climb,refit,1024,budget_exhausted,rf300_seq303_1a5a5f72c6747046,1.7307262999820523,1.1343872998841107,30,1131,1008,0.8912466843501327,2,subruns\s6030_rf_1024_multi_start_hill_climb_refit,17.098439799206705,e2acf3e8426667dc,3.8979591836734695,0.0,3.6,1016
6030,rf,1024,multi_start_beam,refit,1024,budget_exhausted,rf300_seq303_1a5a5f72c6747046,0.9921457999735139,0.5323950999299996,5,1038,1008,0.9710982658959537,2,subruns\s6030_rf_1024_multi_start_beam_refit,17.406491732568462,3e49c8d478dcc47b,6.441632653061225,0.0,2.1,1016
6030,rf,1024,mutation_only_ga,refit,1022,stagnation,rf300_seq303_1a5a5f72c6747046,1.9176442000316456,0.6686809998936951,12,1124,1006,0.895017793594306,2,subruns\s6030_rf_1024_mutation_only_ga_refit,17.1503300685848,31447998597aef96,4.668571428571428,0.0,3.9,1014
6030,rf,1024,iterated_local_search,refit,1024,budget_exhausted,rf300_seq303_1a5a5f72c6747046,0.6937986999982968,0.45869570004288107,3,1193,1008,0.8449287510477788,2,subruns\s6030_rf_1024_iterated_local_search_refit,17.621085583726824,5a2b6c533577ce59,6.511020408163265,0.0,1.66,1016
6030,rf,1024,simulated_annealing,refit,1024,budget_exhausted,rf300_seq303_1a5a5f72c6747046,2.8280069999746047,1.8440999001031741,64,1008,1008,1.0,2,subruns\s6030_rf_1024_simulated_annealing_refit,17.54882910892167,daf7398e6646a006,6.3028571428571425,0.0,3.7,1016
6030,rf,1024,mutation_only_adalead,refit,1024,budget_exhausted,rf300_seq303_1a5a5f72c6747046,3.0972875999868847,1.8648242999915965,65,1017,1008,0.9911504424778761,2,subruns\s6030_rf_1024_mutation_only_adalead_refit,17.061579826105746,6a534966076808c3,4.366530612244898,0.0,3.66,1016
