seed,strategy,round,n_labeled_after,n_new_unique,best_labeled,best_selected,pool_best,regret,best_pred_in_batch,top5_median_new_cumulative,top10_recall_cumulative,holdout_spearman_pre,holdout_spearman_post,ood_fraction,status
1001,random,1,350,50,-0.128988702253992,4.60837494907901,1.06826830975842,3.5401066393205896,15.61082649230957,10.9706499875429,0.06666666666666667,0.18371,0.216043,0.0,retrained
1001,random,2,400,50,-0.128988702253992,4.60837494907901,1.06826830975842,3.5401066393205896,18.19432640075684,6.73450753945872,0.18333333333333332,0.216043,0.196295,0.0,retrained
1001,random,3,450,50,-0.128988702253992,4.60837494907901,1.06826830975842,3.5401066393205896,15.030183792114258,6.73450753945872,0.26666666666666666,0.196295,0.167577,0.0,retrained
1001,random,4,500,50,-0.128988702253992,4.09983239788562,1.06826830975842,3.0315640881271997,18.379817962646484,6.09064042745013,0.35,0.167577,0.168,0.0,retrained
1001,random,5,550,50,-0.128988702253992,2.16613746399526,1.06826830975842,1.09786915423684,16.133174896240234,4.60837494907901,0.45,0.168,0.223945,0.0,retrained
1001,greedy,1,350,50,-0.128988702253992,1.82530723417949,1.06826830975842,0.75703892442107,15.029757499694824,2.16613746399526,0.13333333333333333,0.18371,0.147833,0.0,retrained
1001,greedy,2,400,50,-0.128988702253992,1.82530723417949,1.06826830975842,0.75703892442107,16.36089515686035,2.16613746399526,0.26666666666666666,0.147833,0.211828,0.0,retrained
1001,greedy,3,450,50,-0.128988702253992,1.82530723417949,1.06826830975842,0.75703892442107,15.772709846496582,2.16613746399526,0.4,0.211828,0.221487,0.0,retrained
1001,greedy,4,500,50,-0.128988702253992,1.82530723417949,1.06826830975842,0.75703892442107,17.502315521240234,2.16613746399526,0.5,0.221487,0.242871,0.0,retrained
1001,greedy,5,550,50,-0.128988702253992,1.82530723417949,1.06826830975842,0.75703892442107,18.32394790649414,2.16613746399526,0.6166666666666667,0.242871,0.242283,0.0,retrained
1001,greedy_diverse,1,350,50,-0.128988702253992,2.13161010103795,1.06826830975842,1.0633417912795298,15.029757499694824,4.09983239788562,0.1,0.18371,0.23022,0.0,retrained
1001,greedy_diverse,2,400,50,-0.128988702253992,2.13161010103795,1.06826830975842,1.0633417912795298,13.50201416015625,3.031954188893,0.21666666666666667,0.23022,0.173517,0.0,retrained
1001,greedy_diverse,3,450,50,-0.128988702253992,2.13161010103795,1.06826830975842,1.0633417912795298,15.653965950012209,3.031954188893,0.3333333333333333,0.173517,0.150262,0.0,retrained
1001,greedy_diverse,4,500,50,-0.128988702253992,2.13161010103795,1.06826830975842,1.0633417912795298,15.220036506652832,3.031954188893,0.38333333333333336,0.150262,0.172183,0.0,retrained
1001,greedy_diverse,5,550,50,-0.128988702253992,2.13161010103795,1.06826830975842,1.0633417912795298,15.8765287399292,3.031954188893,0.43333333333333335,0.172183,0.245835,0.0,retrained
1001,maxmin_coverage,1,350,50,-0.128988702253992,7.19689090009706,1.06826830975842,6.12862259033864,15.029757499694824,15.9708537041479,0.016666666666666666,0.18371,0.225264,0.0,retrained
1001,maxmin_coverage,2,400,50,-0.128988702253992,2.16613746399526,1.06826830975842,1.09786915423684,14.767555236816406,6.89403373511232,0.1,0.225264,0.233749,0.0,retrained
1001,maxmin_coverage,3,450,50,-0.128988702253992,2.13161010103795,1.06826830975842,1.0633417912795298,17.94598388671875,3.031954188893,0.3,0.233749,0.203033,0.0,retrained
1001,maxmin_coverage,4,500,50,-0.128988702253992,2.13161010103795,1.06826830975842,1.0633417912795298,16.737674713134766,3.031954188893,0.38333333333333336,0.203033,0.206606,0.0,retrained
1001,maxmin_coverage,5,550,50,-0.128988702253992,2.13161010103795,1.06826830975842,1.0633417912795298,24.23022079467773,3.031954188893,0.4666666666666667,0.206606,0.255164,0.0,retrained
1002,random,1,350,50,1.31582066329793,3.19723738387984,1.82530723417949,1.3719301497003498,15.558504104614258,9.72342004879465,0.11666666666666667,0.29875,0.30144,0.0,retrained
1002,random,2,400,50,1.31582066329793,2.17004855394771,1.82530723417949,0.34474131976821987,15.395756721496582,4.04922987856844,0.18333333333333332,0.30144,0.281347,0.0,retrained
1002,random,3,450,50,1.31582066329793,2.17004855394771,1.82530723417949,0.34474131976821987,18.252307891845703,4.04922987856844,0.21666666666666667,0.281347,0.309543,0.0,retrained
1002,random,4,500,50,1.31582066329793,1.96463543386199,1.82530723417949,0.1393281996825,9.971256256103516,3.19723738387984,0.36666666666666664,0.309543,0.291102,0.0,retrained
1002,random,5,550,50,1.31582066329793,1.96463543386199,1.82530723417949,0.1393281996825,17.475627899169922,2.91626778182399,0.4,0.291102,0.248904,0.06,retrained
1002,greedy,1,350,50,1.31582066329793,2.16613746399526,1.82530723417949,0.34083022981576994,13.548242568969728,3.19723738387984,0.11666666666666667,0.29875,0.28173,0.0,retrained
1002,greedy,2,400,50,1.31582066329793,1.96463543386199,1.82530723417949,0.1393281996825,17.012821197509766,2.18454132435727,0.25,0.28173,0.261679,0.0,retrained
1002,greedy,3,450,50,1.31582066329793,1.96463543386199,1.82530723417949,0.1393281996825,17.78082275390625,2.16613746399526,0.4166666666666667,0.261679,0.37287,0.0,retrained
1002,greedy,4,500,50,1.31582066329793,1.96463543386199,1.82530723417949,0.1393281996825,20.093486785888672,2.16613746399526,0.4666666666666667,0.37287,0.331469,0.0,retrained
1002,greedy,5,550,50,1.31582066329793,1.82530723417949,1.82530723417949,0.0,21.18214225769043,2.13161010103795,0.6166666666666667,0.331469,0.296047,0.0,retrained
1002,greedy_diverse,1,350,50,1.31582066329793,2.16613746399526,1.82530723417949,0.34083022981576994,13.548242568969728,5.28029423850603,0.13333333333333333,0.29875,0.28225,0.0,retrained
1002,greedy_diverse,2,400,50,1.31582066329793,2.16613746399526,1.82530723417949,0.34083022981576994,13.949528694152832,5.28029423850603,0.26666666666666666,0.28225,0.312083,0.0,retrained
1002,greedy_diverse,3,450,50,1.31582066329793,2.16613746399526,1.82530723417949,0.34083022981576994,14.819540023803713,2.91626778182399,0.4,0.312083,0.286974,0.0,retrained
1002,greedy_diverse,4,500,50,1.31582066329793,2.16613746399526,1.82530723417949,0.34083022981576994,15.206646919250488,2.91626778182399,0.4166666666666667,0.286974,0.329594,0.0,retrained
1002,greedy_diverse,5,550,50,1.31582066329793,2.16613746399526,1.82530723417949,0.34083022981576994,16.31462287902832,2.91626778182399,0.4666666666666667,0.329594,0.31347,0.0,retrained
1002,maxmin_coverage,1,350,50,1.31582066329793,4.51400760590695,1.82530723417949,2.68870037172746,13.548242568969728,6.55698841387493,0.08333333333333333,0.29875,0.297129,0.0,retrained
1002,maxmin_coverage,2,400,50,1.31582066329793,4.51400760590695,1.82530723417949,2.68870037172746,14.103711128234863,6.55698841387493,0.11666666666666667,0.297129,0.227296,0.0,retrained
1002,maxmin_coverage,3,450,50,1.31582066329793,2.16613746399526,1.82530723417949,0.34083022981576994,17.3676815032959,4.51400760590695,0.3,0.227296,0.284004,0.0,retrained
1002,maxmin_coverage,4,500,50,1.31582066329793,2.16613746399526,1.82530723417949,0.34083022981576994,20.17526054382324,2.91626778182399,0.45,0.284004,0.301898,0.0,retrained
1002,maxmin_coverage,5,550,50,1.31582066329793,2.16613746399526,1.82530723417949,0.34083022981576994,20.219532012939453,2.91626778182399,0.5,0.301898,0.311271,0.0,retrained
1003,random,1,350,50,1.31582066329793,8.65642674760966,1.82530723417949,6.831119513430169,19.26788711547852,9.74082609986726,0.06666666666666667,0.285361,0.278297,0.0017,retrained
1003,random,2,400,50,1.31582066329793,2.63410041427414,1.82530723417949,0.80879318009465,18.600753784179688,6.89403373511232,0.13333333333333333,0.278297,0.293833,0.0018,retrained
1003,random,3,450,50,1.31582066329793,2.63410041427414,1.82530723417949,0.80879318009465,15.125195503234863,6.89403373511232,0.2,0.293833,0.309353,0.002,retrained
1003,random,4,500,50,1.31582066329793,2.63410041427414,1.82530723417949,0.80879318009465,15.587834358215332,5.89735427590858,0.3,0.309353,0.289005,0.0022,retrained
1003,random,5,550,50,1.31582066329793,2.63410041427414,1.82530723417949,0.80879318009465,16.01532554626465,5.89735427590858,0.3333333333333333,0.289005,0.304332,0.0525,retrained
1003,greedy,1,350,50,1.31582066329793,4.74393837252501,1.82530723417949,2.91863113834552,12.570146560668944,9.50213448339491,0.16666666666666666,0.285361,0.302087,0.0017,retrained
1003,greedy,2,400,50,1.31582066329793,3.47687136075183,1.82530723417949,1.6515641265723398,16.59587860107422,4.74393837252501,0.3333333333333333,0.302087,0.331076,0.0018,retrained
1003,greedy,3,450,50,1.31582066329793,2.78908783021689,1.82530723417949,0.9637805960374002,18.960506439208984,4.07733535693114,0.4666666666666667,0.331076,0.333356,0.002,retrained
1003,greedy,4,500,50,1.31582066329793,1.82530723417949,1.82530723417949,0.0,18.479602813720703,2.78908783021689,0.6166666666666667,0.333356,0.292878,0.0022,retrained
1003,greedy,5,550,50,1.31582066329793,1.82530723417949,1.82530723417949,0.0,21.365947723388672,2.78908783021689,0.6666666666666666,0.292878,0.291024,0.085,retrained
1003,greedy_diverse,1,350,50,1.31582066329793,8.97053604029134,1.82530723417949,7.145228806111849,12.570146560668944,9.72342004879465,0.18333333333333332,0.285361,0.294453,0.0017,retrained
1003,greedy_diverse,2,400,50,1.31582066329793,3.43182911266194,1.82530723417949,1.6065218784824498,16.275089263916016,4.60837494907901,0.31666666666666665,0.294453,0.328798,0.0018,retrained
1003,greedy_diverse,3,450,50,1.31582066329793,3.43182911266194,1.82530723417949,1.6065218784824498,15.020358085632324,4.54615422639108,0.5,0.328798,0.336214,0.002,retrained
1003,greedy_diverse,4,500,50,1.31582066329793,3.43182911266194,1.82530723417949,1.6065218784824498,15.907112121582031,4.54615422639108,0.55,0.336214,0.326305,0.0022,retrained
1003,greedy_diverse,5,550,50,1.31582066329793,3.43182911266194,1.82530723417949,1.6065218784824498,15.861846923828123,4.54615422639108,0.5833333333333334,0.326305,0.275186,0.0025,retrained
1003,maxmin_coverage,1,350,50,1.31582066329793,9.67493018120149,1.82530723417949,7.849622947021999,18.18976593017578,11.4488130783902,0.06666666666666667,0.285361,0.32758,0.0017,retrained
1003,maxmin_coverage,2,400,50,1.31582066329793,9.50213448339491,1.82530723417949,7.676827249215419,13.761242866516112,9.74082609986726,0.15,0.32758,0.303281,0.0018,retrained
1003,maxmin_coverage,3,450,50,1.31582066329793,3.43182911266194,1.82530723417949,1.6065218784824498,17.066967010498047,4.76361946380712,0.35,0.303281,0.32342,0.002,retrained
1003,maxmin_coverage,4,500,50,1.31582066329793,3.43182911266194,1.82530723417949,1.6065218784824498,21.54343032836914,4.54615422639108,0.5,0.32342,0.341284,0.0022,retrained
1003,maxmin_coverage,5,550,50,1.31582066329793,3.43182911266194,1.82530723417949,1.6065218784824498,23.93109703063965,4.54615422639108,0.5833333333333334,0.341284,0.290925,0.0025,retrained
1004,random,1,350,50,-5.94630000275356,2.91626778182399,1.06826830975842,1.84799947206557,17.76694679260254,16.2769401186888,0.03333333333333333,0.220806,0.220878,0.0,retrained
1004,random,2,400,50,-5.94630000275356,2.78908783021689,1.06826830975842,1.7208195204584702,10.128168106079102,4.07733535693114,0.11666666666666667,0.220878,0.218458,0.0,retrained
1004,random,3,450,50,-5.94630000275356,2.78908783021689,1.06826830975842,1.7208195204584702,12.614266395568848,4.07733535693114,0.26666666666666666,0.218458,0.157433,0.0,retrained
1004,random,4,500,50,-5.94630000275356,2.78908783021689,1.06826830975842,1.7208195204584702,15.917927742004396,4.07733535693114,0.2833333333333333,0.157433,0.217198,0.0,retrained
1004,random,5,550,50,-5.94630000275356,2.78908783021689,1.06826830975842,1.7208195204584702,16.424007415771484,4.07733535693114,0.35,0.217198,0.266212,0.0,retrained
1004,greedy,1,350,50,-5.94630000275356,2.13161010103795,1.06826830975842,1.0633417912795298,9.706159591674805,4.09983239788562,0.21666666666666667,0.220806,0.252293,0.0,retrained
1004,greedy,2,400,50,-5.94630000275356,2.13161010103795,1.06826830975842,1.0633417912795298,15.27996063232422,3.41173968594012,0.4166666666666667,0.252293,0.256347,0.0,retrained
1004,greedy,3,450,50,-5.94630000275356,2.13161010103795,1.06826830975842,1.0633417912795298,19.022571563720703,3.41173968594012,0.5166666666666667,0.256347,0.249894,0.0,retrained
1004,greedy,4,500,50,-5.94630000275356,1.06826830975842,1.06826830975842,0.0,19.71401023864746,2.16613746399526,0.5666666666666667,0.249894,0.311094,0.0,retrained
1004,greedy,5,550,50,-5.94630000275356,1.06826830975842,1.06826830975842,0.0,20.917415618896484,2.16613746399526,0.6333333333333333,0.311094,0.298167,0.0,retrained
1004,greedy_diverse,1,350,50,-5.94630000275356,6.63508265908604,1.06826830975842,5.56681434932762,9.706159591674805,8.97053604029134,0.13333333333333333,0.220806,0.271769,0.0,retrained
1004,greedy_diverse,2,400,50,-5.94630000275356,4.09983239788562,1.06826830975842,3.0315640881271997,14.928680419921877,6.63508265908604,0.25,0.271769,0.227158,0.0,retrained
1004,greedy_diverse,3,450,50,-5.94630000275356,2.13161010103795,1.06826830975842,1.0633417912795298,15.339311599731444,4.76361946380712,0.3333333333333333,0.227158,0.261914,0.0,retrained
1004,greedy_diverse,4,500,50,-5.94630000275356,2.13161010103795,1.06826830975842,1.0633417912795298,15.041542053222656,4.09983239788562,0.48333333333333334,0.261914,0.243213,0.0,retrained
1004,greedy_diverse,5,550,50,-5.94630000275356,2.13161010103795,1.06826830975842,1.0633417912795298,15.256555557250977,4.09983239788562,0.5333333333333333,0.243213,0.310931,0.0,retrained
1004,maxmin_coverage,1,350,50,-5.94630000275356,8.97053604029134,1.06826830975842,7.90226773053292,17.351600646972656,12.0272386495926,0.08333333333333333,0.220806,0.235153,0.0,retrained
1004,maxmin_coverage,2,400,50,-5.94630000275356,4.09983239788562,1.06826830975842,3.0315640881271997,14.494482040405272,6.75878054208806,0.16666666666666666,0.235153,0.268537,0.0,retrained
1004,maxmin_coverage,3,450,50,-5.94630000275356,4.09983239788562,1.06826830975842,3.0315640881271997,17.868318557739258,6.55698841387493,0.31666666666666665,0.268537,0.237687,0.0,retrained
1004,maxmin_coverage,4,500,50,-5.94630000275356,2.78908783021689,1.06826830975842,1.7208195204584702,15.62104034423828,4.09983239788562,0.4166666666666667,0.237687,0.251984,0.0,retrained
1004,maxmin_coverage,5,550,50,-5.94630000275356,2.78908783021689,1.06826830975842,1.7208195204584702,23.384685516357425,4.09983239788562,0.5333333333333333,0.251984,0.221299,0.0,retrained
1005,random,1,350,50,-2.72422035229465,2.16613746399526,1.06826830975842,1.09786915423684,15.783395767211914,7.51139606782453,0.06666666666666667,0.148621,0.185675,0.0083,retrained
1005,random,2,400,50,-2.72422035229465,2.16613746399526,1.06826830975842,1.09786915423684,12.150121688842772,6.48926897501224,0.18333333333333332,0.185675,0.183836,0.0091,retrained
1005,random,3,450,50,-2.72422035229465,2.16613746399526,1.06826830975842,1.09786915423684,12.110733032226562,6.09064042745013,0.3,0.183836,0.219082,0.01,retrained
1005,random,4,500,50,-2.72422035229465,2.16613746399526,1.06826830975842,1.09786915423684,16.10622787475586,6.09064042745013,0.35,0.219082,0.209069,0.0111,retrained
1005,random,5,550,50,-2.72422035229465,2.16613746399526,1.06826830975842,1.09786915423684,13.764921188354492,5.17458520972286,0.4666666666666667,0.209069,0.18875,0.0,retrained
1005,greedy,1,350,50,-2.72422035229465,2.13161010103795,1.06826830975842,1.0633417912795298,11.119102478027344,8.08814456644541,0.16666666666666666,0.148621,0.121205,0.0083,retrained
1005,greedy,2,400,50,-2.72422035229465,2.13161010103795,1.06826830975842,1.0633417912795298,16.979887008666992,5.17458520972286,0.23333333333333334,0.121205,0.132885,0.0091,retrained
1005,greedy,3,450,50,-2.72422035229465,2.13161010103795,1.06826830975842,1.0633417912795298,19.793651580810547,4.69478829079162,0.35,0.132885,0.16734,0.01,retrained
1005,greedy,4,500,50,-2.72422035229465,2.13161010103795,1.06826830975842,1.0633417912795298,20.878910064697266,4.20880715476233,0.4666666666666667,0.16734,0.185433,0.1067,retrained
1005,greedy,5,550,50,-2.72422035229465,2.13161010103795,1.06826830975842,1.0633417912795298,20.934118270874023,2.91626778182399,0.5833333333333334,0.185433,0.188159,0.1,retrained
1005,greedy_diverse,1,350,50,-2.72422035229465,2.91626778182399,1.06826830975842,1.84799947206557,11.119102478027344,6.09064042745013,0.18333333333333332,0.148621,0.136065,0.0083,retrained
1005,greedy_diverse,2,400,50,-2.72422035229465,2.13161010103795,1.06826830975842,1.0633417912795298,12.585055351257324,4.69478829079162,0.31666666666666665,0.136065,0.169947,0.0,retrained
1005,greedy_diverse,3,450,50,-2.72422035229465,2.13161010103795,1.06826830975842,1.0633417912795298,16.698246002197266,4.69478829079162,0.35,0.169947,0.107929,0.0,retrained
1005,greedy_diverse,4,500,50,-2.72422035229465,2.13161010103795,1.06826830975842,1.0633417912795298,14.780001640319824,2.91626778182399,0.45,0.107929,0.138747,0.0,retrained
1005,greedy_diverse,5,550,50,-2.72422035229465,2.13161010103795,1.06826830975842,1.0633417912795298,17.211627960205078,2.91626778182399,0.55,0.138747,0.206839,0.0,retrained
1005,maxmin_coverage,1,350,50,-2.72422035229465,2.91626778182399,1.06826830975842,1.84799947206557,15.212495803833008,6.09064042745013,0.15,0.148621,0.139875,0.0083,retrained
1005,maxmin_coverage,2,400,50,-2.72422035229465,1.82530723417949,1.06826830975842,0.75703892442107,12.020057678222656,4.69478829079162,0.2833333333333333,0.139875,0.123159,0.0,retrained
1005,maxmin_coverage,3,450,50,-2.72422035229465,1.82530723417949,1.06826830975842,0.75703892442107,17.92690086364746,4.69478829079162,0.4166666666666667,0.123159,0.115053,0.0,retrained
1005,maxmin_coverage,4,500,50,-2.72422035229465,1.82530723417949,1.06826830975842,0.75703892442107,19.487232208251957,4.69478829079162,0.45,0.115053,0.142063,0.0,retrained
1005,maxmin_coverage,5,550,50,-2.72422035229465,1.82530723417949,1.06826830975842,0.75703892442107,23.804656982421875,2.91626778182399,0.5833333333333334,0.142063,0.172752,0.0,retrained
1006,random,1,350,50,1.54152123986569,2.91626778182399,-5.94630000275356,8.86256778457755,15.460203170776367,8.5514147492504,0.11666666666666667,0.12723,0.205481,0.0,retrained
1006,random,2,400,50,1.54152123986569,2.86005131311322,-5.94630000275356,8.806351315866781,16.100351333618164,6.28859501111583,0.21666666666666667,0.205481,0.139899,0.0,retrained
1006,random,3,450,50,1.54152123986569,2.86005131311322,-5.94630000275356,8.806351315866781,17.696561813354492,4.54615422639108,0.3,0.139899,0.157126,0.0,retrained
1006,random,4,500,50,1.54152123986569,2.86005131311322,-5.94630000275356,8.806351315866781,14.177873611450195,4.54615422639108,0.31666666666666665,0.157126,0.178965,0.0,retrained
1006,random,5,550,50,1.54152123986569,2.86005131311322,-5.94630000275356,8.806351315866781,15.703913688659668,3.19723738387984,0.45,0.178965,0.152093,0.0,retrained
1006,greedy,1,350,50,1.54152123986569,3.031954188893,-5.94630000275356,8.97825419164656,13.78381061553955,7.705154024683,0.15,0.12723,0.140287,0.0,retrained
1006,greedy,2,400,50,1.54152123986569,3.031954188893,-5.94630000275356,8.97825419164656,17.06222915649414,6.73450753945872,0.23333333333333334,0.140287,0.117793,0.0,retrained
1006,greedy,3,450,50,-5.94630000275356,-5.94630000275356,-5.94630000275356,0.0,16.51816177368164,3.19723738387984,0.31666666666666665,0.117793,0.156203,0.0,retrained
1006,greedy,4,500,50,-5.94630000275356,-5.94630000275356,-5.94630000275356,0.0,19.044069290161133,2.16613746399526,0.45,0.156203,0.156337,0.0,retrained
1006,greedy,5,550,50,-5.94630000275356,-5.94630000275356,-5.94630000275356,0.0,16.750858306884766,2.16613746399526,0.55,0.156337,0.203405,0.0925,retrained
1006,greedy_diverse,1,350,50,1.54152123986569,6.67094740359607,-5.94630000275356,12.61724740634963,13.78381061553955,7.705154024683,0.1,0.12723,0.125558,0.0,retrained
1006,greedy_diverse,2,400,50,1.54152123986569,2.16613746399526,-5.94630000275356,8.112437466748819,13.347002983093262,2.91626778182399,0.25,0.125558,0.090242,0.0,retrained
1006,greedy_diverse,3,450,50,-5.94630000275356,-5.94630000275356,-5.94630000275356,0.0,12.945764541625977,2.86005131311322,0.31666666666666665,0.090242,0.146062,0.0,retrained
1006,greedy_diverse,4,500,50,-5.94630000275356,-5.94630000275356,-5.94630000275356,0.0,11.620966911315918,2.86005131311322,0.38333333333333336,0.146062,0.141092,0.0,retrained
1006,greedy_diverse,5,550,50,-5.94630000275356,-5.94630000275356,-5.94630000275356,0.0,13.248051643371582,2.86005131311322,0.45,0.141092,0.15236,0.0,retrained
1006,maxmin_coverage,1,350,50,1.54152123986569,2.86005131311322,-5.94630000275356,8.806351315866781,13.78381061553955,7.51139606782453,0.05,0.12723,0.085592,0.0,retrained
1006,maxmin_coverage,2,400,50,1.54152123986569,2.86005131311322,-5.94630000275356,8.806351315866781,15.228517532348633,4.54615422639108,0.18333333333333332,0.085592,0.148001,0.0,retrained
1006,maxmin_coverage,3,450,50,1.54152123986569,2.86005131311322,-5.94630000275356,8.806351315866781,15.2662992477417,4.54615422639108,0.2833333333333333,0.148001,0.138116,0.0,retrained
1006,maxmin_coverage,4,500,50,1.54152123986569,2.86005131311322,-5.94630000275356,8.806351315866781,15.83112621307373,3.43182911266194,0.36666666666666664,0.138116,0.173851,0.0,retrained
1006,maxmin_coverage,5,550,50,-5.94630000275356,-5.94630000275356,-5.94630000275356,0.0,19.935142517089844,2.91626778182399,0.48333333333333334,0.173851,0.151201,0.0,retrained
1007,random,1,350,50,-1.79640898725484,1.96463543386199,-5.94630000275356,7.91093543661555,18.249500274658203,7.50053111732268,0.1,0.3714,0.372042,0.0033,retrained
1007,random,2,400,50,-1.79640898725484,1.96463543386199,-5.94630000275356,7.91093543661555,15.363882064819336,6.28859501111583,0.18333333333333332,0.372042,0.338758,0.0,retrained
1007,random,3,450,50,-1.79640898725484,1.96463543386199,-5.94630000275356,7.91093543661555,13.006601333618164,4.91456410378305,0.23333333333333334,0.338758,0.314505,0.0,retrained
1007,random,4,500,50,-1.79640898725484,1.96463543386199,-5.94630000275356,7.91093543661555,13.083256721496582,3.031954188893,0.31666666666666665,0.314505,0.326329,0.0,retrained
1007,random,5,550,50,-1.79640898725484,1.96463543386199,-5.94630000275356,7.91093543661555,14.834524154663086,2.86005131311322,0.43333333333333335,0.326329,0.269756,0.0,retrained
1007,greedy,1,350,50,-5.94630000275356,-5.94630000275356,-5.94630000275356,0.0,12.02228832244873,6.36845274140796,0.11666666666666667,0.3714,0.370037,0.0033,retrained
1007,greedy,2,400,50,-5.94630000275356,-5.94630000275356,-5.94630000275356,0.0,17.81411361694336,3.031954188893,0.2833333333333333,0.370037,0.374909,0.0018,retrained
1007,greedy,3,450,50,-5.94630000275356,-5.94630000275356,-5.94630000275356,0.0,18.54364776611328,3.031954188893,0.36666666666666664,0.374909,0.362456,0.002,retrained
1007,greedy,4,500,50,-5.94630000275356,-5.94630000275356,-5.94630000275356,0.0,21.510629653930664,3.031954188893,0.5166666666666667,0.362456,0.317801,0.0,retrained
1007,greedy,5,550,50,-5.94630000275356,-5.94630000275356,-5.94630000275356,0.0,20.31441879272461,3.031954188893,0.5833333333333334,0.317801,0.291177,0.0675,retrained
1007,greedy_diverse,1,350,50,-5.94630000275356,-5.94630000275356,-5.94630000275356,0.0,12.02228832244873,6.39354552682198,0.08333333333333333,0.3714,0.349291,0.0033,retrained
1007,greedy_diverse,2,400,50,-5.94630000275356,-5.94630000275356,-5.94630000275356,0.0,14.13403606414795,3.43182911266194,0.18333333333333332,0.349291,0.412374,0.0,retrained
1007,greedy_diverse,3,450,50,-5.94630000275356,-5.94630000275356,-5.94630000275356,0.0,15.431805610656738,3.43182911266194,0.25,0.412374,0.414213,0.0,retrained
1007,greedy_diverse,4,500,50,-5.94630000275356,-5.94630000275356,-5.94630000275356,0.0,15.309646606445312,3.43182911266194,0.35,0.414213,0.403291,0.0,retrained
1007,greedy_diverse,5,550,50,-5.94630000275356,-5.94630000275356,-5.94630000275356,0.0,15.185873031616213,2.63410041427414,0.45,0.403291,0.338251,0.0,retrained
1007,maxmin_coverage,1,350,50,-5.94630000275356,-5.94630000275356,-5.94630000275356,0.0,14.065542221069336,6.39354552682198,0.06666666666666667,0.3714,0.348039,0.0033,retrained
1007,maxmin_coverage,2,400,50,-5.94630000275356,-5.94630000275356,-5.94630000275356,0.0,12.069232940673828,4.37453074478617,0.15,0.348039,0.362769,0.0,retrained
1007,maxmin_coverage,3,450,50,-5.94630000275356,-5.94630000275356,-5.94630000275356,0.0,16.842823028564453,3.43182911266194,0.2833333333333333,0.362769,0.355257,0.0,retrained
1007,maxmin_coverage,4,500,50,-5.94630000275356,-5.94630000275356,-5.94630000275356,0.0,19.71261978149414,3.43182911266194,0.36666666666666664,0.355257,0.390109,0.0,retrained
1007,maxmin_coverage,5,550,50,-5.94630000275356,-5.94630000275356,-5.94630000275356,0.0,24.13923072814941,3.031954188893,0.43333333333333335,0.390109,0.292165,0.0,retrained
1008,random,1,350,50,-1.79640898725484,2.17004855394771,1.06826830975842,1.1017802441892899,11.749990463256836,8.97053604029134,0.06666666666666667,0.274084,0.242133,0.005,retrained
1008,random,2,400,50,-1.79640898725484,2.17004855394771,1.06826830975842,1.1017802441892899,10.799299240112305,7.01152198419368,0.13333333333333333,0.242133,0.306005,0.0018,retrained
1008,random,3,450,50,-1.79640898725484,2.17004855394771,1.06826830975842,1.1017802441892899,16.690006256103516,3.47687136075183,0.23333333333333334,0.306005,0.297907,0.002,retrained
1008,random,4,500,50,-1.79640898725484,2.17004855394771,1.06826830975842,1.1017802441892899,7.863161563873291,3.47687136075183,0.3,0.297907,0.318669,0.0022,retrained
1008,random,5,550,50,-1.79640898725484,1.75952003577549,1.06826830975842,0.6912517260170701,14.67743682861328,3.19723738387984,0.4166666666666667,0.318669,0.253998,0.0025,retrained
1008,greedy,1,350,50,-1.79640898725484,2.91626778182399,1.06826830975842,1.84799947206557,4.696922302246094,4.69478829079162,0.25,0.274084,0.258852,0.005,retrained
1008,greedy,2,400,50,-1.79640898725484,2.91626778182399,1.06826830975842,1.84799947206557,12.049123764038086,3.47687136075183,0.35,0.258852,0.20473,0.0055,retrained
1008,greedy,3,450,50,-1.79640898725484,2.91626778182399,1.06826830975842,1.84799947206557,16.18669891357422,3.19723738387984,0.45,0.20473,0.243554,0.006,retrained
1008,greedy,4,500,50,-1.79640898725484,2.91626778182399,1.06826830975842,1.84799947206557,16.745296478271484,3.19723738387984,0.55,0.243554,0.236056,0.0067,retrained
1008,greedy,5,550,50,-1.79640898725484,1.06826830975842,1.06826830975842,0.0,22.55971336364746,2.91626778182399,0.6333333333333333,0.236056,0.220389,0.0025,retrained
1008,greedy_diverse,1,350,50,-1.79640898725484,2.91626778182399,1.06826830975842,1.84799947206557,4.696922302246094,6.88661601201238,0.15,0.274084,0.252114,0.005,retrained
1008,greedy_diverse,2,400,50,-1.79640898725484,1.06826830975842,1.06826830975842,0.0,8.848747253417969,3.031954188893,0.3,0.252114,0.266527,0.0055,retrained
1008,greedy_diverse,3,450,50,-1.79640898725484,1.06826830975842,1.06826830975842,0.0,12.3389253616333,3.031954188893,0.4,0.266527,0.202594,0.002,retrained
1008,greedy_diverse,4,500,50,-1.79640898725484,1.06826830975842,1.06826830975842,0.0,13.352392196655272,2.91626778182399,0.4666666666666667,0.202594,0.237519,0.0022,retrained
1008,greedy_diverse,5,550,50,-1.79640898725484,1.06826830975842,1.06826830975842,0.0,13.786656379699709,2.91626778182399,0.5,0.237519,0.214471,0.0025,retrained
1008,maxmin_coverage,1,350,50,-1.79640898725484,6.39354552682198,1.06826830975842,5.32527721706356,13.005020141601562,9.59787964602219,0.06666666666666667,0.274084,0.324967,0.005,retrained
1008,maxmin_coverage,2,400,50,-1.79640898725484,1.06826830975842,1.06826830975842,0.0,9.476933479309082,5.28029423850603,0.2,0.324967,0.215815,0.0018,retrained
1008,maxmin_coverage,3,450,50,-1.79640898725484,1.06826830975842,1.06826830975842,0.0,13.822978019714355,5.28029423850603,0.31666666666666665,0.215815,0.222739,0.002,retrained
1008,maxmin_coverage,4,500,50,-1.79640898725484,1.06826830975842,1.06826830975842,0.0,20.857257843017575,3.031954188893,0.43333333333333335,0.222739,0.217799,0.0022,retrained
1008,maxmin_coverage,5,550,50,-1.79640898725484,1.06826830975842,1.06826830975842,0.0,22.229698181152344,2.91626778182399,0.4666666666666667,0.217799,0.213595,0.0025,retrained
1009,random,1,350,50,2.16613746399526,4.09983239788562,-5.94630000275356,10.04613240063918,17.506004333496094,9.87516641963521,0.06666666666666667,0.256856,0.282733,0.0017,retrained
1009,random,2,400,50,2.16613746399526,4.09983239788562,-5.94630000275356,10.04613240063918,19.83120346069336,4.76361946380712,0.2,0.282733,0.289693,0.0,retrained
1009,random,3,450,50,1.54152123986569,1.54152123986569,-5.94630000275356,7.487821242619249,16.471773147583008,4.09983239788562,0.3333333333333333,0.289693,0.284539,0.0,retrained
1009,random,4,500,50,1.54152123986569,1.54152123986569,-5.94630000275356,7.487821242619249,16.321191787719727,4.09983239788562,0.4166666666666667,0.284539,0.344794,0.0,retrained
1009,random,5,550,50,1.54152123986569,1.54152123986569,-5.94630000275356,7.487821242619249,17.518306732177734,4.09983239788562,0.5,0.344794,0.354342,0.035,retrained
1009,greedy,1,350,50,-5.94630000275356,-5.94630000275356,-5.94630000275356,0.0,15.31634521484375,9.69330898475891,0.08333333333333333,0.256856,0.302207,0.0017,retrained
1009,greedy,2,400,50,-5.94630000275356,-5.94630000275356,-5.94630000275356,0.0,17.616806030273438,4.20880715476233,0.2833333333333333,0.302207,0.281532,0.0018,retrained
1009,greedy,3,450,50,-5.94630000275356,-5.94630000275356,-5.94630000275356,0.0,17.568775177001953,1.96463543386199,0.4166666666666667,0.281532,0.272534,0.0,retrained
1009,greedy,4,500,50,-5.94630000275356,-5.94630000275356,-5.94630000275356,0.0,21.71619987487793,1.96463543386199,0.5166666666666667,0.272534,0.314675,0.0,retrained
1009,greedy,5,550,50,-5.94630000275356,-5.94630000275356,-5.94630000275356,0.0,21.149974822998047,1.96463543386199,0.6333333333333333,0.314675,0.28629,0.0775,retrained
1009,greedy_diverse,1,350,50,-5.94630000275356,-5.94630000275356,-5.94630000275356,0.0,15.31634521484375,9.70483679636891,0.08333333333333333,0.256856,0.241818,0.0017,retrained
1009,greedy_diverse,2,400,50,-5.94630000275356,-5.94630000275356,-5.94630000275356,0.0,12.913708686828612,4.20880715476233,0.18333333333333332,0.241818,0.250701,0.0,retrained
1009,greedy_diverse,3,450,50,-5.94630000275356,-5.94630000275356,-5.94630000275356,0.0,14.761103630065918,2.63410041427414,0.2833333333333333,0.250701,0.263435,0.0,retrained
1009,greedy_diverse,4,500,50,-5.94630000275356,-5.94630000275356,-5.94630000275356,0.0,15.62188720703125,1.54152123986569,0.4166666666666667,0.263435,0.238674,0.0,retrained
1009,greedy_diverse,5,550,50,-5.94630000275356,-5.94630000275356,-5.94630000275356,0.0,16.396717071533203,1.54152123986569,0.5333333333333333,0.238674,0.317532,0.0,retrained
1009,maxmin_coverage,1,350,50,2.16613746399526,4.20880715476233,-5.94630000275356,10.15510715751589,17.087806701660156,7.70975061098216,0.08333333333333333,0.256856,0.234531,0.0017,retrained
1009,maxmin_coverage,2,400,50,2.16613746399526,4.20880715476233,-5.94630000275356,10.15510715751589,15.102765083312988,7.70975061098216,0.16666666666666666,0.234531,0.271651,0.0,retrained
1009,maxmin_coverage,3,450,50,2.16613746399526,2.63410041427414,-5.94630000275356,8.5804004170277,17.63524627685547,5.28029423850603,0.3,0.271651,0.265445,0.0,retrained
1009,maxmin_coverage,4,500,50,-5.94630000275356,-5.94630000275356,-5.94630000275356,0.0,19.290264129638672,1.54152123986569,0.45,0.265445,0.257189,0.0,retrained
1009,maxmin_coverage,5,550,50,-5.94630000275356,-5.94630000275356,-5.94630000275356,0.0,21.82183074951172,1.54152123986569,0.5,0.257189,0.285805,0.0,retrained
1010,random,1,350,50,2.17004855394771,5.36710108139232,-5.94630000275356,11.31340108414588,16.060815811157227,7.5509529834635,0.05,0.12387,0.123027,0.0017,retrained
1010,random,2,400,50,1.54152123986569,1.54152123986569,-5.94630000275356,7.487821242619249,14.831212997436523,4.54615422639108,0.13333333333333333,0.123027,0.118209,0.0018,retrained
1010,random,3,450,50,1.54152123986569,1.54152123986569,-5.94630000275356,7.487821242619249,17.05274200439453,2.91626778182399,0.26666666666666666,0.118209,0.128907,0.002,retrained
1010,random,4,500,50,1.54152123986569,1.54152123986569,-5.94630000275356,7.487821242619249,17.424198150634766,2.91626778182399,0.36666666666666664,0.128907,0.155888,0.0022,retrained
1010,random,5,550,50,1.54152123986569,1.54152123986569,-5.94630000275356,7.487821242619249,14.937334060668944,2.91626778182399,0.43333333333333335,0.155888,0.170973,0.0475,retrained
1010,greedy,1,350,50,-5.94630000275356,-5.94630000275356,-5.94630000275356,0.0,14.460278511047363,3.031954188893,0.11666666666666667,0.12387,0.133569,0.0017,retrained
1010,greedy,2,400,50,-5.94630000275356,-5.94630000275356,-5.94630000275356,0.0,17.771770477294922,1.96463543386199,0.3333333333333333,0.133569,0.158191,0.0018,retrained
1010,greedy,3,450,50,-5.94630000275356,-5.94630000275356,-5.94630000275356,0.0,16.3678035736084,1.96463543386199,0.4166666666666667,0.158191,0.169081,0.002,retrained
1010,greedy,4,500,50,-5.94630000275356,-5.94630000275356,-5.94630000275356,0.0,19.2111930847168,1.96463543386199,0.5166666666666667,0.169081,0.170547,0.0022,retrained
1010,greedy,5,550,50,-5.94630000275356,-5.94630000275356,-5.94630000275356,0.0,22.18634986877441,1.82530723417949,0.6,0.170547,0.183968,0.105,retrained
1010,greedy_diverse,1,350,50,-5.94630000275356,-5.94630000275356,-5.94630000275356,0.0,14.460278511047363,3.031954188893,0.1,0.12387,0.171153,0.0017,retrained
1010,greedy_diverse,2,400,50,-5.94630000275356,-5.94630000275356,-5.94630000275356,0.0,14.511268615722656,3.031954188893,0.2,0.171153,0.114475,0.0018,retrained
1010,greedy_diverse,3,450,50,-5.94630000275356,-5.94630000275356,-5.94630000275356,0.0,10.320019721984863,2.16613746399526,0.36666666666666664,0.114475,0.200204,0.002,retrained
1010,greedy_diverse,4,500,50,-5.94630000275356,-5.94630000275356,-5.94630000275356,0.0,16.1308536529541,2.16613746399526,0.4,0.200204,0.203095,0.0022,retrained
1010,greedy_diverse,5,550,50,-5.94630000275356,-5.94630000275356,-5.94630000275356,0.0,13.901598930358888,2.16613746399526,0.43333333333333335,0.203095,0.20366,0.0,retrained
1010,maxmin_coverage,1,350,50,2.17004855394771,3.19723738387984,-5.94630000275356,9.1435373866334,15.694035530090332,6.39354552682198,0.05,0.12387,0.168549,0.0017,retrained
1010,maxmin_coverage,2,400,50,1.54152123986569,1.54152123986569,-5.94630000275356,7.487821242619249,14.478555679321287,3.19723738387984,0.18333333333333332,0.168549,0.172516,0.0,retrained
1010,maxmin_coverage,3,450,50,1.54152123986569,1.54152123986569,-5.94630000275356,7.487821242619249,15.401082038879396,3.19723738387984,0.2833333333333333,0.172516,0.183863,0.0,retrained
1010,maxmin_coverage,4,500,50,1.54152123986569,1.54152123986569,-5.94630000275356,7.487821242619249,21.339435577392575,3.031954188893,0.38333333333333336,0.183863,0.158717,0.0,retrained
1010,maxmin_coverage,5,550,50,1.54152123986569,1.54152123986569,-5.94630000275356,7.487821242619249,23.59749984741211,3.031954188893,0.43333333333333335,0.158717,0.159409,0.0,retrained
1011,random,1,350,50,-2.72422035229465,2.13161010103795,-0.128988702253992,2.2605988032919417,12.561582565307615,4.74393837252501,0.2,0.267071,0.34357,0.0017,retrained
1011,random,2,400,50,-2.72422035229465,2.13161010103795,-0.128988702253992,2.2605988032919417,15.275036811828612,3.19723738387984,0.3333333333333333,0.34357,0.369582,0.0,retrained
1011,random,3,450,50,-2.72422035229465,1.96463543386199,-0.128988702253992,2.093624136115982,14.524310111999512,2.63410041427414,0.43333333333333335,0.369582,0.390557,0.0,retrained
1011,random,4,500,50,-2.72422035229465,1.96463543386199,-0.128988702253992,2.093624136115982,13.387730598449709,2.63410041427414,0.45,0.390557,0.37736,0.0,retrained
1011,random,5,550,50,-2.72422035229465,1.31582066329793,-0.128988702253992,1.4448093655519219,15.0280122756958,2.13161010103795,0.5166666666666667,0.37736,0.418417,0.0,retrained
1011,greedy,1,350,50,-2.72422035229465,1.96463543386199,-0.128988702253992,2.093624136115982,11.679044723510742,4.60837494907901,0.18333333333333332,0.267071,0.302282,0.0017,retrained
1011,greedy,2,400,50,-2.72422035229465,1.96463543386199,-0.128988702253992,2.093624136115982,12.267969131469728,3.19723738387984,0.36666666666666664,0.302282,0.340977,0.0,retrained
1011,greedy,3,450,50,-2.72422035229465,1.96463543386199,-0.128988702253992,2.093624136115982,16.965335845947266,3.19723738387984,0.43333333333333335,0.340977,0.33107,0.0,retrained
1011,greedy,4,500,50,-2.72422035229465,1.31582066329793,-0.128988702253992,1.4448093655519219,21.629047393798828,2.13161010103795,0.55,0.33107,0.379353,0.0978,retrained
1011,greedy,5,550,50,-2.72422035229465,1.31582066329793,-0.128988702253992,1.4448093655519219,21.407241821289062,2.13161010103795,0.6333333333333333,0.379353,0.370877,0.0875,retrained
1011,greedy_diverse,1,350,50,-2.72422035229465,5.17458520972286,-0.128988702253992,5.303573911976852,11.679044723510742,7.19689090009706,0.1,0.267071,0.292882,0.0017,retrained
1011,greedy_diverse,2,400,50,-2.72422035229465,-0.128988702253992,-0.128988702253992,0.0,13.867803573608398,6.73450753945872,0.21666666666666667,0.292882,0.360513,0.0,retrained
1011,greedy_diverse,3,450,50,-2.72422035229465,-0.128988702253992,-0.128988702253992,0.0,16.200536727905273,5.17458520972286,0.35,0.360513,0.337594,0.0,retrained
1011,greedy_diverse,4,500,50,-2.72422035229465,-0.128988702253992,-0.128988702253992,0.0,14.827476501464844,3.47687136075183,0.4166666666666667,0.337594,0.327124,0.0,retrained
1011,greedy_diverse,5,550,50,-2.72422035229465,-0.128988702253992,-0.128988702253992,0.0,15.310956001281738,3.47687136075183,0.4666666666666667,0.327124,0.376086,0.0,retrained
1011,maxmin_coverage,1,350,50,-2.72422035229465,5.17458520972286,-0.128988702253992,5.303573911976852,14.0187349319458,8.4759262067455,0.08333333333333333,0.267071,0.278146,0.0017,retrained
1011,maxmin_coverage,2,400,50,-2.72422035229465,5.17458520972286,-0.128988702253992,5.303573911976852,14.25874137878418,6.73450753945872,0.15,0.278146,0.337111,0.0,retrained
1011,maxmin_coverage,3,450,50,-2.72422035229465,3.43182911266194,-0.128988702253992,3.5608178149159317,15.932276725769045,5.43463994693957,0.3,0.337111,0.387169,0.0,retrained
1011,maxmin_coverage,4,500,50,-2.72422035229465,3.43182911266194,-0.128988702253992,3.5608178149159317,21.020191192626957,5.17458520972286,0.38333333333333336,0.387169,0.375747,0.0,retrained
1011,maxmin_coverage,5,550,50,-2.72422035229465,3.43182911266194,-0.128988702253992,3.5608178149159317,23.0146484375,5.17458520972286,0.4,0.375747,0.38767,0.0,retrained
1012,random,1,350,50,1.54152123986569,2.18454132435727,-1.79640898725484,3.9809503116121103,16.417692184448242,7.23220821277573,0.08333333333333333,0.210148,0.250017,0.0,retrained
1012,random,2,400,50,1.54152123986569,2.16613746399526,-1.79640898725484,3.9625464512501,13.173757553100586,5.33881959069549,0.16666666666666666,0.250017,0.268193,0.0,retrained
1012,random,3,450,50,-1.79640898725484,-1.79640898725484,-1.79640898725484,0.0,16.665523529052734,2.18454132435727,0.3,0.268193,0.31389,0.0,retrained
1012,random,4,500,50,-1.79640898725484,-1.79640898725484,-1.79640898725484,0.0,14.709393501281738,2.18454132435727,0.36666666666666664,0.31389,0.247523,0.0578,retrained
1012,random,5,550,50,-1.79640898725484,-1.79640898725484,-1.79640898725484,0.0,16.386211395263672,2.18454132435727,0.38333333333333336,0.247523,0.310902,0.04,retrained
1012,greedy,1,350,50,1.54152123986569,2.16613746399526,-1.79640898725484,3.9625464512501,13.378044128417969,4.60837494907901,0.1,0.210148,0.178744,0.0,retrained
1012,greedy,2,400,50,-1.79640898725484,-1.79640898725484,-1.79640898725484,0.0,14.616521835327148,2.16613746399526,0.23333333333333334,0.178744,0.304769,0.0,retrained
1012,greedy,3,450,50,-1.79640898725484,-1.79640898725484,-1.79640898725484,0.0,17.1256103515625,2.13161010103795,0.45,0.304769,0.317639,0.0,retrained
1012,greedy,4,500,50,-1.79640898725484,-1.79640898725484,-1.79640898725484,0.0,18.58921241760254,2.13161010103795,0.5666666666666667,0.317639,0.295614,0.0,retrained
1012,greedy,5,550,50,-1.79640898725484,-1.79640898725484,-1.79640898725484,0.0,19.747278213500977,2.13161010103795,0.65,0.295614,0.313667,0.08,retrained
1012,greedy_diverse,1,350,50,1.54152123986569,2.16613746399526,-1.79640898725484,3.9625464512501,13.378044128417969,7.50053111732268,0.11666666666666667,0.210148,0.169044,0.0,retrained
1012,greedy_diverse,2,400,50,-1.79640898725484,-1.79640898725484,-1.79640898725484,0.0,13.675918579101562,3.031954188893,0.25,0.169044,0.287557,0.0,retrained
1012,greedy_diverse,3,450,50,-1.79640898725484,-1.79640898725484,-1.79640898725484,0.0,13.066774368286133,3.031954188893,0.31666666666666665,0.287557,0.351633,0.0,retrained
1012,greedy_diverse,4,500,50,-1.79640898725484,-1.79640898725484,-1.79640898725484,0.0,14.995386123657228,3.031954188893,0.38333333333333336,0.351633,0.379319,0.0,retrained
1012,greedy_diverse,5,550,50,-1.79640898725484,-1.79640898725484,-1.79640898725484,0.0,14.498701095581056,2.18454132435727,0.45,0.379319,0.31608,0.0,retrained
1012,maxmin_coverage,1,350,50,1.54152123986569,6.88661601201238,-1.79640898725484,8.68302499926722,14.42699909210205,9.93528804193556,0.06666666666666667,0.210148,0.194922,0.0,retrained
1012,maxmin_coverage,2,400,50,1.54152123986569,3.031954188893,-1.79640898725484,4.828363176147841,15.163736343383787,6.88661601201238,0.16666666666666666,0.194922,0.237411,0.0,retrained
1012,maxmin_coverage,3,450,50,-1.79640898725484,-1.79640898725484,-1.79640898725484,0.0,15.888384819030762,3.031954188893,0.26666666666666666,0.237411,0.286216,0.0,retrained
1012,maxmin_coverage,4,500,50,-1.79640898725484,-1.79640898725484,-1.79640898725484,0.0,20.73358726501465,3.031954188893,0.35,0.286216,0.279854,0.0,retrained
1012,maxmin_coverage,5,550,50,-1.79640898725484,-1.79640898725484,-1.79640898725484,0.0,23.848297119140625,3.031954188893,0.36666666666666664,0.279854,0.286458,0.0,retrained
1013,random,1,350,50,-0.128988702253992,3.031954188893,-5.94630000275356,8.97825419164656,9.975553512573242,11.4421042904905,0.06666666666666667,0.325322,0.328508,0.0,retrained
1013,random,2,400,50,-0.128988702253992,3.031954188893,-5.94630000275356,8.97825419164656,16.009279251098633,9.42604873635719,0.13333333333333333,0.328508,0.277388,0.0,retrained
1013,random,3,450,50,-0.128988702253992,3.031954188893,-5.94630000275356,8.97825419164656,16.936193466186523,6.12914032939807,0.26666666666666666,0.277388,0.334505,0.0,retrained
1013,random,4,500,50,-0.128988702253992,3.031954188893,-5.94630000275356,8.97825419164656,13.385205268859863,6.12914032939807,0.38333333333333336,0.334505,0.311837,0.0,retrained
1013,random,5,550,50,-0.128988702253992,3.031954188893,-5.94630000275356,8.97825419164656,16.082958221435547,4.51400760590695,0.5166666666666667,0.311837,0.254561,0.0,retrained
1013,greedy,1,350,50,-5.94630000275356,-5.94630000275356,-5.94630000275356,0.0,8.350152015686035,3.47687136075183,0.18333333333333332,0.325322,0.338341,0.0,retrained
1013,greedy,2,400,50,-5.94630000275356,-5.94630000275356,-5.94630000275356,0.0,15.259907722473145,3.031954188893,0.35,0.338341,0.374585,0.0,retrained
1013,greedy,3,450,50,-5.94630000275356,-5.94630000275356,-5.94630000275356,0.0,18.22567176818848,3.031954188893,0.48333333333333334,0.374585,0.374141,0.0,retrained
1013,greedy,4,500,50,-5.94630000275356,-5.94630000275356,-5.94630000275356,0.0,17.89423179626465,3.031954188893,0.6333333333333333,0.374141,0.321338,0.0,retrained
1013,greedy,5,550,50,-5.94630000275356,-5.94630000275356,-5.94630000275356,0.0,20.07119369506836,3.031954188893,0.7,0.321338,0.283828,0.0,retrained
1013,greedy_diverse,1,350,50,-0.128988702253992,3.41173968594012,-5.94630000275356,9.35803968869368,8.350152015686035,8.97053604029134,0.13333333333333333,0.325322,0.343546,0.0,retrained
1013,greedy_diverse,2,400,50,-0.128988702253992,3.41173968594012,-5.94630000275356,9.35803968869368,9.856439590454102,5.43463994693957,0.2833333333333333,0.343546,0.346651,0.0,retrained
1013,greedy_diverse,3,450,50,-0.128988702253992,3.41173968594012,-5.94630000275356,9.35803968869368,12.872912406921388,4.91456410378305,0.4666666666666667,0.346651,0.388426,0.0,retrained
1013,greedy_diverse,4,500,50,-0.128988702253992,3.41173968594012,-5.94630000275356,9.35803968869368,8.569267272949219,4.54615422639108,0.5333333333333333,0.388426,0.392429,0.0,retrained
1013,greedy_diverse,5,550,50,-0.128988702253992,3.41173968594012,-5.94630000275356,9.35803968869368,9.082677841186523,4.54615422639108,0.6166666666666667,0.392429,0.331246,0.0,retrained
1013,maxmin_coverage,1,350,50,-0.128988702253992,3.41173968594012,-5.94630000275356,9.35803968869368,17.689067840576172,8.97053604029134,0.15,0.325322,0.309222,0.0,retrained
1013,maxmin_coverage,2,400,50,-0.128988702253992,3.41173968594012,-5.94630000275356,9.35803968869368,13.23607349395752,6.93040418734381,0.23333333333333334,0.309222,0.331426,0.0,retrained
1013,maxmin_coverage,3,450,50,-0.128988702253992,3.41173968594012,-5.94630000275356,9.35803968869368,17.69894027709961,4.91456410378305,0.4,0.331426,0.338749,0.0,retrained
1013,maxmin_coverage,4,500,50,-0.128988702253992,3.41173968594012,-5.94630000275356,9.35803968869368,16.97226333618164,4.91456410378305,0.5,0.338749,0.273847,0.0,retrained
1013,maxmin_coverage,5,550,50,-0.128988702253992,3.41173968594012,-5.94630000275356,9.35803968869368,21.4738883972168,4.54615422639108,0.6333333333333333,0.273847,0.313299,0.0,retrained
1014,random,1,350,50,1.96463543386199,6.28859501111583,1.06826830975842,5.2203267013574095,18.583526611328125,8.4759262067455,0.13333333333333333,0.27554,0.287863,0.0017,retrained
1014,random,2,400,50,1.96463543386199,2.13161010103795,1.06826830975842,1.0633417912795298,18.47576141357422,6.89403373511232,0.2,0.287863,0.284278,0.0018,retrained
1014,random,3,450,50,1.96463543386199,2.13161010103795,1.06826830975842,1.0633417912795298,13.801547050476074,6.28859501111583,0.25,0.284278,0.352077,0.002,retrained
1014,random,4,500,50,1.96463543386199,2.13161010103795,1.06826830975842,1.0633417912795298,19.35014915466309,4.04922987856844,0.31666666666666665,0.352077,0.388555,0.0022,retrained
1014,random,5,550,50,1.96463543386199,2.13161010103795,1.06826830975842,1.0633417912795298,16.4200496673584,4.04922987856844,0.35,0.388555,0.387274,0.055,retrained
1014,greedy,1,350,50,1.96463543386199,5.17458520972286,1.06826830975842,4.10631689996444,13.92059326171875,6.30182657383921,0.16666666666666666,0.27554,0.359673,0.0017,retrained
1014,greedy,2,400,50,1.96463543386199,2.13161010103795,1.06826830975842,1.0633417912795298,16.717504501342773,5.17458520972286,0.25,0.359673,0.343575,0.0018,retrained
1014,greedy,3,450,50,1.96463543386199,2.13161010103795,1.06826830975842,1.0633417912795298,16.9034366607666,3.47687136075183,0.4,0.343575,0.385895,0.002,retrained
1014,greedy,4,500,50,1.96463543386199,2.13161010103795,1.06826830975842,1.0633417912795298,21.05471420288086,3.47687136075183,0.5,0.385895,0.382717,0.1044,retrained
1014,greedy,5,550,50,1.96463543386199,2.13161010103795,1.06826830975842,1.0633417912795298,17.906848907470703,3.47687136075183,0.5833333333333334,0.382717,0.394229,0.08,retrained
1014,greedy_diverse,1,350,50,1.96463543386199,4.37453074478617,1.06826830975842,3.3062624350277496,13.92059326171875,6.28859501111583,0.11666666666666667,0.27554,0.357246,0.0017,retrained
1014,greedy_diverse,2,400,50,1.96463543386199,3.47687136075183,1.06826830975842,2.4086030509934098,15.001058578491213,5.17458520972286,0.21666666666666667,0.357246,0.430448,0.0018,retrained
1014,greedy_diverse,3,450,50,1.96463543386199,2.13161010103795,1.06826830975842,1.0633417912795298,15.176191329956056,4.04922987856844,0.36666666666666664,0.430448,0.420246,0.002,retrained
1014,greedy_diverse,4,500,50,1.96463543386199,2.13161010103795,1.06826830975842,1.0633417912795298,16.977128982543945,4.04922987856844,0.4666666666666667,0.420246,0.398747,0.0,retrained
1014,greedy_diverse,5,550,50,1.96463543386199,2.13161010103795,1.06826830975842,1.0633417912795298,17.081134796142578,4.04922987856844,0.5666666666666667,0.398747,0.415113,0.0,retrained
1014,maxmin_coverage,1,350,50,1.96463543386199,4.37453074478617,1.06826830975842,3.3062624350277496,16.229333877563477,7.50053111732268,0.08333333333333333,0.27554,0.345421,0.0017,retrained
1014,maxmin_coverage,2,400,50,1.96463543386199,3.47687136075183,1.06826830975842,2.4086030509934098,14.683588027954102,5.17458520972286,0.23333333333333334,0.345421,0.40306,0.0018,retrained
1014,maxmin_coverage,3,450,50,1.96463543386199,3.47687136075183,1.06826830975842,2.4086030509934098,17.66937828063965,4.37453074478617,0.31666666666666665,0.40306,0.395986,0.002,retrained
1014,maxmin_coverage,4,500,50,1.96463543386199,3.47687136075183,1.06826830975842,2.4086030509934098,20.56447982788086,4.37453074478617,0.45,0.395986,0.357375,0.0,retrained
1014,maxmin_coverage,5,550,50,1.96463543386199,3.47687136075183,1.06826830975842,2.4086030509934098,21.68177604675293,4.37453074478617,0.55,0.357375,0.383626,0.0,retrained
1015,random,1,350,50,1.06826830975842,1.75952003577549,-2.72422035229465,4.4837403880701405,16.5599422454834,13.5543563007595,0.03333333333333333,0.269977,0.265475,0.0017,retrained
1015,random,2,400,50,1.06826830975842,1.75952003577549,-2.72422035229465,4.4837403880701405,17.53268051147461,4.60837494907901,0.15,0.265475,0.276742,0.0,retrained
1015,random,3,450,50,1.06826830975842,1.75952003577549,-2.72422035229465,4.4837403880701405,20.253358840942383,4.60837494907901,0.23333333333333334,0.276742,0.246063,0.0,retrained
1015,random,4,500,50,1.06826830975842,1.75952003577549,-2.72422035229465,4.4837403880701405,15.948460578918455,4.60837494907901,0.36666666666666664,0.246063,0.274141,0.0,retrained
1015,random,5,550,50,1.06826830975842,1.75952003577549,-2.72422035229465,4.4837403880701405,19.301210403442383,3.41173968594012,0.5,0.274141,0.311769,0.0,retrained
1015,greedy,1,350,50,1.06826830975842,2.91626778182399,-2.72422035229465,5.64048813411864,11.61780071258545,4.37453074478617,0.16666666666666666,0.269977,0.247847,0.0017,retrained
1015,greedy,2,400,50,1.06826830975842,2.91626778182399,-2.72422035229465,5.64048813411864,16.37312889099121,3.47687136075183,0.3,0.247847,0.267884,0.0,retrained
1015,greedy,3,450,50,1.06826830975842,2.91626778182399,-2.72422035229465,5.64048813411864,17.692684173583984,3.47687136075183,0.38333333333333336,0.267884,0.266333,0.0,retrained
1015,greedy,4,500,50,-2.72422035229465,-2.72422035229465,-2.72422035229465,0.0,19.8403434753418,3.41173968594012,0.5166666666666667,0.266333,0.195122,0.0,retrained
1015,greedy,5,550,50,-2.72422035229465,-2.72422035229465,-2.72422035229465,0.0,18.70319938659668,3.41173968594012,0.5333333333333333,0.195122,0.246477,0.06,retrained
1015,greedy_diverse,1,350,50,1.06826830975842,2.91626778182399,-2.72422035229465,5.64048813411864,11.61780071258545,7.50053111732268,0.16666666666666666,0.269977,0.299614,0.0017,retrained
1015,greedy_diverse,2,400,50,1.06826830975842,2.86005131311322,-2.72422035229465,5.58427166540787,14.581411361694336,3.41173968594012,0.3333333333333333,0.299614,0.30141,0.0,retrained
1015,greedy_diverse,3,450,50,1.06826830975842,2.86005131311322,-2.72422035229465,5.58427166540787,13.465913772583008,3.41173968594012,0.4,0.30141,0.286575,0.0,retrained
1015,greedy_diverse,4,500,50,1.06826830975842,2.86005131311322,-2.72422035229465,5.58427166540787,13.6627836227417,3.41173968594012,0.4666666666666667,0.286575,0.280312,0.0,retrained
1015,greedy_diverse,5,550,50,-2.72422035229465,-2.72422035229465,-2.72422035229465,0.0,13.84954833984375,2.86005131311322,0.5666666666666667,0.280312,0.268868,0.0,retrained
1015,maxmin_coverage,1,350,50,1.06826830975842,2.91626778182399,-2.72422035229465,5.64048813411864,11.61780071258545,6.55698841387493,0.16666666666666666,0.269977,0.261511,0.0017,retrained
1015,maxmin_coverage,2,400,50,1.06826830975842,2.91626778182399,-2.72422035229465,5.64048813411864,14.386686325073242,3.47687136075183,0.23333333333333334,0.261511,0.264089,0.0,retrained
1015,maxmin_coverage,3,450,50,1.06826830975842,2.91626778182399,-2.72422035229465,5.64048813411864,18.346168518066406,3.47687136075183,0.35,0.264089,0.277433,0.0,retrained
1015,maxmin_coverage,4,500,50,1.06826830975842,2.91626778182399,-2.72422035229465,5.64048813411864,19.004756927490234,3.47687136075183,0.45,0.277433,0.349807,0.0,retrained
1015,maxmin_coverage,5,550,50,-2.72422035229465,-2.72422035229465,-2.72422035229465,0.0,20.9317684173584,1.54152123986569,0.6,0.349807,0.300072,0.0,retrained
1016,random,1,350,50,1.06826830975842,1.06826830975842,-1.79640898725484,2.86467729701326,18.201828002929688,6.28859501111583,0.11666666666666667,0.350175,0.335125,0.0017,retrained
1016,random,2,400,50,1.06826830975842,1.06826830975842,-1.79640898725484,2.86467729701326,16.738616943359375,3.97923397722116,0.18333333333333332,0.335125,0.364665,0.0,retrained
1016,random,3,450,50,1.06826830975842,1.06826830975842,-1.79640898725484,2.86467729701326,15.07562255859375,3.97923397722116,0.31666666666666665,0.364665,0.351559,0.0,retrained
1016,random,4,500,50,1.06826830975842,1.06826830975842,-1.79640898725484,2.86467729701326,13.584136962890623,3.43182911266194,0.36666666666666664,0.351559,0.354639,0.0,retrained
1016,random,5,550,50,-1.79640898725484,-1.79640898725484,-1.79640898725484,0.0,12.605124473571776,2.86005131311322,0.43333333333333335,0.354639,0.398753,0.0,retrained
1016,greedy,1,350,50,1.54152123986569,3.43182911266194,-1.79640898725484,5.22823809991678,14.337841987609863,5.36710108139232,0.21666666666666667,0.350175,0.378032,0.0017,retrained
1016,greedy,2,400,50,-1.79640898725484,-1.79640898725484,-1.79640898725484,0.0,17.220386505126953,3.43182911266194,0.35,0.378032,0.374157,0.0,retrained
1016,greedy,3,450,50,-1.79640898725484,-1.79640898725484,-1.79640898725484,0.0,17.637054443359375,2.18454132435727,0.5666666666666667,0.374157,0.350113,0.0,retrained
1016,greedy,4,500,50,-1.79640898725484,-1.79640898725484,-1.79640898725484,0.0,18.53032112121582,2.18454132435727,0.6166666666666667,0.350113,0.34947,0.0,retrained
1016,greedy,5,550,50,-1.79640898725484,-1.79640898725484,-1.79640898725484,0.0,21.4627742767334,2.16613746399526,0.7166666666666667,0.34947,0.389098,0.09,retrained
1016,greedy_diverse,1,350,50,1.54152123986569,1.75952003577549,-1.79640898725484,3.5559290230303304,14.337841987609863,3.43182911266194,0.18333333333333332,0.350175,0.348613,0.0017,retrained
1016,greedy_diverse,2,400,50,-1.79640898725484,-1.79640898725484,-1.79640898725484,0.0,14.403470993041992,2.63410041427414,0.3333333333333333,0.348613,0.311868,0.0,retrained
1016,greedy_diverse,3,450,50,-1.79640898725484,-1.79640898725484,-1.79640898725484,0.0,14.40315055847168,2.63410041427414,0.4666666666666667,0.311868,0.350842,0.0,retrained
1016,greedy_diverse,4,500,50,-1.79640898725484,-1.79640898725484,-1.79640898725484,0.0,13.74571418762207,2.63410041427414,0.5166666666666667,0.350842,0.345559,0.0,retrained
1016,greedy_diverse,5,550,50,-1.79640898725484,-1.79640898725484,-1.79640898725484,0.0,12.806753158569336,2.63410041427414,0.5333333333333333,0.345559,0.353802,0.0,retrained
1016,maxmin_coverage,1,350,50,1.54152123986569,1.75952003577549,-1.79640898725484,3.5559290230303304,16.82234764099121,2.86005131311322,0.15,0.350175,0.337925,0.0017,retrained
1016,maxmin_coverage,2,400,50,-1.79640898725484,-1.79640898725484,-1.79640898725484,0.0,11.750699043273926,2.63410041427414,0.25,0.337925,0.333124,0.0,retrained
1016,maxmin_coverage,3,450,50,-1.79640898725484,-1.79640898725484,-1.79640898725484,0.0,17.328824996948242,2.18454132435727,0.36666666666666664,0.333124,0.442525,0.0,retrained
1016,maxmin_coverage,4,500,50,-1.79640898725484,-1.79640898725484,-1.79640898725484,0.0,21.366674423217773,2.18454132435727,0.48333333333333334,0.442525,0.374252,0.0,retrained
1016,maxmin_coverage,5,550,50,-1.79640898725484,-1.79640898725484,-1.79640898725484,0.0,21.68779754638672,2.18454132435727,0.5166666666666667,0.374252,0.428768,0.0,retrained
1017,random,1,350,50,-2.72422035229465,5.33881959069549,-5.94630000275356,11.28511959344905,15.983659744262695,8.77276034257011,0.1,0.246023,0.311628,0.0017,retrained
1017,random,2,400,50,-2.72422035229465,5.33881959069549,-5.94630000275356,11.28511959344905,13.965911865234377,8.77276034257011,0.11666666666666667,0.311628,0.319394,0.0018,retrained
1017,random,3,450,50,-2.72422035229465,3.031954188893,-5.94630000275356,8.97825419164656,17.843944549560547,4.05739550297221,0.26666666666666666,0.319394,0.334532,0.002,retrained
1017,random,4,500,50,-5.94630000275356,-5.94630000275356,-5.94630000275356,0.0,14.140974044799805,3.47687136075183,0.38333333333333336,0.334532,0.316208,0.0022,retrained
1017,random,5,550,50,-5.94630000275356,-5.94630000275356,-5.94630000275356,0.0,16.14212417602539,3.47687136075183,0.43333333333333335,0.316208,0.281715,0.0025,retrained
1017,greedy,1,350,50,-5.94630000275356,-5.94630000275356,-5.94630000275356,0.0,10.68910789489746,3.031954188893,0.2,0.246023,0.325457,0.0017,retrained
1017,greedy,2,400,50,-5.94630000275356,-5.94630000275356,-5.94630000275356,0.0,16.993602752685547,3.031954188893,0.38333333333333336,0.325457,0.264609,0.0018,retrained
1017,greedy,3,450,50,-5.94630000275356,-5.94630000275356,-5.94630000275356,0.0,15.91191291809082,2.18454132435727,0.4666666666666667,0.264609,0.318208,0.002,retrained
1017,greedy,4,500,50,-5.94630000275356,-5.94630000275356,-5.94630000275356,0.0,18.605932235717773,2.18454132435727,0.55,0.318208,0.298774,0.0022,retrained
1017,greedy,5,550,50,-5.94630000275356,-5.94630000275356,-5.94630000275356,0.0,21.978166580200195,2.18454132435727,0.6666666666666666,0.298774,0.300942,0.0025,retrained
1017,greedy_diverse,1,350,50,-5.94630000275356,-5.94630000275356,-5.94630000275356,0.0,10.68910789489746,4.54615422639108,0.18333333333333332,0.246023,0.317573,0.0017,retrained
1017,greedy_diverse,2,400,50,-5.94630000275356,-5.94630000275356,-5.94630000275356,0.0,13.494850158691406,2.18454132435727,0.3333333333333333,0.317573,0.317757,0.0018,retrained
1017,greedy_diverse,3,450,50,-5.94630000275356,-5.94630000275356,-5.94630000275356,0.0,13.579198837280272,2.18454132435727,0.43333333333333335,0.317757,0.320747,0.002,retrained
1017,greedy_diverse,4,500,50,-5.94630000275356,-5.94630000275356,-5.94630000275356,0.0,13.13739013671875,2.18454132435727,0.5166666666666667,0.320747,0.355938,0.0022,retrained
1017,greedy_diverse,5,550,50,-5.94630000275356,-5.94630000275356,-5.94630000275356,0.0,14.404332160949709,2.17004855394771,0.5833333333333334,0.355938,0.348292,0.0,retrained
1017,maxmin_coverage,1,350,50,-2.72422035229465,4.54615422639108,-5.94630000275356,10.49245422914464,17.669635772705078,6.75878054208806,0.15,0.246023,0.331196,0.0017,retrained
1017,maxmin_coverage,2,400,50,-5.94630000275356,-5.94630000275356,-5.94630000275356,0.0,13.146173477172852,3.031954188893,0.25,0.331196,0.315732,0.0018,retrained
1017,maxmin_coverage,3,450,50,-5.94630000275356,-5.94630000275356,-5.94630000275356,0.0,17.694400787353516,2.18454132435727,0.43333333333333335,0.315732,0.32586,0.002,retrained
1017,maxmin_coverage,4,500,50,-5.94630000275356,-5.94630000275356,-5.94630000275356,0.0,21.620380401611328,2.17004855394771,0.48333333333333334,0.32586,0.336006,0.0022,retrained
1017,maxmin_coverage,5,550,50,-5.94630000275356,-5.94630000275356,-5.94630000275356,0.0,22.963817596435547,2.17004855394771,0.5333333333333333,0.336006,0.351282,0.0,retrained
1018,random,1,350,50,-2.72422035229465,3.19723738387984,-0.128988702253992,3.3262260861338317,18.05647850036621,11.1514320625101,0.06666666666666667,0.258672,0.285009,0.0,retrained
1018,random,2,400,50,-2.72422035229465,3.19723738387984,-0.128988702253992,3.3262260861338317,14.052749633789062,6.55698841387493,0.13333333333333333,0.285009,0.304613,0.0,retrained
1018,random,3,450,50,-2.72422035229465,3.19723738387984,-0.128988702253992,3.3262260861338317,16.62148666381836,4.07733535693114,0.23333333333333334,0.304613,0.354049,0.0,retrained
1018,random,4,500,50,-2.72422035229465,3.19723738387984,-0.128988702253992,3.3262260861338317,13.338229179382324,4.07733535693114,0.3333333333333333,0.354049,0.357678,0.0,retrained
1018,random,5,550,50,-2.72422035229465,1.31582066329793,-0.128988702253992,1.4448093655519219,14.16875171661377,3.47687136075183,0.4,0.357678,0.3341,0.0,retrained
1018,greedy,1,350,50,-2.72422035229465,-0.128988702253992,-0.128988702253992,0.0,13.1157865524292,4.91456410378305,0.16666666666666666,0.258672,0.301629,0.0,retrained
1018,greedy,2,400,50,-2.72422035229465,-0.128988702253992,-0.128988702253992,0.0,15.872830390930176,4.60837494907901,0.23333333333333334,0.301629,0.327119,0.0,retrained
1018,greedy,3,450,50,-2.72422035229465,-0.128988702253992,-0.128988702253992,0.0,17.4147891998291,4.60837494907901,0.36666666666666664,0.327119,0.377373,0.0,retrained
1018,greedy,4,500,50,-2.72422035229465,-0.128988702253992,-0.128988702253992,0.0,17.734628677368164,4.07733535693114,0.5666666666666667,0.377373,0.314528,0.0,retrained
1018,greedy,5,550,50,-2.72422035229465,-0.128988702253992,-0.128988702253992,0.0,19.20781135559082,4.07733535693114,0.6666666666666666,0.314528,0.340089,0.0,retrained
1018,greedy_diverse,1,350,50,-2.72422035229465,-0.128988702253992,-0.128988702253992,0.0,13.1157865524292,6.63529152522096,0.11666666666666667,0.258672,0.338125,0.0,retrained
1018,greedy_diverse,2,400,50,-2.72422035229465,-0.128988702253992,-0.128988702253992,0.0,14.691497802734377,5.33881959069549,0.26666666666666666,0.338125,0.35319,0.0,retrained
1018,greedy_diverse,3,450,50,-2.72422035229465,-0.128988702253992,-0.128988702253992,0.0,15.515408515930176,5.33881959069549,0.31666666666666665,0.35319,0.356773,0.0,retrained
1018,greedy_diverse,4,500,50,-2.72422035229465,-0.128988702253992,-0.128988702253992,0.0,15.21147632598877,4.91456410378305,0.36666666666666664,0.356773,0.331991,0.0,retrained
1018,greedy_diverse,5,550,50,-2.72422035229465,-0.128988702253992,-0.128988702253992,0.0,15.87309741973877,4.91456410378305,0.38333333333333336,0.331991,0.438996,0.0,retrained
1018,maxmin_coverage,1,350,50,-2.72422035229465,-0.128988702253992,-0.128988702253992,0.0,17.717248916625977,6.63529152522096,0.08333333333333333,0.258672,0.30617,0.0,retrained
1018,maxmin_coverage,2,400,50,-2.72422035229465,-0.128988702253992,-0.128988702253992,0.0,13.616414070129396,6.63529152522096,0.16666666666666666,0.30617,0.303099,0.0,retrained
1018,maxmin_coverage,3,450,50,-2.72422035229465,-0.128988702253992,-0.128988702253992,0.0,15.353086471557615,5.33881959069549,0.3,0.303099,0.294711,0.0,retrained
1018,maxmin_coverage,4,500,50,-2.72422035229465,-0.128988702253992,-0.128988702253992,0.0,19.839603424072266,5.33881959069549,0.35,0.294711,0.363339,0.0,retrained
1018,maxmin_coverage,5,550,50,-2.72422035229465,-0.128988702253992,-0.128988702253992,0.0,21.342113494873047,4.91456410378305,0.4166666666666667,0.363339,0.410677,0.0,retrained
1019,random,1,350,50,1.54152123986569,1.54152123986569,1.54152123986569,0.0,17.132715225219727,4.76361946380712,0.13333333333333333,0.213965,0.208504,0.0017,retrained
1019,random,2,400,50,1.54152123986569,1.54152123986569,1.54152123986569,0.0,15.894315719604492,4.76361946380712,0.21666666666666667,0.208504,0.195849,0.0018,retrained
1019,random,3,450,50,1.54152123986569,1.54152123986569,1.54152123986569,0.0,12.895402908325195,4.76361946380712,0.26666666666666666,0.195849,0.24815,0.002,retrained
1019,random,4,500,50,1.54152123986569,1.54152123986569,1.54152123986569,0.0,16.424592971801758,4.60837494907901,0.36666666666666664,0.24815,0.254712,0.0022,retrained
1019,random,5,550,50,1.54152123986569,1.54152123986569,1.54152123986569,0.0,16.429067611694336,4.04922987856844,0.45,0.254712,0.292669,0.06,retrained
1019,greedy,1,350,50,1.82530723417949,4.07733535693114,1.54152123986569,2.5358141170654505,14.47917652130127,6.09064042745013,0.13333333333333333,0.213965,0.246512,0.0017,retrained
1019,greedy,2,400,50,1.82530723417949,2.91626778182399,1.54152123986569,1.3747465419583,13.590954780578612,4.07733535693114,0.2833333333333333,0.246512,0.264944,0.0018,retrained
1019,greedy,3,450,50,1.82530723417949,2.17004855394771,1.54152123986569,0.62852731408202,16.83339500427246,2.91626778182399,0.43333333333333335,0.264944,0.257253,0.002,retrained
1019,greedy,4,500,50,1.82530723417949,1.96463543386199,1.54152123986569,0.4231141939963001,19.30988121032715,2.78908783021689,0.6,0.257253,0.296526,0.0022,retrained
1019,greedy,5,550,50,1.54152123986569,1.54152123986569,1.54152123986569,0.0,19.880199432373047,2.17004855394771,0.7166666666666667,0.296526,0.249575,0.08,retrained
1019,greedy_diverse,1,350,50,1.82530723417949,4.07733535693114,1.54152123986569,2.5358141170654505,14.47917652130127,6.75878054208806,0.11666666666666667,0.213965,0.25226,0.0017,retrained
1019,greedy_diverse,2,400,50,1.82530723417949,4.04922987856844,1.54152123986569,2.50770863870275,13.565324783325195,4.76361946380712,0.2833333333333333,0.25226,0.2189,0.0018,retrained
1019,greedy_diverse,3,450,50,1.54152123986569,1.54152123986569,1.54152123986569,0.0,13.710409164428713,3.43182911266194,0.45,0.2189,0.272026,0.002,retrained
1019,greedy_diverse,4,500,50,1.54152123986569,1.54152123986569,1.54152123986569,0.0,11.492788314819336,3.43182911266194,0.55,0.272026,0.289731,0.0022,retrained
1019,greedy_diverse,5,550,50,1.54152123986569,1.54152123986569,1.54152123986569,0.0,13.788381576538086,3.43182911266194,0.5833333333333334,0.289731,0.322592,0.0025,retrained
1019,maxmin_coverage,1,350,50,1.82530723417949,2.91626778182399,1.54152123986569,1.3747465419583,17.162517547607422,6.28859501111583,0.13333333333333333,0.213965,0.273254,0.0017,retrained
1019,maxmin_coverage,2,400,50,1.82530723417949,2.91626778182399,1.54152123986569,1.3747465419583,14.95639991760254,4.07733535693114,0.25,0.273254,0.317745,0.0018,retrained
1019,maxmin_coverage,3,450,50,1.54152123986569,1.54152123986569,1.54152123986569,0.0,18.23341178894043,3.43182911266194,0.43333333333333335,0.317745,0.29017,0.002,retrained
1019,maxmin_coverage,4,500,50,1.54152123986569,1.54152123986569,1.54152123986569,0.0,20.500940322875977,3.43182911266194,0.5333333333333333,0.29017,0.333008,0.0022,retrained
1019,maxmin_coverage,5,550,50,1.54152123986569,1.54152123986569,1.54152123986569,0.0,20.34995651245117,3.43182911266194,0.6,0.333008,0.30143,0.0025,retrained
1020,random,1,350,50,2.17004855394771,4.04922987856844,-2.72422035229465,6.77345023086309,16.839298248291016,7.9021792755957,0.08333333333333333,0.209351,0.196706,0.0,retrained
1020,random,2,400,50,-1.79640898725484,-1.79640898725484,-2.72422035229465,0.9278113650398101,16.948240280151367,4.37453074478617,0.2,0.196706,0.192531,0.0,retrained
1020,random,3,450,50,-1.79640898725484,-1.79640898725484,-2.72422035229465,0.9278113650398101,16.404857635498047,4.37453074478617,0.26666666666666666,0.192531,0.212924,0.0,retrained
1020,random,4,500,50,-1.79640898725484,-1.79640898725484,-2.72422035229465,0.9278113650398101,15.353132247924805,4.37453074478617,0.35,0.212924,0.198354,0.0,retrained
1020,random,5,550,50,-1.79640898725484,-1.79640898725484,-2.72422035229465,0.9278113650398101,14.284570693969728,4.37453074478617,0.38333333333333336,0.198354,0.193542,0.035,retrained
1020,greedy,1,350,50,2.17004855394771,3.031954188893,-2.72422035229465,5.756174541187651,14.254542350769045,6.36943368090579,0.18333333333333332,0.209351,0.191643,0.0,retrained
1020,greedy,2,400,50,2.17004855394771,3.031954188893,-2.72422035229465,5.756174541187651,17.810474395751953,6.36943368090579,0.3,0.191643,0.163042,0.0,retrained
1020,greedy,3,450,50,2.16613746399526,2.16613746399526,-2.72422035229465,4.89035781628991,18.79552459716797,3.031954188893,0.43333333333333335,0.163042,0.160224,0.0,retrained
1020,greedy,4,500,50,-1.79640898725484,-1.79640898725484,-2.72422035229465,0.9278113650398101,17.780620574951172,2.91626778182399,0.5166666666666667,0.160224,0.190152,0.0,retrained
1020,greedy,5,550,50,-1.79640898725484,-1.79640898725484,-2.72422035229465,0.9278113650398101,19.885934829711918,2.91626778182399,0.5666666666666667,0.190152,0.176355,0.075,retrained
1020,greedy_diverse,1,350,50,2.17004855394771,3.031954188893,-2.72422035229465,5.756174541187651,14.254542350769045,6.48926897501224,0.18333333333333332,0.209351,0.19163,0.0,retrained
1020,greedy_diverse,2,400,50,-1.79640898725484,-1.79640898725484,-2.72422035229465,0.9278113650398101,14.768521308898926,4.51400760590695,0.3,0.19163,0.197061,0.0,retrained
1020,greedy_diverse,3,450,50,-1.79640898725484,-1.79640898725484,-2.72422035229465,0.9278113650398101,15.57666301727295,3.031954188893,0.45,0.197061,0.259916,0.0,retrained
1020,greedy_diverse,4,500,50,-1.79640898725484,-1.79640898725484,-2.72422035229465,0.9278113650398101,13.807699203491213,3.031954188893,0.5,0.259916,0.283701,0.0,retrained
1020,greedy_diverse,5,550,50,-1.79640898725484,-1.79640898725484,-2.72422035229465,0.9278113650398101,14.533833503723145,3.031954188893,0.5833333333333334,0.283701,0.233619,0.0,retrained
1020,maxmin_coverage,1,350,50,2.16613746399526,2.16613746399526,-2.72422035229465,4.89035781628991,16.916584014892578,6.28859501111583,0.15,0.209351,0.203713,0.0,retrained
1020,maxmin_coverage,2,400,50,2.16613746399526,2.16613746399526,-2.72422035229465,4.89035781628991,11.748064041137695,4.69478829079162,0.26666666666666666,0.203713,0.19049,0.0,retrained
1020,maxmin_coverage,3,450,50,-1.79640898725484,-1.79640898725484,-2.72422035229465,0.9278113650398101,18.47145271301269,3.031954188893,0.36666666666666664,0.19049,0.225622,0.0,retrained
1020,maxmin_coverage,4,500,50,-1.79640898725484,-1.79640898725484,-2.72422035229465,0.9278113650398101,20.74144554138184,3.031954188893,0.45,0.225622,0.245372,0.0,retrained
1020,maxmin_coverage,5,550,50,-1.79640898725484,-1.79640898725484,-2.72422035229465,0.9278113650398101,24.986364364624023,3.031954188893,0.5333333333333333,0.245372,0.233665,0.0,retrained
1021,random,1,350,50,1.96463543386199,1.96463543386199,-5.94630000275356,7.91093543661555,16.777782440185547,6.75878054208806,0.1,0.443479,0.436109,0.005,retrained
1021,random,2,400,50,1.96463543386199,1.96463543386199,-5.94630000275356,7.91093543661555,16.185577392578125,6.75878054208806,0.2,0.436109,0.422696,0.0036,retrained
1021,random,3,450,50,1.96463543386199,1.96463543386199,-5.94630000275356,7.91093543661555,17.243602752685547,4.07733535693114,0.25,0.422696,0.433508,0.004,retrained
1021,random,4,500,50,1.96463543386199,1.96463543386199,-5.94630000275356,7.91093543661555,16.633922576904297,4.07733535693114,0.4166666666666667,0.433508,0.429884,0.0044,retrained
1021,random,5,550,50,1.96463543386199,1.96463543386199,-5.94630000275356,7.91093543661555,17.88863754272461,4.07733535693114,0.48333333333333334,0.429884,0.391532,0.0625,retrained
1021,greedy,1,350,50,-5.94630000275356,-5.94630000275356,-5.94630000275356,0.0,13.603449821472168,6.55698841387493,0.06666666666666667,0.443479,0.397763,0.005,retrained
1021,greedy,2,400,50,-5.94630000275356,-5.94630000275356,-5.94630000275356,0.0,18.361173629760746,4.54615422639108,0.18333333333333332,0.397763,0.472239,0.0036,retrained
1021,greedy,3,450,50,-5.94630000275356,-5.94630000275356,-5.94630000275356,0.0,19.16101837158203,3.43182911266194,0.31666666666666665,0.472239,0.400714,0.004,retrained
1021,greedy,4,500,50,-5.94630000275356,-5.94630000275356,-5.94630000275356,0.0,16.616039276123047,2.78908783021689,0.43333333333333335,0.400714,0.445136,0.0044,retrained
1021,greedy,5,550,50,-5.94630000275356,-5.94630000275356,-5.94630000275356,0.0,20.53493309020996,1.96463543386199,0.5333333333333333,0.445136,0.3887,0.0875,retrained
1021,greedy_diverse,1,350,50,2.91626778182399,6.55698841387493,-5.94630000275356,12.50328841662849,13.603449821472168,6.89403373511232,0.11666666666666667,0.443479,0.421452,0.005,retrained
1021,greedy_diverse,2,400,50,2.91626778182399,3.43182911266194,-5.94630000275356,9.3781291154155,17.1203556060791,6.55698841387493,0.23333333333333334,0.421452,0.446555,0.0036,retrained
1021,greedy_diverse,3,450,50,2.91626778182399,3.43182911266194,-5.94630000275356,9.3781291154155,15.26356315612793,6.55698841387493,0.2833333333333333,0.446555,0.370883,0.004,retrained
1021,greedy_diverse,4,500,50,1.75952003577549,1.75952003577549,-5.94630000275356,7.70582003852905,17.13229751586914,3.43182911266194,0.36666666666666664,0.370883,0.382241,0.0,retrained
1021,greedy_diverse,5,550,50,1.75952003577549,1.75952003577549,-5.94630000275356,7.70582003852905,16.960689544677734,3.43182911266194,0.4666666666666667,0.382241,0.378485,0.0,retrained
1021,maxmin_coverage,1,350,50,2.91626778182399,4.51400760590695,-5.94630000275356,10.46030760866051,16.62314796447754,6.75878054208806,0.11666666666666667,0.443479,0.379155,0.005,retrained
1021,maxmin_coverage,2,400,50,2.91626778182399,3.43182911266194,-5.94630000275356,9.3781291154155,15.501370429992676,6.55698841387493,0.2,0.379155,0.387019,0.0036,retrained
1021,maxmin_coverage,3,450,50,1.96463543386199,1.96463543386199,-5.94630000275356,7.91093543661555,18.51749992370605,4.51400760590695,0.26666666666666666,0.387019,0.400185,0.004,retrained
1021,maxmin_coverage,4,500,50,1.75952003577549,1.75952003577549,-5.94630000275356,7.70582003852905,21.9495906829834,3.43182911266194,0.38333333333333336,0.400185,0.432023,0.0044,retrained
1021,maxmin_coverage,5,550,50,1.75952003577549,1.75952003577549,-5.94630000275356,7.70582003852905,23.448558807373047,3.43182911266194,0.4166666666666667,0.432023,0.395972,0.005,retrained
1022,random,1,350,50,-2.72422035229465,11.142784271804,-5.94630000275356,17.08908427455756,18.600078582763672,17.6024517932892,0.016666666666666666,0.222216,0.226794,0.0017,retrained
1022,random,2,400,50,-2.72422035229465,6.4420467025011,-5.94630000275356,12.38834670525466,14.6261625289917,7.50053111732268,0.11666666666666667,0.226794,0.249687,0.0018,retrained
1022,random,3,450,50,-2.72422035229465,2.16613746399526,-5.94630000275356,8.112437466748819,15.378456115722656,5.38251813034731,0.2,0.249687,0.2648,0.002,retrained
1022,random,4,500,50,-2.72422035229465,1.54152123986569,-5.94630000275356,7.487821242619249,16.103775024414062,4.69478829079162,0.31666666666666665,0.2648,0.285352,0.0022,retrained
1022,random,5,550,50,-2.72422035229465,1.54152123986569,-5.94630000275356,7.487821242619249,13.74750518798828,4.69478829079162,0.4,0.285352,0.299523,0.07,retrained
1022,greedy,1,350,50,-5.94630000275356,-5.94630000275356,-5.94630000275356,0.0,10.288311004638672,2.16613746399526,0.2,0.222216,0.202759,0.0017,retrained
1022,greedy,2,400,50,-5.94630000275356,-5.94630000275356,-5.94630000275356,0.0,15.699037551879885,2.16613746399526,0.3,0.202759,0.20054,0.0018,retrained
1022,greedy,3,450,50,-5.94630000275356,-5.94630000275356,-5.94630000275356,0.0,17.342870712280273,2.16613746399526,0.4,0.20054,0.219973,0.002,retrained
1022,greedy,4,500,50,-5.94630000275356,-5.94630000275356,-5.94630000275356,0.0,19.901945114135746,2.16613746399526,0.5166666666666667,0.219973,0.231573,0.0022,retrained
1022,greedy,5,550,50,-5.94630000275356,-5.94630000275356,-5.94630000275356,0.0,21.631067276000977,2.16613746399526,0.65,0.231573,0.253328,0.0025,retrained
1022,greedy_diverse,1,350,50,-5.94630000275356,-5.94630000275356,-5.94630000275356,0.0,10.288311004638672,6.85822719620774,0.15,0.222216,0.205964,0.0017,retrained
1022,greedy_diverse,2,400,50,-5.94630000275356,-5.94630000275356,-5.94630000275356,0.0,13.45351219177246,3.19723738387984,0.25,0.205964,0.208123,0.0018,retrained
1022,greedy_diverse,3,450,50,-5.94630000275356,-5.94630000275356,-5.94630000275356,0.0,14.08398151397705,3.19723738387984,0.35,0.208123,0.24722,0.002,retrained
1022,greedy_diverse,4,500,50,-5.94630000275356,-5.94630000275356,-5.94630000275356,0.0,14.901269912719728,3.19723738387984,0.5666666666666667,0.24722,0.245837,0.0022,retrained
1022,greedy_diverse,5,550,50,-5.94630000275356,-5.94630000275356,-5.94630000275356,0.0,14.847295761108398,3.19723738387984,0.65,0.245837,0.235903,0.0025,retrained
1022,maxmin_coverage,1,350,50,-5.94630000275356,-5.94630000275356,-5.94630000275356,0.0,16.37221908569336,8.97053604029134,0.1,0.222216,0.201232,0.0017,retrained
1022,maxmin_coverage,2,400,50,-5.94630000275356,-5.94630000275356,-5.94630000275356,0.0,11.560538291931152,3.19723738387984,0.18333333333333332,0.201232,0.174184,0.0018,retrained
1022,maxmin_coverage,3,450,50,-5.94630000275356,-5.94630000275356,-5.94630000275356,0.0,18.51984024047852,3.19723738387984,0.2833333333333333,0.174184,0.162495,0.002,retrained
1022,maxmin_coverage,4,500,50,-5.94630000275356,-5.94630000275356,-5.94630000275356,0.0,19.39752578735352,3.19723738387984,0.4666666666666667,0.162495,0.230196,0.0022,retrained
1022,maxmin_coverage,5,550,50,-5.94630000275356,-5.94630000275356,-5.94630000275356,0.0,23.15972900390625,3.19723738387984,0.65,0.230196,0.257382,0.0025,retrained
1023,random,1,350,50,-5.94630000275356,10.0903641931764,-1.79640898725484,11.886773180431241,12.71078872680664,11.4332049253462,0.11666666666666667,0.329681,0.295033,0.0,retrained
1023,random,2,400,50,-5.94630000275356,3.031954188893,-1.79640898725484,4.828363176147841,11.83103370666504,9.60820990174034,0.18333333333333332,0.295033,0.347464,0.0,retrained
1023,random,3,450,50,-5.94630000275356,3.031954188893,-1.79640898725484,4.828363176147841,18.06567001342773,7.78029772913942,0.2833333333333333,0.347464,0.34177,0.0,retrained
1023,random,4,500,50,-5.94630000275356,3.031954188893,-1.79640898725484,4.828363176147841,15.535685539245604,7.78029772913942,0.36666666666666664,0.34177,0.342636,0.0644,retrained
1023,random,5,550,50,-5.94630000275356,1.31582066329793,-1.79640898725484,3.11222965055277,12.723978996276855,5.36710108139232,0.45,0.342636,0.376152,0.0625,retrained
1023,greedy,1,350,50,-5.94630000275356,3.031954188893,-1.79640898725484,4.828363176147841,11.327951431274414,6.85822719620774,0.1,0.329681,0.319499,0.0,retrained
1023,greedy,2,400,50,-5.94630000275356,3.031954188893,-1.79640898725484,4.828363176147841,16.544836044311523,5.43463994693957,0.31666666666666665,0.319499,0.351924,0.0,retrained
1023,greedy,3,450,50,-5.94630000275356,3.031954188893,-1.79640898725484,4.828363176147841,18.123403549194336,5.36710108139232,0.4166666666666667,0.351924,0.356443,0.0,retrained
1023,greedy,4,500,50,-5.94630000275356,3.031954188893,-1.79640898725484,4.828363176147841,19.943294525146484,5.17458520972286,0.5,0.356443,0.346948,0.08,retrained
1023,greedy,5,550,50,-5.94630000275356,-1.79640898725484,-1.79640898725484,0.0,21.517065048217773,3.031954188893,0.65,0.346948,0.339433,0.0775,retrained
1023,greedy_diverse,1,350,50,-5.94630000275356,3.031954188893,-1.79640898725484,4.828363176147841,11.327951431274414,5.36710108139232,0.18333333333333332,0.329681,0.356043,0.0,retrained
1023,greedy_diverse,2,400,50,-5.94630000275356,-1.79640898725484,-1.79640898725484,0.0,13.27805519104004,4.51400760590695,0.38333333333333336,0.356043,0.361829,0.0,retrained
1023,greedy_diverse,3,450,50,-5.94630000275356,-1.79640898725484,-1.79640898725484,0.0,13.945744514465332,4.51400760590695,0.43333333333333335,0.361829,0.383351,0.0,retrained
1023,greedy_diverse,4,500,50,-5.94630000275356,-1.79640898725484,-1.79640898725484,0.0,16.843212127685547,4.37453074478617,0.5166666666666667,0.383351,0.407848,0.0,retrained
1023,greedy_diverse,5,550,50,-5.94630000275356,-1.79640898725484,-1.79640898725484,0.0,15.737852096557615,4.37453074478617,0.55,0.407848,0.404929,0.0,retrained
1023,maxmin_coverage,1,350,50,-5.94630000275356,3.031954188893,-1.79640898725484,4.828363176147841,15.48145866394043,6.40632700059723,0.15,0.329681,0.376163,0.0,retrained
1023,maxmin_coverage,2,400,50,-5.94630000275356,3.031954188893,-1.79640898725484,4.828363176147841,13.573290824890137,5.36710108139232,0.25,0.376163,0.343492,0.0,retrained
1023,maxmin_coverage,3,450,50,-5.94630000275356,3.031954188893,-1.79640898725484,4.828363176147841,16.0462646484375,5.36710108139232,0.4166666666666667,0.343492,0.34179,0.0,retrained
1023,maxmin_coverage,4,500,50,-5.94630000275356,-1.79640898725484,-1.79640898725484,0.0,19.555063247680664,4.37453074478617,0.5333333333333333,0.34179,0.388798,0.0,retrained
1023,maxmin_coverage,5,550,50,-5.94630000275356,-1.79640898725484,-1.79640898725484,0.0,17.29464340209961,4.37453074478617,0.5333333333333333,0.388798,0.403242,0.0,retrained
1024,random,1,350,50,-5.94630000275356,6.48926897501224,-0.128988702253992,6.618257677266232,19.27109718322754,8.95096643144643,0.06666666666666667,0.394513,0.329563,0.005,retrained
1024,random,2,400,50,-5.94630000275356,6.48926897501224,-0.128988702253992,6.618257677266232,18.779245376586918,8.95096643144643,0.08333333333333333,0.329563,0.300941,0.0018,retrained
1024,random,3,450,50,-5.94630000275356,4.37453074478617,-0.128988702253992,4.503519447040162,15.764921188354492,6.48926897501224,0.15,0.300941,0.382312,0.0,retrained
1024,random,4,500,50,-5.94630000275356,4.37453074478617,-0.128988702253992,4.503519447040162,16.570451736450195,5.43463994693957,0.23333333333333334,0.382312,0.384743,0.0,retrained
1024,random,5,550,50,-5.94630000275356,4.37453074478617,-0.128988702253992,4.503519447040162,18.61220932006836,5.43463994693957,0.3,0.384743,0.333598,0.0,retrained
1024,greedy,1,350,50,-5.94630000275356,4.91456410378305,-0.128988702253992,5.0435528060370425,16.14300537109375,6.34068141943135,0.15,0.394513,0.341337,0.005,retrained
1024,greedy,2,400,50,-5.94630000275356,4.60837494907901,-0.128988702253992,4.737363651333002,14.481595039367676,4.91456410378305,0.2833333333333333,0.341337,0.310238,0.0,retrained
1024,greedy,3,450,50,-5.94630000275356,4.07733535693114,-0.128988702253992,4.206324059185133,17.750333786010742,4.69478829079162,0.38333333333333336,0.310238,0.373878,0.0,retrained
1024,greedy,4,500,50,-5.94630000275356,1.31582066329793,-0.128988702253992,1.4448093655519219,18.38243293762207,4.20880715476233,0.4666666666666667,0.373878,0.309267,0.0,retrained
1024,greedy,5,550,50,-5.94630000275356,1.31582066329793,-0.128988702253992,1.4448093655519219,20.314563751220703,4.20880715476233,0.5833333333333334,0.309267,0.342775,0.0,retrained
1024,greedy_diverse,1,350,50,-5.94630000275356,4.91456410378305,-0.128988702253992,5.0435528060370425,16.14300537109375,6.34068141943135,0.13333333333333333,0.394513,0.339848,0.005,retrained
1024,greedy_diverse,2,400,50,-5.94630000275356,4.20880715476233,-0.128988702253992,4.337795857016323,12.34726619720459,5.43463994693957,0.25,0.339848,0.373848,0.0018,retrained
1024,greedy_diverse,3,450,50,-5.94630000275356,2.63410041427414,-0.128988702253992,2.763089116528132,14.014592170715332,4.91456410378305,0.35,0.373848,0.40882,0.002,retrained
1024,greedy_diverse,4,500,50,-5.94630000275356,2.63410041427414,-0.128988702253992,2.763089116528132,15.001218795776367,4.37453074478617,0.48333333333333334,0.40882,0.387722,0.0022,retrained
1024,greedy_diverse,5,550,50,-5.94630000275356,-0.128988702253992,-0.128988702253992,0.0,16.4338321685791,4.20880715476233,0.5166666666666667,0.387722,0.327311,0.0025,retrained
1024,maxmin_coverage,1,350,50,-5.94630000275356,6.48926897501224,-0.128988702253992,6.618257677266232,17.318315505981445,9.87516641963521,0.06666666666666667,0.394513,0.349237,0.005,retrained
1024,maxmin_coverage,2,400,50,-5.94630000275356,4.91456410378305,-0.128988702253992,5.0435528060370425,12.270800590515137,6.34068141943135,0.21666666666666667,0.349237,0.32798,0.0,retrained
1024,maxmin_coverage,3,450,50,-5.94630000275356,4.76361946380712,-0.128988702253992,4.8926081660611125,18.47254753112793,5.43463994693957,0.31666666666666665,0.32798,0.411214,0.0,retrained
1024,maxmin_coverage,4,500,50,-5.94630000275356,4.20880715476233,-0.128988702253992,4.337795857016323,21.02519989013672,4.91456410378305,0.4,0.411214,0.424379,0.0,retrained
1024,maxmin_coverage,5,550,50,-5.94630000275356,-0.128988702253992,-0.128988702253992,0.0,23.558151245117188,4.20880715476233,0.4666666666666667,0.424379,0.36324,0.0,retrained
1025,random,1,350,50,-1.79640898725484,4.20880715476233,1.75952003577549,2.44928711898684,15.457119941711426,11.2094668582577,0.05,0.186315,0.242648,0.0083,retrained
1025,random,2,400,50,-1.79640898725484,4.20880715476233,1.75952003577549,2.44928711898684,19.065624237060547,7.70975061098216,0.15,0.242648,0.240714,0.0091,retrained
1025,random,3,450,50,-1.79640898725484,4.20880715476233,1.75952003577549,2.44928711898684,17.347274780273438,6.63529152522096,0.23333333333333334,0.240714,0.199407,0.002,retrained
1025,random,4,500,50,-1.79640898725484,1.96463543386199,1.75952003577549,0.20511539808649992,19.022878646850582,4.74393837252501,0.31666666666666665,0.199407,0.209368,0.0022,retrained
1025,random,5,550,50,-1.79640898725484,1.96463543386199,1.75952003577549,0.20511539808649992,14.994691848754885,4.04922987856844,0.4,0.209368,0.308037,0.0575,retrained
1025,greedy,1,350,50,-1.79640898725484,2.63410041427414,1.75952003577549,0.8745803784986499,13.707277297973633,6.63529152522096,0.16666666666666666,0.186315,0.191171,0.0083,retrained
1025,greedy,2,400,50,-1.79640898725484,1.96463543386199,1.75952003577549,0.20511539808649992,16.931337356567383,3.031954188893,0.31666666666666665,0.191171,0.212882,0.0018,retrained
1025,greedy,3,450,50,-1.79640898725484,1.75952003577549,1.75952003577549,0.0,16.304094314575195,2.18454132435727,0.43333333333333335,0.212882,0.196362,0.002,retrained
1025,greedy,4,500,50,-1.79640898725484,1.75952003577549,1.75952003577549,0.0,19.493221282958984,2.18454132435727,0.48333333333333334,0.196362,0.134517,0.0022,retrained
1025,greedy,5,550,50,-1.79640898725484,1.75952003577549,1.75952003577549,0.0,21.42542839050293,2.18454132435727,0.6333333333333333,0.134517,0.18953,0.0875,retrained
1025,greedy_diverse,1,350,50,-1.79640898725484,2.63410041427414,1.75952003577549,0.8745803784986499,13.707277297973633,6.63529152522096,0.1,0.186315,0.231909,0.0083,retrained
1025,greedy_diverse,2,400,50,-1.79640898725484,2.63410041427414,1.75952003577549,0.8745803784986499,14.799822807312012,3.47687136075183,0.18333333333333332,0.231909,0.301487,0.0018,retrained
1025,greedy_diverse,3,450,50,-1.79640898725484,1.75952003577549,1.75952003577549,0.0,13.796585083007812,3.031954188893,0.3333333333333333,0.301487,0.253757,0.002,retrained
1025,greedy_diverse,4,500,50,-1.79640898725484,1.75952003577549,1.75952003577549,0.0,14.333308219909668,3.031954188893,0.4166666666666667,0.253757,0.251703,0.0022,retrained
1025,greedy_diverse,5,550,50,-1.79640898725484,1.75952003577549,1.75952003577549,0.0,13.088624954223633,3.031954188893,0.4666666666666667,0.251703,0.275704,0.0025,retrained
1025,maxmin_coverage,1,350,50,-1.79640898725484,3.43182911266194,1.75952003577549,1.6723090768864497,17.048049926757812,9.40356191404135,0.06666666666666667,0.186315,0.231765,0.0083,retrained
1025,maxmin_coverage,2,400,50,-1.79640898725484,2.63410041427414,1.75952003577549,0.8745803784986499,14.171293258666992,3.43182911266194,0.18333333333333332,0.231765,0.209936,0.0018,retrained
1025,maxmin_coverage,3,450,50,-1.79640898725484,2.63410041427414,1.75952003577549,0.8745803784986499,18.006425857543945,3.43182911266194,0.26666666666666666,0.209936,0.217615,0.002,retrained
1025,maxmin_coverage,4,500,50,-1.79640898725484,1.75952003577549,1.75952003577549,0.0,19.965044021606445,3.031954188893,0.38333333333333336,0.217615,0.234843,0.0022,retrained
1025,maxmin_coverage,5,550,50,-1.79640898725484,1.75952003577549,1.75952003577549,0.0,22.74589157104492,3.031954188893,0.43333333333333335,0.234843,0.225847,0.0025,retrained
1026,random,1,350,50,-2.72422035229465,2.18454132435727,1.31582066329793,0.8687206610593403,18.990161895751957,8.80174928123233,0.15,0.27635,0.320638,0.0,retrained
1026,random,2,400,50,-2.72422035229465,2.18454132435727,1.31582066329793,0.8687206610593403,12.378900527954102,5.89735427590858,0.26666666666666666,0.320638,0.272251,0.0,retrained
1026,random,3,450,50,-2.72422035229465,2.18454132435727,1.31582066329793,0.8687206610593403,14.015484809875488,3.97923397722116,0.36666666666666664,0.272251,0.299079,0.0,retrained
1026,random,4,500,50,-2.72422035229465,2.18454132435727,1.31582066329793,0.8687206610593403,16.495943069458008,3.97923397722116,0.43333333333333335,0.299079,0.244199,0.0,retrained
1026,random,5,550,50,-2.72422035229465,2.18454132435727,1.31582066329793,0.8687206610593403,16.027393341064453,3.97923397722116,0.5166666666666667,0.244199,0.26036,0.0,retrained
1026,greedy,1,350,50,-2.72422035229465,2.18454132435727,1.31582066329793,0.8687206610593403,15.764167785644531,5.89735427590858,0.21666666666666667,0.27635,0.327607,0.0,retrained
1026,greedy,2,400,50,-2.72422035229465,1.54152123986569,1.31582066329793,0.22570057656776,14.477327346801758,4.07733535693114,0.4,0.327607,0.331126,0.0,retrained
1026,greedy,3,450,50,-2.72422035229465,1.54152123986569,1.31582066329793,0.22570057656776,17.42059898376465,4.07733535693114,0.45,0.331126,0.299601,0.0,retrained
1026,greedy,4,500,50,-2.72422035229465,1.54152123986569,1.31582066329793,0.22570057656776,19.08938980102539,3.19723738387984,0.5166666666666667,0.299601,0.269204,0.0889,retrained
1026,greedy,5,550,50,-2.72422035229465,1.54152123986569,1.31582066329793,0.22570057656776,19.430028915405277,2.18454132435727,0.6,0.269204,0.312833,0.0775,retrained
1026,greedy_diverse,1,350,50,-2.72422035229465,2.18454132435727,1.31582066329793,0.8687206610593403,15.764167785644531,5.89735427590858,0.21666666666666667,0.27635,0.301109,0.0,retrained
1026,greedy_diverse,2,400,50,-2.72422035229465,2.18454132435727,1.31582066329793,0.8687206610593403,13.831860542297363,5.89735427590858,0.31666666666666665,0.301109,0.277933,0.0,retrained
1026,greedy_diverse,3,450,50,-2.72422035229465,2.18454132435727,1.31582066329793,0.8687206610593403,16.37509536743164,5.89735427590858,0.4,0.277933,0.308625,0.0,retrained
1026,greedy_diverse,4,500,50,-2.72422035229465,2.18454132435727,1.31582066329793,0.8687206610593403,15.009791374206545,3.97923397722116,0.4666666666666667,0.308625,0.26699,0.0,retrained
1026,greedy_diverse,5,550,50,-2.72422035229465,1.75952003577549,1.31582066329793,0.4436993724775602,14.18585968017578,3.031954188893,0.5166666666666667,0.26699,0.270533,0.0,retrained
1026,maxmin_coverage,1,350,50,-2.72422035229465,6.09064042745013,1.31582066329793,4.7748197641522,15.764167785644531,9.7363388310041,0.08333333333333333,0.27635,0.198582,0.0,retrained
1026,maxmin_coverage,2,400,50,-2.72422035229465,2.18454132435727,1.31582066329793,0.8687206610593403,16.60256004333496,6.09064042745013,0.25,0.198582,0.252774,0.0,retrained
1026,maxmin_coverage,3,450,50,-2.72422035229465,2.18454132435727,1.31582066329793,0.8687206610593403,17.90573501586914,4.07733535693114,0.35,0.252774,0.246881,0.0,retrained
1026,maxmin_coverage,4,500,50,-2.72422035229465,1.75952003577549,1.31582066329793,0.4436993724775602,18.008121490478516,3.031954188893,0.43333333333333335,0.246881,0.218138,0.0,retrained
1026,maxmin_coverage,5,550,50,-2.72422035229465,1.75952003577549,1.31582066329793,0.4436993724775602,23.12433815002441,3.031954188893,0.48333333333333334,0.218138,0.200942,0.0,retrained
1027,random,1,350,50,-1.79640898725484,1.06826830975842,-0.128988702253992,1.197257012012412,18.45413589477539,16.4219894471935,0.016666666666666666,0.24441,0.201245,0.0,retrained
1027,random,2,400,50,-1.79640898725484,1.06826830975842,-0.128988702253992,1.197257012012412,19.10682487487793,8.04990337226263,0.08333333333333333,0.201245,0.226617,0.0,retrained
1027,random,3,450,50,-1.79640898725484,1.06826830975842,-0.128988702253992,1.197257012012412,15.32049560546875,4.60837494907901,0.18333333333333332,0.226617,0.260893,0.0,retrained
1027,random,4,500,50,-1.79640898725484,1.06826830975842,-0.128988702253992,1.197257012012412,18.66740608215332,4.60837494907901,0.26666666666666666,0.260893,0.220399,0.0,retrained
1027,random,5,550,50,-1.79640898725484,1.06826830975842,-0.128988702253992,1.197257012012412,17.458444595336914,4.60837494907901,0.4,0.220399,0.293559,0.0575,retrained
1027,greedy,1,350,50,-1.79640898725484,3.47687136075183,-0.128988702253992,3.6058600630058217,14.0256986618042,5.36710108139232,0.26666666666666666,0.24441,0.215453,0.0,retrained
1027,greedy,2,400,50,-1.79640898725484,1.06826830975842,-0.128988702253992,1.197257012012412,17.257009506225586,4.20880715476233,0.45,0.215453,0.322598,0.0,retrained
1027,greedy,3,450,50,-1.79640898725484,1.06826830975842,-0.128988702253992,1.197257012012412,18.609546661376957,4.20880715476233,0.5,0.322598,0.310059,0.0,retrained
1027,greedy,4,500,50,-1.79640898725484,1.06826830975842,-0.128988702253992,1.197257012012412,21.14799118041992,4.20880715476233,0.65,0.310059,0.322238,0.0978,retrained
1027,greedy,5,550,50,-1.79640898725484,-0.128988702253992,-0.128988702253992,0.0,21.593156814575195,3.47687136075183,0.7166666666666667,0.322238,0.321797,0.0875,retrained
1027,greedy_diverse,1,350,50,-1.79640898725484,5.33881959069549,-0.128988702253992,5.467808292949482,14.0256986618042,7.37935301607286,0.2,0.24441,0.275092,0.0,retrained
1027,greedy_diverse,2,400,50,-1.79640898725484,3.47687136075183,-0.128988702253992,3.6058600630058217,16.083423614501953,5.33881959069549,0.35,0.275092,0.285852,0.0,retrained
1027,greedy_diverse,3,450,50,-1.79640898725484,3.47687136075183,-0.128988702253992,3.6058600630058217,15.147610664367676,5.33881959069549,0.4166666666666667,0.285852,0.273461,0.0,retrained
1027,greedy_diverse,4,500,50,-1.79640898725484,3.47687136075183,-0.128988702253992,3.6058600630058217,14.698602676391602,5.33881959069549,0.48333333333333334,0.273461,0.314037,0.0,retrained
1027,greedy_diverse,5,550,50,-1.79640898725484,-0.128988702253992,-0.128988702253992,0.0,15.645451545715332,3.97923397722116,0.5666666666666667,0.314037,0.314795,0.0,retrained
1027,maxmin_coverage,1,350,50,-1.79640898725484,6.4420467025011,-0.128988702253992,6.571035404755093,16.852447509765625,8.35430902757071,0.1,0.24441,0.240167,0.0,retrained
1027,maxmin_coverage,2,400,50,-1.79640898725484,6.4420467025011,-0.128988702253992,6.571035404755093,14.443044662475586,7.5509529834635,0.2,0.240167,0.263536,0.0,retrained
1027,maxmin_coverage,3,450,50,-1.79640898725484,3.47687136075183,-0.128988702253992,3.6058600630058217,15.303627014160156,4.51400760590695,0.38333333333333336,0.263536,0.3035,0.0,retrained
1027,maxmin_coverage,4,500,50,-1.79640898725484,-0.128988702253992,-0.128988702253992,0.0,21.0747013092041,4.20880715476233,0.4666666666666667,0.3035,0.349104,0.0,retrained
1027,maxmin_coverage,5,550,50,-1.79640898725484,-0.128988702253992,-0.128988702253992,0.0,21.720224380493164,4.20880715476233,0.5166666666666667,0.349104,0.293077,0.0,retrained
1028,random,1,350,50,1.54152123986569,6.30182657383921,-2.72422035229465,9.02604692613386,16.611019134521484,7.78029772913942,0.11666666666666667,0.291984,0.304074,0.0017,retrained
1028,random,2,400,50,1.54152123986569,6.30182657383921,-2.72422035229465,9.02604692613386,18.40792465209961,7.78029772913942,0.16666666666666666,0.304074,0.317601,0.0018,retrained
1028,random,3,450,50,1.06826830975842,1.06826830975842,-2.72422035229465,3.7924886620530702,17.815345764160156,4.54615422639108,0.26666666666666666,0.317601,0.238368,0.002,retrained
1028,random,4,500,50,1.06826830975842,1.06826830975842,-2.72422035229465,3.7924886620530702,18.311880111694336,4.20880715476233,0.35,0.238368,0.259566,0.0022,retrained
1028,random,5,550,50,1.06826830975842,1.06826830975842,-2.72422035229465,3.7924886620530702,15.065704345703123,1.96463543386199,0.4666666666666667,0.259566,0.302837,0.0025,retrained
1028,greedy,1,350,50,-1.79640898725484,-1.79640898725484,-2.72422035229465,0.9278113650398101,15.273114204406738,6.48926897501224,0.13333333333333333,0.291984,0.269636,0.0017,retrained
1028,greedy,2,400,50,-2.72422035229465,-2.72422035229465,-2.72422035229465,0.0,18.716419219970703,6.30182657383921,0.31666666666666665,0.269636,0.287835,0.0018,retrained
1028,greedy,3,450,50,-2.72422035229465,-2.72422035229465,-2.72422035229465,0.0,18.808025360107425,1.96463543386199,0.4666666666666667,0.287835,0.280644,0.002,retrained
1028,greedy,4,500,50,-2.72422035229465,-2.72422035229465,-2.72422035229465,0.0,20.45734024047852,1.96463543386199,0.5333333333333333,0.280644,0.28255,0.0022,retrained
1028,greedy,5,550,50,-2.72422035229465,-2.72422035229465,-2.72422035229465,0.0,21.60512351989746,1.75952003577549,0.6833333333333333,0.28255,0.281094,0.065,retrained
1028,greedy_diverse,1,350,50,-1.79640898725484,-1.79640898725484,-2.72422035229465,0.9278113650398101,15.273114204406738,4.20880715476233,0.18333333333333332,0.291984,0.295171,0.0017,retrained
1028,greedy_diverse,2,400,50,-1.79640898725484,-1.79640898725484,-2.72422035229465,0.9278113650398101,17.4962215423584,4.20880715476233,0.3,0.295171,0.287094,0.0018,retrained
1028,greedy_diverse,3,450,50,-1.79640898725484,-1.79640898725484,-2.72422035229465,0.9278113650398101,16.157485961914062,2.18454132435727,0.35,0.287094,0.27466,0.002,retrained
1028,greedy_diverse,4,500,50,-1.79640898725484,-1.79640898725484,-2.72422035229465,0.9278113650398101,17.416080474853516,2.18454132435727,0.4166666666666667,0.27466,0.283207,0.0022,retrained
1028,greedy_diverse,5,550,50,-1.79640898725484,-1.79640898725484,-2.72422035229465,0.9278113650398101,17.108800888061523,1.96463543386199,0.4666666666666667,0.283207,0.289276,0.0025,retrained
1028,maxmin_coverage,1,350,50,-1.79640898725484,-1.79640898725484,-2.72422035229465,0.9278113650398101,16.868330001831055,4.20880715476233,0.11666666666666667,0.291984,0.314942,0.0017,retrained
1028,maxmin_coverage,2,400,50,-1.79640898725484,-1.79640898725484,-2.72422035229465,0.9278113650398101,16.86785888671875,4.20880715476233,0.2,0.314942,0.350098,0.0018,retrained
1028,maxmin_coverage,3,450,50,-1.79640898725484,-1.79640898725484,-2.72422035229465,0.9278113650398101,18.08600425720215,4.09983239788562,0.31666666666666665,0.350098,0.358881,0.002,retrained
1028,maxmin_coverage,4,500,50,-1.79640898725484,-1.79640898725484,-2.72422035229465,0.9278113650398101,22.199365615844727,2.18454132435727,0.4,0.358881,0.351249,0.0022,retrained
1028,maxmin_coverage,5,550,50,-1.79640898725484,-1.79640898725484,-2.72422035229465,0.9278113650398101,23.426868438720703,2.18454132435727,0.45,0.351249,0.364196,0.0025,retrained
1029,random,1,350,50,2.13161010103795,2.78908783021689,-5.94630000275356,8.73538783297045,14.981637954711914,9.40356191404135,0.1,0.346377,0.397153,0.0033,retrained
1029,random,2,400,50,-5.94630000275356,-5.94630000275356,-5.94630000275356,0.0,12.237434387207031,3.43182911266194,0.21666666666666667,0.397153,0.389329,0.0036,retrained
1029,random,3,450,50,-5.94630000275356,-5.94630000275356,-5.94630000275356,0.0,15.430564880371094,3.43182911266194,0.35,0.389329,0.39371,0.004,retrained
1029,random,4,500,50,-5.94630000275356,-5.94630000275356,-5.94630000275356,0.0,16.23119354248047,3.43182911266194,0.4,0.39371,0.386123,0.0,retrained
1029,random,5,550,50,-5.94630000275356,-5.94630000275356,-5.94630000275356,0.0,11.577198028564451,2.78908783021689,0.5166666666666667,0.386123,0.364349,0.0,retrained
1029,greedy,1,350,50,-5.94630000275356,-5.94630000275356,-5.94630000275356,0.0,10.517321586608888,5.17458520972286,0.18333333333333332,0.346377,0.35091,0.0033,retrained
1029,greedy,2,400,50,-5.94630000275356,-5.94630000275356,-5.94630000275356,0.0,14.236288070678713,2.18454132435727,0.3,0.35091,0.395338,0.0036,retrained
1029,greedy,3,450,50,-5.94630000275356,-5.94630000275356,-5.94630000275356,0.0,19.40120506286621,2.18454132435727,0.4,0.395338,0.334364,0.0,retrained
1029,greedy,4,500,50,-5.94630000275356,-5.94630000275356,-5.94630000275356,0.0,19.287429809570312,2.18454132435727,0.5,0.334364,0.363258,0.0,retrained
1029,greedy,5,550,50,-5.94630000275356,-5.94630000275356,-5.94630000275356,0.0,20.203060150146484,2.18454132435727,0.5833333333333334,0.363258,0.361694,0.0875,retrained
1029,greedy_diverse,1,350,50,2.13161010103795,5.17458520972286,-5.94630000275356,11.12088521247642,10.517321586608888,6.88661601201238,0.18333333333333332,0.346377,0.365303,0.0033,retrained
1029,greedy_diverse,2,400,50,2.13161010103795,3.19723738387984,-5.94630000275356,9.1435373866334,12.136037826538086,4.09983239788562,0.3,0.365303,0.372171,0.0036,retrained
1029,greedy_diverse,3,450,50,2.13161010103795,2.91626778182399,-5.94630000275356,8.86256778457755,10.442051887512209,3.43182911266194,0.38333333333333336,0.372171,0.359572,0.0,retrained
1029,greedy_diverse,4,500,50,2.13161010103795,2.91626778182399,-5.94630000275356,8.86256778457755,13.62265968322754,3.43182911266194,0.5,0.359572,0.42408,0.0,retrained
1029,greedy_diverse,5,550,50,2.13161010103795,2.91626778182399,-5.94630000275356,8.86256778457755,14.753125190734863,3.43182911266194,0.6166666666666667,0.42408,0.394546,0.0,retrained
1029,maxmin_coverage,1,350,50,2.13161010103795,3.19723738387984,-5.94630000275356,9.1435373866334,16.03668975830078,8.83972418512712,0.1,0.346377,0.312144,0.0033,retrained
1029,maxmin_coverage,2,400,50,2.13161010103795,3.19723738387984,-5.94630000275356,9.1435373866334,11.88610553741455,6.55698841387493,0.23333333333333334,0.312144,0.356262,0.0036,retrained
1029,maxmin_coverage,3,450,50,2.13161010103795,3.19723738387984,-5.94630000275356,9.1435373866334,15.771395683288574,4.09983239788562,0.3333333333333333,0.356262,0.340717,0.004,retrained
1029,maxmin_coverage,4,500,50,2.13161010103795,2.91626778182399,-5.94630000275356,8.86256778457755,20.394481658935547,3.43182911266194,0.5,0.340717,0.428513,0.0,retrained
1029,maxmin_coverage,5,550,50,2.13161010103795,2.91626778182399,-5.94630000275356,8.86256778457755,22.487850189208984,3.43182911266194,0.65,0.428513,0.437882,0.0,retrained
1030,random,1,350,50,1.54152123986569,3.47687136075183,-5.94630000275356,9.42317136350539,16.627948760986328,7.51139606782453,0.08333333333333333,0.170998,0.25352,0.0,retrained
1030,random,2,400,50,1.54152123986569,2.17004855394771,-5.94630000275356,8.11634855670127,13.301755905151367,3.47687136075183,0.18333333333333332,0.25352,0.224346,0.0,retrained
1030,random,3,450,50,1.54152123986569,2.17004855394771,-5.94630000275356,8.11634855670127,14.945619583129885,3.47687136075183,0.26666666666666666,0.224346,0.238125,0.0,retrained
1030,random,4,500,50,1.54152123986569,2.17004855394771,-5.94630000275356,8.11634855670127,16.207317352294922,3.19723738387984,0.3333333333333333,0.238125,0.263041,0.0,retrained
1030,random,5,550,50,-1.79640898725484,-1.79640898725484,-5.94630000275356,4.14989101549872,13.617103576660156,2.18454132435727,0.4166666666666667,0.263041,0.229504,0.0,retrained
1030,greedy,1,350,50,-5.94630000275356,-5.94630000275356,-5.94630000275356,0.0,12.213964462280272,6.55698841387493,0.13333333333333333,0.170998,0.197459,0.0,retrained
1030,greedy,2,400,50,-5.94630000275356,-5.94630000275356,-5.94630000275356,0.0,16.784128189086914,2.18454132435727,0.25,0.197459,0.27667,0.0,retrained
1030,greedy,3,450,50,-5.94630000275356,-5.94630000275356,-5.94630000275356,0.0,15.297857284545898,2.17004855394771,0.43333333333333335,0.27667,0.230697,0.0,retrained
1030,greedy,4,500,50,-5.94630000275356,-5.94630000275356,-5.94630000275356,0.0,17.280471801757812,2.17004855394771,0.55,0.230697,0.278827,0.0,retrained
1030,greedy,5,550,50,-5.94630000275356,-5.94630000275356,-5.94630000275356,0.0,19.177181243896484,2.17004855394771,0.5833333333333334,0.278827,0.263422,0.0,retrained
1030,greedy_diverse,1,350,50,-1.79640898725484,-1.79640898725484,-5.94630000275356,4.14989101549872,12.213964462280272,5.89735427590858,0.1,0.170998,0.242712,0.0,retrained
1030,greedy_diverse,2,400,50,-1.79640898725484,-1.79640898725484,-5.94630000275356,4.14989101549872,12.798742294311523,4.51400760590695,0.18333333333333332,0.242712,0.214019,0.0,retrained
1030,greedy_diverse,3,450,50,-1.79640898725484,-1.79640898725484,-5.94630000275356,4.14989101549872,13.27891731262207,4.51400760590695,0.2833333333333333,0.214019,0.271564,0.0,retrained
1030,greedy_diverse,4,500,50,-1.79640898725484,-1.79640898725484,-5.94630000275356,4.14989101549872,11.730508804321287,4.09983239788562,0.4,0.271564,0.20752,0.0,retrained
1030,greedy_diverse,5,550,50,-1.79640898725484,-1.79640898725484,-5.94630000275356,4.14989101549872,14.40422534942627,3.47687136075183,0.48333333333333334,0.20752,0.227955,0.0,retrained
1030,maxmin_coverage,1,350,50,-1.79640898725484,-1.79640898725484,-5.94630000275356,4.14989101549872,15.990885734558104,5.89735427590858,0.11666666666666667,0.170998,0.285147,0.0,retrained
1030,maxmin_coverage,2,400,50,-1.79640898725484,-1.79640898725484,-5.94630000275356,4.14989101549872,15.254834175109863,4.51400760590695,0.23333333333333334,0.285147,0.271897,0.0,retrained
1030,maxmin_coverage,3,450,50,-1.79640898725484,-1.79640898725484,-5.94630000275356,4.14989101549872,14.627835273742676,4.09983239788562,0.3333333333333333,0.271897,0.26627,0.0,retrained
1030,maxmin_coverage,4,500,50,-1.79640898725484,-1.79640898725484,-5.94630000275356,4.14989101549872,20.702878952026367,4.09983239788562,0.38333333333333336,0.26627,0.200192,0.0,retrained
1030,maxmin_coverage,5,550,50,-1.79640898725484,-1.79640898725484,-5.94630000275356,4.14989101549872,20.39556121826172,2.86005131311322,0.5166666666666667,0.200192,0.286938,0.0,retrained
1031,random,1,350,50,1.96463543386199,6.67094740359607,-2.72422035229465,9.395167755890721,15.676895141601562,9.50694790008856,0.1,0.294717,0.347761,0.0017,retrained
1031,random,2,400,50,1.96463543386199,6.67094740359607,-2.72422035229465,9.395167755890721,17.274566650390625,7.01152198419368,0.16666666666666666,0.347761,0.316884,0.0018,retrained
1031,random,3,450,50,-2.72422035229465,-2.72422035229465,-2.72422035229465,0.0,15.868642807006836,2.13161010103795,0.26666666666666666,0.316884,0.309254,0.002,retrained
1031,random,4,500,50,-2.72422035229465,-2.72422035229465,-2.72422035229465,0.0,17.078147888183594,1.54152123986569,0.31666666666666665,0.309254,0.318318,0.0022,retrained
1031,random,5,550,50,-2.72422035229465,-2.72422035229465,-2.72422035229465,0.0,15.635998725891112,1.54152123986569,0.43333333333333335,0.318318,0.368157,0.0025,retrained
1031,greedy,1,350,50,1.96463543386199,2.13161010103795,-2.72422035229465,4.8558304533326,14.473188400268556,7.37935301607286,0.15,0.294717,0.30882,0.0017,retrained
1031,greedy,2,400,50,1.96463543386199,2.13161010103795,-2.72422035229465,4.8558304533326,17.265621185302734,6.67094740359607,0.2833333333333333,0.30882,0.272438,0.0018,retrained
1031,greedy,3,450,50,-2.72422035229465,-2.72422035229465,-2.72422035229465,0.0,18.992753982543945,5.33881959069549,0.4,0.272438,0.329172,0.002,retrained
1031,greedy,4,500,50,-2.72422035229465,-2.72422035229465,-2.72422035229465,0.0,19.63473892211914,5.33881959069549,0.5166666666666667,0.329172,0.323303,0.0022,retrained
1031,greedy,5,550,50,-2.72422035229465,-2.72422035229465,-2.72422035229465,0.0,19.54944229125977,1.54152123986569,0.5833333333333334,0.323303,0.337672,0.0,retrained
1031,greedy_diverse,1,350,50,1.54152123986569,1.54152123986569,-2.72422035229465,4.2657415921603405,14.473188400268556,5.33881959069549,0.18333333333333332,0.294717,0.36945,0.0017,retrained
1031,greedy_diverse,2,400,50,1.54152123986569,1.54152123986569,-2.72422035229465,4.2657415921603405,15.567459106445312,4.37453074478617,0.3,0.36945,0.377936,0.0018,retrained
1031,greedy_diverse,3,450,50,1.54152123986569,1.54152123986569,-2.72422035229465,4.2657415921603405,12.92426586151123,4.37453074478617,0.38333333333333336,0.377936,0.36567,0.002,retrained
1031,greedy_diverse,4,500,50,1.54152123986569,1.54152123986569,-2.72422035229465,4.2657415921603405,13.581377029418944,2.17004855394771,0.4666666666666667,0.36567,0.34077,0.0022,retrained
1031,greedy_diverse,5,550,50,1.54152123986569,1.54152123986569,-2.72422035229465,4.2657415921603405,16.222070693969727,2.17004855394771,0.5166666666666667,0.34077,0.366287,0.0,retrained
1031,maxmin_coverage,1,350,50,1.54152123986569,1.54152123986569,-2.72422035229465,4.2657415921603405,17.783252716064453,5.89735427590858,0.13333333333333333,0.294717,0.341708,0.0017,retrained
1031,maxmin_coverage,2,400,50,1.54152123986569,1.54152123986569,-2.72422035229465,4.2657415921603405,14.419848442077637,2.63410041427414,0.2,0.341708,0.329609,0.0018,retrained
1031,maxmin_coverage,3,450,50,1.54152123986569,1.54152123986569,-2.72422035229465,4.2657415921603405,16.859739303588867,2.63410041427414,0.35,0.329609,0.349566,0.002,retrained
1031,maxmin_coverage,4,500,50,1.54152123986569,1.54152123986569,-2.72422035229465,4.2657415921603405,20.530689239501957,2.63410041427414,0.4166666666666667,0.349566,0.337838,0.0022,retrained
1031,maxmin_coverage,5,550,50,-1.79640898725484,-1.79640898725484,-2.72422035229465,0.9278113650398101,25.442607879638672,2.13161010103795,0.5166666666666667,0.337838,0.339861,0.0,retrained
1032,random,1,350,50,-5.94630000275356,8.104833661866,1.31582066329793,6.78901299856807,12.214643478393556,10.4856889396324,0.08333333333333333,0.21991,0.203914,0.0033,retrained
1032,random,2,400,50,-5.94630000275356,6.36943368090579,1.31582066329793,5.05361301760786,17.107463836669922,9.7363388310041,0.11666666666666667,0.203914,0.249929,0.0,retrained
1032,random,3,450,50,-5.94630000275356,4.54615422639108,1.31582066329793,3.23033356309315,16.550798416137695,6.29618909899,0.23333333333333334,0.249929,0.28165,0.0,retrained
1032,random,4,500,50,-5.94630000275356,4.54615422639108,1.31582066329793,3.23033356309315,16.4381103515625,6.29618909899,0.31666666666666665,0.28165,0.27956,0.0,retrained
1032,random,5,550,50,-5.94630000275356,2.78908783021689,1.31582066329793,1.4732671669189603,13.633855819702148,4.54615422639108,0.4166666666666667,0.27956,0.290875,0.06,retrained
1032,greedy,1,350,50,-5.94630000275356,6.40632700059723,1.31582066329793,5.0905063372993,11.524641036987305,7.50053111732268,0.16666666666666666,0.21991,0.221455,0.0033,retrained
1032,greedy,2,400,50,-5.94630000275356,6.36943368090579,1.31582066329793,5.05361301760786,17.5360050201416,7.19689090009706,0.23333333333333334,0.221455,0.21655,0.0036,retrained
1032,greedy,3,450,50,-5.94630000275356,1.31582066329793,1.31582066329793,0.0,15.95989990234375,4.74393837252501,0.4166666666666667,0.21655,0.263267,0.0,retrained
1032,greedy,4,500,50,-5.94630000275356,1.31582066329793,1.31582066329793,0.0,17.50832176208496,4.54615422639108,0.5333333333333333,0.263267,0.216929,0.0,retrained
1032,greedy,5,550,50,-5.94630000275356,1.31582066329793,1.31582066329793,0.0,20.939510345458984,4.54615422639108,0.6166666666666667,0.216929,0.302594,0.0,retrained
1032,greedy_diverse,1,350,50,-5.94630000275356,6.40632700059723,1.31582066329793,5.0905063372993,11.524641036987305,7.50053111732268,0.11666666666666667,0.21991,0.273505,0.0033,retrained
1032,greedy_diverse,2,400,50,-5.94630000275356,5.33881959069549,1.31582066329793,4.02299892739756,10.060546875,7.19689090009706,0.18333333333333332,0.273505,0.287748,0.0018,retrained
1032,greedy_diverse,3,450,50,-5.94630000275356,3.47687136075183,1.31582066329793,2.1610506974539,14.069620132446287,4.51400760590695,0.31666666666666665,0.287748,0.328984,0.002,retrained
1032,greedy_diverse,4,500,50,-5.94630000275356,2.18454132435727,1.31582066329793,0.8687206610593403,16.396215438842773,4.04922987856844,0.4166666666666667,0.328984,0.305214,0.0,retrained
1032,greedy_diverse,5,550,50,-5.94630000275356,2.18454132435727,1.31582066329793,0.8687206610593403,16.734142303466797,4.04922987856844,0.5166666666666667,0.305214,0.318455,0.0,retrained
1032,maxmin_coverage,1,350,50,-5.94630000275356,7.50053111732268,1.31582066329793,6.18471045402475,16.224960327148438,9.40356191404135,0.08333333333333333,0.21991,0.262477,0.0033,retrained
1032,maxmin_coverage,2,400,50,-5.94630000275356,6.40632700059723,1.31582066329793,5.0905063372993,13.761032104492188,7.50053111732268,0.15,0.262477,0.280633,0.0,retrained
1032,maxmin_coverage,3,450,50,-5.94630000275356,3.47687136075183,1.31582066329793,2.1610506974539,19.110050201416016,6.40632700059723,0.26666666666666666,0.280633,0.333922,0.0,retrained
1032,maxmin_coverage,4,500,50,-5.94630000275356,3.47687136075183,1.31582066329793,2.1610506974539,20.70446014404297,5.33881959069549,0.36666666666666664,0.333922,0.369401,0.0,retrained
1032,maxmin_coverage,5,550,50,-5.94630000275356,2.18454132435727,1.31582066329793,0.8687206610593403,23.11063003540039,4.04922987856844,0.45,0.369401,0.341103,0.0,retrained
1033,random,1,350,50,-1.79640898725484,2.91626778182399,-5.94630000275356,8.86256778457755,13.652791976928713,5.36710108139232,0.15,0.246488,0.242046,0.0067,retrained
1033,random,2,400,50,-1.79640898725484,1.75952003577549,-5.94630000275356,7.70582003852905,17.73142433166504,3.43182911266194,0.26666666666666666,0.242046,0.228207,0.0055,retrained
1033,random,3,450,50,-1.79640898725484,1.75952003577549,-5.94630000275356,7.70582003852905,19.2883243560791,3.43182911266194,0.36666666666666664,0.228207,0.257183,0.006,retrained
1033,random,4,500,50,-1.79640898725484,1.75952003577549,-5.94630000275356,7.70582003852905,14.177693367004396,3.43182911266194,0.4666666666666667,0.257183,0.238476,0.0022,retrained
1033,random,5,550,50,-1.79640898725484,1.54152123986569,-5.94630000275356,7.487821242619249,12.493050575256348,2.91626778182399,0.5166666666666667,0.238476,0.235971,0.0025,retrained
1033,greedy,1,350,50,-1.79640898725484,4.74393837252501,-5.94630000275356,10.69023837527857,13.291943550109863,8.104833661866,0.13333333333333333,0.246488,0.228123,0.0067,retrained
1033,greedy,2,400,50,-1.79640898725484,4.20880715476233,-5.94630000275356,10.15510715751589,15.055615425109863,7.04857466535032,0.25,0.228123,0.283149,0.0018,retrained
1033,greedy,3,450,50,-5.94630000275356,-5.94630000275356,-5.94630000275356,0.0,17.747507095336914,2.91626778182399,0.4666666666666667,0.283149,0.270344,0.002,retrained
1033,greedy,4,500,50,-5.94630000275356,-5.94630000275356,-5.94630000275356,0.0,17.35420799255371,2.91626778182399,0.6333333333333333,0.270344,0.301421,0.0,retrained
1033,greedy,5,550,50,-5.94630000275356,-5.94630000275356,-5.94630000275356,0.0,21.038257598876957,2.91626778182399,0.6833333333333333,0.301421,0.290581,0.0,retrained
1033,greedy_diverse,1,350,50,-1.79640898725484,4.74393837252501,-5.94630000275356,10.69023837527857,13.291943550109863,8.104833661866,0.15,0.246488,0.253341,0.0067,retrained
1033,greedy_diverse,2,400,50,-5.94630000275356,-5.94630000275356,-5.94630000275356,0.0,15.086694717407228,5.17458520972286,0.3,0.253341,0.300239,0.0055,retrained
1033,greedy_diverse,3,450,50,-5.94630000275356,-5.94630000275356,-5.94630000275356,0.0,15.592803955078123,4.20880715476233,0.4166666666666667,0.300239,0.313311,0.002,retrained
1033,greedy_diverse,4,500,50,-5.94630000275356,-5.94630000275356,-5.94630000275356,0.0,16.709819793701172,4.20880715476233,0.45,0.313311,0.290709,0.0022,retrained
1033,greedy_diverse,5,550,50,-5.94630000275356,-5.94630000275356,-5.94630000275356,0.0,17.294879913330078,3.43182911266194,0.5,0.290709,0.298434,0.0025,retrained
1033,maxmin_coverage,1,350,50,-1.79640898725484,5.62592114594736,-5.94630000275356,11.572221148700919,17.888887405395508,9.50694790008856,0.13333333333333333,0.246488,0.26702,0.0067,retrained
1033,maxmin_coverage,2,400,50,-1.79640898725484,1.75952003577549,-5.94630000275356,7.70582003852905,15.12148094177246,5.17458520972286,0.25,0.26702,0.336491,0.0055,retrained
1033,maxmin_coverage,3,450,50,-5.94630000275356,-5.94630000275356,-5.94630000275356,0.0,13.507166862487791,2.18454132435727,0.4,0.336491,0.336613,0.006,retrained
1033,maxmin_coverage,4,500,50,-5.94630000275356,-5.94630000275356,-5.94630000275356,0.0,17.774944305419922,2.18454132435727,0.5,0.336613,0.255983,0.0067,retrained
1033,maxmin_coverage,5,550,50,-5.94630000275356,-5.94630000275356,-5.94630000275356,0.0,22.517803192138672,2.18454132435727,0.5666666666666667,0.255983,0.358129,0.0075,retrained
1034,random,1,350,50,1.82530723417949,6.36943368090579,-5.94630000275356,12.31573368365935,16.076305389404297,8.80228080571032,0.06666666666666667,0.279238,0.220497,0.0017,retrained
1034,random,2,400,50,1.31582066329793,1.31582066329793,-5.94630000275356,7.26212066605149,16.72677993774414,7.23220821277573,0.13333333333333333,0.220497,0.223179,0.0,retrained
1034,random,3,450,50,1.31582066329793,1.31582066329793,-5.94630000275356,7.26212066605149,17.771045684814453,4.37453074478617,0.23333333333333334,0.223179,0.22786,0.0,retrained
1034,random,4,500,50,1.31582066329793,1.31582066329793,-5.94630000275356,7.26212066605149,15.57329559326172,1.75952003577549,0.3,0.22786,0.281596,0.0644,retrained
1034,random,5,550,50,1.31582066329793,1.31582066329793,-5.94630000275356,7.26212066605149,17.63443374633789,1.75952003577549,0.35,0.281596,0.180795,0.055,retrained
1034,greedy,1,350,50,1.82530723417949,5.36710108139232,-5.94630000275356,11.31340108414588,12.061948776245115,8.89587027095695,0.08333333333333333,0.279238,0.292507,0.0017,retrained
1034,greedy,2,400,50,-2.72422035229465,-2.72422035229465,-5.94630000275356,3.2220796504589098,18.2177848815918,5.36710108139232,0.25,0.292507,0.224145,0.0018,retrained
1034,greedy,3,450,50,-5.94630000275356,-5.94630000275356,-5.94630000275356,0.0,18.69162368774414,1.75952003577549,0.4166666666666667,0.224145,0.23523,0.002,retrained
1034,greedy,4,500,50,-5.94630000275356,-5.94630000275356,-5.94630000275356,0.0,18.770479202270508,1.75952003577549,0.5166666666666667,0.23523,0.285375,0.0822,retrained
1034,greedy,5,550,50,-5.94630000275356,-5.94630000275356,-5.94630000275356,0.0,21.263240814208984,1.31582066329793,0.6166666666666667,0.285375,0.336149,0.055,retrained
1034,greedy_diverse,1,350,50,1.82530723417949,5.62592114594736,-5.94630000275356,11.572221148700919,12.061948776245115,6.75878054208806,0.11666666666666667,0.279238,0.256866,0.0017,retrained
1034,greedy_diverse,2,400,50,1.82530723417949,5.62592114594736,-5.94630000275356,11.572221148700919,14.19921875,6.39354552682198,0.26666666666666666,0.256866,0.228295,0.0018,retrained
1034,greedy_diverse,3,450,50,-5.94630000275356,-5.94630000275356,-5.94630000275356,0.0,14.588910102844238,5.62592114594736,0.4,0.228295,0.285076,0.002,retrained
1034,greedy_diverse,4,500,50,-5.94630000275356,-5.94630000275356,-5.94630000275356,0.0,15.73027801513672,1.75952003577549,0.5,0.285076,0.258854,0.0022,retrained
1034,greedy_diverse,5,550,50,-5.94630000275356,-5.94630000275356,-5.94630000275356,0.0,15.659971237182615,1.75952003577549,0.5833333333333334,0.258854,0.253935,0.0025,retrained
1034,maxmin_coverage,1,350,50,-5.94630000275356,-5.94630000275356,-5.94630000275356,0.0,17.16223907470703,6.39354552682198,0.13333333333333333,0.279238,0.22635,0.0017,retrained
1034,maxmin_coverage,2,400,50,-5.94630000275356,-5.94630000275356,-5.94630000275356,0.0,12.353256225585938,5.62592114594736,0.2,0.22635,0.220683,0.0018,retrained
1034,maxmin_coverage,3,450,50,-5.94630000275356,-5.94630000275356,-5.94630000275356,0.0,16.931598663330078,5.62592114594736,0.3,0.220683,0.235729,0.002,retrained
1034,maxmin_coverage,4,500,50,-5.94630000275356,-5.94630000275356,-5.94630000275356,0.0,19.66394805908203,4.76361946380712,0.45,0.235729,0.203009,0.0022,retrained
1034,maxmin_coverage,5,550,50,-5.94630000275356,-5.94630000275356,-5.94630000275356,0.0,20.97616958618164,1.75952003577549,0.48333333333333334,0.203009,0.235657,0.0025,retrained
1035,random,1,350,50,1.31582066329793,6.36845274140796,-5.94630000275356,12.31475274416152,18.589948654174805,10.2510267705802,0.1,0.131654,0.239364,0.0033,retrained
1035,random,2,400,50,1.31582066329793,3.97923397722116,-5.94630000275356,9.92553397997472,16.892169952392578,9.17078142799073,0.11666666666666667,0.239364,0.223386,0.0018,retrained
1035,random,3,450,50,1.31582066329793,3.97923397722116,-5.94630000275356,9.92553397997472,16.706335067749023,6.36845274140796,0.2,0.223386,0.266374,0.0,retrained
1035,random,4,500,50,1.31582066329793,3.97923397722116,-5.94630000275356,9.92553397997472,16.21150779724121,6.29618909899,0.31666666666666665,0.266374,0.261583,0.0556,retrained
1035,random,5,550,50,1.31582066329793,3.47687136075183,-5.94630000275356,9.42317136350539,15.988070487976074,4.76361946380712,0.43333333333333335,0.261583,0.237958,0.045,retrained
1035,greedy,1,350,50,1.31582066329793,3.47687136075183,-5.94630000275356,9.42317136350539,13.195849418640137,8.97053604029134,0.16666666666666666,0.131654,0.206567,0.0033,retrained
1035,greedy,2,400,50,-5.94630000275356,-5.94630000275356,-5.94630000275356,0.0,15.402059555053713,5.36710108139232,0.3333333333333333,0.206567,0.182229,0.0036,retrained
1035,greedy,3,450,50,-5.94630000275356,-5.94630000275356,-5.94630000275356,0.0,18.172203063964844,3.47687136075183,0.5166666666666667,0.182229,0.163921,0.004,retrained
1035,greedy,4,500,50,-5.94630000275356,-5.94630000275356,-5.94630000275356,0.0,20.55777359008789,3.47687136075183,0.6166666666666667,0.163921,0.165066,0.0,retrained
1035,greedy,5,550,50,-5.94630000275356,-5.94630000275356,-5.94630000275356,0.0,18.480005264282227,2.18454132435727,0.65,0.165066,0.213341,0.08,retrained
1035,greedy_diverse,1,350,50,1.31582066329793,3.47687136075183,-5.94630000275356,9.42317136350539,13.195849418640137,8.97053604029134,0.15,0.131654,0.124439,0.0033,retrained
1035,greedy_diverse,2,400,50,-1.79640898725484,-1.79640898725484,-5.94630000275356,4.14989101549872,12.573699951171877,3.47687136075183,0.3333333333333333,0.124439,0.187445,0.0,retrained
1035,greedy_diverse,3,450,50,-1.79640898725484,-1.79640898725484,-5.94630000275356,4.14989101549872,16.219303131103516,3.47687136075183,0.4166666666666667,0.187445,0.2627,0.0,retrained
1035,greedy_diverse,4,500,50,-1.79640898725484,-1.79640898725484,-5.94630000275356,4.14989101549872,15.522361755371094,3.47687136075183,0.48333333333333334,0.2627,0.162277,0.0,retrained
1035,greedy_diverse,5,550,50,-1.79640898725484,-1.79640898725484,-5.94630000275356,4.14989101549872,14.4160737991333,3.47687136075183,0.5333333333333333,0.162277,0.162045,0.0,retrained
1035,maxmin_coverage,1,350,50,1.31582066329793,8.104833661866,-5.94630000275356,14.05113366461956,16.862489700317383,14.7296169862057,0.016666666666666666,0.131654,0.187656,0.0033,retrained
1035,maxmin_coverage,2,400,50,-1.79640898725484,-1.79640898725484,-5.94630000275356,4.14989101549872,16.166305541992188,9.67493018120149,0.16666666666666666,0.187656,0.163776,0.0,retrained
1035,maxmin_coverage,3,450,50,-1.79640898725484,-1.79640898725484,-5.94630000275356,4.14989101549872,18.067222595214844,7.9021792755957,0.2833333333333333,0.163776,0.193154,0.0,retrained
1035,maxmin_coverage,4,500,50,-1.79640898725484,-1.79640898725484,-5.94630000275356,4.14989101549872,20.441770553588867,3.97923397722116,0.4,0.193154,0.157421,0.0,retrained
1035,maxmin_coverage,5,550,50,-1.79640898725484,-1.79640898725484,-5.94630000275356,4.14989101549872,22.3720703125,3.97923397722116,0.45,0.157421,0.201766,0.0,retrained
1036,random,1,350,50,2.16613746399526,6.93040418734381,-1.79640898725484,8.72681317459865,11.435539245605469,9.89977262929824,0.06666666666666667,0.245718,0.178252,0.0033,retrained
1036,random,2,400,50,1.82530723417949,1.82530723417949,-1.79640898725484,3.62171622143433,13.009793281555176,4.74393837252501,0.2,0.178252,0.219082,0.0036,retrained
1036,random,3,450,50,1.54152123986569,1.54152123986569,-1.79640898725484,3.33793022712053,15.563295364379885,4.04922987856844,0.2833333333333333,0.219082,0.306224,0.004,retrained
1036,random,4,500,50,1.54152123986569,1.54152123986569,-1.79640898725484,3.33793022712053,12.529065132141112,4.04922987856844,0.36666666666666664,0.306224,0.276836,0.0,retrained
1036,random,5,550,50,1.54152123986569,1.54152123986569,-1.79640898725484,3.33793022712053,16.369823455810547,3.031954188893,0.4666666666666667,0.276836,0.27437,0.0,retrained
1036,greedy,1,350,50,2.16613746399526,4.05739550297221,-1.79640898725484,5.85380449022705,11.435539245605469,8.77276034257011,0.08333333333333333,0.245718,0.244181,0.0033,retrained
1036,greedy,2,400,50,2.16613746399526,3.031954188893,-1.79640898725484,4.828363176147841,16.414608001708984,4.05739550297221,0.26666666666666666,0.244181,0.254418,0.0036,retrained
1036,greedy,3,450,50,-0.128988702253992,-0.128988702253992,-1.79640898725484,1.6674202850008482,16.612613677978516,3.031954188893,0.45,0.254418,0.230037,0.0,retrained
1036,greedy,4,500,50,-1.79640898725484,-1.79640898725484,-1.79640898725484,0.0,19.606670379638672,1.31582066329793,0.6,0.230037,0.285273,0.0,retrained
1036,greedy,5,550,50,-1.79640898725484,-1.79640898725484,-1.79640898725484,0.0,20.660743713378903,1.31582066329793,0.7333333333333333,0.285273,0.28432,0.0,retrained
1036,greedy_diverse,1,350,50,-1.79640898725484,-1.79640898725484,-1.79640898725484,0.0,11.435539245605469,6.85822719620774,0.1,0.245718,0.222621,0.0033,retrained
1036,greedy_diverse,2,400,50,-1.79640898725484,-1.79640898725484,-1.79640898725484,0.0,13.972195625305176,3.031954188893,0.25,0.222621,0.262694,0.0036,retrained
1036,greedy_diverse,3,450,50,-1.79640898725484,-1.79640898725484,-1.79640898725484,0.0,14.9508056640625,3.031954188893,0.35,0.262694,0.274283,0.0,retrained
1036,greedy_diverse,4,500,50,-1.79640898725484,-1.79640898725484,-1.79640898725484,0.0,15.102368354797363,3.031954188893,0.4166666666666667,0.274283,0.286464,0.0,retrained
1036,greedy_diverse,5,550,50,-1.79640898725484,-1.79640898725484,-1.79640898725484,0.0,15.068588256835938,1.06826830975842,0.5166666666666667,0.286464,0.291637,0.0,retrained
1036,maxmin_coverage,1,350,50,-1.79640898725484,-1.79640898725484,-1.79640898725484,0.0,17.683012008666992,4.54615422639108,0.1,0.245718,0.248645,0.0033,retrained
1036,maxmin_coverage,2,400,50,-1.79640898725484,-1.79640898725484,-1.79640898725484,0.0,9.665746688842772,3.031954188893,0.23333333333333334,0.248645,0.314037,0.0036,retrained
1036,maxmin_coverage,3,450,50,-1.79640898725484,-1.79640898725484,-1.79640898725484,0.0,16.8208065032959,1.54152123986569,0.4166666666666667,0.314037,0.292497,0.0,retrained
1036,maxmin_coverage,4,500,50,-1.79640898725484,-1.79640898725484,-1.79640898725484,0.0,16.048194885253906,1.06826830975842,0.5,0.292497,0.24416,0.0,retrained
1036,maxmin_coverage,5,550,50,-1.79640898725484,-1.79640898725484,-1.79640898725484,0.0,21.406736373901367,1.06826830975842,0.5166666666666667,0.24416,0.313277,0.0,retrained
1037,random,1,350,50,1.31582066329793,11.3435201755783,-2.72422035229465,14.06774052787295,15.64300537109375,13.9019171957989,0.03333333333333333,0.280093,0.236163,0.0,retrained
1037,random,2,400,50,1.31582066329793,4.51400760590695,-2.72422035229465,7.2382279582016,17.069580078125,10.8606211895967,0.11666666666666667,0.236163,0.292539,0.0,retrained
1037,random,3,450,50,-2.72422035229465,-2.72422035229465,-2.72422035229465,0.0,15.947087287902832,3.031954188893,0.23333333333333334,0.292539,0.288732,0.0,retrained
1037,random,4,500,50,-2.72422035229465,-2.72422035229465,-2.72422035229465,0.0,13.472862243652344,2.16613746399526,0.3,0.288732,0.320173,0.0,retrained
1037,random,5,550,50,-2.72422035229465,-2.72422035229465,-2.72422035229465,0.0,17.802888870239258,2.16613746399526,0.3333333333333333,0.320173,0.360282,0.06,retrained
1037,greedy,1,350,50,1.31582066329793,3.47687136075183,-2.72422035229465,6.20109171304648,13.200709342956545,4.91456410378305,0.15,0.280093,0.220644,0.0,retrained
1037,greedy,2,400,50,1.31582066329793,2.13161010103795,-2.72422035229465,4.8558304533326,15.92905616760254,3.47687136075183,0.31666666666666665,0.220644,0.181206,0.0,retrained
1037,greedy,3,450,50,1.31582066329793,2.13161010103795,-2.72422035229465,4.8558304533326,15.40496826171875,3.47687136075183,0.4,0.181206,0.222807,0.0,retrained
1037,greedy,4,500,50,-2.72422035229465,-2.72422035229465,-2.72422035229465,0.0,19.60003662109375,3.031954188893,0.4666666666666667,0.222807,0.199692,0.0,retrained
1037,greedy,5,550,50,-2.72422035229465,-2.72422035229465,-2.72422035229465,0.0,18.542068481445312,3.031954188893,0.5166666666666667,0.199692,0.222829,0.0775,retrained
1037,greedy_diverse,1,350,50,1.31582066329793,4.74393837252501,-2.72422035229465,7.46815872481966,13.200709342956545,4.91456410378305,0.13333333333333333,0.280093,0.218575,0.0,retrained
1037,greedy_diverse,2,400,50,1.31582066329793,4.74393837252501,-2.72422035229465,7.46815872481966,13.772740364074709,4.91456410378305,0.2,0.218575,0.235387,0.0,retrained
1037,greedy_diverse,3,450,50,1.31582066329793,2.16613746399526,-2.72422035229465,4.89035781628991,14.907856941223145,4.54615422639108,0.35,0.235387,0.28681,0.0,retrained
1037,greedy_diverse,4,500,50,1.31582066329793,2.16613746399526,-2.72422035229465,4.89035781628991,15.653078079223633,4.54615422639108,0.4,0.28681,0.292216,0.0,retrained
1037,greedy_diverse,5,550,50,1.31582066329793,2.16613746399526,-2.72422035229465,4.89035781628991,13.39684772491455,4.51400760590695,0.43333333333333335,0.292216,0.308735,0.0,retrained
1037,maxmin_coverage,1,350,50,1.31582066329793,4.76361946380712,-2.72422035229465,7.48783981610177,14.59851360321045,6.34068141943135,0.1,0.280093,0.229692,0.0,retrained
1037,maxmin_coverage,2,400,50,1.31582066329793,4.74393837252501,-2.72422035229465,7.46815872481966,13.418841361999512,4.91456410378305,0.2,0.229692,0.266056,0.0,retrained
1037,maxmin_coverage,3,450,50,1.31582066329793,2.16613746399526,-2.72422035229465,4.89035781628991,17.88279914855957,4.74393837252501,0.35,0.266056,0.306302,0.0,retrained
1037,maxmin_coverage,4,500,50,1.31582066329793,2.16613746399526,-2.72422035229465,4.89035781628991,19.282196044921875,4.54615422639108,0.4166666666666667,0.306302,0.344041,0.0,retrained
1037,maxmin_coverage,5,550,50,1.31582066329793,2.16613746399526,-2.72422035229465,4.89035781628991,23.476612091064453,4.54615422639108,0.48333333333333334,0.344041,0.326273,0.0,retrained
1038,random,1,350,50,2.78908783021689,6.88661601201238,-1.79640898725484,8.68302499926722,15.228975296020508,9.74082609986726,0.08333333333333333,0.293164,0.235954,0.0,retrained
1038,random,2,400,50,1.54152123986569,1.54152123986569,-1.79640898725484,3.33793022712053,18.752140045166016,6.88661601201238,0.2,0.235954,0.197163,0.0,retrained
1038,random,3,450,50,1.54152123986569,1.54152123986569,-1.79640898725484,3.33793022712053,16.277069091796875,6.67094740359607,0.23333333333333334,0.197163,0.236601,0.0,retrained
1038,random,4,500,50,1.54152123986569,1.54152123986569,-1.79640898725484,3.33793022712053,16.13545799255371,6.34068141943135,0.36666666666666664,0.236601,0.241103,0.0,retrained
1038,random,5,550,50,-1.79640898725484,-1.79640898725484,-1.79640898725484,0.0,17.436315536499023,1.54152123986569,0.45,0.241103,0.187232,0.0,retrained
1038,greedy,1,350,50,-1.79640898725484,-1.79640898725484,-1.79640898725484,0.0,9.244962692260742,6.12914032939807,0.15,0.293164,0.209195,0.0,retrained
1038,greedy,2,400,50,-1.79640898725484,-1.79640898725484,-1.79640898725484,0.0,17.485469818115234,5.36710108139232,0.16666666666666666,0.209195,0.265733,0.0,retrained
1038,greedy,3,450,50,-1.79640898725484,-1.79640898725484,-1.79640898725484,0.0,17.796009063720703,3.73313455799507,0.36666666666666664,0.265733,0.309684,0.0,retrained
1038,greedy,4,500,50,-1.79640898725484,-1.79640898725484,-1.79640898725484,0.0,17.190126419067383,3.73313455799507,0.48333333333333334,0.309684,0.332917,0.0,retrained
1038,greedy,5,550,50,-1.79640898725484,-1.79640898725484,-1.79640898725484,0.0,19.47623634338379,2.17004855394771,0.6166666666666667,0.332917,0.309518,0.0,retrained
1038,greedy_diverse,1,350,50,1.54152123986569,1.54152123986569,-1.79640898725484,3.33793022712053,9.244962692260742,3.97923397722116,0.2,0.293164,0.290565,0.0,retrained
1038,greedy_diverse,2,400,50,-1.79640898725484,-1.79640898725484,-1.79640898725484,0.0,12.837034225463867,3.43182911266194,0.3,0.290565,0.27896,0.0,retrained
1038,greedy_diverse,3,450,50,-1.79640898725484,-1.79640898725484,-1.79640898725484,0.0,13.077058792114258,3.41173968594012,0.4,0.27896,0.307962,0.0,retrained
1038,greedy_diverse,4,500,50,-1.79640898725484,-1.79640898725484,-1.79640898725484,0.0,15.15156364440918,3.41173968594012,0.45,0.307962,0.314249,0.0,retrained
1038,greedy_diverse,5,550,50,-1.79640898725484,-1.79640898725484,-1.79640898725484,0.0,14.02076244354248,3.41173968594012,0.5,0.314249,0.278563,0.0,retrained
1038,maxmin_coverage,1,350,50,1.54152123986569,1.54152123986569,-1.79640898725484,3.33793022712053,9.244962692260742,3.97923397722116,0.2,0.293164,0.273301,0.0,retrained
1038,maxmin_coverage,2,400,50,1.54152123986569,1.54152123986569,-1.79640898725484,3.33793022712053,13.912854194641112,3.97923397722116,0.2833333333333333,0.273301,0.258726,0.0,retrained
1038,maxmin_coverage,3,450,50,-1.79640898725484,-1.79640898725484,-1.79640898725484,0.0,16.731367111206055,3.43182911266194,0.43333333333333335,0.258726,0.238822,0.0,retrained
1038,maxmin_coverage,4,500,50,-1.79640898725484,-1.79640898725484,-1.79640898725484,0.0,18.74771499633789,3.41173968594012,0.5166666666666667,0.238822,0.286893,0.0,retrained
1038,maxmin_coverage,5,550,50,-1.79640898725484,-1.79640898725484,-1.79640898725484,0.0,23.473833084106445,3.41173968594012,0.5166666666666667,0.286893,0.237873,0.0,retrained
1039,random,1,350,50,-5.94630000275356,-5.94630000275356,-5.94630000275356,0.0,14.45262336730957,6.30182657383921,0.06666666666666667,0.269375,0.251207,0.0,retrained
1039,random,2,400,50,-5.94630000275356,-5.94630000275356,-5.94630000275356,0.0,16.46559715270996,1.82530723417949,0.2,0.251207,0.198983,0.0,retrained
1039,random,3,450,50,-5.94630000275356,-5.94630000275356,-5.94630000275356,0.0,13.712554931640623,1.82530723417949,0.3333333333333333,0.198983,0.207181,0.0,retrained
1039,random,4,500,50,-5.94630000275356,-5.94630000275356,-5.94630000275356,0.0,13.1930513381958,1.82530723417949,0.38333333333333336,0.207181,0.219803,0.0622,retrained
1039,random,5,550,50,-5.94630000275356,-5.94630000275356,-5.94630000275356,0.0,13.636262893676758,-1.79640898725484,0.5,0.219803,0.240899,0.0525,retrained
1039,greedy,1,350,50,-5.94630000275356,-5.94630000275356,-5.94630000275356,0.0,13.085769653320312,3.43182911266194,0.11666666666666667,0.269375,0.231457,0.0,retrained
1039,greedy,2,400,50,-5.94630000275356,-5.94630000275356,-5.94630000275356,0.0,14.211865425109863,-1.79640898725484,0.38333333333333336,0.231457,0.277903,0.0,retrained
1039,greedy,3,450,50,-5.94630000275356,-5.94630000275356,-5.94630000275356,0.0,16.646047592163086,-1.79640898725484,0.5666666666666667,0.277903,0.288321,0.0,retrained
1039,greedy,4,500,50,-5.94630000275356,-5.94630000275356,-5.94630000275356,0.0,17.363481521606445,-1.79640898725484,0.6166666666666667,0.288321,0.261445,0.0,retrained
1039,greedy,5,550,50,-5.94630000275356,-5.94630000275356,-5.94630000275356,0.0,17.84497833251953,-1.79640898725484,0.6666666666666666,0.261445,0.281571,0.065,retrained
1039,greedy_diverse,1,350,50,1.06826830975842,3.031954188893,-5.94630000275356,8.97825419164656,13.085769653320312,6.55698841387493,0.13333333333333333,0.269375,0.282265,0.0,retrained
1039,greedy_diverse,2,400,50,1.06826830975842,3.031954188893,-5.94630000275356,8.97825419164656,11.068939208984377,3.47687136075183,0.2,0.282265,0.277726,0.0,retrained
1039,greedy_diverse,3,450,50,1.06826830975842,3.031954188893,-5.94630000275356,8.97825419164656,12.632516860961914,3.47687136075183,0.3333333333333333,0.277726,0.251649,0.0,retrained
1039,greedy_diverse,4,500,50,1.06826830975842,3.031954188893,-5.94630000275356,8.97825419164656,13.143270492553713,3.47687136075183,0.36666666666666664,0.251649,0.205795,0.0,retrained
1039,greedy_diverse,5,550,50,1.06826830975842,2.86005131311322,-5.94630000275356,8.806351315866781,15.27331829071045,3.43182911266194,0.43333333333333335,0.205795,0.199412,0.0,retrained
1039,maxmin_coverage,1,350,50,1.06826830975842,6.55698841387493,-5.94630000275356,12.50328841662849,13.085769653320312,9.42617129426799,0.08333333333333333,0.269375,0.262274,0.0,retrained
1039,maxmin_coverage,2,400,50,1.06826830975842,3.43182911266194,-5.94630000275356,9.3781291154155,14.148755073547363,5.28029423850603,0.15,0.262274,0.293413,0.0,retrained
1039,maxmin_coverage,3,450,50,1.06826830975842,3.031954188893,-5.94630000275356,8.97825419164656,16.73592758178711,3.47687136075183,0.25,0.293413,0.265891,0.0,retrained
1039,maxmin_coverage,4,500,50,1.06826830975842,2.86005131311322,-5.94630000275356,8.806351315866781,19.06092643737793,3.031954188893,0.3333333333333333,0.265891,0.234514,0.0,retrained
1039,maxmin_coverage,5,550,50,1.06826830975842,2.86005131311322,-5.94630000275356,8.806351315866781,20.484493255615234,3.031954188893,0.4166666666666667,0.234514,0.218584,0.0,retrained
1040,random,1,350,50,-0.128988702253992,-0.128988702253992,-1.79640898725484,1.6674202850008482,18.810487747192383,12.601992876931,0.03333333333333333,0.134463,0.289735,0.005,retrained
1040,random,2,400,50,-0.128988702253992,-0.128988702253992,-1.79640898725484,1.6674202850008482,16.435237884521484,2.86005131311322,0.13333333333333333,0.289735,0.282057,0.0055,retrained
1040,random,3,450,50,-0.128988702253992,-0.128988702253992,-1.79640898725484,1.6674202850008482,15.225642204284668,2.86005131311322,0.18333333333333332,0.282057,0.325799,0.006,retrained
1040,random,4,500,50,-0.128988702253992,-0.128988702253992,-1.79640898725484,1.6674202850008482,17.450342178344727,2.86005131311322,0.25,0.325799,0.34101,0.0067,retrained
1040,random,5,550,50,-1.79640898725484,-1.79640898725484,-1.79640898725484,0.0,13.785204887390137,1.31582066329793,0.4166666666666667,0.34101,0.321683,0.045,retrained
1040,greedy,1,350,50,-1.79640898725484,-1.79640898725484,-1.79640898725484,0.0,12.11298942565918,4.69478829079162,0.08333333333333333,0.134463,0.142528,0.005,retrained
1040,greedy,2,400,50,-1.79640898725484,-1.79640898725484,-1.79640898725484,0.0,17.22115707397461,1.31582066329793,0.3,0.142528,0.198656,0.0055,retrained
1040,greedy,3,450,50,-1.79640898725484,-1.79640898725484,-1.79640898725484,0.0,15.806283950805664,1.31582066329793,0.45,0.198656,0.26981,0.006,retrained
1040,greedy,4,500,50,-1.79640898725484,-1.79640898725484,-1.79640898725484,0.0,19.443851470947266,1.31582066329793,0.5833333333333334,0.26981,0.254129,0.0067,retrained
1040,greedy,5,550,50,-1.79640898725484,-1.79640898725484,-1.79640898725484,0.0,17.938241958618164,1.31582066329793,0.65,0.254129,0.262519,0.0075,retrained
1040,greedy_diverse,1,350,50,-1.79640898725484,-1.79640898725484,-1.79640898725484,0.0,12.11298942565918,6.74494772410253,0.05,0.134463,0.212692,0.005,retrained
1040,greedy_diverse,2,400,50,-1.79640898725484,-1.79640898725484,-1.79640898725484,0.0,16.479053497314453,1.54152123986569,0.21666666666666667,0.212692,0.201886,0.0018,retrained
1040,greedy_diverse,3,450,50,-1.79640898725484,-1.79640898725484,-1.79640898725484,0.0,16.11178207397461,1.54152123986569,0.31666666666666665,0.201886,0.240267,0.002,retrained
1040,greedy_diverse,4,500,50,-1.79640898725484,-1.79640898725484,-1.79640898725484,0.0,13.913037300109863,1.06826830975842,0.4166666666666667,0.240267,0.26479,0.0022,retrained
1040,greedy_diverse,5,550,50,-1.79640898725484,-1.79640898725484,-1.79640898725484,0.0,16.36322784423828,1.06826830975842,0.5,0.26479,0.26509,0.0025,retrained
1040,maxmin_coverage,1,350,50,2.17004855394771,2.63410041427414,-1.79640898725484,4.43050940152898,16.337636947631836,11.208919817389,0.05,0.134463,0.160629,0.005,retrained
1040,maxmin_coverage,2,400,50,2.17004855394771,2.63410041427414,-1.79640898725484,4.43050940152898,16.945674896240234,6.74494772410253,0.08333333333333333,0.160629,0.171163,0.0018,retrained
1040,maxmin_coverage,3,450,50,-1.79640898725484,-1.79640898725484,-1.79640898725484,0.0,15.802647590637209,3.19723738387984,0.21666666666666667,0.171163,0.217307,0.002,retrained
1040,maxmin_coverage,4,500,50,-1.79640898725484,-1.79640898725484,-1.79640898725484,0.0,19.95310401916504,1.54152123986569,0.35,0.217307,0.294661,0.0022,retrained
1040,maxmin_coverage,5,550,50,-1.79640898725484,-1.79640898725484,-1.79640898725484,0.0,19.560291290283203,1.54152123986569,0.4666666666666667,0.294661,0.250758,0.0025,retrained
1041,random,1,350,50,-5.94630000275356,3.41173968594012,-2.72422035229465,6.135960038234771,14.23008155822754,6.39354552682198,0.16666666666666666,0.243471,0.283903,0.0,retrained
1041,random,2,400,50,-5.94630000275356,3.41173968594012,-2.72422035229465,6.135960038234771,14.085205078125,6.28859501111583,0.25,0.283903,0.296448,0.0,retrained
1041,random,3,450,50,-5.94630000275356,3.41173968594012,-2.72422035229465,6.135960038234771,12.024530410766602,6.28859501111583,0.3,0.296448,0.287685,0.0,retrained
1041,random,4,500,50,-5.94630000275356,-2.72422035229465,-2.72422035229465,0.0,15.888994216918944,4.37453074478617,0.38333333333333336,0.287685,0.322211,0.0,retrained
1041,random,5,550,50,-5.94630000275356,-2.72422035229465,-2.72422035229465,0.0,11.75176239013672,2.13161010103795,0.48333333333333334,0.322211,0.328627,0.0,retrained
1041,greedy,1,350,50,-5.94630000275356,4.37453074478617,-2.72422035229465,7.09875109708082,10.803362846374512,6.89403373511232,0.13333333333333333,0.243471,0.34321,0.0,retrained
1041,greedy,2,400,50,-5.94630000275356,-2.72422035229465,-2.72422035229465,0.0,16.380481719970703,3.41173968594012,0.3,0.34321,0.30509,0.0,retrained
1041,greedy,3,450,50,-5.94630000275356,-2.72422035229465,-2.72422035229465,0.0,15.092373847961426,2.91626778182399,0.43333333333333335,0.30509,0.29128,0.0,retrained
1041,greedy,4,500,50,-5.94630000275356,-2.72422035229465,-2.72422035229465,0.0,19.1463623046875,2.17004855394771,0.4666666666666667,0.29128,0.325972,0.0,retrained
1041,greedy,5,550,50,-5.94630000275356,-2.72422035229465,-2.72422035229465,0.0,19.14570617675781,2.17004855394771,0.5666666666666667,0.325972,0.319644,0.09,retrained
1041,greedy_diverse,1,350,50,-5.94630000275356,4.37453074478617,-2.72422035229465,7.09875109708082,10.803362846374512,6.89403373511232,0.11666666666666667,0.243471,0.232686,0.0,retrained
1041,greedy_diverse,2,400,50,-5.94630000275356,1.96463543386199,-2.72422035229465,4.6888557861566404,12.497310638427734,6.12914032939807,0.23333333333333334,0.232686,0.238128,0.0,retrained
1041,greedy_diverse,3,450,50,-5.94630000275356,1.96463543386199,-2.72422035229465,4.6888557861566404,13.902521133422852,6.12914032939807,0.31666666666666665,0.238128,0.268652,0.0,retrained
1041,greedy_diverse,4,500,50,-5.94630000275356,1.96463543386199,-2.72422035229465,4.6888557861566404,14.850604057312012,4.37453074478617,0.45,0.268652,0.258486,0.0,retrained
1041,greedy_diverse,5,550,50,-5.94630000275356,-0.128988702253992,-2.72422035229465,2.5952316500406583,12.103572845458984,2.13161010103795,0.5666666666666667,0.258486,0.263024,0.0,retrained
1041,maxmin_coverage,1,350,50,-5.94630000275356,6.12914032939807,-2.72422035229465,8.85336068169272,18.245473861694336,6.88661601201238,0.08333333333333333,0.243471,0.259563,0.0,retrained
1041,maxmin_coverage,2,400,50,-5.94630000275356,-0.128988702253992,-2.72422035229465,2.5952316500406583,11.732398986816406,4.37453074478617,0.2,0.259563,0.223765,0.0,retrained
1041,maxmin_coverage,3,450,50,-5.94630000275356,-0.128988702253992,-2.72422035229465,2.5952316500406583,17.10506248474121,4.37453074478617,0.2833333333333333,0.223765,0.26035,0.0,retrained
1041,maxmin_coverage,4,500,50,-5.94630000275356,-0.128988702253992,-2.72422035229465,2.5952316500406583,21.552780151367188,4.37453074478617,0.38333333333333336,0.26035,0.277864,0.0,retrained
1041,maxmin_coverage,5,550,50,-5.94630000275356,-0.128988702253992,-2.72422035229465,2.5952316500406583,21.93959045410156,2.63410041427414,0.5333333333333333,0.277864,0.271687,0.0,retrained
1042,random,1,350,50,2.18454132435727,3.73313455799507,-0.128988702253992,3.862123260249062,14.410792350769045,12.601992876931,0.06666666666666667,0.258344,0.277607,0.0033,retrained
1042,random,2,400,50,2.18454132435727,3.73313455799507,-0.128988702253992,3.862123260249062,13.280668258666992,9.50694790008856,0.11666666666666667,0.277607,0.278275,0.0018,retrained
1042,random,3,450,50,2.18454132435727,3.73313455799507,-0.128988702253992,3.862123260249062,18.54378890991211,8.97648651647251,0.16666666666666666,0.278275,0.302327,0.002,retrained
1042,random,4,500,50,2.18454132435727,3.031954188893,-0.128988702253992,3.160942891146992,17.29352378845215,3.73313455799507,0.3,0.302327,0.363413,0.0,retrained
1042,random,5,550,50,2.18454132435727,3.031954188893,-0.128988702253992,3.160942891146992,17.541091918945312,3.73313455799507,0.36666666666666664,0.363413,0.341748,0.035,retrained
1042,greedy,1,350,50,2.18454132435727,3.031954188893,-0.128988702253992,3.160942891146992,11.507761001586914,7.19689090009706,0.2,0.258344,0.260386,0.0033,retrained
1042,greedy,2,400,50,-0.128988702253992,-0.128988702253992,-0.128988702253992,0.0,16.820411682128906,4.91456410378305,0.35,0.260386,0.299313,0.0018,retrained
1042,greedy,3,450,50,-0.128988702253992,-0.128988702253992,-0.128988702253992,0.0,17.444538116455078,3.19723738387984,0.55,0.299313,0.281746,0.002,retrained
1042,greedy,4,500,50,-0.128988702253992,-0.128988702253992,-0.128988702253992,0.0,19.30465316772461,3.19723738387984,0.65,0.281746,0.348456,0.0,retrained
1042,greedy,5,550,50,-0.128988702253992,-0.128988702253992,-0.128988702253992,0.0,21.2215633392334,3.19723738387984,0.8166666666666667,0.348456,0.321023,0.0,retrained
1042,greedy_diverse,1,350,50,2.18454132435727,6.85822719620774,-0.128988702253992,6.9872158984617325,11.507761001586914,9.97318244161215,0.15,0.258344,0.317652,0.0033,retrained
1042,greedy_diverse,2,400,50,2.18454132435727,3.031954188893,-0.128988702253992,3.160942891146992,12.577951431274414,4.91456410378305,0.3333333333333333,0.317652,0.33308,0.0018,retrained
1042,greedy_diverse,3,450,50,2.18454132435727,3.031954188893,-0.128988702253992,3.160942891146992,10.740315437316896,4.51400760590695,0.4666666666666667,0.33308,0.32221,0.0,retrained
1042,greedy_diverse,4,500,50,-0.128988702253992,-0.128988702253992,-0.128988702253992,0.0,13.69092845916748,4.09983239788562,0.5,0.32221,0.326111,0.0,retrained
1042,greedy_diverse,5,550,50,-0.128988702253992,-0.128988702253992,-0.128988702253992,0.0,12.805900573730469,4.09983239788562,0.55,0.326111,0.304274,0.0,retrained
1042,maxmin_coverage,1,350,50,2.18454132435727,6.85822719620774,-0.128988702253992,6.9872158984617325,14.490808486938477,9.70483679636891,0.1,0.258344,0.266222,0.0033,retrained
1042,maxmin_coverage,2,400,50,2.18454132435727,3.031954188893,-0.128988702253992,3.160942891146992,12.359798431396484,4.91456410378305,0.25,0.266222,0.260638,0.0018,retrained
1042,maxmin_coverage,3,450,50,2.18454132435727,3.031954188893,-0.128988702253992,3.160942891146992,18.411178588867188,4.91456410378305,0.36666666666666664,0.260638,0.316605,0.0,retrained
1042,maxmin_coverage,4,500,50,-0.128988702253992,-0.128988702253992,-0.128988702253992,0.0,19.775226593017575,4.09983239788562,0.5,0.316605,0.34377,0.0,retrained
1042,maxmin_coverage,5,550,50,-0.128988702253992,-0.128988702253992,-0.128988702253992,0.0,22.19556999206543,3.031954188893,0.55,0.34377,0.32759,0.0,retrained
1043,random,1,350,50,1.75952003577549,6.30182657383921,-1.79640898725484,8.09823556109405,16.645706176757812,8.5514147492504,0.08333333333333333,0.268988,0.267952,0.0017,retrained
1043,random,2,400,50,1.75952003577549,4.74393837252501,-1.79640898725484,6.54034735977985,18.889198303222656,6.30182657383921,0.2,0.267952,0.29533,0.0,retrained
1043,random,3,450,50,1.75952003577549,2.17004855394771,-1.79640898725484,3.96645754120255,12.447210311889648,2.78908783021689,0.31666666666666665,0.29533,0.230322,0.0,retrained
1043,random,4,500,50,1.75952003577549,2.17004855394771,-1.79640898725484,3.96645754120255,16.265483856201172,2.78908783021689,0.4166666666666667,0.230322,0.248096,0.0,retrained
1043,random,5,550,50,1.75952003577549,2.17004855394771,-1.79640898725484,3.96645754120255,10.88645362854004,2.78908783021689,0.5166666666666667,0.248096,0.268418,0.05,retrained
1043,greedy,1,350,50,-1.79640898725484,-1.79640898725484,-1.79640898725484,0.0,11.704510688781738,2.78908783021689,0.16666666666666666,0.268988,0.259218,0.0017,retrained
1043,greedy,2,400,50,-1.79640898725484,-1.79640898725484,-1.79640898725484,0.0,14.52356243133545,2.78908783021689,0.2833333333333333,0.259218,0.280309,0.0,retrained
1043,greedy,3,450,50,-1.79640898725484,-1.79640898725484,-1.79640898725484,0.0,19.40928649902344,2.63410041427414,0.4,0.280309,0.239311,0.0,retrained
1043,greedy,4,500,50,-1.79640898725484,-1.79640898725484,-1.79640898725484,0.0,18.1257438659668,2.17004855394771,0.5,0.239311,0.249321,0.0,retrained
1043,greedy,5,550,50,-1.79640898725484,-1.79640898725484,-1.79640898725484,0.0,19.91869163513184,2.17004855394771,0.6,0.249321,0.202238,0.0,retrained
1043,greedy_diverse,1,350,50,1.75952003577549,1.96463543386199,-1.79640898725484,3.7610444211168303,11.704510688781738,7.37935301607286,0.06666666666666667,0.268988,0.283401,0.0017,retrained
1043,greedy_diverse,2,400,50,-1.79640898725484,-1.79640898725484,-1.79640898725484,0.0,11.818685531616213,2.63410041427414,0.26666666666666666,0.283401,0.307427,0.0,retrained
1043,greedy_diverse,3,450,50,-1.79640898725484,-1.79640898725484,-1.79640898725484,0.0,13.26515769958496,2.17004855394771,0.38333333333333336,0.307427,0.263585,0.0,retrained
1043,greedy_diverse,4,500,50,-1.79640898725484,-1.79640898725484,-1.79640898725484,0.0,11.814532279968262,2.17004855394771,0.4166666666666667,0.263585,0.254189,0.0,retrained
1043,greedy_diverse,5,550,50,-1.79640898725484,-1.79640898725484,-1.79640898725484,0.0,13.251187324523926,2.17004855394771,0.4666666666666667,0.254189,0.239737,0.0,retrained
1043,maxmin_coverage,1,350,50,1.75952003577549,5.28029423850603,-1.79640898725484,7.07670322576087,16.645706176757812,7.9021792755957,0.06666666666666667,0.268988,0.271441,0.0017,retrained
1043,maxmin_coverage,2,400,50,-1.79640898725484,-1.79640898725484,-1.79640898725484,0.0,12.949559211730955,5.28029423850603,0.23333333333333334,0.271441,0.23109,0.0,retrained
1043,maxmin_coverage,3,450,50,-1.79640898725484,-1.79640898725484,-1.79640898725484,0.0,17.471609115600586,2.63410041427414,0.3,0.23109,0.3156,0.0,retrained
1043,maxmin_coverage,4,500,50,-1.79640898725484,-1.79640898725484,-1.79640898725484,0.0,19.67062187194824,2.17004855394771,0.4166666666666667,0.3156,0.251442,0.0,retrained
1043,maxmin_coverage,5,550,50,-1.79640898725484,-1.79640898725484,-1.79640898725484,0.0,21.950267791748047,2.17004855394771,0.45,0.251442,0.25047,0.0,retrained
1044,random,1,350,50,1.06826830975842,1.06826830975842,-2.72422035229465,3.7924886620530702,16.997425079345703,7.9021792755957,0.11666666666666667,0.315575,0.380443,0.0017,retrained
1044,random,2,400,50,-2.72422035229465,-2.72422035229465,-2.72422035229465,0.0,16.847721099853516,2.86005131311322,0.2,0.380443,0.335452,0.0018,retrained
1044,random,3,450,50,-2.72422035229465,-2.72422035229465,-2.72422035229465,0.0,17.22859001159668,2.63410041427414,0.26666666666666666,0.335452,0.290548,0.002,retrained
1044,random,4,500,50,-2.72422035229465,-2.72422035229465,-2.72422035229465,0.0,15.708715438842772,2.63410041427414,0.3,0.290548,0.326065,0.0022,retrained
1044,random,5,550,50,-2.72422035229465,-2.72422035229465,-2.72422035229465,0.0,12.51102352142334,2.63410041427414,0.36666666666666664,0.326065,0.331427,0.0675,retrained
1044,greedy,1,350,50,1.75952003577549,2.16613746399526,-2.72422035229465,4.89035781628991,13.146429061889648,4.74393837252501,0.08333333333333333,0.315575,0.316797,0.0017,retrained
1044,greedy,2,400,50,1.75952003577549,2.16613746399526,-2.72422035229465,4.89035781628991,17.734256744384766,4.09983239788562,0.21666666666666667,0.316797,0.33287,0.0018,retrained
1044,greedy,3,450,50,1.75952003577549,2.16613746399526,-2.72422035229465,4.89035781628991,17.94589614868164,3.19723738387984,0.35,0.33287,0.322816,0.002,retrained
1044,greedy,4,500,50,-2.72422035229465,-2.72422035229465,-2.72422035229465,0.0,20.146411895751957,2.18454132435727,0.4666666666666667,0.322816,0.301629,0.0022,retrained
1044,greedy,5,550,50,-2.72422035229465,-2.72422035229465,-2.72422035229465,0.0,19.62721824645996,2.16613746399526,0.6333333333333333,0.301629,0.27139,0.065,retrained
1044,greedy_diverse,1,350,50,1.75952003577549,2.16613746399526,-2.72422035229465,4.89035781628991,13.146429061889648,6.93040418734381,0.08333333333333333,0.315575,0.345537,0.0017,retrained
1044,greedy_diverse,2,400,50,1.75952003577549,2.16613746399526,-2.72422035229465,4.89035781628991,13.67209815979004,6.8693585633082,0.23333333333333334,0.345537,0.361496,0.0018,retrained
1044,greedy_diverse,3,450,50,1.75952003577549,2.16613746399526,-2.72422035229465,4.89035781628991,14.84478759765625,6.8693585633082,0.3333333333333333,0.361496,0.360488,0.002,retrained
1044,greedy_diverse,4,500,50,-1.79640898725484,-1.79640898725484,-2.72422035229465,0.9278113650398101,15.585293769836426,6.55698841387493,0.4166666666666667,0.360488,0.368396,0.0022,retrained
1044,greedy_diverse,5,550,50,-1.79640898725484,-1.79640898725484,-2.72422035229465,0.9278113650398101,14.717653274536133,2.63410041427414,0.5,0.368396,0.336575,0.0025,retrained
1044,maxmin_coverage,1,350,50,1.75952003577549,2.16613746399526,-2.72422035229465,4.89035781628991,18.24677085876465,6.93040418734381,0.11666666666666667,0.315575,0.356407,0.0017,retrained
1044,maxmin_coverage,2,400,50,1.75952003577549,2.16613746399526,-2.72422035229465,4.89035781628991,12.58534049987793,6.8693585633082,0.2,0.356407,0.371307,0.0018,retrained
1044,maxmin_coverage,3,450,50,1.75952003577549,2.16613746399526,-2.72422035229465,4.89035781628991,17.49319839477539,6.8693585633082,0.3333333333333333,0.371307,0.365975,0.002,retrained
1044,maxmin_coverage,4,500,50,1.75952003577549,2.16613746399526,-2.72422035229465,4.89035781628991,20.42852783203125,6.55698841387493,0.4,0.365975,0.337822,0.0022,retrained
1044,maxmin_coverage,5,550,50,-1.79640898725484,-1.79640898725484,-2.72422035229465,0.9278113650398101,21.07638168334961,6.39354552682198,0.5166666666666667,0.337822,0.3788,0.0025,retrained
1045,random,1,350,50,-0.128988702253992,4.91456410378305,-5.94630000275356,10.86086410653661,9.764257431030272,11.4488130783902,0.06666666666666667,0.317529,0.350407,0.0033,retrained
1045,random,2,400,50,-5.94630000275356,-5.94630000275356,-5.94630000275356,0.0,15.876867294311523,4.91456410378305,0.16666666666666666,0.350407,0.322669,0.0036,retrained
1045,random,3,450,50,-5.94630000275356,-5.94630000275356,-5.94630000275356,0.0,15.233705520629885,2.78908783021689,0.26666666666666666,0.322669,0.337591,0.004,retrained
1045,random,4,500,50,-5.94630000275356,-5.94630000275356,-5.94630000275356,0.0,14.388707160949709,2.18454132435727,0.36666666666666664,0.337591,0.335894,0.0,retrained
1045,random,5,550,50,-5.94630000275356,-5.94630000275356,-5.94630000275356,0.0,16.42223358154297,2.18454132435727,0.5,0.335894,0.364229,0.0,retrained
1045,greedy,1,350,50,-0.128988702253992,3.41173968594012,-5.94630000275356,9.35803968869368,9.10361099243164,6.36845274140796,0.2,0.317529,0.33608,0.0033,retrained
1045,greedy,2,400,50,-5.94630000275356,-5.94630000275356,-5.94630000275356,0.0,17.87545394897461,4.09983239788562,0.3333333333333333,0.33608,0.350839,0.0036,retrained
1045,greedy,3,450,50,-5.94630000275356,-5.94630000275356,-5.94630000275356,0.0,16.06588363647461,3.41173968594012,0.5,0.350839,0.331997,0.004,retrained
1045,greedy,4,500,50,-5.94630000275356,-5.94630000275356,-5.94630000275356,0.0,18.557373046875,3.41173968594012,0.55,0.331997,0.349474,0.0044,retrained
1045,greedy,5,550,50,-5.94630000275356,-5.94630000275356,-5.94630000275356,0.0,20.672218322753903,2.78908783021689,0.7166666666666667,0.349474,0.317228,0.0825,retrained
1045,greedy_diverse,1,350,50,-0.128988702253992,3.41173968594012,-5.94630000275356,9.35803968869368,9.10361099243164,6.34068141943135,0.2,0.317529,0.271607,0.0033,retrained
1045,greedy_diverse,2,400,50,-0.128988702253992,3.41173968594012,-5.94630000275356,9.35803968869368,8.794883728027344,4.20880715476233,0.3,0.271607,0.310656,0.0036,retrained
1045,greedy_diverse,3,450,50,-1.79640898725484,-1.79640898725484,-5.94630000275356,4.14989101549872,11.907953262329102,4.09983239788562,0.4166666666666667,0.310656,0.277961,0.004,retrained
1045,greedy_diverse,4,500,50,-1.79640898725484,-1.79640898725484,-5.94630000275356,4.14989101549872,13.76653289794922,4.09983239788562,0.5166666666666667,0.277961,0.292971,0.0044,retrained
1045,greedy_diverse,5,550,50,-1.79640898725484,-1.79640898725484,-5.94630000275356,4.14989101549872,11.933710098266602,3.41173968594012,0.6,0.292971,0.311411,0.0,retrained
1045,maxmin_coverage,1,350,50,-1.79640898725484,-1.79640898725484,-5.94630000275356,4.14989101549872,15.101364135742188,6.34068141943135,0.16666666666666666,0.317529,0.286134,0.0033,retrained
1045,maxmin_coverage,2,400,50,-5.94630000275356,-5.94630000275356,-5.94630000275356,0.0,10.148113250732422,3.41173968594012,0.31666666666666665,0.286134,0.263639,0.0036,retrained
1045,maxmin_coverage,3,450,50,-5.94630000275356,-5.94630000275356,-5.94630000275356,0.0,11.99460792541504,3.41173968594012,0.43333333333333335,0.263639,0.336184,0.004,retrained
1045,maxmin_coverage,4,500,50,-5.94630000275356,-5.94630000275356,-5.94630000275356,0.0,13.879611015319824,3.41173968594012,0.5,0.336184,0.314198,0.0044,retrained
1045,maxmin_coverage,5,550,50,-5.94630000275356,-5.94630000275356,-5.94630000275356,0.0,22.213531494140625,1.06826830975842,0.55,0.314198,0.329827,0.0,retrained
1046,random,1,350,50,2.18454132435727,2.63410041427414,-5.94630000275356,8.5804004170277,15.751200675964355,6.30182657383921,0.08333333333333333,0.183936,0.250464,0.0033,retrained
1046,random,2,400,50,1.06826830975842,1.06826830975842,-5.94630000275356,7.0145683125119795,16.759428024291992,5.43463994693957,0.13333333333333333,0.250464,0.263674,0.0036,retrained
1046,random,3,450,50,1.06826830975842,1.06826830975842,-5.94630000275356,7.0145683125119795,15.29035758972168,5.43463994693957,0.21666666666666667,0.263674,0.261803,0.004,retrained
1046,random,4,500,50,1.06826830975842,1.06826830975842,-5.94630000275356,7.0145683125119795,16.97761344909668,2.86005131311322,0.31666666666666665,0.261803,0.244238,0.0044,retrained
1046,random,5,550,50,1.06826830975842,1.06826830975842,-5.94630000275356,7.0145683125119795,16.217971801757812,2.63410041427414,0.4,0.244238,0.269098,0.0525,retrained
1046,greedy,1,350,50,-5.94630000275356,-5.94630000275356,-5.94630000275356,0.0,11.764974594116213,1.31582066329793,0.18333333333333332,0.183936,0.177618,0.0033,retrained
1046,greedy,2,400,50,-5.94630000275356,-5.94630000275356,-5.94630000275356,0.0,14.148263931274414,-1.79640898725484,0.31666666666666665,0.177618,0.211577,0.0036,retrained
1046,greedy,3,450,50,-5.94630000275356,-5.94630000275356,-5.94630000275356,0.0,18.27117156982422,-1.79640898725484,0.43333333333333335,0.211577,0.279977,0.004,retrained
1046,greedy,4,500,50,-5.94630000275356,-5.94630000275356,-5.94630000275356,0.0,19.122751235961918,-1.79640898725484,0.5166666666666667,0.279977,0.265481,0.0,retrained
1046,greedy,5,550,50,-5.94630000275356,-5.94630000275356,-5.94630000275356,0.0,21.46391868591309,-1.79640898725484,0.6,0.265481,0.273503,0.0,retrained
1046,greedy_diverse,1,350,50,-1.79640898725484,-1.79640898725484,-5.94630000275356,4.14989101549872,11.764974594116213,1.06826830975842,0.21666666666666667,0.183936,0.18762,0.0033,retrained
1046,greedy_diverse,2,400,50,-5.94630000275356,-5.94630000275356,-5.94630000275356,0.0,14.612947463989258,-1.79640898725484,0.3333333333333333,0.18762,0.227746,0.0036,retrained
1046,greedy_diverse,3,450,50,-5.94630000275356,-5.94630000275356,-5.94630000275356,0.0,12.600131034851074,-1.79640898725484,0.45,0.227746,0.237325,0.004,retrained
1046,greedy_diverse,4,500,50,-5.94630000275356,-5.94630000275356,-5.94630000275356,0.0,12.303442001342772,-1.79640898725484,0.55,0.237325,0.248366,0.0,retrained
1046,greedy_diverse,5,550,50,-5.94630000275356,-5.94630000275356,-5.94630000275356,0.0,12.68720245361328,-1.79640898725484,0.65,0.248366,0.225408,0.0,retrained
1046,maxmin_coverage,1,350,50,-0.128988702253992,-0.128988702253992,-5.94630000275356,5.817311300499568,17.03790855407715,2.63410041427414,0.15,0.183936,0.242189,0.0033,retrained
1046,maxmin_coverage,2,400,50,-1.79640898725484,-1.79640898725484,-5.94630000275356,4.14989101549872,12.187252044677734,1.06826830975842,0.2833333333333333,0.242189,0.258357,0.0,retrained
1046,maxmin_coverage,3,450,50,-2.72422035229465,-2.72422035229465,-5.94630000275356,3.2220796504589098,16.779294967651367,-0.128988702253992,0.43333333333333335,0.258357,0.231189,0.0,retrained
1046,maxmin_coverage,4,500,50,-2.72422035229465,-2.72422035229465,-5.94630000275356,3.2220796504589098,19.41701889038086,-0.128988702253992,0.48333333333333334,0.231189,0.302003,0.0,retrained
1046,maxmin_coverage,5,550,50,-2.72422035229465,-2.72422035229465,-5.94630000275356,3.2220796504589098,23.1439208984375,-0.128988702253992,0.5833333333333334,0.302003,0.305357,0.0,retrained
1047,random,1,350,50,-0.128988702253992,3.031954188893,-1.79640898725484,4.828363176147841,14.457979202270508,6.39354552682198,0.11666666666666667,0.287254,0.355542,0.0,retrained
1047,random,2,400,50,-1.79640898725484,-1.79640898725484,-1.79640898725484,0.0,12.476768493652344,3.19723738387984,0.2,0.355542,0.346021,0.0,retrained
1047,random,3,450,50,-1.79640898725484,-1.79640898725484,-1.79640898725484,0.0,17.201473236083984,3.19723738387984,0.21666666666666667,0.346021,0.396487,0.0,retrained
1047,random,4,500,50,-1.79640898725484,-1.79640898725484,-1.79640898725484,0.0,16.908424377441406,3.19723738387984,0.2833333333333333,0.396487,0.382937,0.0,retrained
1047,random,5,550,50,-1.79640898725484,-1.79640898725484,-1.79640898725484,0.0,17.679153442382812,3.031954188893,0.35,0.382937,0.413808,0.0,retrained
1047,greedy,1,350,50,-0.128988702253992,4.74393837252501,-1.79640898725484,6.54034735977985,9.884549140930176,6.30182657383921,0.11666666666666667,0.287254,0.309014,0.0,retrained
1047,greedy,2,400,50,-1.79640898725484,-1.79640898725484,-1.79640898725484,0.0,14.689852714538574,3.031954188893,0.3,0.309014,0.268037,0.0,retrained
1047,greedy,3,450,50,-1.79640898725484,-1.79640898725484,-1.79640898725484,0.0,18.53695297241211,3.031954188893,0.4,0.268037,0.326654,0.0,retrained
1047,greedy,4,500,50,-1.79640898725484,-1.79640898725484,-1.79640898725484,0.0,20.05150985717773,3.031954188893,0.5166666666666667,0.326654,0.342015,0.0,retrained
1047,greedy,5,550,50,-1.79640898725484,-1.79640898725484,-1.79640898725484,0.0,21.54230308532715,1.54152123986569,0.6666666666666666,0.342015,0.332897,0.0,retrained
1047,greedy_diverse,1,350,50,-0.128988702253992,6.74494772410253,-1.79640898725484,8.54135671135737,9.884549140930176,8.86157183987598,0.08333333333333333,0.287254,0.262541,0.0,retrained
1047,greedy_diverse,2,400,50,-0.128988702253992,1.54152123986569,-1.79640898725484,3.33793022712053,15.484970092773438,4.76361946380712,0.2,0.262541,0.253563,0.0,retrained
1047,greedy_diverse,3,450,50,-0.128988702253992,1.54152123986569,-1.79640898725484,3.33793022712053,16.47658920288086,4.76361946380712,0.31666666666666665,0.253563,0.364545,0.0,retrained
1047,greedy_diverse,4,500,50,-0.128988702253992,1.54152123986569,-1.79640898725484,3.33793022712053,15.334875106811523,4.76361946380712,0.4,0.364545,0.393713,0.0,retrained
1047,greedy_diverse,5,550,50,-0.128988702253992,1.54152123986569,-1.79640898725484,3.33793022712053,15.499279975891112,4.76361946380712,0.4666666666666667,0.393713,0.415834,0.0,retrained
1047,maxmin_coverage,1,350,50,-0.128988702253992,1.54152123986569,-1.79640898725484,3.33793022712053,13.57744312286377,7.50053111732268,0.1,0.287254,0.280485,0.0,retrained
1047,maxmin_coverage,2,400,50,-0.128988702253992,1.54152123986569,-1.79640898725484,3.33793022712053,13.9016695022583,5.43463994693957,0.2,0.280485,0.239389,0.0,retrained
1047,maxmin_coverage,3,450,50,-0.128988702253992,1.54152123986569,-1.79640898725484,3.33793022712053,16.91178321838379,3.19723738387984,0.3,0.239389,0.314898,0.0,retrained
1047,maxmin_coverage,4,500,50,-0.128988702253992,1.54152123986569,-1.79640898725484,3.33793022712053,20.90122604370117,3.19723738387984,0.43333333333333335,0.314898,0.345985,0.0,retrained
1047,maxmin_coverage,5,550,50,-0.128988702253992,1.54152123986569,-1.79640898725484,3.33793022712053,21.504262924194336,3.19723738387984,0.5333333333333333,0.345985,0.409591,0.0,retrained
1048,random,1,350,50,1.06826830975842,1.06826830975842,-5.94630000275356,7.0145683125119795,18.11691665649414,9.5499253907401,0.1,0.045204,0.086849,0.0033,retrained
1048,random,2,400,50,1.06826830975842,1.06826830975842,-5.94630000275356,7.0145683125119795,15.705554008483888,9.5499253907401,0.13333333333333333,0.086849,0.066417,0.0036,retrained
1048,random,3,450,50,-5.94630000275356,-5.94630000275356,-5.94630000275356,0.0,15.155435562133787,4.74393837252501,0.2833333333333333,0.066417,0.101632,0.002,retrained
1048,random,4,500,50,-5.94630000275356,-5.94630000275356,-5.94630000275356,0.0,17.975305557250977,1.06826830975842,0.38333333333333336,0.101632,0.127172,0.0022,retrained
1048,random,5,550,50,-5.94630000275356,-5.94630000275356,-5.94630000275356,0.0,18.162561416625977,1.06826830975842,0.43333333333333335,0.127172,0.187365,0.0025,retrained
1048,greedy,1,350,50,-5.94630000275356,-5.94630000275356,-5.94630000275356,0.0,14.57227897644043,6.36845274140796,0.16666666666666666,0.045204,0.096911,0.0033,retrained
1048,greedy,2,400,50,-5.94630000275356,-5.94630000275356,-5.94630000275356,0.0,17.319133758544922,3.41173968594012,0.23333333333333334,0.096911,0.11091,0.0036,retrained
1048,greedy,3,450,50,-5.94630000275356,-5.94630000275356,-5.94630000275356,0.0,19.22561264038086,1.06826830975842,0.35,0.11091,0.139395,0.004,retrained
1048,greedy,4,500,50,-5.94630000275356,-5.94630000275356,-5.94630000275356,0.0,21.04456901550293,1.06826830975842,0.4666666666666667,0.139395,0.114999,0.0022,retrained
1048,greedy,5,550,50,-5.94630000275356,-5.94630000275356,-5.94630000275356,0.0,20.572254180908203,1.06826830975842,0.6166666666666667,0.114999,0.179257,0.0025,retrained
1048,greedy_diverse,1,350,50,2.17004855394771,4.76361946380712,-5.94630000275356,10.709919466560681,14.57227897644043,7.19689090009706,0.11666666666666667,0.045204,0.035783,0.0033,retrained
1048,greedy_diverse,2,400,50,2.17004855394771,4.76361946380712,-5.94630000275356,10.709919466560681,15.031855583190918,7.19689090009706,0.21666666666666667,0.035783,0.034253,0.0018,retrained
1048,greedy_diverse,3,450,50,1.82530723417949,1.82530723417949,-5.94630000275356,7.7716072369330504,17.351572036743164,6.36845274140796,0.31666666666666665,0.034253,0.082189,0.002,retrained
1048,greedy_diverse,4,500,50,1.82530723417949,1.82530723417949,-5.94630000275356,7.7716072369330504,16.698890686035156,6.36845274140796,0.4,0.082189,0.120197,0.0022,retrained
1048,greedy_diverse,5,550,50,1.82530723417949,1.82530723417949,-5.94630000275356,7.7716072369330504,16.722984313964844,6.36845274140796,0.45,0.120197,0.177234,0.0025,retrained
1048,maxmin_coverage,1,350,50,2.17004855394771,8.97053604029134,-5.94630000275356,14.9168360430449,15.711441040039062,10.8606211895967,0.1,0.045204,0.021344,0.0033,retrained
1048,maxmin_coverage,2,400,50,2.17004855394771,6.36845274140796,-5.94630000275356,12.31475274416152,15.57062816619873,7.19689090009706,0.21666666666666667,0.021344,0.094996,0.0018,retrained
1048,maxmin_coverage,3,450,50,1.82530723417949,1.82530723417949,-5.94630000275356,7.7716072369330504,17.583742141723633,4.76361946380712,0.35,0.094996,0.07782,0.002,retrained
1048,maxmin_coverage,4,500,50,1.82530723417949,1.82530723417949,-5.94630000275356,7.7716072369330504,20.884441375732425,4.76361946380712,0.45,0.07782,0.154831,0.0022,retrained
1048,maxmin_coverage,5,550,50,1.82530723417949,1.82530723417949,-5.94630000275356,7.7716072369330504,22.382768630981445,4.76361946380712,0.5,0.154831,0.177855,0.0025,retrained
1049,random,1,350,50,1.75952003577549,3.47687136075183,-5.94630000275356,9.42317136350539,14.125714302062988,11.3435201755783,0.05,0.123087,0.158723,0.0,retrained
1049,random,2,400,50,1.75952003577549,3.47687136075183,-5.94630000275356,9.42317136350539,17.29018783569336,6.34068141943135,0.11666666666666667,0.158723,0.158738,0.0,retrained
1049,random,3,450,50,-5.94630000275356,-5.94630000275356,-5.94630000275356,0.0,14.158666610717772,3.47687136075183,0.23333333333333334,0.158738,0.145927,0.0,retrained
1049,random,4,500,50,-5.94630000275356,-5.94630000275356,-5.94630000275356,0.0,16.766855239868164,3.47687136075183,0.31666666666666665,0.145927,0.181163,0.0,retrained
1049,random,5,550,50,-5.94630000275356,-5.94630000275356,-5.94630000275356,0.0,15.93898582458496,1.82530723417949,0.45,0.181163,0.225364,0.0,retrained
1049,greedy,1,350,50,1.75952003577549,4.05739550297221,-5.94630000275356,10.00369550572577,11.48610782623291,6.36845274140796,0.15,0.123087,0.198474,0.0,retrained
1049,greedy,2,400,50,-5.94630000275356,-5.94630000275356,-5.94630000275356,0.0,16.974470138549805,4.09983239788562,0.25,0.198474,0.301064,0.0,retrained
1049,greedy,3,450,50,-5.94630000275356,-5.94630000275356,-5.94630000275356,0.0,18.480566024780277,3.97923397722116,0.36666666666666664,0.301064,0.232962,0.0,retrained
1049,greedy,4,500,50,-5.94630000275356,-5.94630000275356,-5.94630000275356,0.0,16.899290084838867,1.31582066329793,0.5,0.232962,0.360402,0.0,retrained
1049,greedy,5,550,50,-5.94630000275356,-5.94630000275356,-5.94630000275356,0.0,19.450559616088867,-1.79640898725484,0.6666666666666666,0.360402,0.354706,0.065,retrained
1049,greedy_diverse,1,350,50,1.75952003577549,3.97923397722116,-5.94630000275356,9.92553397997472,11.48610782623291,4.20880715476233,0.13333333333333333,0.123087,0.143885,0.0,retrained
1049,greedy_diverse,2,400,50,-5.94630000275356,-5.94630000275356,-5.94630000275356,0.0,14.736671447753906,2.13161010103795,0.3,0.143885,0.20036,0.0,retrained
1049,greedy_diverse,3,450,50,-5.94630000275356,-5.94630000275356,-5.94630000275356,0.0,13.509921073913574,1.06826830975842,0.38333333333333336,0.20036,0.236547,0.0,retrained
1049,greedy_diverse,4,500,50,-5.94630000275356,-5.94630000275356,-5.94630000275356,0.0,15.425092697143556,1.06826830975842,0.48333333333333334,0.236547,0.257277,0.0,retrained
1049,greedy_diverse,5,550,50,-5.94630000275356,-5.94630000275356,-5.94630000275356,0.0,14.485630989074709,-1.79640898725484,0.55,0.257277,0.302445,0.0,retrained
1049,maxmin_coverage,1,350,50,1.06826830975842,1.06826830975842,-5.94630000275356,7.0145683125119795,11.48610782623291,4.20880715476233,0.1,0.123087,0.23058,0.0,retrained
1049,maxmin_coverage,2,400,50,-5.94630000275356,-5.94630000275356,-5.94630000275356,0.0,10.569334030151367,3.97923397722116,0.2,0.23058,0.278036,0.0,retrained
1049,maxmin_coverage,3,450,50,-5.94630000275356,-5.94630000275356,-5.94630000275356,0.0,17.467113494873047,2.13161010103795,0.38333333333333336,0.278036,0.266158,0.0,retrained
1049,maxmin_coverage,4,500,50,-5.94630000275356,-5.94630000275356,-5.94630000275356,0.0,20.99900245666504,1.06826830975842,0.4666666666666667,0.266158,0.311552,0.0,retrained
1049,maxmin_coverage,5,550,50,-5.94630000275356,-5.94630000275356,-5.94630000275356,0.0,21.18324089050293,-1.79640898725484,0.55,0.311552,0.312333,0.0,retrained
1050,random,1,350,50,-1.79640898725484,-1.79640898725484,-5.94630000275356,4.14989101549872,16.093563079833984,13.1838526989486,0.03333333333333333,0.263399,0.2686,0.0117,retrained
1050,random,2,400,50,-1.79640898725484,-1.79640898725484,-5.94630000275356,4.14989101549872,15.904760360717772,5.43463994693957,0.11666666666666667,0.2686,0.276325,0.0127,retrained
1050,random,3,450,50,-1.79640898725484,-1.79640898725484,-5.94630000275356,4.14989101549872,15.597643852233888,3.41173968594012,0.15,0.276325,0.212578,0.004,retrained
1050,random,4,500,50,-2.72422035229465,-2.72422035229465,-5.94630000275356,3.2220796504589098,15.348811149597168,3.031954188893,0.26666666666666666,0.212578,0.251762,0.0044,retrained
1050,random,5,550,50,-2.72422035229465,-2.72422035229465,-5.94630000275356,3.2220796504589098,15.182354927062988,3.031954188893,0.36666666666666664,0.251762,0.298729,0.055,retrained
1050,greedy,1,350,50,1.75952003577549,1.75952003577549,-5.94630000275356,7.70582003852905,13.94227409362793,3.031954188893,0.2,0.263399,0.251457,0.0117,retrained
1050,greedy,2,400,50,-5.94630000275356,-5.94630000275356,-5.94630000275356,0.0,16.707489013671875,2.16613746399526,0.36666666666666664,0.251457,0.225912,0.0127,retrained
1050,greedy,3,450,50,-5.94630000275356,-5.94630000275356,-5.94630000275356,0.0,17.799707412719727,1.75952003577549,0.5,0.225912,0.207269,0.014,retrained
1050,greedy,4,500,50,-5.94630000275356,-5.94630000275356,-5.94630000275356,0.0,18.86701011657715,1.75952003577549,0.6,0.207269,0.240936,0.0044,retrained
1050,greedy,5,550,50,-5.94630000275356,-5.94630000275356,-5.94630000275356,0.0,20.605796813964844,1.75952003577549,0.65,0.240936,0.223245,0.005,retrained
1050,greedy_diverse,1,350,50,2.16613746399526,2.16613746399526,-5.94630000275356,8.112437466748819,13.94227409362793,6.40632700059723,0.15,0.263399,0.28066,0.0117,retrained
1050,greedy_diverse,2,400,50,1.75952003577549,1.75952003577549,-5.94630000275356,7.70582003852905,13.956296920776367,3.031954188893,0.35,0.28066,0.259929,0.0,retrained
1050,greedy_diverse,3,450,50,-1.79640898725484,-1.79640898725484,-5.94630000275356,4.14989101549872,14.096702575683594,2.16613746399526,0.45,0.259929,0.262814,0.0,retrained
1050,greedy_diverse,4,500,50,-1.79640898725484,-1.79640898725484,-5.94630000275356,4.14989101549872,13.76904582977295,2.16613746399526,0.5,0.262814,0.261986,0.0,retrained
1050,greedy_diverse,5,550,50,-1.79640898725484,-1.79640898725484,-5.94630000275356,4.14989101549872,14.101362228393556,2.16613746399526,0.5833333333333334,0.261986,0.359202,0.0,retrained
1050,maxmin_coverage,1,350,50,4.20880715476233,6.12914032939807,-5.94630000275356,12.07544033215163,17.540409088134766,6.48926897501224,0.08333333333333333,0.263399,0.31416,0.0117,retrained
1050,maxmin_coverage,2,400,50,2.16613746399526,2.16613746399526,-5.94630000275356,8.112437466748819,15.19709300994873,3.43182911266194,0.21666666666666667,0.31416,0.28903,0.0,retrained
1050,maxmin_coverage,3,450,50,1.75952003577549,1.75952003577549,-5.94630000275356,7.70582003852905,15.576988220214844,2.63410041427414,0.43333333333333335,0.28903,0.221182,0.0,retrained
1050,maxmin_coverage,4,500,50,-1.79640898725484,-1.79640898725484,-5.94630000275356,4.14989101549872,18.775684356689453,2.16613746399526,0.5333333333333333,0.221182,0.232189,0.0,retrained
1050,maxmin_coverage,5,550,50,-1.79640898725484,-1.79640898725484,-5.94630000275356,4.14989101549872,22.997039794921875,2.16613746399526,0.55,0.232189,0.27944,0.0,retrained
1051,random,1,350,50,-0.128988702253992,1.75952003577549,-5.94630000275356,7.70582003852905,11.435033798217772,7.96611520900115,0.06666666666666667,0.226627,0.256208,0.005,retrained
1051,random,2,400,50,-5.94630000275356,-5.94630000275356,-5.94630000275356,0.0,16.3544921875,4.69478829079162,0.16666666666666666,0.256208,0.280585,0.0036,retrained
1051,random,3,450,50,-5.94630000275356,-5.94630000275356,-5.94630000275356,0.0,16.49074363708496,1.75952003577549,0.23333333333333334,0.280585,0.240509,0.004,retrained
1051,random,4,500,50,-5.94630000275356,-5.94630000275356,-5.94630000275356,0.0,14.302919387817385,1.75952003577549,0.3333333333333333,0.240509,0.301485,0.0044,retrained
1051,random,5,550,50,-5.94630000275356,-5.94630000275356,-5.94630000275356,0.0,16.077579498291016,1.75952003577549,0.36666666666666664,0.301485,0.299308,0.0025,retrained
1051,greedy,1,350,50,-0.128988702253992,1.82530723417949,-5.94630000275356,7.7716072369330504,11.435033798217772,7.79788365632339,0.16666666666666666,0.226627,0.222424,0.005,retrained
1051,greedy,2,400,50,-0.128988702253992,1.31582066329793,-5.94630000275356,7.26212066605149,16.977130889892578,2.78908783021689,0.2833333333333333,0.222424,0.259871,0.0036,retrained
1051,greedy,3,450,50,-0.128988702253992,1.31582066329793,-5.94630000275356,7.26212066605149,18.098596572875977,1.82530723417949,0.4,0.259871,0.273859,0.004,retrained
1051,greedy,4,500,50,-5.94630000275356,-5.94630000275356,-5.94630000275356,0.0,18.0659236907959,-1.79640898725484,0.5666666666666667,0.273859,0.289939,0.0044,retrained
1051,greedy,5,550,50,-5.94630000275356,-5.94630000275356,-5.94630000275356,0.0,19.43531990051269,-1.79640898725484,0.75,0.289939,0.26272,0.0025,retrained
1051,greedy_diverse,1,350,50,-0.128988702253992,1.75952003577549,-5.94630000275356,7.70582003852905,11.435033798217772,6.89403373511232,0.13333333333333333,0.226627,0.236907,0.005,retrained
1051,greedy_diverse,2,400,50,-5.94630000275356,-5.94630000275356,-5.94630000275356,0.0,15.262812614440918,1.82530723417949,0.26666666666666666,0.236907,0.271616,0.0036,retrained
1051,greedy_diverse,3,450,50,-5.94630000275356,-5.94630000275356,-5.94630000275356,0.0,15.963384628295898,1.75952003577549,0.36666666666666664,0.271616,0.292915,0.0,retrained
1051,greedy_diverse,4,500,50,-5.94630000275356,-5.94630000275356,-5.94630000275356,0.0,15.568344116210938,1.75952003577549,0.4666666666666667,0.292915,0.292783,0.0,retrained
1051,greedy_diverse,5,550,50,-5.94630000275356,-5.94630000275356,-5.94630000275356,0.0,14.651829719543455,1.75952003577549,0.5166666666666667,0.292783,0.280545,0.0,retrained
1051,maxmin_coverage,1,350,50,-0.128988702253992,1.75952003577549,-5.94630000275356,7.70582003852905,15.154119491577148,5.62592114594736,0.13333333333333333,0.226627,0.258804,0.005,retrained
1051,maxmin_coverage,2,400,50,-0.128988702253992,1.75952003577549,-5.94630000275356,7.70582003852905,11.7925386428833,4.91456410378305,0.21666666666666667,0.258804,0.243677,0.0036,retrained
1051,maxmin_coverage,3,450,50,-5.94630000275356,-5.94630000275356,-5.94630000275356,0.0,15.9741849899292,1.82530723417949,0.36666666666666664,0.243677,0.258101,0.0,retrained
1051,maxmin_coverage,4,500,50,-5.94630000275356,-5.94630000275356,-5.94630000275356,0.0,19.499691009521484,1.75952003577549,0.5,0.258101,0.286251,0.0,retrained
1051,maxmin_coverage,5,550,50,-5.94630000275356,-5.94630000275356,-5.94630000275356,0.0,23.70138359069824,1.75952003577549,0.55,0.286251,0.247281,0.0,retrained
1052,random,1,350,50,2.13161010103795,2.13161010103795,-5.94630000275356,8.07791010379151,16.908649444580078,8.86157183987598,0.11666666666666667,0.193523,0.192623,0.0,retrained
1052,random,2,400,50,1.31582066329793,1.31582066329793,-5.94630000275356,7.26212066605149,16.417564392089844,1.82530723417949,0.23333333333333334,0.192623,0.213947,0.0,retrained
1052,random,3,450,50,1.31582066329793,1.31582066329793,-5.94630000275356,7.26212066605149,16.42877960205078,1.82530723417949,0.23333333333333334,0.213947,0.194324,0.0,retrained
1052,random,4,500,50,1.31582066329793,1.31582066329793,-5.94630000275356,7.26212066605149,14.80029010772705,1.82530723417949,0.3,0.194324,0.180845,0.0,retrained
1052,random,5,550,50,1.31582066329793,1.31582066329793,-5.94630000275356,7.26212066605149,16.242395401000977,1.82530723417949,0.35,0.180845,0.251916,0.0,retrained
1052,greedy,1,350,50,-5.94630000275356,-5.94630000275356,-5.94630000275356,0.0,12.12348747253418,2.13161010103795,0.15,0.193523,0.213811,0.0,retrained
1052,greedy,2,400,50,-5.94630000275356,-5.94630000275356,-5.94630000275356,0.0,16.31061553955078,2.13161010103795,0.3,0.213811,0.262814,0.0,retrained
1052,greedy,3,450,50,-5.94630000275356,-5.94630000275356,-5.94630000275356,0.0,16.851318359375,1.75952003577549,0.4166666666666667,0.262814,0.29961,0.0,retrained
1052,greedy,4,500,50,-5.94630000275356,-5.94630000275356,-5.94630000275356,0.0,17.25249671936035,1.75952003577549,0.5,0.29961,0.299559,0.0,retrained
1052,greedy,5,550,50,-5.94630000275356,-5.94630000275356,-5.94630000275356,0.0,19.10648727416992,1.31582066329793,0.6333333333333333,0.299559,0.384031,0.0,retrained
1052,greedy_diverse,1,350,50,-2.72422035229465,-2.72422035229465,-5.94630000275356,3.2220796504589098,12.12348747253418,2.13161010103795,0.15,0.193523,0.26282,0.0,retrained
1052,greedy_diverse,2,400,50,-2.72422035229465,-2.72422035229465,-5.94630000275356,3.2220796504589098,14.287900924682615,1.96463543386199,0.3,0.26282,0.226929,0.0,retrained
1052,greedy_diverse,3,450,50,-2.72422035229465,-2.72422035229465,-5.94630000275356,3.2220796504589098,14.80747413635254,1.75952003577549,0.43333333333333335,0.226929,0.230611,0.0,retrained
1052,greedy_diverse,4,500,50,-2.72422035229465,-2.72422035229465,-5.94630000275356,3.2220796504589098,14.040481567382812,1.75952003577549,0.5166666666666667,0.230611,0.244688,0.0,retrained
1052,greedy_diverse,5,550,50,-2.72422035229465,-2.72422035229465,-5.94630000275356,3.2220796504589098,14.601266860961914,1.75952003577549,0.5166666666666667,0.244688,0.290899,0.0,retrained
1052,maxmin_coverage,1,350,50,1.96463543386199,1.96463543386199,-5.94630000275356,7.91093543661555,14.74919319152832,5.43463994693957,0.13333333333333333,0.193523,0.251004,0.0,retrained
1052,maxmin_coverage,2,400,50,-2.72422035229465,-2.72422035229465,-5.94630000275356,3.2220796504589098,11.359583854675291,2.13161010103795,0.23333333333333334,0.251004,0.244085,0.0,retrained
1052,maxmin_coverage,3,450,50,-2.72422035229465,-2.72422035229465,-5.94630000275356,3.2220796504589098,17.60087776184082,1.75952003577549,0.43333333333333335,0.244085,0.22911,0.0,retrained
1052,maxmin_coverage,4,500,50,-2.72422035229465,-2.72422035229465,-5.94630000275356,3.2220796504589098,18.64715003967285,1.75952003577549,0.5,0.22911,0.249551,0.0,retrained
1052,maxmin_coverage,5,550,50,-2.72422035229465,-2.72422035229465,-5.94630000275356,3.2220796504589098,24.574487686157227,1.75952003577549,0.5333333333333333,0.249551,0.335015,0.0,retrained
1053,random,1,350,50,1.06826830975842,6.48926897501224,1.31582066329793,5.17344831171431,16.569005966186523,9.69330898475891,0.05,0.205093,0.218648,0.0017,retrained
1053,random,2,400,50,1.06826830975842,1.82530723417949,1.31582066329793,0.5094865708815601,14.618535995483398,8.4759262067455,0.13333333333333333,0.218648,0.224299,0.0018,retrained
1053,random,3,450,50,1.06826830975842,1.31582066329793,1.31582066329793,0.0,16.079248428344727,2.16613746399526,0.2,0.224299,0.155281,0.002,retrained
1053,random,4,500,50,1.06826830975842,1.31582066329793,1.31582066329793,0.0,15.95244598388672,2.16613746399526,0.2833333333333333,0.155281,0.216529,0.0,retrained
1053,random,5,550,50,1.06826830975842,1.31582066329793,1.31582066329793,0.0,18.15011215209961,2.16613746399526,0.43333333333333335,0.216529,0.118476,0.0,retrained
1053,greedy,1,350,50,1.06826830975842,1.31582066329793,1.31582066329793,0.0,13.760884284973145,4.07733535693114,0.15,0.205093,0.1771,0.0017,retrained
1053,greedy,2,400,50,1.06826830975842,1.31582066329793,1.31582066329793,0.0,15.621777534484863,2.63410041427414,0.23333333333333334,0.1771,0.101106,0.0018,retrained
1053,greedy,3,450,50,1.06826830975842,1.31582066329793,1.31582066329793,0.0,19.72994041442871,2.18454132435727,0.38333333333333336,0.101106,0.190709,0.0,retrained
1053,greedy,4,500,50,1.06826830975842,1.31582066329793,1.31582066329793,0.0,19.65604782104492,2.18454132435727,0.43333333333333335,0.190709,0.173634,0.0,retrained
1053,greedy,5,550,50,1.06826830975842,1.31582066329793,1.31582066329793,0.0,20.33424949645996,2.18454132435727,0.5333333333333333,0.173634,0.268799,0.0,retrained
1053,greedy_diverse,1,350,50,1.06826830975842,2.63410041427414,1.31582066329793,1.31827975097621,13.760884284973145,9.50213448339491,0.08333333333333333,0.205093,0.178509,0.0017,retrained
1053,greedy_diverse,2,400,50,1.06826830975842,1.82530723417949,1.31582066329793,0.5094865708815601,10.960644721984863,2.63410041427414,0.23333333333333334,0.178509,0.208678,0.0,retrained
1053,greedy_diverse,3,450,50,1.06826830975842,1.82530723417949,1.31582066329793,0.5094865708815601,15.159299850463867,2.18454132435727,0.31666666666666665,0.208678,0.238767,0.0,retrained
1053,greedy_diverse,4,500,50,1.06826830975842,1.82530723417949,1.31582066329793,0.5094865708815601,13.782281875610352,2.18454132435727,0.4,0.238767,0.235338,0.0,retrained
1053,greedy_diverse,5,550,50,1.06826830975842,1.82530723417949,1.31582066329793,0.5094865708815601,13.141446113586426,2.18454132435727,0.48333333333333334,0.235338,0.266411,0.0,retrained
1053,maxmin_coverage,1,350,50,1.06826830975842,3.19723738387984,1.31582066329793,1.88141672058191,19.26785469055176,7.705154024683,0.13333333333333333,0.205093,0.210037,0.0017,retrained
1053,maxmin_coverage,2,400,50,1.06826830975842,2.18454132435727,1.31582066329793,0.8687206610593403,13.92531394958496,3.19723738387984,0.21666666666666667,0.210037,0.185181,0.0018,retrained
1053,maxmin_coverage,3,450,50,1.06826830975842,1.82530723417949,1.31582066329793,0.5094865708815601,15.579913139343262,2.18454132435727,0.2833333333333333,0.185181,0.206666,0.002,retrained
1053,maxmin_coverage,4,500,50,1.06826830975842,1.82530723417949,1.31582066329793,0.5094865708815601,21.164695739746094,2.18454132435727,0.38333333333333336,0.206666,0.266302,0.0022,retrained
1053,maxmin_coverage,5,550,50,1.06826830975842,1.82530723417949,1.31582066329793,0.5094865708815601,23.842050552368164,2.18454132435727,0.4166666666666667,0.266302,0.217819,0.0025,retrained
1054,random,1,350,50,-1.79640898725484,5.89735427590858,-5.94630000275356,11.84365427866214,13.83860206604004,6.75878054208806,0.11666666666666667,0.289305,0.274982,0.0,retrained
1054,random,2,400,50,-1.79640898725484,5.89735427590858,-5.94630000275356,11.84365427866214,19.367748260498047,6.73450753945872,0.16666666666666666,0.274982,0.319011,0.0,retrained
1054,random,3,450,50,-1.79640898725484,1.96463543386199,-5.94630000275356,7.91093543661555,15.702844619750977,6.67094740359607,0.2,0.319011,0.34617,0.0,retrained
1054,random,4,500,50,-1.79640898725484,1.96463543386199,-5.94630000275356,7.91093543661555,14.273618698120115,6.67094740359607,0.2833333333333333,0.34617,0.333019,0.0,retrained
1054,random,5,550,50,-1.79640898725484,1.96463543386199,-5.94630000275356,7.91093543661555,17.038040161132812,6.30182657383921,0.38333333333333336,0.333019,0.327545,0.0,retrained
1054,greedy,1,350,50,-1.79640898725484,1.54152123986569,-5.94630000275356,7.487821242619249,11.561381340026855,4.54615422639108,0.23333333333333334,0.289305,0.257691,0.0,retrained
1054,greedy,2,400,50,-5.94630000275356,-5.94630000275356,-5.94630000275356,0.0,16.17948341369629,1.96463543386199,0.4,0.257691,0.256875,0.0,retrained
1054,greedy,3,450,50,-5.94630000275356,-5.94630000275356,-5.94630000275356,0.0,15.76014518737793,1.96463543386199,0.5833333333333334,0.256875,0.3516,0.0,retrained
1054,greedy,4,500,50,-5.94630000275356,-5.94630000275356,-5.94630000275356,0.0,18.38727188110352,1.96463543386199,0.6833333333333333,0.3516,0.332899,0.0,retrained
1054,greedy,5,550,50,-5.94630000275356,-5.94630000275356,-5.94630000275356,0.0,18.927227020263672,1.96463543386199,0.7833333333333333,0.332899,0.361307,0.0,retrained
1054,greedy_diverse,1,350,50,-1.79640898725484,1.96463543386199,-5.94630000275356,7.91093543661555,11.561381340026855,6.88661601201238,0.16666666666666666,0.289305,0.292482,0.0,retrained
1054,greedy_diverse,2,400,50,-5.94630000275356,-5.94630000275356,-5.94630000275356,0.0,15.074543952941896,1.96463543386199,0.35,0.292482,0.345427,0.0,retrained
1054,greedy_diverse,3,450,50,-5.94630000275356,-5.94630000275356,-5.94630000275356,0.0,12.545823097229004,1.54152123986569,0.45,0.345427,0.381034,0.0,retrained
1054,greedy_diverse,4,500,50,-5.94630000275356,-5.94630000275356,-5.94630000275356,0.0,15.112818717956545,1.54152123986569,0.48333333333333334,0.381034,0.372965,0.0,retrained
1054,greedy_diverse,5,550,50,-5.94630000275356,-5.94630000275356,-5.94630000275356,0.0,13.129583358764648,1.54152123986569,0.5666666666666667,0.372965,0.36303,0.0,retrained
1054,maxmin_coverage,1,350,50,-1.79640898725484,6.88661601201238,-5.94630000275356,12.832916014765939,14.010305404663086,10.0903641931764,0.11666666666666667,0.289305,0.305595,0.0,retrained
1054,maxmin_coverage,2,400,50,-5.94630000275356,-5.94630000275356,-5.94630000275356,0.0,12.456356048583984,2.16613746399526,0.25,0.305595,0.310619,0.0,retrained
1054,maxmin_coverage,3,450,50,-5.94630000275356,-5.94630000275356,-5.94630000275356,0.0,14.450525283813477,1.54152123986569,0.4166666666666667,0.310619,0.271547,0.0,retrained
1054,maxmin_coverage,4,500,50,-5.94630000275356,-5.94630000275356,-5.94630000275356,0.0,21.6314640045166,1.54152123986569,0.5166666666666667,0.271547,0.271361,0.0,retrained
1054,maxmin_coverage,5,550,50,-5.94630000275356,-5.94630000275356,-5.94630000275356,0.0,23.59285926818848,1.54152123986569,0.5666666666666667,0.271361,0.322538,0.0,retrained
1055,random,1,350,50,-5.94630000275356,4.51400760590695,-0.128988702253992,4.642996308160942,14.187860488891602,10.9706499875429,0.1,0.132536,0.228558,0.0017,retrained
1055,random,2,400,50,-5.94630000275356,1.82530723417949,-0.128988702253992,1.954295936433482,14.03228759765625,6.63529152522096,0.11666666666666667,0.228558,0.244497,0.0018,retrained
1055,random,3,450,50,-5.94630000275356,1.82530723417949,-0.128988702253992,1.954295936433482,14.568244934082031,4.51400760590695,0.16666666666666666,0.244497,0.229269,0.002,retrained
1055,random,4,500,50,-5.94630000275356,1.75952003577549,-0.128988702253992,1.888508738029482,16.596363067626953,3.73313455799507,0.26666666666666666,0.229269,0.21028,0.0022,retrained
1055,random,5,550,50,-5.94630000275356,-0.128988702253992,-0.128988702253992,0.0,15.834589004516602,1.82530723417949,0.43333333333333335,0.21028,0.227362,0.0025,retrained
1055,greedy,1,350,50,-5.94630000275356,3.47687136075183,-0.128988702253992,3.6058600630058217,6.444169521331787,6.67094740359607,0.16666666666666666,0.132536,0.170845,0.0017,retrained
1055,greedy,2,400,50,-5.94630000275356,1.75952003577549,-0.128988702253992,1.888508738029482,14.420825004577637,5.36710108139232,0.25,0.170845,0.09854,0.0018,retrained
1055,greedy,3,450,50,-5.94630000275356,1.75952003577549,-0.128988702253992,1.888508738029482,16.715816497802734,3.47687136075183,0.38333333333333336,0.09854,0.199203,0.002,retrained
1055,greedy,4,500,50,-5.94630000275356,1.75952003577549,-0.128988702253992,1.888508738029482,17.743045806884766,3.47687136075183,0.4,0.199203,0.159619,0.0,retrained
1055,greedy,5,550,50,-5.94630000275356,1.75952003577549,-0.128988702253992,1.888508738029482,21.036230087280277,3.47687136075183,0.4166666666666667,0.159619,0.158881,0.0,retrained
1055,greedy_diverse,1,350,50,-5.94630000275356,1.75952003577549,-0.128988702253992,1.888508738029482,6.444169521331787,4.37453074478617,0.16666666666666666,0.132536,0.152911,0.0017,retrained
1055,greedy_diverse,2,400,50,-5.94630000275356,-0.128988702253992,-0.128988702253992,0.0,13.930704116821287,2.86005131311322,0.26666666666666666,0.152911,0.160974,0.0018,retrained
1055,greedy_diverse,3,450,50,-5.94630000275356,-0.128988702253992,-0.128988702253992,0.0,10.735469818115234,2.86005131311322,0.3,0.160974,0.247512,0.002,retrained
1055,greedy_diverse,4,500,50,-5.94630000275356,-0.128988702253992,-0.128988702253992,0.0,15.4764986038208,2.86005131311322,0.4,0.247512,0.262708,0.0022,retrained
1055,greedy_diverse,5,550,50,-5.94630000275356,-0.128988702253992,-0.128988702253992,0.0,16.191776275634766,2.78908783021689,0.48333333333333334,0.262708,0.270907,0.0025,retrained
1055,maxmin_coverage,1,350,50,-5.94630000275356,1.75952003577549,-0.128988702253992,1.888508738029482,16.656381607055664,6.25187815396202,0.15,0.132536,0.202195,0.0017,retrained
1055,maxmin_coverage,2,400,50,-5.94630000275356,1.75952003577549,-0.128988702253992,1.888508738029482,12.040684700012209,4.37453074478617,0.23333333333333334,0.202195,0.231717,0.0018,retrained
1055,maxmin_coverage,3,450,50,-5.94630000275356,-0.128988702253992,-0.128988702253992,0.0,15.273687362670898,2.86005131311322,0.2833333333333333,0.231717,0.271712,0.002,retrained
1055,maxmin_coverage,4,500,50,-5.94630000275356,-0.128988702253992,-0.128988702253992,0.0,20.51974296569824,2.86005131311322,0.4166666666666667,0.271712,0.279713,0.0022,retrained
1055,maxmin_coverage,5,550,50,-5.94630000275356,-0.128988702253992,-0.128988702253992,0.0,22.162155151367188,2.86005131311322,0.48333333333333334,0.279713,0.234228,0.0025,retrained
1056,random,1,350,50,-5.94630000275356,-0.128988702253992,-2.72422035229465,2.5952316500406583,13.267712593078612,8.77276034257011,0.1,0.30032,0.219473,0.0,retrained
1056,random,2,400,50,-5.94630000275356,-0.128988702253992,-2.72422035229465,2.5952316500406583,15.953102111816406,4.69478829079162,0.25,0.219473,0.226896,0.0,retrained
1056,random,3,450,50,-5.94630000275356,-0.128988702253992,-2.72422035229465,2.5952316500406583,15.84718894958496,1.54152123986569,0.3333333333333333,0.226896,0.272837,0.0,retrained
1056,random,4,500,50,-5.94630000275356,-0.128988702253992,-2.72422035229465,2.5952316500406583,12.363423347473145,1.54152123986569,0.45,0.272837,0.281017,0.0,retrained
1056,random,5,550,50,-5.94630000275356,-0.128988702253992,-2.72422035229465,2.5952316500406583,15.334291458129885,1.54152123986569,0.5666666666666667,0.281017,0.23398,0.0,retrained
1056,greedy,1,350,50,-5.94630000275356,2.13161010103795,-2.72422035229465,4.8558304533326,12.988202095031738,4.20880715476233,0.18333333333333332,0.30032,0.250431,0.0,retrained
1056,greedy,2,400,50,-5.94630000275356,2.13161010103795,-2.72422035229465,4.8558304533326,16.36871337890625,4.20880715476233,0.35,0.250431,0.195947,0.0,retrained
1056,greedy,3,450,50,-5.94630000275356,1.54152123986569,-2.72422035229465,4.2657415921603405,17.398378372192383,4.07733535693114,0.43333333333333335,0.195947,0.28681,0.0,retrained
1056,greedy,4,500,50,-5.94630000275356,1.54152123986569,-2.72422035229465,4.2657415921603405,17.568275451660156,3.47687136075183,0.5333333333333333,0.28681,0.279326,0.0,retrained
1056,greedy,5,550,50,-5.94630000275356,1.54152123986569,-2.72422035229465,4.2657415921603405,20.31991004943848,3.47687136075183,0.6,0.279326,0.292492,0.085,retrained
1056,greedy_diverse,1,350,50,-5.94630000275356,4.20880715476233,-2.72422035229465,6.9330275070569805,12.988202095031738,4.91456410378305,0.18333333333333332,0.30032,0.229378,0.0,retrained
1056,greedy_diverse,2,400,50,-5.94630000275356,3.47687136075183,-2.72422035229465,6.20109171304648,13.43712043762207,4.54615422639108,0.3,0.229378,0.273721,0.0,retrained
1056,greedy_diverse,3,450,50,-5.94630000275356,3.47687136075183,-2.72422035229465,6.20109171304648,13.87360382080078,4.54615422639108,0.36666666666666664,0.273721,0.189876,0.0,retrained
1056,greedy_diverse,4,500,50,-5.94630000275356,3.47687136075183,-2.72422035229465,6.20109171304648,14.865135192871094,4.54615422639108,0.43333333333333335,0.189876,0.212083,0.0,retrained
1056,greedy_diverse,5,550,50,-5.94630000275356,-0.128988702253992,-2.72422035229465,2.5952316500406583,16.2794132232666,2.86005131311322,0.5166666666666667,0.212083,0.241592,0.0,retrained
1056,maxmin_coverage,1,350,50,-5.94630000275356,4.54615422639108,-2.72422035229465,7.27037457868573,14.259913444519045,5.89735427590858,0.1,0.30032,0.239529,0.0,retrained
1056,maxmin_coverage,2,400,50,-5.94630000275356,3.47687136075183,-2.72422035229465,6.20109171304648,13.317880630493164,4.91456410378305,0.18333333333333332,0.239529,0.325348,0.0,retrained
1056,maxmin_coverage,3,450,50,-5.94630000275356,3.47687136075183,-2.72422035229465,6.20109171304648,17.625316619873047,4.91456410378305,0.3,0.325348,0.294399,0.0,retrained
1056,maxmin_coverage,4,500,50,-5.94630000275356,3.47687136075183,-2.72422035229465,6.20109171304648,19.52978515625,4.91456410378305,0.38333333333333336,0.294399,0.306057,0.0,retrained
1056,maxmin_coverage,5,550,50,-5.94630000275356,-0.128988702253992,-2.72422035229465,2.5952316500406583,22.357839584350582,3.47687136075183,0.45,0.306057,0.257528,0.0,retrained
1057,random,1,350,50,1.54152123986569,3.97923397722116,-5.94630000275356,9.92553397997472,18.74570846557617,8.65642674760966,0.06666666666666667,0.409464,0.373641,0.0017,retrained
1057,random,2,400,50,1.54152123986569,3.97923397722116,-5.94630000275356,9.92553397997472,18.0451774597168,7.50053111732268,0.1,0.373641,0.360143,0.0,retrained
1057,random,3,450,50,1.54152123986569,3.97923397722116,-5.94630000275356,9.92553397997472,14.789932250976562,7.50053111732268,0.15,0.360143,0.318557,0.0,retrained
1057,random,4,500,50,-5.94630000275356,-5.94630000275356,-5.94630000275356,0.0,13.624509811401367,6.74494772410253,0.25,0.318557,0.307307,0.0,retrained
1057,random,5,550,50,-5.94630000275356,-5.94630000275356,-5.94630000275356,0.0,13.9448881149292,3.97923397722116,0.36666666666666664,0.307307,0.311397,0.0,retrained
1057,greedy,1,350,50,-5.94630000275356,-5.94630000275356,-5.94630000275356,0.0,8.861791610717773,6.63508265908604,0.16666666666666666,0.409464,0.354186,0.0017,retrained
1057,greedy,2,400,50,-5.94630000275356,-5.94630000275356,-5.94630000275356,0.0,15.138587951660156,6.55698841387493,0.25,0.354186,0.429849,0.0018,retrained
1057,greedy,3,450,50,-5.94630000275356,-5.94630000275356,-5.94630000275356,0.0,18.17902565002441,2.91626778182399,0.43333333333333335,0.429849,0.416787,0.0,retrained
1057,greedy,4,500,50,-5.94630000275356,-5.94630000275356,-5.94630000275356,0.0,18.51878547668457,-1.79640898725484,0.6,0.416787,0.386863,0.0,retrained
1057,greedy,5,550,50,-5.94630000275356,-5.94630000275356,-5.94630000275356,0.0,18.41376495361328,-1.79640898725484,0.7,0.386863,0.38704,0.0,retrained
1057,greedy_diverse,1,350,50,-1.79640898725484,-1.79640898725484,-5.94630000275356,4.14989101549872,8.861791610717773,5.89735427590858,0.18333333333333332,0.409464,0.399728,0.0017,retrained
1057,greedy_diverse,2,400,50,-1.79640898725484,-1.79640898725484,-5.94630000275356,4.14989101549872,13.74077320098877,4.76361946380712,0.2833333333333333,0.399728,0.403405,0.0018,retrained
1057,greedy_diverse,3,450,50,-1.79640898725484,-1.79640898725484,-5.94630000275356,4.14989101549872,13.821279525756836,4.09983239788562,0.4166666666666667,0.403405,0.378816,0.0,retrained
1057,greedy_diverse,4,500,50,-1.79640898725484,-1.79640898725484,-5.94630000275356,4.14989101549872,15.278528213500977,3.97923397722116,0.48333333333333334,0.378816,0.369294,0.0,retrained
1057,greedy_diverse,5,550,50,-1.79640898725484,-1.79640898725484,-5.94630000275356,4.14989101549872,15.605265617370604,3.97923397722116,0.5333333333333333,0.369294,0.361562,0.0,retrained
1057,maxmin_coverage,1,350,50,1.54152123986569,4.76361946380712,-5.94630000275356,10.709919466560681,15.246200561523438,6.28859501111583,0.13333333333333333,0.409464,0.381031,0.0017,retrained
1057,maxmin_coverage,2,400,50,-1.79640898725484,-1.79640898725484,-5.94630000275356,4.14989101549872,9.97129249572754,4.76361946380712,0.25,0.381031,0.446351,0.0,retrained
1057,maxmin_coverage,3,450,50,-1.79640898725484,-1.79640898725484,-5.94630000275356,4.14989101549872,16.407041549682617,4.76361946380712,0.3333333333333333,0.446351,0.429297,0.0,retrained
1057,maxmin_coverage,4,500,50,-1.79640898725484,-1.79640898725484,-5.94630000275356,4.14989101549872,19.422452926635746,3.97923397722116,0.4666666666666667,0.429297,0.381635,0.0,retrained
1057,maxmin_coverage,5,550,50,-1.79640898725484,-1.79640898725484,-5.94630000275356,4.14989101549872,22.123371124267575,3.97923397722116,0.5166666666666667,0.381635,0.412842,0.0,retrained
1058,random,1,350,50,-1.79640898725484,4.20880715476233,1.31582066329793,2.8929864914644003,16.033641815185547,5.43463994693957,0.11666666666666667,0.316356,0.298708,0.0033,retrained
1058,random,2,400,50,-1.79640898725484,1.82530723417949,1.31582066329793,0.5094865708815601,15.5626802444458,5.28029423850603,0.23333333333333334,0.298708,0.315468,0.0036,retrained
1058,random,3,450,50,-1.79640898725484,1.82530723417949,1.31582066329793,0.5094865708815601,13.916851997375488,4.20880715476233,0.31666666666666665,0.315468,0.339572,0.004,retrained
1058,random,4,500,50,-1.79640898725484,1.82530723417949,1.31582066329793,0.5094865708815601,15.46580696105957,3.43182911266194,0.4166666666666667,0.339572,0.361731,0.0044,retrained
1058,random,5,550,50,-1.79640898725484,1.31582066329793,1.31582066329793,0.0,14.805387496948242,3.19723738387984,0.48333333333333334,0.361731,0.364577,0.0675,retrained
1058,greedy,1,350,50,-1.79640898725484,1.31582066329793,1.31582066329793,0.0,12.733444213867188,3.19723738387984,0.21666666666666667,0.316356,0.231805,0.0033,retrained
1058,greedy,2,400,50,-1.79640898725484,1.31582066329793,1.31582066329793,0.0,15.066461563110352,3.19723738387984,0.35,0.231805,0.241367,0.0,retrained
1058,greedy,3,450,50,-1.79640898725484,1.31582066329793,1.31582066329793,0.0,14.223007202148438,3.19723738387984,0.48333333333333334,0.241367,0.254726,0.0,retrained
1058,greedy,4,500,50,-1.79640898725484,1.31582066329793,1.31582066329793,0.0,17.711021423339844,3.19723738387984,0.5833333333333334,0.254726,0.300113,0.0,retrained
1058,greedy,5,550,50,-1.79640898725484,1.31582066329793,1.31582066329793,0.0,18.286937713623047,3.19723738387984,0.6166666666666667,0.300113,0.298326,0.0875,retrained
1058,greedy_diverse,1,350,50,-1.79640898725484,1.31582066329793,1.31582066329793,0.0,12.733444213867188,4.09983239788562,0.16666666666666666,0.316356,0.287928,0.0033,retrained
1058,greedy_diverse,2,400,50,-1.79640898725484,1.31582066329793,1.31582066329793,0.0,13.152728080749512,4.09983239788562,0.25,0.287928,0.322789,0.0,retrained
1058,greedy_diverse,3,450,50,-1.79640898725484,1.31582066329793,1.31582066329793,0.0,14.8048677444458,4.09983239788562,0.31666666666666665,0.322789,0.313409,0.0,retrained
1058,greedy_diverse,4,500,50,-1.79640898725484,1.31582066329793,1.31582066329793,0.0,14.640060424804688,3.43182911266194,0.35,0.313409,0.353215,0.0,retrained
1058,greedy_diverse,5,550,50,-1.79640898725484,1.31582066329793,1.31582066329793,0.0,14.898198127746582,3.43182911266194,0.43333333333333335,0.353215,0.361026,0.0,retrained
1058,maxmin_coverage,1,350,50,-1.79640898725484,3.43182911266194,1.31582066329793,2.11600844936401,17.440649032592773,6.39354552682198,0.11666666666666667,0.316356,0.275179,0.0033,retrained
1058,maxmin_coverage,2,400,50,-1.79640898725484,1.31582066329793,1.31582066329793,0.0,13.607206344604492,4.09983239788562,0.21666666666666667,0.275179,0.305046,0.0036,retrained
1058,maxmin_coverage,3,450,50,-1.79640898725484,1.31582066329793,1.31582066329793,0.0,16.272235870361328,4.09983239788562,0.2833333333333333,0.305046,0.313377,0.002,retrained
1058,maxmin_coverage,4,500,50,-1.79640898725484,1.31582066329793,1.31582066329793,0.0,20.110828399658203,3.43182911266194,0.36666666666666664,0.313377,0.313362,0.0022,retrained
1058,maxmin_coverage,5,550,50,-1.79640898725484,1.31582066329793,1.31582066329793,0.0,23.031383514404297,3.43182911266194,0.4166666666666667,0.313362,0.304878,0.0025,retrained
1059,random,1,350,50,-5.94630000275356,6.67094740359607,2.86005131311322,3.81089609048285,16.445188522338867,8.80174928123233,0.06666666666666667,0.208952,0.198669,0.0033,retrained
1059,random,2,400,50,-5.94630000275356,5.28029423850603,2.86005131311322,2.4202429253928095,15.656518936157228,5.38251813034731,0.16666666666666666,0.198669,0.222486,0.0018,retrained
1059,random,3,450,50,-5.94630000275356,2.86005131311322,2.86005131311322,0.0,16.733015060424805,4.69478829079162,0.25,0.222486,0.221526,0.002,retrained
1059,random,4,500,50,-5.94630000275356,2.86005131311322,2.86005131311322,0.0,12.498022079467772,4.20880715476233,0.36666666666666664,0.221526,0.229669,0.0022,retrained
1059,random,5,550,50,-5.94630000275356,2.86005131311322,2.86005131311322,0.0,13.992685317993164,4.20880715476233,0.45,0.229669,0.311616,0.0025,retrained
1059,greedy,1,350,50,-5.94630000275356,3.031954188893,2.86005131311322,0.17190287577978003,13.996366500854492,5.62592114594736,0.16666666666666666,0.208952,0.237429,0.0033,retrained
1059,greedy,2,400,50,-5.94630000275356,3.031954188893,2.86005131311322,0.17190287577978003,15.97011375427246,4.74393837252501,0.3,0.237429,0.258897,0.0018,retrained
1059,greedy,3,450,50,-5.94630000275356,2.91626778182399,2.86005131311322,0.056216468710769796,18.56661605834961,4.60837494907901,0.5333333333333333,0.258897,0.242975,0.002,retrained
1059,greedy,4,500,50,-5.94630000275356,2.86005131311322,2.86005131311322,0.0,19.124271392822266,3.031954188893,0.6333333333333333,0.242975,0.285564,0.1244,retrained
1059,greedy,5,550,50,-5.94630000275356,2.86005131311322,2.86005131311322,0.0,20.00762176513672,3.031954188893,0.7,0.285564,0.249128,0.0975,retrained
1059,greedy_diverse,1,350,50,-5.94630000275356,2.91626778182399,2.86005131311322,0.056216468710769796,13.996366500854492,5.28029423850603,0.16666666666666666,0.208952,0.234232,0.0033,retrained
1059,greedy_diverse,2,400,50,-5.94630000275356,2.91626778182399,2.86005131311322,0.056216468710769796,11.317464828491213,4.60837494907901,0.3,0.234232,0.263965,0.0018,retrained
1059,greedy_diverse,3,450,50,-5.94630000275356,2.86005131311322,2.86005131311322,0.0,12.37565803527832,4.09983239788562,0.4,0.263965,0.297157,0.002,retrained
1059,greedy_diverse,4,500,50,-5.94630000275356,2.86005131311322,2.86005131311322,0.0,9.99535846710205,4.09983239788562,0.4166666666666667,0.297157,0.303885,0.0022,retrained
1059,greedy_diverse,5,550,50,-5.94630000275356,2.86005131311322,2.86005131311322,0.0,11.405912399291992,4.09983239788562,0.5166666666666667,0.303885,0.273313,0.0025,retrained
1059,maxmin_coverage,1,350,50,-5.94630000275356,2.91626778182399,2.86005131311322,0.056216468710769796,16.445188522338867,5.28029423850603,0.13333333333333333,0.208952,0.227607,0.0033,retrained
1059,maxmin_coverage,2,400,50,-5.94630000275356,2.91626778182399,2.86005131311322,0.056216468710769796,12.446760177612305,4.60837494907901,0.21666666666666667,0.227607,0.231202,0.0018,retrained
1059,maxmin_coverage,3,450,50,-5.94630000275356,2.86005131311322,2.86005131311322,0.0,15.981465339660645,4.20880715476233,0.38333333333333336,0.231202,0.239208,0.002,retrained
1059,maxmin_coverage,4,500,50,-5.94630000275356,2.86005131311322,2.86005131311322,0.0,20.089263916015625,4.09983239788562,0.43333333333333335,0.239208,0.267899,0.0022,retrained
1059,maxmin_coverage,5,550,50,-5.94630000275356,2.86005131311322,2.86005131311322,0.0,23.037670135498047,4.09983239788562,0.5166666666666667,0.267899,0.261821,0.0025,retrained
1060,random,1,350,50,2.13161010103795,4.54615422639108,-2.72422035229465,7.27037457868573,16.435169219970703,10.7153335896546,0.05,0.236671,0.226324,0.005,retrained
1060,random,2,400,50,2.13161010103795,4.54615422639108,-2.72422035229465,7.27037457868573,18.25692367553711,7.37935301607286,0.11666666666666667,0.226324,0.251942,0.0055,retrained
1060,random,3,450,50,2.13161010103795,3.031954188893,-2.72422035229465,5.756174541187651,17.521663665771484,6.29618909899,0.18333333333333332,0.251942,0.274888,0.006,retrained
1060,random,4,500,50,1.31582066329793,1.31582066329793,-2.72422035229465,4.04004101559258,15.621670722961426,4.54615422639108,0.23333333333333334,0.274888,0.2546,0.0067,retrained
1060,random,5,550,50,1.06826830975842,1.06826830975842,-2.72422035229465,3.7924886620530702,14.230607986450195,1.96463543386199,0.35,0.2546,0.237421,0.0075,retrained
1060,greedy,1,350,50,1.31582066329793,1.31582066329793,-2.72422035229465,4.04004101559258,12.86903953552246,3.031954188893,0.3,0.236671,0.217123,0.005,retrained
1060,greedy,2,400,50,1.31582066329793,1.31582066329793,-2.72422035229465,4.04004101559258,13.461965560913086,1.96463543386199,0.4166666666666667,0.217123,0.196026,0.0055,retrained
1060,greedy,3,450,50,1.31582066329793,1.31582066329793,-2.72422035229465,4.04004101559258,16.031940460205078,1.96463543386199,0.4666666666666667,0.196026,0.237288,0.006,retrained
1060,greedy,4,500,50,1.31582066329793,1.31582066329793,-2.72422035229465,4.04004101559258,18.498619079589844,1.96463543386199,0.5833333333333334,0.237288,0.252684,0.0067,retrained
1060,greedy,5,550,50,1.31582066329793,1.31582066329793,-2.72422035229465,4.04004101559258,19.02176284790039,1.82530723417949,0.6833333333333333,0.252684,0.299127,0.0025,retrained
1060,greedy_diverse,1,350,50,1.54152123986569,1.54152123986569,-2.72422035229465,4.2657415921603405,12.86903953552246,6.85822719620774,0.15,0.236671,0.230721,0.005,retrained
1060,greedy_diverse,2,400,50,1.54152123986569,1.54152123986569,-2.72422035229465,4.2657415921603405,11.943841934204102,3.031954188893,0.3,0.230721,0.28585,0.0055,retrained
1060,greedy_diverse,3,450,50,1.54152123986569,1.54152123986569,-2.72422035229465,4.2657415921603405,14.742074966430664,2.86005131311322,0.43333333333333335,0.28585,0.258222,0.006,retrained
1060,greedy_diverse,4,500,50,-2.72422035229465,-2.72422035229465,-2.72422035229465,0.0,14.485177993774414,1.96463543386199,0.5166666666666667,0.258222,0.293764,0.0022,retrained
1060,greedy_diverse,5,550,50,-2.72422035229465,-2.72422035229465,-2.72422035229465,0.0,15.624005317687988,1.96463543386199,0.55,0.293764,0.283939,0.0,retrained
1060,maxmin_coverage,1,350,50,2.13161010103795,8.92183906879654,-2.72422035229465,11.646059421091191,15.668024063110352,11.4915332264682,0.05,0.236671,0.267452,0.005,retrained
1060,maxmin_coverage,2,400,50,1.54152123986569,1.54152123986569,-2.72422035229465,4.2657415921603405,13.451861381530762,5.17458520972286,0.2,0.267452,0.285874,0.0055,retrained
1060,maxmin_coverage,3,450,50,1.54152123986569,1.54152123986569,-2.72422035229465,4.2657415921603405,18.59802627563477,2.86005131311322,0.38333333333333336,0.285874,0.245814,0.006,retrained
1060,maxmin_coverage,4,500,50,1.54152123986569,1.54152123986569,-2.72422035229465,4.2657415921603405,20.16802978515625,2.86005131311322,0.4666666666666667,0.245814,0.23514,0.0022,retrained
1060,maxmin_coverage,5,550,50,-2.72422035229465,-2.72422035229465,-2.72422035229465,0.0,22.779239654541016,1.96463543386199,0.5333333333333333,0.23514,0.260114,0.0025,retrained
1061,random,1,350,50,1.31582066329793,5.17458520972286,2.63410041427414,2.54048479544872,14.1818265914917,8.65642674760966,0.1,0.265304,0.315599,0.0017,retrained
1061,random,2,400,50,1.31582066329793,5.17458520972286,2.63410041427414,2.54048479544872,13.2874116897583,7.37935301607286,0.2,0.315599,0.304559,0.0018,retrained
1061,random,3,450,50,1.31582066329793,4.76361946380712,2.63410041427414,2.12951904953298,15.021600723266602,7.01152198419368,0.3,0.304559,0.325891,0.002,retrained
1061,random,4,500,50,1.31582066329793,2.63410041427414,2.63410041427414,0.0,13.454742431640623,5.17458520972286,0.4,0.325891,0.328646,0.0022,retrained
1061,random,5,550,50,1.31582066329793,2.63410041427414,2.63410041427414,0.0,13.711710929870604,4.91456410378305,0.48333333333333334,0.328646,0.322498,0.0025,retrained
1061,greedy,1,350,50,1.31582066329793,7.01152198419368,2.63410041427414,4.377421569919539,9.957448959350586,7.5509529834635,0.18333333333333332,0.265304,0.237028,0.0017,retrained
1061,greedy,2,400,50,1.31582066329793,2.91626778182399,2.63410041427414,0.28216736754984995,16.63623046875,5.38251813034731,0.36666666666666664,0.237028,0.259437,0.0018,retrained
1061,greedy,3,450,50,1.31582066329793,2.91626778182399,2.63410041427414,0.28216736754984995,17.63120460510254,4.76361946380712,0.5166666666666667,0.259437,0.245585,0.002,retrained
1061,greedy,4,500,50,1.31582066329793,2.91626778182399,2.63410041427414,0.28216736754984995,20.472949981689453,4.76361946380712,0.6,0.245585,0.272599,0.0911,retrained
1061,greedy,5,550,50,1.31582066329793,2.91626778182399,2.63410041427414,0.28216736754984995,20.14309310913086,4.76361946380712,0.6666666666666666,0.272599,0.283551,0.08,retrained
1061,greedy_diverse,1,350,50,1.31582066329793,7.37935301607286,2.63410041427414,4.74525260179872,9.957448959350586,9.50694790008856,0.18333333333333332,0.265304,0.258045,0.0017,retrained
1061,greedy_diverse,2,400,50,1.31582066329793,4.91456410378305,2.63410041427414,2.28046368950891,12.65426254272461,7.37935301607286,0.31666666666666665,0.258045,0.297768,0.0018,retrained
1061,greedy_diverse,3,450,50,1.31582066329793,4.91456410378305,2.63410041427414,2.28046368950891,12.220168113708496,7.37935301607286,0.3333333333333333,0.297768,0.273962,0.002,retrained
1061,greedy_diverse,4,500,50,1.31582066329793,2.78908783021689,2.63410041427414,0.15498741594275023,14.08289623260498,4.91456410378305,0.4,0.273962,0.281887,0.0,retrained
1061,greedy_diverse,5,550,50,1.31582066329793,2.63410041427414,2.63410041427414,0.0,14.49962329864502,4.76361946380712,0.48333333333333334,0.281887,0.294319,0.0,retrained
1061,maxmin_coverage,1,350,50,1.31582066329793,7.37935301607286,2.63410041427414,4.74525260179872,14.084874153137209,9.87516641963521,0.08333333333333333,0.265304,0.267377,0.0017,retrained
1061,maxmin_coverage,2,400,50,1.31582066329793,7.37935301607286,2.63410041427414,4.74525260179872,13.903579711914062,9.70483679636891,0.16666666666666666,0.267377,0.29335,0.0018,retrained
1061,maxmin_coverage,3,450,50,1.31582066329793,4.76361946380712,2.63410041427414,2.12951904953298,18.320669174194336,5.17458520972286,0.3,0.29335,0.262247,0.002,retrained
1061,maxmin_coverage,4,500,50,1.31582066329793,4.76361946380712,2.63410041427414,2.12951904953298,18.75527000427246,5.17458520972286,0.35,0.262247,0.277559,0.0022,retrained
1061,maxmin_coverage,5,550,50,1.31582066329793,2.78908783021689,2.63410041427414,0.15498741594275023,23.825061798095703,4.91456410378305,0.4166666666666667,0.277559,0.306759,0.0,retrained
1062,random,1,350,50,-0.128988702253992,1.54152123986569,-2.72422035229465,4.2657415921603405,15.023419380187988,6.3541374537017,0.08333333333333333,0.270851,0.224929,0.0,retrained
1062,random,2,400,50,-2.72422035229465,-2.72422035229465,-2.72422035229465,0.0,15.623918533325195,4.04922987856844,0.23333333333333334,0.224929,0.219689,0.0,retrained
1062,random,3,450,50,-2.72422035229465,-2.72422035229465,-2.72422035229465,0.0,10.928339958190918,3.73313455799507,0.3333333333333333,0.219689,0.245979,0.0,retrained
1062,random,4,500,50,-2.72422035229465,-2.72422035229465,-2.72422035229465,0.0,11.933298110961914,3.73313455799507,0.38333333333333336,0.245979,0.198828,0.0,retrained
1062,random,5,550,50,-2.72422035229465,-2.72422035229465,-2.72422035229465,0.0,17.20952606201172,2.16613746399526,0.48333333333333334,0.198828,0.228391,0.05,retrained
1062,greedy,1,350,50,-0.128988702253992,1.31582066329793,-2.72422035229465,4.04004101559258,12.727933883666992,4.69478829079162,0.2,0.270851,0.231961,0.0,retrained
1062,greedy,2,400,50,-0.128988702253992,1.31582066329793,-2.72422035229465,4.04004101559258,14.900975227355955,3.031954188893,0.31666666666666665,0.231961,0.258837,0.0,retrained
1062,greedy,3,450,50,-0.128988702253992,1.31582066329793,-2.72422035229465,4.04004101559258,18.49432945251465,2.16613746399526,0.48333333333333334,0.258837,0.275863,0.0,retrained
1062,greedy,4,500,50,-0.128988702253992,1.31582066329793,-2.72422035229465,4.04004101559258,18.129369735717773,2.16613746399526,0.6333333333333333,0.275863,0.246519,0.0,retrained
1062,greedy,5,550,50,-0.128988702253992,1.31582066329793,-2.72422035229465,4.04004101559258,17.690710067749023,2.16613746399526,0.6833333333333333,0.246519,0.23023,0.0925,retrained
1062,greedy_diverse,1,350,50,-0.128988702253992,4.20880715476233,-2.72422035229465,6.9330275070569805,12.727933883666992,6.40632700059723,0.18333333333333332,0.270851,0.29958,0.0,retrained
1062,greedy_diverse,2,400,50,-2.72422035229465,-2.72422035229465,-2.72422035229465,0.0,13.099347114562988,4.20880715476233,0.2833333333333333,0.29958,0.226294,0.0,retrained
1062,greedy_diverse,3,450,50,-2.72422035229465,-2.72422035229465,-2.72422035229465,0.0,11.319156646728516,3.031954188893,0.4166666666666667,0.226294,0.217067,0.0,retrained
1062,greedy_diverse,4,500,50,-2.72422035229465,-2.72422035229465,-2.72422035229465,0.0,14.996861457824709,2.17004855394771,0.5,0.217067,0.23742,0.0,retrained
1062,greedy_diverse,5,550,50,-2.72422035229465,-2.72422035229465,-2.72422035229465,0.0,12.80945110321045,2.17004855394771,0.55,0.23742,0.213103,0.0,retrained
1062,maxmin_coverage,1,350,50,-0.128988702253992,4.20880715476233,-2.72422035229465,6.9330275070569805,16.00874900817871,6.88661601201238,0.13333333333333333,0.270851,0.321778,0.0,retrained
1062,maxmin_coverage,2,400,50,-0.128988702253992,4.20880715476233,-2.72422035229465,6.9330275070569805,12.786859512329102,6.40632700059723,0.18333333333333332,0.321778,0.313916,0.0,retrained
1062,maxmin_coverage,3,450,50,-2.72422035229465,-2.72422035229465,-2.72422035229465,0.0,16.123313903808594,4.09983239788562,0.35,0.313916,0.278687,0.0,retrained
1062,maxmin_coverage,4,500,50,-2.72422035229465,-2.72422035229465,-2.72422035229465,0.0,16.139326095581055,3.43182911266194,0.45,0.278687,0.285967,0.0,retrained
1062,maxmin_coverage,5,550,50,-2.72422035229465,-2.72422035229465,-2.72422035229465,0.0,22.3159236907959,2.17004855394771,0.48333333333333334,0.285967,0.243303,0.0,retrained
1063,random,1,350,50,-1.79640898725484,-1.79640898725484,-5.94630000275356,4.14989101549872,18.69011878967285,11.4332049253462,0.05,0.193884,0.24029,0.0,retrained
1063,random,2,400,50,-1.79640898725484,-1.79640898725484,-5.94630000275356,4.14989101549872,17.376651763916016,6.88661601201238,0.15,0.24029,0.20827,0.0,retrained
1063,random,3,450,50,-2.72422035229465,-2.72422035229465,-5.94630000275356,3.2220796504589098,16.08957290649414,5.33881959069549,0.3,0.20827,0.248162,0.0,retrained
1063,random,4,500,50,-2.72422035229465,-2.72422035229465,-5.94630000275356,3.2220796504589098,14.347147941589355,5.33881959069549,0.3333333333333333,0.248162,0.280558,0.0,retrained
1063,random,5,550,50,-2.72422035229465,-2.72422035229465,-5.94630000275356,3.2220796504589098,17.708633422851562,2.63410041427414,0.43333333333333335,0.280558,0.289029,0.05,retrained
1063,greedy,1,350,50,1.54152123986569,2.13161010103795,-5.94630000275356,8.07791010379151,10.796547889709473,4.60837494907901,0.21666666666666667,0.193884,0.166053,0.0,retrained
1063,greedy,2,400,50,-2.72422035229465,-2.72422035229465,-5.94630000275356,3.2220796504589098,14.931722640991213,3.47687136075183,0.38333333333333336,0.166053,0.220474,0.0,retrained
1063,greedy,3,450,50,-2.72422035229465,-2.72422035229465,-5.94630000275356,3.2220796504589098,18.0036678314209,3.47687136075183,0.45,0.220474,0.275138,0.0,retrained
1063,greedy,4,500,50,-2.72422035229465,-2.72422035229465,-5.94630000275356,3.2220796504589098,20.734956741333008,3.47687136075183,0.48333333333333334,0.275138,0.308673,0.0,retrained
1063,greedy,5,550,50,-5.94630000275356,-5.94630000275356,-5.94630000275356,0.0,19.744203567504883,2.13161010103795,0.6333333333333333,0.308673,0.262958,0.0725,retrained
1063,greedy_diverse,1,350,50,1.54152123986569,3.47687136075183,-5.94630000275356,9.42317136350539,10.796547889709473,5.33881959069549,0.15,0.193884,0.242531,0.0,retrained
1063,greedy_diverse,2,400,50,-2.72422035229465,-2.72422035229465,-5.94630000275356,3.2220796504589098,11.416791915893556,3.47687136075183,0.2833333333333333,0.242531,0.27008,0.0,retrained
1063,greedy_diverse,3,450,50,-2.72422035229465,-2.72422035229465,-5.94630000275356,3.2220796504589098,12.780975341796877,2.63410041427414,0.4166666666666667,0.27008,0.277756,0.0,retrained
1063,greedy_diverse,4,500,50,-5.94630000275356,-5.94630000275356,-5.94630000275356,0.0,14.726222038269045,2.13161010103795,0.55,0.277756,0.304706,0.0,retrained
1063,greedy_diverse,5,550,50,-5.94630000275356,-5.94630000275356,-5.94630000275356,0.0,14.044795036315918,-1.79640898725484,0.6333333333333333,0.304706,0.319881,0.0,retrained
1063,maxmin_coverage,1,350,50,1.54152123986569,3.47687136075183,-5.94630000275356,9.42317136350539,12.55382251739502,6.36943368090579,0.11666666666666667,0.193884,0.233151,0.0,retrained
1063,maxmin_coverage,2,400,50,-2.72422035229465,-2.72422035229465,-5.94630000275356,3.2220796504589098,12.82885456085205,4.91456410378305,0.25,0.233151,0.190497,0.0,retrained
1063,maxmin_coverage,3,450,50,-5.94630000275356,-5.94630000275356,-5.94630000275356,0.0,17.442134857177734,3.47687136075183,0.4,0.190497,0.25607,0.0,retrained
1063,maxmin_coverage,4,500,50,-5.94630000275356,-5.94630000275356,-5.94630000275356,0.0,18.4096622467041,2.16613746399526,0.43333333333333335,0.25607,0.307058,0.0,retrained
1063,maxmin_coverage,5,550,50,-5.94630000275356,-5.94630000275356,-5.94630000275356,0.0,21.827392578125,-1.79640898725484,0.5666666666666667,0.307058,0.301515,0.0,retrained
1064,random,1,350,50,-0.128988702253992,2.13161010103795,-5.94630000275356,8.07791010379151,12.610048294067385,3.41173968594012,0.08333333333333333,0.262061,0.290449,0.0,retrained
1064,random,2,400,50,-0.128988702253992,2.13161010103795,-5.94630000275356,8.07791010379151,16.465280532836914,3.41173968594012,0.11666666666666667,0.290449,0.225582,0.0,retrained
1064,random,3,450,50,-5.94630000275356,-5.94630000275356,-5.94630000275356,0.0,14.214564323425291,2.91626778182399,0.23333333333333334,0.225582,0.220926,0.0,retrained
1064,random,4,500,50,-5.94630000275356,-5.94630000275356,-5.94630000275356,0.0,18.259700775146484,2.13161010103795,0.36666666666666664,0.220926,0.263912,0.0,retrained
1064,random,5,550,50,-5.94630000275356,-5.94630000275356,-5.94630000275356,0.0,16.353273391723633,1.75952003577549,0.43333333333333335,0.263912,0.342483,0.055,retrained
1064,greedy,1,350,50,-0.128988702253992,2.16613746399526,-5.94630000275356,8.112437466748819,12.610048294067385,6.36845274140796,0.11666666666666667,0.262061,0.235534,0.0,retrained
1064,greedy,2,400,50,-0.128988702253992,2.13161010103795,-5.94630000275356,8.07791010379151,18.283187866210938,2.17004855394771,0.2833333333333333,0.235534,0.232284,0.0,retrained
1064,greedy,3,450,50,-0.128988702253992,2.13161010103795,-5.94630000275356,8.07791010379151,18.08327865600586,2.17004855394771,0.36666666666666664,0.232284,0.300041,0.0,retrained
1064,greedy,4,500,50,-5.94630000275356,-5.94630000275356,-5.94630000275356,0.0,18.746265411376957,2.13161010103795,0.5333333333333333,0.300041,0.271997,0.0,retrained
1064,greedy,5,550,50,-5.94630000275356,-5.94630000275356,-5.94630000275356,0.0,20.105152130126957,1.75952003577549,0.6833333333333333,0.271997,0.318528,0.065,retrained
1064,greedy_diverse,1,350,50,-0.128988702253992,2.16613746399526,-5.94630000275356,8.112437466748819,12.610048294067385,7.79788365632339,0.05,0.262061,0.231235,0.0,retrained
1064,greedy_diverse,2,400,50,-0.128988702253992,2.16613746399526,-5.94630000275356,8.112437466748819,15.5977783203125,2.18454132435727,0.21666666666666667,0.231235,0.271585,0.0,retrained
1064,greedy_diverse,3,450,50,-0.128988702253992,2.16613746399526,-5.94630000275356,8.112437466748819,15.995259284973145,2.18454132435727,0.26666666666666666,0.271585,0.235917,0.0,retrained
1064,greedy_diverse,4,500,50,-5.94630000275356,-5.94630000275356,-5.94630000275356,0.0,17.376049041748047,2.17004855394771,0.38333333333333336,0.235917,0.270562,0.0,retrained
1064,greedy_diverse,5,550,50,-5.94630000275356,-5.94630000275356,-5.94630000275356,0.0,18.02279281616211,2.17004855394771,0.45,0.270562,0.313241,0.0,retrained
1064,maxmin_coverage,1,350,50,-0.128988702253992,2.91626778182399,-5.94630000275356,8.86256778457755,14.495099067687988,12.325800409355,0.05,0.262061,0.229075,0.0,retrained
1064,maxmin_coverage,2,400,50,-0.128988702253992,2.16613746399526,-5.94630000275356,8.112437466748819,16.155010223388672,2.91626778182399,0.15,0.229075,0.237412,0.0,retrained
1064,maxmin_coverage,3,450,50,-5.94630000275356,-5.94630000275356,-5.94630000275356,0.0,18.893299102783203,2.17004855394771,0.23333333333333334,0.237412,0.222645,0.0,retrained
1064,maxmin_coverage,4,500,50,-5.94630000275356,-5.94630000275356,-5.94630000275356,0.0,21.11184310913086,2.16613746399526,0.35,0.222645,0.286726,0.0,retrained
1064,maxmin_coverage,5,550,50,-5.94630000275356,-5.94630000275356,-5.94630000275356,0.0,23.430219650268555,2.16613746399526,0.4,0.286726,0.331888,0.0,retrained
1065,random,1,350,50,-5.94630000275356,4.69478829079162,1.06826830975842,3.6265199810332,15.881726264953612,7.9021792755957,0.1,0.311574,0.289821,0.0033,retrained
1065,random,2,400,50,-5.94630000275356,1.06826830975842,1.06826830975842,0.0,15.159625053405762,6.4420467025011,0.15,0.289821,0.27592,0.0036,retrained
1065,random,3,450,50,-5.94630000275356,1.06826830975842,1.06826830975842,0.0,16.674190521240234,6.4420467025011,0.15,0.27592,0.249914,0.004,retrained
1065,random,4,500,50,-5.94630000275356,1.06826830975842,1.06826830975842,0.0,16.993892669677734,4.69478829079162,0.2833333333333333,0.249914,0.225358,0.0044,retrained
1065,random,5,550,50,-5.94630000275356,1.06826830975842,1.06826830975842,0.0,15.686841011047363,2.91626778182399,0.4,0.225358,0.309093,0.0,retrained
1065,greedy,1,350,50,-5.94630000275356,1.54152123986569,1.06826830975842,0.4732529301072699,14.568878173828123,6.36845274140796,0.11666666666666667,0.311574,0.230308,0.0033,retrained
1065,greedy,2,400,50,-5.94630000275356,1.54152123986569,1.06826830975842,0.4732529301072699,15.647523880004885,4.69478829079162,0.23333333333333334,0.230308,0.275471,0.0,retrained
1065,greedy,3,450,50,-5.94630000275356,1.54152123986569,1.06826830975842,0.4732529301072699,18.625776290893555,2.91626778182399,0.4166666666666667,0.275471,0.313539,0.0,retrained
1065,greedy,4,500,50,-5.94630000275356,1.54152123986569,1.06826830975842,0.4732529301072699,18.31597328186035,2.91626778182399,0.45,0.313539,0.27818,0.0,retrained
1065,greedy,5,550,50,-5.94630000275356,1.54152123986569,1.06826830975842,0.4732529301072699,21.58700561523437,2.63410041427414,0.5833333333333334,0.27818,0.244352,0.0725,retrained
1065,greedy_diverse,1,350,50,-5.94630000275356,1.54152123986569,1.06826830975842,0.4732529301072699,14.568878173828123,2.91626778182399,0.1,0.311574,0.230604,0.0033,retrained
1065,greedy_diverse,2,400,50,-5.94630000275356,1.54152123986569,1.06826830975842,0.4732529301072699,15.792348861694336,2.91626778182399,0.2,0.230604,0.313653,0.0036,retrained
1065,greedy_diverse,3,450,50,-5.94630000275356,1.54152123986569,1.06826830975842,0.4732529301072699,15.001670837402344,2.63410041427414,0.3333333333333333,0.313653,0.292363,0.0,retrained
1065,greedy_diverse,4,500,50,-5.94630000275356,1.54152123986569,1.06826830975842,0.4732529301072699,15.508560180664062,2.63410041427414,0.4166666666666667,0.292363,0.282237,0.0,retrained
1065,greedy_diverse,5,550,50,-5.94630000275356,1.54152123986569,1.06826830975842,0.4732529301072699,15.499194145202637,2.63410041427414,0.55,0.282237,0.310994,0.0,retrained
1065,maxmin_coverage,1,350,50,-5.94630000275356,1.54152123986569,1.06826830975842,0.4732529301072699,16.871002197265625,2.91626778182399,0.08333333333333333,0.311574,0.252936,0.0033,retrained
1065,maxmin_coverage,2,400,50,-5.94630000275356,1.54152123986569,1.06826830975842,0.4732529301072699,12.845858573913574,2.91626778182399,0.11666666666666667,0.252936,0.219227,0.0036,retrained
1065,maxmin_coverage,3,450,50,-5.94630000275356,1.54152123986569,1.06826830975842,0.4732529301072699,17.657590866088867,2.63410041427414,0.23333333333333334,0.219227,0.261065,0.004,retrained
1065,maxmin_coverage,4,500,50,-5.94630000275356,1.54152123986569,1.06826830975842,0.4732529301072699,19.948442459106445,2.63410041427414,0.36666666666666664,0.261065,0.307031,0.0,retrained
1065,maxmin_coverage,5,550,50,-5.94630000275356,1.54152123986569,1.06826830975842,0.4732529301072699,18.71554183959961,2.63410041427414,0.4166666666666667,0.307031,0.350962,0.0,retrained
1066,random,1,350,50,-1.79640898725484,2.86005131311322,1.06826830975842,1.7917830033548001,13.45550537109375,5.38251813034731,0.06666666666666667,0.240024,0.276757,0.0033,retrained
1066,random,2,400,50,-1.79640898725484,2.86005131311322,1.06826830975842,1.7917830033548001,18.92725944519043,5.38251813034731,0.15,0.276757,0.323765,0.0036,retrained
1066,random,3,450,50,-1.79640898725484,2.86005131311322,1.06826830975842,1.7917830033548001,15.47100067138672,5.38251813034731,0.25,0.323765,0.327658,0.004,retrained
1066,random,4,500,50,-1.79640898725484,1.82530723417949,1.06826830975842,0.75703892442107,15.592077255249023,3.97923397722116,0.31666666666666665,0.327658,0.340206,0.0044,retrained
1066,random,5,550,50,-1.79640898725484,1.82530723417949,1.06826830975842,0.75703892442107,17.3349552154541,3.97923397722116,0.4,0.340206,0.295245,0.065,retrained
1066,greedy,1,350,50,-1.79640898725484,1.06826830975842,1.06826830975842,0.0,12.707785606384276,4.74393837252501,0.15,0.240024,0.213736,0.0033,retrained
1066,greedy,2,400,50,-1.79640898725484,1.06826830975842,1.06826830975842,0.0,16.76816177368164,3.031954188893,0.26666666666666666,0.213736,0.199953,0.0036,retrained
1066,greedy,3,450,50,-1.79640898725484,1.06826830975842,1.06826830975842,0.0,14.60539722442627,3.031954188893,0.36666666666666664,0.199953,0.21862,0.004,retrained
1066,greedy,4,500,50,-1.79640898725484,1.06826830975842,1.06826830975842,0.0,20.121726989746094,2.16613746399526,0.4666666666666667,0.21862,0.206488,0.0022,retrained
1066,greedy,5,550,50,-1.79640898725484,1.06826830975842,1.06826830975842,0.0,19.20182228088379,2.16613746399526,0.5333333333333333,0.206488,0.232462,0.0025,retrained
1066,greedy_diverse,1,350,50,-1.79640898725484,1.06826830975842,1.06826830975842,0.0,12.707785606384276,5.43463994693957,0.13333333333333333,0.240024,0.199644,0.0033,retrained
1066,greedy_diverse,2,400,50,-1.79640898725484,1.06826830975842,1.06826830975842,0.0,14.3453950881958,3.031954188893,0.23333333333333334,0.199644,0.233425,0.0036,retrained
1066,greedy_diverse,3,450,50,-1.79640898725484,1.06826830975842,1.06826830975842,0.0,15.917950630187988,2.86005131311322,0.3,0.233425,0.23445,0.004,retrained
1066,greedy_diverse,4,500,50,-1.79640898725484,1.06826830975842,1.06826830975842,0.0,15.856471061706545,2.86005131311322,0.4,0.23445,0.257456,0.0044,retrained
1066,greedy_diverse,5,550,50,-1.79640898725484,1.06826830975842,1.06826830975842,0.0,15.348352432250977,2.86005131311322,0.5,0.257456,0.251262,0.0025,retrained
1066,maxmin_coverage,1,350,50,-1.79640898725484,1.75952003577549,1.06826830975842,0.6912517260170701,14.035964965820312,8.92183906879654,0.08333333333333333,0.240024,0.176853,0.0033,retrained
1066,maxmin_coverage,2,400,50,-1.79640898725484,1.75952003577549,1.06826830975842,0.6912517260170701,11.915288925170898,5.43463994693957,0.18333333333333332,0.176853,0.159923,0.0036,retrained
1066,maxmin_coverage,3,450,50,-1.79640898725484,1.06826830975842,1.06826830975842,0.0,17.64060401916504,3.031954188893,0.3333333333333333,0.159923,0.180654,0.004,retrained
1066,maxmin_coverage,4,500,50,-1.79640898725484,1.06826830975842,1.06826830975842,0.0,20.23743057250977,3.031954188893,0.36666666666666664,0.180654,0.196316,0.0022,retrained
1066,maxmin_coverage,5,550,50,-1.79640898725484,1.06826830975842,1.06826830975842,0.0,23.59745407104492,3.031954188893,0.43333333333333335,0.196316,0.221203,0.0025,retrained
1067,random,1,350,50,-5.94630000275356,6.36943368090579,-0.128988702253992,6.498422383159783,15.689752578735352,15.4222714181487,0.03333333333333333,0.302123,0.290944,0.0017,retrained
1067,random,2,400,50,-5.94630000275356,3.41173968594012,-0.128988702253992,3.540728388194112,14.577041625976562,6.36943368090579,0.15,0.290944,0.311828,0.0,retrained
1067,random,3,450,50,-5.94630000275356,3.41173968594012,-0.128988702253992,3.540728388194112,14.252093315124512,6.36943368090579,0.2833333333333333,0.311828,0.324511,0.0,retrained
1067,random,4,500,50,-5.94630000275356,3.41173968594012,-0.128988702253992,3.540728388194112,16.848474502563477,6.36943368090579,0.3333333333333333,0.324511,0.323302,0.0,retrained
1067,random,5,550,50,-5.94630000275356,3.41173968594012,-0.128988702253992,3.540728388194112,14.721521377563477,6.36943368090579,0.4,0.323302,0.306431,0.0,retrained
1067,greedy,1,350,50,-5.94630000275356,4.69478829079162,-0.128988702253992,4.8237769930456125,11.695677757263184,8.97053604029134,0.11666666666666667,0.302123,0.332657,0.0017,retrained
1067,greedy,2,400,50,-5.94630000275356,2.63410041427414,-0.128988702253992,2.763089116528132,17.75804328918457,4.69478829079162,0.36666666666666664,0.332657,0.298759,0.0018,retrained
1067,greedy,3,450,50,-5.94630000275356,2.63410041427414,-0.128988702253992,2.763089116528132,17.65848731994629,4.54615422639108,0.5333333333333333,0.298759,0.328534,0.002,retrained
1067,greedy,4,500,50,-5.94630000275356,2.63410041427414,-0.128988702253992,2.763089116528132,18.28446578979492,4.54615422639108,0.6,0.328534,0.274223,0.0022,retrained
1067,greedy,5,550,50,-5.94630000275356,2.18454132435727,-0.128988702253992,2.313530026611262,19.220399856567383,3.41173968594012,0.7166666666666667,0.274223,0.327931,0.0025,retrained
1067,greedy_diverse,1,350,50,-5.94630000275356,3.41173968594012,-0.128988702253992,3.540728388194112,11.695677757263184,5.89735427590858,0.11666666666666667,0.302123,0.292782,0.0017,retrained
1067,greedy_diverse,2,400,50,-5.94630000275356,3.41173968594012,-0.128988702253992,3.540728388194112,13.14891242980957,5.33881959069549,0.23333333333333334,0.292782,0.292701,0.0018,retrained
1067,greedy_diverse,3,450,50,-5.94630000275356,-0.128988702253992,-0.128988702253992,0.0,15.502581596374512,3.41173968594012,0.38333333333333336,0.292701,0.323429,0.002,retrained
1067,greedy_diverse,4,500,50,-5.94630000275356,-0.128988702253992,-0.128988702253992,0.0,13.680279731750488,2.63410041427414,0.4166666666666667,0.323429,0.307623,0.0022,retrained
1067,greedy_diverse,5,550,50,-5.94630000275356,-0.128988702253992,-0.128988702253992,0.0,14.234909057617188,2.63410041427414,0.45,0.307623,0.300621,0.0,retrained
1067,maxmin_coverage,1,350,50,-5.94630000275356,-0.128988702253992,-0.128988702253992,0.0,17.349714279174805,5.89735427590858,0.1,0.302123,0.277378,0.0017,retrained
1067,maxmin_coverage,2,400,50,-5.94630000275356,-0.128988702253992,-0.128988702253992,0.0,11.820569038391112,4.69478829079162,0.13333333333333333,0.277378,0.31413,0.0018,retrained
1067,maxmin_coverage,3,450,50,-5.94630000275356,-0.128988702253992,-0.128988702253992,0.0,15.769442558288574,4.69478829079162,0.25,0.31413,0.29286,0.002,retrained
1067,maxmin_coverage,4,500,50,-5.94630000275356,-0.128988702253992,-0.128988702253992,0.0,20.951908111572266,3.41173968594012,0.36666666666666664,0.29286,0.2959,0.0022,retrained
1067,maxmin_coverage,5,550,50,-5.94630000275356,-0.128988702253992,-0.128988702253992,0.0,21.963115692138672,2.63410041427414,0.4,0.2959,0.338434,0.0,retrained
1068,random,1,350,50,-0.128988702253992,-0.128988702253992,-5.94630000275356,5.817311300499568,17.520709991455078,4.51400760590695,0.1,0.115875,0.216764,0.0,retrained
1068,random,2,400,50,-0.128988702253992,-0.128988702253992,-5.94630000275356,5.817311300499568,12.596972465515137,3.73313455799507,0.23333333333333334,0.216764,0.242939,0.0,retrained
1068,random,3,450,50,-0.128988702253992,-0.128988702253992,-5.94630000275356,5.817311300499568,15.8634672164917,3.73313455799507,0.2833333333333333,0.242939,0.267409,0.0,retrained
1068,random,4,500,50,-1.79640898725484,-1.79640898725484,-5.94630000275356,4.14989101549872,16.682968139648438,1.96463543386199,0.4166666666666667,0.267409,0.23266,0.0,retrained
1068,random,5,550,50,-1.79640898725484,-1.79640898725484,-5.94630000275356,4.14989101549872,16.3837947845459,1.96463543386199,0.48333333333333334,0.23266,0.353056,0.0,retrained
1068,greedy,1,350,50,-5.94630000275356,-5.94630000275356,-5.94630000275356,0.0,12.77981948852539,3.031954188893,0.16666666666666666,0.115875,0.136853,0.0,retrained
1068,greedy,2,400,50,-5.94630000275356,-5.94630000275356,-5.94630000275356,0.0,14.427861213684082,1.31582066329793,0.31666666666666665,0.136853,0.21764,0.0,retrained
1068,greedy,3,450,50,-5.94630000275356,-5.94630000275356,-5.94630000275356,0.0,18.218639373779297,1.31582066329793,0.43333333333333335,0.21764,0.232531,0.0,retrained
1068,greedy,4,500,50,-5.94630000275356,-5.94630000275356,-5.94630000275356,0.0,19.351661682128903,1.31582066329793,0.5333333333333333,0.232531,0.295675,0.0,retrained
1068,greedy,5,550,50,-5.94630000275356,-5.94630000275356,-5.94630000275356,0.0,19.74901580810547,-0.128988702253992,0.65,0.295675,0.333758,0.0825,retrained
1068,greedy_diverse,1,350,50,1.06826830975842,3.031954188893,-5.94630000275356,8.97825419164656,12.77981948852539,6.40632700059723,0.15,0.115875,0.195488,0.0,retrained
1068,greedy_diverse,2,400,50,1.06826830975842,1.96463543386199,-5.94630000275356,7.91093543661555,12.090887069702148,4.09983239788562,0.25,0.195488,0.247059,0.0,retrained
1068,greedy_diverse,3,450,50,1.06826830975842,1.96463543386199,-5.94630000275356,7.91093543661555,15.558878898620604,3.47687136075183,0.35,0.247059,0.280024,0.0,retrained
1068,greedy_diverse,4,500,50,-0.128988702253992,-0.128988702253992,-5.94630000275356,5.817311300499568,13.193628311157228,2.13161010103795,0.4166666666666667,0.280024,0.310671,0.0,retrained
1068,greedy_diverse,5,550,50,-0.128988702253992,-0.128988702253992,-5.94630000275356,5.817311300499568,15.183591842651367,2.13161010103795,0.4666666666666667,0.310671,0.36726,0.0,retrained
1068,maxmin_coverage,1,350,50,1.06826830975842,6.4420467025011,-5.94630000275356,12.38834670525466,12.77981948852539,9.50694790008856,0.06666666666666667,0.115875,0.212369,0.0,retrained
1068,maxmin_coverage,2,400,50,1.06826830975842,4.09983239788562,-5.94630000275356,10.04613240063918,13.966680526733398,6.4420467025011,0.16666666666666666,0.212369,0.27871,0.0,retrained
1068,maxmin_coverage,3,450,50,1.06826830975842,1.96463543386199,-5.94630000275356,7.91093543661555,18.38923072814941,6.40632700059723,0.23333333333333334,0.27871,0.268318,0.0,retrained
1068,maxmin_coverage,4,500,50,1.06826830975842,1.96463543386199,-5.94630000275356,7.91093543661555,22.09235572814941,4.09983239788562,0.3333333333333333,0.268318,0.373107,0.0,retrained
1068,maxmin_coverage,5,550,50,1.06826830975842,1.96463543386199,-5.94630000275356,7.91093543661555,21.861618041992188,4.09983239788562,0.4166666666666667,0.373107,0.346242,0.0,retrained
1069,random,1,350,50,2.17004855394771,6.40632700059723,-0.128988702253992,6.535315702851222,13.707287788391112,8.97648651647251,0.06666666666666667,0.125673,0.210358,0.0067,retrained
1069,random,2,400,50,2.17004855394771,3.41173968594012,-0.128988702253992,3.540728388194112,16.53494644165039,6.40632700059723,0.15,0.210358,0.232987,0.0073,retrained
1069,random,3,450,50,2.17004855394771,3.41173968594012,-0.128988702253992,3.540728388194112,17.219593048095703,6.40632700059723,0.2,0.232987,0.22753,0.008,retrained
1069,random,4,500,50,2.17004855394771,3.41173968594012,-0.128988702253992,3.540728388194112,17.977380752563477,4.37453074478617,0.2833333333333333,0.22753,0.252395,0.0089,retrained
1069,random,5,550,50,-0.128988702253992,-0.128988702253992,-0.128988702253992,0.0,16.684646606445312,3.41173968594012,0.3333333333333333,0.252395,0.266354,0.01,retrained
1069,greedy,1,350,50,2.17004855394771,4.37453074478617,-0.128988702253992,4.503519447040162,12.831027030944824,6.36845274140796,0.1,0.125673,0.171427,0.0067,retrained
1069,greedy,2,400,50,2.17004855394771,3.41173968594012,-0.128988702253992,3.540728388194112,16.51527976989746,4.91456410378305,0.23333333333333334,0.171427,0.160048,0.0073,retrained
1069,greedy,3,450,50,2.17004855394771,3.41173968594012,-0.128988702253992,3.540728388194112,18.068675994873047,4.37453074478617,0.38333333333333336,0.160048,0.200854,0.008,retrained
1069,greedy,4,500,50,2.17004855394771,3.41173968594012,-0.128988702253992,3.540728388194112,19.775859832763672,4.37453074478617,0.5166666666666667,0.200854,0.198572,0.0089,retrained
1069,greedy,5,550,50,2.17004855394771,3.41173968594012,-0.128988702253992,3.540728388194112,20.73923683166504,4.37453074478617,0.6333333333333333,0.198572,0.20629,0.01,retrained
1069,greedy_diverse,1,350,50,2.17004855394771,4.91456410378305,-0.128988702253992,5.0435528060370425,12.831027030944824,6.75878054208806,0.1,0.125673,0.096689,0.0067,retrained
1069,greedy_diverse,2,400,50,1.75952003577549,1.75952003577549,-0.128988702253992,1.888508738029482,16.441951751708984,4.37453074478617,0.26666666666666666,0.096689,0.186609,0.0073,retrained
1069,greedy_diverse,3,450,50,1.75952003577549,1.75952003577549,-0.128988702253992,1.888508738029482,14.181543350219728,4.37453074478617,0.3333333333333333,0.186609,0.162261,0.008,retrained
1069,greedy_diverse,4,500,50,1.75952003577549,1.75952003577549,-0.128988702253992,1.888508738029482,13.373283386230469,4.37453074478617,0.43333333333333335,0.162261,0.20819,0.0,retrained
1069,greedy_diverse,5,550,50,1.75952003577549,1.75952003577549,-0.128988702253992,1.888508738029482,14.97304344177246,4.37453074478617,0.5,0.20819,0.218315,0.0,retrained
1069,maxmin_coverage,1,350,50,1.75952003577549,1.75952003577549,-0.128988702253992,1.888508738029482,17.040199279785156,6.75878054208806,0.1,0.125673,0.162796,0.0067,retrained
1069,maxmin_coverage,2,400,50,1.75952003577549,1.75952003577549,-0.128988702253992,1.888508738029482,13.890844345092772,6.36845274140796,0.15,0.162796,0.137046,0.0,retrained
1069,maxmin_coverage,3,450,50,1.75952003577549,1.75952003577549,-0.128988702253992,1.888508738029482,18.20403289794922,4.91456410378305,0.31666666666666665,0.137046,0.167544,0.0,retrained
1069,maxmin_coverage,4,500,50,1.75952003577549,1.75952003577549,-0.128988702253992,1.888508738029482,17.911746978759766,4.91456410378305,0.45,0.167544,0.184713,0.0,retrained
1069,maxmin_coverage,5,550,50,1.75952003577549,1.75952003577549,-0.128988702253992,1.888508738029482,20.787717819213867,4.51400760590695,0.5,0.184713,0.205961,0.0,retrained
1070,random,1,350,50,-0.128988702253992,9.33156495251023,-2.72422035229465,12.055785304804882,16.09028434753418,11.5067338472691,0.05,0.20659,0.237414,0.0017,retrained
1070,random,2,400,50,-0.128988702253992,4.51400760590695,-2.72422035229465,7.2382279582016,16.093997955322266,6.34068141943135,0.13333333333333333,0.237414,0.215501,0.0018,retrained
1070,random,3,450,50,-0.128988702253992,4.07733535693114,-2.72422035229465,6.801555709225791,16.09971809387207,5.89735427590858,0.2,0.215501,0.224563,0.002,retrained
1070,random,4,500,50,-0.128988702253992,4.07733535693114,-2.72422035229465,6.801555709225791,15.37148094177246,5.89735427590858,0.26666666666666666,0.224563,0.259374,0.0022,retrained
1070,random,5,550,50,-0.128988702253992,2.16613746399526,-2.72422035229465,4.89035781628991,15.5400972366333,4.51400760590695,0.35,0.259374,0.279772,0.0475,retrained
1070,greedy,1,350,50,-0.128988702253992,4.74393837252501,-2.72422035229465,7.46815872481966,11.030367851257324,6.73450753945872,0.11666666666666667,0.20659,0.151811,0.0017,retrained
1070,greedy,2,400,50,-0.128988702253992,3.41173968594012,-2.72422035229465,6.135960038234771,15.479580879211426,5.89735427590858,0.25,0.151811,0.1402,0.0018,retrained
1070,greedy,3,450,50,-0.128988702253992,1.96463543386199,-2.72422035229465,4.6888557861566404,18.45036125183105,4.07733535693114,0.3333333333333333,0.1402,0.127158,0.002,retrained
1070,greedy,4,500,50,-0.128988702253992,1.96463543386199,-2.72422035229465,4.6888557861566404,17.154626846313477,4.07733535693114,0.4666666666666667,0.127158,0.182265,0.0022,retrained
1070,greedy,5,550,50,-0.128988702253992,1.96463543386199,-2.72422035229465,4.6888557861566404,18.12781143188477,4.07733535693114,0.55,0.182265,0.181958,0.0025,retrained
1070,greedy_diverse,1,350,50,-0.128988702253992,2.16613746399526,-2.72422035229465,4.89035781628991,11.030367851257324,6.28859501111583,0.13333333333333333,0.20659,0.167964,0.0017,retrained
1070,greedy_diverse,2,400,50,-0.128988702253992,2.16613746399526,-2.72422035229465,4.89035781628991,11.368618965148926,5.89735427590858,0.2833333333333333,0.167964,0.168157,0.0018,retrained
1070,greedy_diverse,3,450,50,-0.128988702253992,2.16613746399526,-2.72422035229465,4.89035781628991,15.250093460083008,4.74393837252501,0.43333333333333335,0.168157,0.175309,0.002,retrained
1070,greedy_diverse,4,500,50,-0.128988702253992,2.16613746399526,-2.72422035229465,4.89035781628991,13.598146438598633,4.74393837252501,0.4666666666666667,0.175309,0.177943,0.0,retrained
1070,greedy_diverse,5,550,50,-0.128988702253992,1.54152123986569,-2.72422035229465,4.2657415921603405,14.110244750976562,4.20880715476233,0.55,0.177943,0.217789,0.0,retrained
1070,maxmin_coverage,1,350,50,-0.128988702253992,2.16613746399526,-2.72422035229465,4.89035781628991,16.458284378051758,6.89403373511232,0.11666666666666667,0.20659,0.228688,0.0017,retrained
1070,maxmin_coverage,2,400,50,-0.128988702253992,2.16613746399526,-2.72422035229465,4.89035781628991,12.20940399169922,4.20880715476233,0.2,0.228688,0.171562,0.0,retrained
1070,maxmin_coverage,3,450,50,-0.128988702253992,2.16613746399526,-2.72422035229465,4.89035781628991,16.566225051879883,4.20880715476233,0.4,0.171562,0.190731,0.0,retrained
1070,maxmin_coverage,4,500,50,-0.128988702253992,2.16613746399526,-2.72422035229465,4.89035781628991,20.20341682434082,4.20880715476233,0.43333333333333335,0.190731,0.194943,0.0,retrained
1070,maxmin_coverage,5,550,50,-0.128988702253992,1.54152123986569,-2.72422035229465,4.2657415921603405,22.20611953735352,2.63410041427414,0.48333333333333334,0.194943,0.256833,0.0,retrained
1071,random,1,350,50,-2.72422035229465,-2.72422035229465,-2.72422035229465,0.0,19.56692314147949,7.705154024683,0.1,0.312183,0.256388,0.0017,retrained
1071,random,2,400,50,-2.72422035229465,-2.72422035229465,-2.72422035229465,0.0,20.726245880126957,6.34068141943135,0.2,0.256388,0.303816,0.0018,retrained
1071,random,3,450,50,-2.72422035229465,-2.72422035229465,-2.72422035229465,0.0,16.1236515045166,2.13161010103795,0.31666666666666665,0.303816,0.298651,0.002,retrained
1071,random,4,500,50,-2.72422035229465,-2.72422035229465,-2.72422035229465,0.0,17.005300521850586,2.13161010103795,0.38333333333333336,0.298651,0.202574,0.0022,retrained
1071,random,5,550,50,-2.72422035229465,-2.72422035229465,-2.72422035229465,0.0,16.013809204101562,2.13161010103795,0.45,0.202574,0.250074,0.06,retrained
1071,greedy,1,350,50,2.13161010103795,2.13161010103795,-2.72422035229465,4.8558304533326,11.932455062866213,6.36943368090579,0.2,0.312183,0.239862,0.0017,retrained
1071,greedy,2,400,50,-1.79640898725484,-1.79640898725484,-2.72422035229465,0.9278113650398101,14.491496086120604,3.43182911266194,0.38333333333333336,0.239862,0.259025,0.0018,retrained
1071,greedy,3,450,50,-1.79640898725484,-1.79640898725484,-2.72422035229465,0.9278113650398101,17.826534271240234,3.43182911266194,0.4166666666666667,0.259025,0.188213,0.002,retrained
1071,greedy,4,500,50,-2.72422035229465,-2.72422035229465,-2.72422035229465,0.0,18.772390365600582,1.82530723417949,0.5666666666666667,0.188213,0.237069,0.0022,retrained
1071,greedy,5,550,50,-2.72422035229465,-2.72422035229465,-2.72422035229465,0.0,19.875049591064453,1.82530723417949,0.65,0.237069,0.291178,0.08,retrained
1071,greedy_diverse,1,350,50,2.13161010103795,2.13161010103795,-2.72422035229465,4.8558304533326,11.932455062866213,6.55698841387493,0.15,0.312183,0.220741,0.0017,retrained
1071,greedy_diverse,2,400,50,2.13161010103795,2.13161010103795,-2.72422035229465,4.8558304533326,15.195816040039062,6.55698841387493,0.23333333333333334,0.220741,0.251399,0.0018,retrained
1071,greedy_diverse,3,450,50,2.13161010103795,2.13161010103795,-2.72422035229465,4.8558304533326,16.844799041748047,6.55698841387493,0.3333333333333333,0.251399,0.222028,0.002,retrained
1071,greedy_diverse,4,500,50,-1.79640898725484,-1.79640898725484,-2.72422035229465,0.9278113650398101,15.624300003051758,3.43182911266194,0.5833333333333334,0.222028,0.206564,0.0022,retrained
1071,greedy_diverse,5,550,50,-1.79640898725484,-1.79640898725484,-2.72422035229465,0.9278113650398101,16.791126251220703,3.19723738387984,0.65,0.206564,0.279526,0.0025,retrained
1071,maxmin_coverage,1,350,50,2.13161010103795,2.13161010103795,-2.72422035229465,4.8558304533326,16.718252182006836,6.55698841387493,0.13333333333333333,0.312183,0.308384,0.0017,retrained
1071,maxmin_coverage,2,400,50,2.13161010103795,2.13161010103795,-2.72422035229465,4.8558304533326,12.559446334838867,6.55698841387493,0.21666666666666667,0.308384,0.25598,0.0018,retrained
1071,maxmin_coverage,3,450,50,-1.79640898725484,-1.79640898725484,-2.72422035229465,0.9278113650398101,16.981958389282227,3.43182911266194,0.36666666666666664,0.25598,0.25293,0.002,retrained
1071,maxmin_coverage,4,500,50,-1.79640898725484,-1.79640898725484,-2.72422035229465,0.9278113650398101,21.19743537902832,3.43182911266194,0.5,0.25293,0.266923,0.0022,retrained
1071,maxmin_coverage,5,550,50,-1.79640898725484,-1.79640898725484,-2.72422035229465,0.9278113650398101,18.831174850463867,3.19723738387984,0.6333333333333333,0.266923,0.296667,0.0025,retrained
1072,random,1,350,50,-5.94630000275356,2.63410041427414,2.17004855394771,0.4640518603264301,17.056791305541992,6.40632700059723,0.16666666666666666,0.182772,0.177,0.0,retrained
1072,random,2,400,50,-5.94630000275356,2.63410041427414,2.17004855394771,0.4640518603264301,13.603025436401367,3.47687136075183,0.26666666666666666,0.177,0.220249,0.0,retrained
1072,random,3,450,50,-5.94630000275356,2.63410041427414,2.17004855394771,0.4640518603264301,15.126007080078123,3.47687136075183,0.31666666666666665,0.220249,0.23568,0.0,retrained
1072,random,4,500,50,-5.94630000275356,2.63410041427414,2.17004855394771,0.4640518603264301,14.795249938964844,3.47687136075183,0.36666666666666664,0.23568,0.263564,0.0,retrained
1072,random,5,550,50,-5.94630000275356,2.17004855394771,2.17004855394771,0.0,15.50376319885254,3.031954188893,0.43333333333333335,0.263564,0.254949,0.045,retrained
1072,greedy,1,350,50,-5.94630000275356,3.031954188893,2.17004855394771,0.8619056349452903,14.337389945983888,3.47687136075183,0.16666666666666666,0.182772,0.218998,0.0,retrained
1072,greedy,2,400,50,-5.94630000275356,3.031954188893,2.17004855394771,0.8619056349452903,15.7000093460083,3.47687136075183,0.23333333333333334,0.218998,0.190229,0.0,retrained
1072,greedy,3,450,50,-5.94630000275356,2.63410041427414,2.17004855394771,0.4640518603264301,17.926851272583008,3.19723738387984,0.4666666666666667,0.190229,0.171021,0.0,retrained
1072,greedy,4,500,50,-5.94630000275356,2.63410041427414,2.17004855394771,0.4640518603264301,17.709537506103516,3.19723738387984,0.6,0.171021,0.226906,0.0,retrained
1072,greedy,5,550,50,-5.94630000275356,2.63410041427414,2.17004855394771,0.4640518603264301,16.542768478393555,3.19723738387984,0.6333333333333333,0.226906,0.210247,0.0,retrained
1072,greedy_diverse,1,350,50,-5.94630000275356,3.47687136075183,2.17004855394771,1.3068228068041199,14.337389945983888,8.83972418512712,0.13333333333333333,0.182772,0.147062,0.0,retrained
1072,greedy_diverse,2,400,50,-5.94630000275356,2.63410041427414,2.17004855394771,0.4640518603264301,15.490144729614258,3.47687136075183,0.31666666666666665,0.147062,0.172768,0.0,retrained
1072,greedy_diverse,3,450,50,-5.94630000275356,2.63410041427414,2.17004855394771,0.4640518603264301,13.411860466003418,3.47687136075183,0.5,0.172768,0.233103,0.0,retrained
1072,greedy_diverse,4,500,50,-5.94630000275356,2.63410041427414,2.17004855394771,0.4640518603264301,15.025660514831545,3.47687136075183,0.5166666666666667,0.233103,0.21832,0.0,retrained
1072,greedy_diverse,5,550,50,-5.94630000275356,2.63410041427414,2.17004855394771,0.4640518603264301,14.924074172973633,3.031954188893,0.5833333333333334,0.21832,0.214823,0.0,retrained
1072,maxmin_coverage,1,350,50,-5.94630000275356,3.47687136075183,2.17004855394771,1.3068228068041199,14.966920852661133,6.75878054208806,0.13333333333333333,0.182772,0.188298,0.0,retrained
1072,maxmin_coverage,2,400,50,-5.94630000275356,3.47687136075183,2.17004855394771,1.3068228068041199,14.66162395477295,6.67094740359607,0.2833333333333333,0.188298,0.244245,0.0,retrained
1072,maxmin_coverage,3,450,50,-5.94630000275356,2.63410041427414,2.17004855394771,0.4640518603264301,17.184925079345703,5.62592114594736,0.38333333333333336,0.244245,0.219608,0.0,retrained
1072,maxmin_coverage,4,500,50,-5.94630000275356,2.63410041427414,2.17004855394771,0.4640518603264301,20.51201438903809,3.47687136075183,0.48333333333333334,0.219608,0.205447,0.0,retrained
1072,maxmin_coverage,5,550,50,-5.94630000275356,2.63410041427414,2.17004855394771,0.4640518603264301,19.97563743591309,3.47687136075183,0.5666666666666667,0.205447,0.184571,0.0,retrained
1073,random,1,350,50,-0.128988702253992,4.04922987856844,-5.94630000275356,9.995529881322,12.190118789672852,6.3541374537017,0.11666666666666667,0.286563,0.252138,0.0017,retrained
1073,random,2,400,50,-0.128988702253992,4.04922987856844,-5.94630000275356,9.995529881322,14.0203275680542,6.3541374537017,0.16666666666666666,0.252138,0.316572,0.0018,retrained
1073,random,3,450,50,-0.128988702253992,1.06826830975842,-5.94630000275356,7.0145683125119795,16.51151466369629,4.04922987856844,0.26666666666666666,0.316572,0.315308,0.0,retrained
1073,random,4,500,50,-0.128988702253992,1.06826830975842,-5.94630000275356,7.0145683125119795,12.42950439453125,3.41173968594012,0.31666666666666665,0.315308,0.351867,0.0,retrained
1073,random,5,550,50,-0.128988702253992,1.06826830975842,-5.94630000275356,7.0145683125119795,16.70411491394043,3.41173968594012,0.38333333333333336,0.351867,0.330215,0.0,retrained
1073,greedy,1,350,50,-5.94630000275356,-5.94630000275356,-5.94630000275356,0.0,12.190118789672852,2.13161010103795,0.25,0.286563,0.331373,0.0017,retrained
1073,greedy,2,400,50,-5.94630000275356,-5.94630000275356,-5.94630000275356,0.0,14.24836254119873,2.13161010103795,0.35,0.331373,0.326327,0.0018,retrained
1073,greedy,3,450,50,-5.94630000275356,-5.94630000275356,-5.94630000275356,0.0,16.497882843017578,2.13161010103795,0.5,0.326327,0.39806,0.0,retrained
1073,greedy,4,500,50,-5.94630000275356,-5.94630000275356,-5.94630000275356,0.0,20.705358505249023,2.13161010103795,0.5833333333333334,0.39806,0.413902,0.0,retrained
1073,greedy,5,550,50,-5.94630000275356,-5.94630000275356,-5.94630000275356,0.0,22.65314292907715,1.96463543386199,0.7166666666666667,0.413902,0.365157,0.0,retrained
1073,greedy_diverse,1,350,50,-0.128988702253992,3.19723738387984,-5.94630000275356,9.1435373866334,12.190118789672852,5.33881959069549,0.18333333333333332,0.286563,0.271064,0.0017,retrained
1073,greedy_diverse,2,400,50,-0.128988702253992,3.19723738387984,-5.94630000275356,9.1435373866334,12.78376007080078,4.60837494907901,0.26666666666666666,0.271064,0.308382,0.0018,retrained
1073,greedy_diverse,3,450,50,-0.128988702253992,2.18454132435727,-5.94630000275356,8.13084132711083,12.178539276123049,4.20880715476233,0.36666666666666664,0.308382,0.358266,0.0,retrained
1073,greedy_diverse,4,500,50,-0.128988702253992,2.13161010103795,-5.94630000275356,8.07791010379151,12.5919189453125,3.19723738387984,0.48333333333333334,0.358266,0.380023,0.0,retrained
1073,greedy_diverse,5,550,50,-0.128988702253992,2.13161010103795,-5.94630000275356,8.07791010379151,14.449580192565918,3.19723738387984,0.5333333333333333,0.380023,0.452422,0.0,retrained
1073,maxmin_coverage,1,350,50,-0.128988702253992,3.19723738387984,-5.94630000275356,9.1435373866334,13.375425338745115,6.88661601201238,0.08333333333333333,0.286563,0.298423,0.0017,retrained
1073,maxmin_coverage,2,400,50,-0.128988702253992,3.19723738387984,-5.94630000275356,9.1435373866334,11.914884567260742,4.91456410378305,0.2,0.298423,0.370839,0.0,retrained
1073,maxmin_coverage,3,450,50,-0.128988702253992,2.18454132435727,-5.94630000275356,8.13084132711083,17.299081802368164,4.07733535693114,0.31666666666666665,0.370839,0.354195,0.0,retrained
1073,maxmin_coverage,4,500,50,-0.128988702253992,2.18454132435727,-5.94630000275356,8.13084132711083,20.11999893188477,4.07733535693114,0.4,0.354195,0.400354,0.0,retrained
1073,maxmin_coverage,5,550,50,-0.128988702253992,2.18454132435727,-5.94630000275356,8.13084132711083,23.21859169006348,4.07733535693114,0.48333333333333334,0.400354,0.425451,0.0,retrained
1074,random,1,350,50,1.82530723417949,4.07733535693114,1.54152123986569,2.5358141170654505,19.35598564147949,6.36845274140796,0.1,0.233286,0.280579,0.0,retrained
1074,random,2,400,50,1.54152123986569,1.54152123986569,1.54152123986569,0.0,17.911157608032227,4.07733535693114,0.18333333333333332,0.280579,0.281248,0.0,retrained
1074,random,3,450,50,1.54152123986569,1.54152123986569,1.54152123986569,0.0,16.621826171875,4.07733535693114,0.25,0.281248,0.267266,0.0,retrained
1074,random,4,500,50,1.54152123986569,1.54152123986569,1.54152123986569,0.0,18.80691719055176,4.07733535693114,0.35,0.267266,0.21508,0.0,retrained
1074,random,5,550,50,1.54152123986569,1.54152123986569,1.54152123986569,0.0,17.197307586669922,2.86005131311322,0.43333333333333335,0.21508,0.298398,0.0,retrained
1074,greedy,1,350,50,1.82530723417949,4.69478829079162,1.54152123986569,3.15326705092593,13.991365432739258,6.36845274140796,0.16666666666666666,0.233286,0.218005,0.0,retrained
1074,greedy,2,400,50,1.54152123986569,1.54152123986569,1.54152123986569,0.0,16.448688507080078,4.69478829079162,0.35,0.218005,0.246444,0.0,retrained
1074,greedy,3,450,50,1.54152123986569,1.54152123986569,1.54152123986569,0.0,19.87059593200684,4.09983239788562,0.45,0.246444,0.242094,0.0,retrained
1074,greedy,4,500,50,1.54152123986569,1.54152123986569,1.54152123986569,0.0,20.4622802734375,2.78908783021689,0.55,0.242094,0.26612,0.0,retrained
1074,greedy,5,550,50,1.54152123986569,1.54152123986569,1.54152123986569,0.0,22.00201988220215,2.78908783021689,0.6166666666666667,0.26612,0.287677,0.045,retrained
1074,greedy_diverse,1,350,50,1.82530723417949,6.40632700059723,1.54152123986569,4.8648057607315405,13.991365432739258,9.70483679636891,0.08333333333333333,0.233286,0.263416,0.0,retrained
1074,greedy_diverse,2,400,50,1.82530723417949,2.18454132435727,1.54152123986569,0.6430200844915803,16.369338989257812,4.09983239788562,0.26666666666666666,0.263416,0.233199,0.0,retrained
1074,greedy_diverse,3,450,50,1.82530723417949,2.18454132435727,1.54152123986569,0.6430200844915803,13.486849784851074,4.09983239788562,0.35,0.233199,0.240011,0.0,retrained
1074,greedy_diverse,4,500,50,1.82530723417949,2.18454132435727,1.54152123986569,0.6430200844915803,12.485824584960938,2.78908783021689,0.43333333333333335,0.240011,0.321646,0.0,retrained
1074,greedy_diverse,5,550,50,1.82530723417949,2.18454132435727,1.54152123986569,0.6430200844915803,14.096598625183104,2.78908783021689,0.5666666666666667,0.321646,0.371555,0.0,retrained
1074,maxmin_coverage,1,350,50,1.82530723417949,6.28859501111583,1.54152123986569,4.74707377125014,18.835155487060547,9.70483679636891,0.08333333333333333,0.233286,0.286795,0.0,retrained
1074,maxmin_coverage,2,400,50,1.82530723417949,4.09983239788562,1.54152123986569,2.55831115801993,16.66065788269043,5.33881959069549,0.21666666666666667,0.286795,0.322448,0.0,retrained
1074,maxmin_coverage,3,450,50,1.82530723417949,2.18454132435727,1.54152123986569,0.6430200844915803,17.903362274169922,4.91456410378305,0.3333333333333333,0.322448,0.335795,0.0,retrained
1074,maxmin_coverage,4,500,50,1.82530723417949,2.18454132435727,1.54152123986569,0.6430200844915803,23.145000457763672,4.51400760590695,0.4666666666666667,0.335795,0.389639,0.0,retrained
1074,maxmin_coverage,5,550,50,1.82530723417949,2.18454132435727,1.54152123986569,0.6430200844915803,24.2966423034668,2.78908783021689,0.5166666666666667,0.389639,0.361418,0.0,retrained
1075,random,1,350,50,-2.72422035229465,7.50053111732268,2.63410041427414,4.86643070304854,12.107630729675291,9.33156495251023,0.08333333333333333,0.217832,0.236232,0.0017,retrained
1075,random,2,400,50,-2.72422035229465,5.36710108139232,2.63410041427414,2.7330006671181803,15.532350540161133,6.39354552682198,0.16666666666666666,0.236232,0.20189,0.0018,retrained
1075,random,3,450,50,-2.72422035229465,3.47687136075183,2.63410041427414,0.8427709464776898,15.686567306518556,5.36710108139232,0.25,0.20189,0.211682,0.002,retrained
1075,random,4,500,50,-2.72422035229465,3.47687136075183,2.63410041427414,0.8427709464776898,15.10032844543457,4.20880715476233,0.36666666666666664,0.211682,0.228036,0.0756,retrained
1075,random,5,550,50,-2.72422035229465,3.47687136075183,2.63410041427414,0.8427709464776898,17.173595428466797,4.20880715476233,0.43333333333333335,0.228036,0.181868,0.0475,retrained
1075,greedy,1,350,50,-2.72422035229465,3.47687136075183,2.63410041427414,0.8427709464776898,12.107630729675291,7.37935301607286,0.13333333333333333,0.217832,0.165336,0.0017,retrained
1075,greedy,2,400,50,-2.72422035229465,3.47687136075183,2.63410041427414,0.8427709464776898,16.790294647216797,5.36710108139232,0.21666666666666667,0.165336,0.158435,0.0018,retrained
1075,greedy,3,450,50,-2.72422035229465,3.41173968594012,2.63410041427414,0.7776392716659801,18.85892105102539,4.20880715476233,0.4166666666666667,0.158435,0.222709,0.002,retrained
1075,greedy,4,500,50,-2.72422035229465,3.41173968594012,2.63410041427414,0.7776392716659801,19.483436584472656,4.20880715476233,0.6166666666666667,0.222709,0.256298,0.0022,retrained
1075,greedy,5,550,50,-2.72422035229465,3.41173968594012,2.63410041427414,0.7776392716659801,19.518590927124023,4.20880715476233,0.75,0.256298,0.178243,0.0025,retrained
1075,greedy_diverse,1,350,50,-2.72422035229465,3.47687136075183,2.63410041427414,0.8427709464776898,12.107630729675291,6.63508265908604,0.11666666666666667,0.217832,0.235702,0.0017,retrained
1075,greedy_diverse,2,400,50,-2.72422035229465,3.47687136075183,2.63410041427414,0.8427709464776898,15.550869941711426,4.76361946380712,0.3333333333333333,0.235702,0.204733,0.0018,retrained
1075,greedy_diverse,3,450,50,-2.72422035229465,3.47687136075183,2.63410041427414,0.8427709464776898,13.941679000854492,4.76361946380712,0.4,0.204733,0.215855,0.0,retrained
1075,greedy_diverse,4,500,50,-2.72422035229465,3.41173968594012,2.63410041427414,0.7776392716659801,15.670629501342772,4.20880715476233,0.5666666666666667,0.215855,0.245102,0.0,retrained
1075,greedy_diverse,5,550,50,-2.72422035229465,2.63410041427414,2.63410041427414,0.0,14.81867504119873,3.47687136075183,0.7,0.245102,0.189074,0.0,retrained
1075,maxmin_coverage,1,350,50,-2.72422035229465,3.47687136075183,2.63410041427414,0.8427709464776898,16.295671463012695,9.70483679636891,0.08333333333333333,0.217832,0.228477,0.0017,retrained
1075,maxmin_coverage,2,400,50,-2.72422035229465,3.47687136075183,2.63410041427414,0.8427709464776898,11.847291946411133,6.63508265908604,0.21666666666666667,0.228477,0.21388,0.0018,retrained
1075,maxmin_coverage,3,450,50,-2.72422035229465,3.47687136075183,2.63410041427414,0.8427709464776898,16.927072525024414,5.36710108139232,0.3333333333333333,0.21388,0.264691,0.002,retrained
1075,maxmin_coverage,4,500,50,-2.72422035229465,3.41173968594012,2.63410041427414,0.7776392716659801,20.67827415466309,4.20880715476233,0.5166666666666667,0.264691,0.27059,0.0,retrained
1075,maxmin_coverage,5,550,50,-2.72422035229465,3.41173968594012,2.63410041427414,0.7776392716659801,22.92566299438477,3.73313455799507,0.6166666666666667,0.27059,0.226029,0.0,retrained
1076,random,1,350,50,1.75952003577549,5.36710108139232,3.97923397722116,1.3878671041711605,18.557374954223636,11.468516591558,0.08333333333333333,0.194265,0.30341,0.0017,retrained
1076,random,2,400,50,1.75952003577549,5.36710108139232,3.97923397722116,1.3878671041711605,16.28309440612793,7.19689090009706,0.2,0.30341,0.296056,0.0018,retrained
1076,random,3,450,50,1.75952003577549,5.36710108139232,3.97923397722116,1.3878671041711605,15.660527229309082,7.19689090009706,0.26666666666666666,0.296056,0.283927,0.002,retrained
1076,random,4,500,50,1.75952003577549,5.36710108139232,3.97923397722116,1.3878671041711605,18.703907012939453,6.8693585633082,0.31666666666666665,0.283927,0.336428,0.0022,retrained
1076,random,5,550,50,1.75952003577549,5.36710108139232,3.97923397722116,1.3878671041711605,15.943156242370604,6.8693585633082,0.4166666666666667,0.336428,0.267542,0.045,retrained
1076,greedy,1,350,50,1.75952003577549,6.8693585633082,3.97923397722116,2.8901245860870404,14.721704483032228,9.59787964602219,0.13333333333333333,0.194265,0.233977,0.0017,retrained
1076,greedy,2,400,50,1.75952003577549,4.09983239788562,3.97923397722116,0.12059842066445992,17.320476531982422,6.8693585633082,0.25,0.233977,0.291994,0.0018,retrained
1076,greedy,3,450,50,1.75952003577549,4.09983239788562,3.97923397722116,0.12059842066445992,18.149883270263672,6.67094740359607,0.43333333333333335,0.291994,0.291466,0.002,retrained
1076,greedy,4,500,50,1.75952003577549,3.97923397722116,3.97923397722116,0.0,21.26123046875,6.30182657383921,0.6,0.291466,0.299158,0.0,retrained
1076,greedy,5,550,50,1.75952003577549,3.97923397722116,3.97923397722116,0.0,20.736549377441406,4.09983239788562,0.7333333333333333,0.299158,0.31046,0.0975,retrained
1076,greedy_diverse,1,350,50,1.75952003577549,4.76361946380712,3.97923397722116,0.7843854865859603,14.721704483032228,9.59787964602219,0.06666666666666667,0.194265,0.269524,0.0017,retrained
1076,greedy_diverse,2,400,50,1.75952003577549,4.07733535693114,3.97923397722116,0.09810137970998056,17.883882522583008,6.88661601201238,0.23333333333333334,0.269524,0.283497,0.0018,retrained
1076,greedy_diverse,3,450,50,1.75952003577549,4.07733535693114,3.97923397722116,0.09810137970998056,16.552141189575195,6.88661601201238,0.4,0.283497,0.317159,0.002,retrained
1076,greedy_diverse,4,500,50,1.75952003577549,4.07733535693114,3.97923397722116,0.09810137970998056,15.990939140319824,6.88661601201238,0.45,0.317159,0.293388,0.0022,retrained
1076,greedy_diverse,5,550,50,1.75952003577549,4.07733535693114,3.97923397722116,0.09810137970998056,14.81540870666504,6.88661601201238,0.5,0.293388,0.311784,0.0025,retrained
1076,maxmin_coverage,1,350,50,1.75952003577549,4.76361946380712,3.97923397722116,0.7843854865859603,17.632587432861328,9.87516641963521,0.1,0.194265,0.272234,0.0017,retrained
1076,maxmin_coverage,2,400,50,1.75952003577549,4.76361946380712,3.97923397722116,0.7843854865859603,16.158748626708984,7.19689090009706,0.18333333333333332,0.272234,0.26449,0.0018,retrained
1076,maxmin_coverage,3,450,50,1.75952003577549,4.07733535693114,3.97923397722116,0.09810137970998056,17.61575698852539,5.36710108139232,0.35,0.26449,0.244362,0.002,retrained
1076,maxmin_coverage,4,500,50,1.75952003577549,4.07733535693114,3.97923397722116,0.09810137970998056,18.769893646240234,5.36710108139232,0.43333333333333335,0.244362,0.248864,0.0022,retrained
1076,maxmin_coverage,5,550,50,1.75952003577549,4.07733535693114,3.97923397722116,0.09810137970998056,22.696325302124023,5.36710108139232,0.5,0.248864,0.238758,0.0025,retrained
1077,random,1,350,50,-2.72422035229465,7.01152198419368,-0.128988702253992,7.140510686447672,17.619083404541016,10.2193207890268,0.06666666666666667,0.213596,0.212221,0.0033,retrained
1077,random,2,400,50,-2.72422035229465,6.09064042745013,-0.128988702253992,6.219629129704122,18.362010955810547,9.69330898475891,0.16666666666666666,0.212221,0.180191,0.0036,retrained
1077,random,3,450,50,-2.72422035229465,6.09064042745013,-0.128988702253992,6.219629129704122,17.334278106689453,7.01152198419368,0.2,0.180191,0.20006,0.004,retrained
1077,random,4,500,50,-2.72422035229465,5.33881959069549,-0.128988702253992,5.467808292949482,19.71249771118164,6.40632700059723,0.25,0.20006,0.200564,0.0044,retrained
1077,random,5,550,50,-2.72422035229465,3.47687136075183,-0.128988702253992,3.6058600630058217,15.775317192077637,5.33881959069549,0.35,0.200564,0.22899,0.0525,retrained
1077,greedy,1,350,50,-2.72422035229465,6.40632700059723,-0.128988702253992,6.535315702851222,12.156617164611816,8.92183906879654,0.16666666666666666,0.213596,0.257433,0.0033,retrained
1077,greedy,2,400,50,-2.72422035229465,2.13161010103795,-0.128988702253992,2.2605988032919417,13.427940368652344,5.28029423850603,0.2833333333333333,0.257433,0.243402,0.0036,retrained
1077,greedy,3,450,50,-2.72422035229465,2.13161010103795,-0.128988702253992,2.2605988032919417,18.269079208374023,4.51400760590695,0.4166666666666667,0.243402,0.259628,0.004,retrained
1077,greedy,4,500,50,-2.72422035229465,2.13161010103795,-0.128988702253992,2.2605988032919417,21.523853302001957,4.51400760590695,0.48333333333333334,0.259628,0.279377,0.0044,retrained
1077,greedy,5,550,50,-2.72422035229465,2.13161010103795,-0.128988702253992,2.2605988032919417,21.61676788330078,4.51400760590695,0.5833333333333334,0.279377,0.248216,0.0625,retrained
1077,greedy_diverse,1,350,50,-2.72422035229465,2.13161010103795,-0.128988702253992,2.2605988032919417,12.156617164611816,6.89403373511232,0.18333333333333332,0.213596,0.275225,0.0033,retrained
1077,greedy_diverse,2,400,50,-2.72422035229465,-0.128988702253992,-0.128988702253992,0.0,14.667585372924805,3.47687136075183,0.26666666666666666,0.275225,0.279677,0.0,retrained
1077,greedy_diverse,3,450,50,-2.72422035229465,-0.128988702253992,-0.128988702253992,0.0,12.79970359802246,3.47687136075183,0.36666666666666664,0.279677,0.26672,0.0,retrained
1077,greedy_diverse,4,500,50,-2.72422035229465,-0.128988702253992,-0.128988702253992,0.0,15.65037727355957,2.86005131311322,0.5166666666666667,0.26672,0.281608,0.0,retrained
1077,greedy_diverse,5,550,50,-2.72422035229465,-0.128988702253992,-0.128988702253992,0.0,12.114383697509766,2.86005131311322,0.55,0.281608,0.248264,0.0,retrained
1077,maxmin_coverage,1,350,50,-2.72422035229465,2.13161010103795,-0.128988702253992,2.2605988032919417,14.94483470916748,6.39354552682198,0.13333333333333333,0.213596,0.297007,0.0033,retrained
1077,maxmin_coverage,2,400,50,-2.72422035229465,2.13161010103795,-0.128988702253992,2.2605988032919417,14.114496231079102,6.39354552682198,0.21666666666666667,0.297007,0.278062,0.0,retrained
1077,maxmin_coverage,3,450,50,-2.72422035229465,2.13161010103795,-0.128988702253992,2.2605988032919417,20.236433029174805,4.51400760590695,0.36666666666666664,0.278062,0.24675,0.0,retrained
1077,maxmin_coverage,4,500,50,-2.72422035229465,2.13161010103795,-0.128988702253992,2.2605988032919417,21.566017150878903,4.51400760590695,0.4666666666666667,0.24675,0.283279,0.0,retrained
1077,maxmin_coverage,5,550,50,-2.72422035229465,-0.128988702253992,-0.128988702253992,0.0,23.0211124420166,3.47687136075183,0.5,0.283279,0.25503,0.0,retrained
1078,random,1,350,50,1.54152123986569,1.54152123986569,-0.128988702253992,1.6705099421196818,14.11676025390625,2.91626778182399,0.11666666666666667,0.261833,0.247715,0.0017,retrained
1078,random,2,400,50,1.54152123986569,1.54152123986569,-0.128988702253992,1.6705099421196818,17.106271743774414,2.91626778182399,0.18333333333333332,0.247715,0.199443,0.0018,retrained
1078,random,3,450,50,-0.128988702253992,-0.128988702253992,-0.128988702253992,0.0,15.101872444152832,1.75952003577549,0.23333333333333334,0.199443,0.241935,0.002,retrained
1078,random,4,500,50,-0.128988702253992,-0.128988702253992,-0.128988702253992,0.0,14.541852951049805,1.75952003577549,0.35,0.241935,0.205883,0.0,retrained
1078,random,5,550,50,-0.128988702253992,-0.128988702253992,-0.128988702253992,0.0,15.989578247070312,1.75952003577549,0.43333333333333335,0.205883,0.244632,0.0775,retrained
1078,greedy,1,350,50,4.07733535693114,4.07733535693114,-0.128988702253992,4.206324059185133,13.80481243133545,5.36710108139232,0.21666666666666667,0.261833,0.205102,0.0017,retrained
1078,greedy,2,400,50,1.75952003577549,1.75952003577549,-0.128988702253992,1.888508738029482,15.842851638793944,4.07733535693114,0.36666666666666664,0.205102,0.211654,0.0,retrained
1078,greedy,3,450,50,1.54152123986569,1.54152123986569,-0.128988702253992,1.6705099421196818,17.22003746032715,2.16613746399526,0.4666666666666667,0.211654,0.212881,0.0,retrained
1078,greedy,4,500,50,1.54152123986569,1.54152123986569,-0.128988702253992,1.6705099421196818,20.38850212097168,2.16613746399526,0.5166666666666667,0.212881,0.256541,0.0,retrained
1078,greedy,5,550,50,1.54152123986569,1.54152123986569,-0.128988702253992,1.6705099421196818,22.211572647094727,1.82530723417949,0.65,0.256541,0.270322,0.0,retrained
1078,greedy_diverse,1,350,50,1.75952003577549,1.75952003577549,-0.128988702253992,1.888508738029482,13.80481243133545,5.38251813034731,0.13333333333333333,0.261833,0.257934,0.0017,retrained
1078,greedy_diverse,2,400,50,1.54152123986569,1.54152123986569,-0.128988702253992,1.6705099421196818,13.284597396850586,5.33881959069549,0.21666666666666667,0.257934,0.215066,0.0,retrained
1078,greedy_diverse,3,450,50,1.54152123986569,1.54152123986569,-0.128988702253992,1.6705099421196818,16.50675392150879,2.86005131311322,0.3333333333333333,0.215066,0.262351,0.0,retrained
1078,greedy_diverse,4,500,50,1.54152123986569,1.54152123986569,-0.128988702253992,1.6705099421196818,15.151232719421388,2.86005131311322,0.43333333333333335,0.262351,0.219128,0.0,retrained
1078,greedy_diverse,5,550,50,1.54152123986569,1.54152123986569,-0.128988702253992,1.6705099421196818,14.917032241821287,2.86005131311322,0.5333333333333333,0.219128,0.230373,0.0,retrained
1078,maxmin_coverage,1,350,50,1.75952003577549,1.75952003577549,-0.128988702253992,1.888508738029482,14.695722579956056,9.50694790008856,0.08333333333333333,0.261833,0.230931,0.0017,retrained
1078,maxmin_coverage,2,400,50,1.75952003577549,1.75952003577549,-0.128988702253992,1.888508738029482,15.343255996704102,6.09064042745013,0.18333333333333332,0.230931,0.233058,0.0,retrained
1078,maxmin_coverage,3,450,50,1.54152123986569,1.54152123986569,-0.128988702253992,1.6705099421196818,13.537796020507812,5.17458520972286,0.3,0.233058,0.298791,0.0,retrained
1078,maxmin_coverage,4,500,50,1.54152123986569,1.54152123986569,-0.128988702253992,1.6705099421196818,22.898656845092773,5.17458520972286,0.31666666666666665,0.298791,0.279631,0.0,retrained
1078,maxmin_coverage,5,550,50,1.54152123986569,1.54152123986569,-0.128988702253992,1.6705099421196818,25.241783142089844,2.86005131311322,0.38333333333333336,0.279631,0.261851,0.0,retrained
1079,random,1,350,50,2.13161010103795,3.19723738387984,-2.72422035229465,5.9214577361744904,14.780688285827637,8.65642674760966,0.06666666666666667,0.244517,0.274886,0.0017,retrained
1079,random,2,400,50,-1.79640898725484,-1.79640898725484,-2.72422035229465,0.9278113650398101,17.732654571533203,3.47687136075183,0.23333333333333334,0.274886,0.254651,0.0018,retrained
1079,random,3,450,50,-1.79640898725484,-1.79640898725484,-2.72422035229465,0.9278113650398101,11.878963470458984,3.47687136075183,0.3,0.254651,0.24107,0.002,retrained
1079,random,4,500,50,-1.79640898725484,-1.79640898725484,-2.72422035229465,0.9278113650398101,14.668644905090332,3.47687136075183,0.36666666666666664,0.24107,0.301059,0.0022,retrained
1079,random,5,550,50,-1.79640898725484,-1.79640898725484,-2.72422035229465,0.9278113650398101,14.894882202148438,3.47687136075183,0.4,0.301059,0.278977,0.0025,retrained
1079,greedy,1,350,50,-2.72422035229465,-2.72422035229465,-2.72422035229465,0.0,13.736055374145508,7.37935301607286,0.15,0.244517,0.222046,0.0017,retrained
1079,greedy,2,400,50,-2.72422035229465,-2.72422035229465,-2.72422035229465,0.0,16.619861602783203,4.60837494907901,0.3,0.222046,0.258317,0.0018,retrained
1079,greedy,3,450,50,-2.72422035229465,-2.72422035229465,-2.72422035229465,0.0,18.86697769165039,1.06826830975842,0.4666666666666667,0.258317,0.23763,0.002,retrained
1079,greedy,4,500,50,-2.72422035229465,-2.72422035229465,-2.72422035229465,0.0,17.8400821685791,1.06826830975842,0.5666666666666667,0.23763,0.24674,0.0022,retrained
1079,greedy,5,550,50,-2.72422035229465,-2.72422035229465,-2.72422035229465,0.0,20.860313415527344,1.06826830975842,0.6333333333333333,0.24674,0.291961,0.0675,retrained
1079,greedy_diverse,1,350,50,2.13161010103795,7.705154024683,-2.72422035229465,10.42937437697765,13.736055374145508,8.4759262067455,0.1,0.244517,0.258041,0.0017,retrained
1079,greedy_diverse,2,400,50,1.06826830975842,1.06826830975842,-2.72422035229465,3.7924886620530702,14.111320495605469,5.89735427590858,0.21666666666666667,0.258041,0.188361,0.0018,retrained
1079,greedy_diverse,3,450,50,-1.79640898725484,-1.79640898725484,-2.72422035229465,0.9278113650398101,14.405860900878906,1.54152123986569,0.35,0.188361,0.251876,0.002,retrained
1079,greedy_diverse,4,500,50,-1.79640898725484,-1.79640898725484,-2.72422035229465,0.9278113650398101,13.881802558898926,1.54152123986569,0.43333333333333335,0.251876,0.231727,0.0022,retrained
1079,greedy_diverse,5,550,50,-1.79640898725484,-1.79640898725484,-2.72422035229465,0.9278113650398101,16.01431655883789,1.54152123986569,0.48333333333333334,0.231727,0.227602,0.0025,retrained
1079,maxmin_coverage,1,350,50,2.13161010103795,6.63529152522096,-2.72422035229465,9.35951187751561,16.163402557373047,7.705154024683,0.06666666666666667,0.244517,0.260894,0.0017,retrained
1079,maxmin_coverage,2,400,50,2.13161010103795,5.89735427590858,-2.72422035229465,8.62157462820323,15.040888786315918,7.51139606782453,0.18333333333333332,0.260894,0.240714,0.0018,retrained
1079,maxmin_coverage,3,450,50,-1.79640898725484,-1.79640898725484,-2.72422035229465,0.9278113650398101,18.176029205322266,1.54152123986569,0.3333333333333333,0.240714,0.305495,0.002,retrained
1079,maxmin_coverage,4,500,50,-1.79640898725484,-1.79640898725484,-2.72422035229465,0.9278113650398101,19.5892391204834,1.54152123986569,0.4666666666666667,0.305495,0.29634,0.0022,retrained
1079,maxmin_coverage,5,550,50,-1.79640898725484,-1.79640898725484,-2.72422035229465,0.9278113650398101,24.671070098876957,1.54152123986569,0.5333333333333333,0.29634,0.295639,0.0025,retrained
1080,random,1,350,50,1.31582066329793,2.63410041427414,-2.72422035229465,5.35832076656879,15.8257474899292,6.48926897501224,0.1,0.165082,0.140606,0.0,retrained
1080,random,2,400,50,1.06826830975842,1.06826830975842,-2.72422035229465,3.7924886620530702,15.8530912399292,2.63410041427414,0.23333333333333334,0.140606,0.152917,0.0,retrained
1080,random,3,450,50,1.06826830975842,1.06826830975842,-2.72422035229465,3.7924886620530702,9.169105529785156,2.63410041427414,0.36666666666666664,0.152917,0.140783,0.0,retrained
1080,random,4,500,50,1.06826830975842,1.06826830975842,-2.72422035229465,3.7924886620530702,16.462345123291016,2.13161010103795,0.43333333333333335,0.140783,0.142892,0.0,retrained
1080,random,5,550,50,1.06826830975842,1.06826830975842,-2.72422035229465,3.7924886620530702,12.746140480041504,2.13161010103795,0.5166666666666667,0.142892,0.164013,0.0525,retrained
1080,greedy,1,350,50,1.31582066329793,2.13161010103795,-2.72422035229465,4.8558304533326,9.951719284057615,8.104833661866,0.1,0.165082,0.120903,0.0,retrained
1080,greedy,2,400,50,-2.72422035229465,-2.72422035229465,-2.72422035229465,0.0,17.824108123779297,1.82530723417949,0.3333333333333333,0.120903,0.134367,0.0,retrained
1080,greedy,3,450,50,-2.72422035229465,-2.72422035229465,-2.72422035229465,0.0,16.607044219970703,1.82530723417949,0.5,0.134367,0.143519,0.0,retrained
1080,greedy,4,500,50,-2.72422035229465,-2.72422035229465,-2.72422035229465,0.0,17.244403839111328,1.82530723417949,0.65,0.143519,0.135063,0.0,retrained
1080,greedy,5,550,50,-2.72422035229465,-2.72422035229465,-2.72422035229465,0.0,19.35342025756836,1.82530723417949,0.7333333333333333,0.135063,0.079263,0.07,retrained
1080,greedy_diverse,1,350,50,1.31582066329793,7.19689090009706,-2.72422035229465,9.92111125239171,9.951719284057615,7.9021792755957,0.16666666666666666,0.165082,0.116713,0.0,retrained
1080,greedy_diverse,2,400,50,1.31582066329793,1.75952003577549,-2.72422035229465,4.4837403880701405,13.15753936767578,7.23220821277573,0.31666666666666665,0.116713,0.182873,0.0,retrained
1080,greedy_diverse,3,450,50,-2.72422035229465,-2.72422035229465,-2.72422035229465,0.0,14.496065139770508,1.82530723417949,0.55,0.182873,0.205684,0.0,retrained
1080,greedy_diverse,4,500,50,-2.72422035229465,-2.72422035229465,-2.72422035229465,0.0,11.752283096313477,1.82530723417949,0.6333333333333333,0.205684,0.183062,0.0,retrained
1080,greedy_diverse,5,550,50,-2.72422035229465,-2.72422035229465,-2.72422035229465,0.0,13.379162788391112,1.75952003577549,0.6833333333333333,0.183062,0.184586,0.0,retrained
1080,maxmin_coverage,1,350,50,1.31582066329793,7.19689090009706,-2.72422035229465,9.92111125239171,16.54139518737793,7.9021792755957,0.15,0.165082,0.120696,0.0,retrained
1080,maxmin_coverage,2,400,50,-2.72422035229465,-2.72422035229465,-2.72422035229465,0.0,12.581186294555664,7.23220821277573,0.26666666666666666,0.120696,0.144754,0.0,retrained
1080,maxmin_coverage,3,450,50,-2.72422035229465,-2.72422035229465,-2.72422035229465,0.0,18.715389251708984,2.86005131311322,0.38333333333333336,0.144754,0.175645,0.0,retrained
1080,maxmin_coverage,4,500,50,-2.72422035229465,-2.72422035229465,-2.72422035229465,0.0,22.0208797454834,1.82530723417949,0.5333333333333333,0.175645,0.172801,0.0,retrained
1080,maxmin_coverage,5,550,50,-2.72422035229465,-2.72422035229465,-2.72422035229465,0.0,18.845378875732425,1.75952003577549,0.6,0.172801,0.156971,0.0,retrained
1081,random,1,350,50,-0.128988702253992,1.31582066329793,1.31582066329793,0.0,15.407809257507324,7.78029772913942,0.1,0.256841,0.276077,0.0017,retrained
1081,random,2,400,50,-0.128988702253992,1.31582066329793,1.31582066329793,0.0,16.132673263549805,5.28029423850603,0.2,0.276077,0.3164,0.0018,retrained
1081,random,3,450,50,-0.128988702253992,1.31582066329793,1.31582066329793,0.0,18.8734188079834,4.51400760590695,0.2833333333333333,0.3164,0.267956,0.002,retrained
1081,random,4,500,50,-0.128988702253992,1.31582066329793,1.31582066329793,0.0,17.512941360473633,4.51400760590695,0.2833333333333333,0.267956,0.291169,0.0022,retrained
1081,random,5,550,50,-0.128988702253992,1.31582066329793,1.31582066329793,0.0,14.605494499206545,2.86005131311322,0.35,0.291169,0.216917,0.0025,retrained
1081,greedy,1,350,50,-0.128988702253992,3.19723738387984,1.31582066329793,1.88141672058191,13.662473678588867,4.91456410378305,0.11666666666666667,0.256841,0.315995,0.0017,retrained
1081,greedy,2,400,50,-0.128988702253992,3.19723738387984,1.31582066329793,1.88141672058191,17.52556037902832,4.09983239788562,0.2833333333333333,0.315995,0.34444,0.0018,retrained
1081,greedy,3,450,50,-0.128988702253992,2.63410041427414,1.31582066329793,1.31827975097621,15.617693901062012,3.47687136075183,0.45,0.34444,0.284493,0.002,retrained
1081,greedy,4,500,50,-0.128988702253992,2.63410041427414,1.31582066329793,1.31827975097621,19.798572540283203,3.47687136075183,0.55,0.284493,0.29422,0.0,retrained
1081,greedy,5,550,50,-0.128988702253992,2.63410041427414,1.31582066329793,1.31827975097621,21.663936614990234,3.47687136075183,0.6666666666666666,0.29422,0.283194,0.0825,retrained
1081,greedy_diverse,1,350,50,-0.128988702253992,3.47687136075183,1.31582066329793,2.1610506974539,13.662473678588867,5.43463994693957,0.08333333333333333,0.256841,0.277871,0.0017,retrained
1081,greedy_diverse,2,400,50,-0.128988702253992,3.47687136075183,1.31582066329793,2.1610506974539,14.307241439819336,4.91456410378305,0.26666666666666666,0.277871,0.288399,0.0018,retrained
1081,greedy_diverse,3,450,50,-0.128988702253992,2.63410041427414,1.31582066329793,1.31827975097621,15.441594123840332,3.47687136075183,0.38333333333333336,0.288399,0.30755,0.002,retrained
1081,greedy_diverse,4,500,50,-0.128988702253992,2.63410041427414,1.31582066329793,1.31827975097621,14.793380737304688,3.47687136075183,0.4666666666666667,0.30755,0.354522,0.0,retrained
1081,greedy_diverse,5,550,50,-0.128988702253992,2.63410041427414,1.31582066329793,1.31827975097621,15.611760139465332,3.47687136075183,0.5,0.354522,0.33959,0.0,retrained
1081,maxmin_coverage,1,350,50,-0.128988702253992,5.43463994693957,1.31582066329793,4.11881928364164,18.340200424194336,9.42617129426799,0.06666666666666667,0.256841,0.252879,0.0017,retrained
1081,maxmin_coverage,2,400,50,-0.128988702253992,3.47687136075183,1.31582066329793,2.1610506974539,15.957590103149414,5.43463994693957,0.23333333333333334,0.252879,0.275309,0.0018,retrained
1081,maxmin_coverage,3,450,50,-0.128988702253992,3.47687136075183,1.31582066329793,2.1610506974539,16.559499740600586,4.76361946380712,0.4166666666666667,0.275309,0.277838,0.002,retrained
1081,maxmin_coverage,4,500,50,-0.128988702253992,2.63410041427414,1.31582066329793,1.31827975097621,20.74253845214844,4.09983239788562,0.5,0.277838,0.306075,0.0022,retrained
1081,maxmin_coverage,5,550,50,-0.128988702253992,2.63410041427414,1.31582066329793,1.31827975097621,22.533855438232425,3.47687136075183,0.5333333333333333,0.306075,0.395387,0.0025,retrained
1082,random,1,350,50,-0.128988702253992,4.60837494907901,-5.94630000275356,10.55467495183257,15.13232135772705,9.21836056456232,0.08333333333333333,0.253325,0.215458,0.0033,retrained
1082,random,2,400,50,-0.128988702253992,4.60837494907901,-5.94630000275356,10.55467495183257,14.958562850952148,6.74494772410253,0.16666666666666666,0.215458,0.256041,0.0018,retrained
1082,random,3,450,50,-0.128988702253992,4.60837494907901,-5.94630000275356,10.55467495183257,11.507506370544434,6.73450753945872,0.25,0.256041,0.250823,0.002,retrained
1082,random,4,500,50,-1.79640898725484,-1.79640898725484,-5.94630000275356,4.14989101549872,16.39396095275879,4.60837494907901,0.35,0.250823,0.303542,0.0933,retrained
1082,random,5,550,50,-1.79640898725484,-1.79640898725484,-5.94630000275356,4.14989101549872,15.334157943725586,3.41173968594012,0.4,0.303542,0.273523,0.0825,retrained
1082,greedy,1,350,50,-0.128988702253992,2.16613746399526,-5.94630000275356,8.112437466748819,11.587170600891112,4.74393837252501,0.18333333333333332,0.253325,0.226599,0.0033,retrained
1082,greedy,2,400,50,-5.94630000275356,-5.94630000275356,-5.94630000275356,0.0,14.159830093383787,2.16613746399526,0.3333333333333333,0.226599,0.237801,0.0018,retrained
1082,greedy,3,450,50,-5.94630000275356,-5.94630000275356,-5.94630000275356,0.0,17.559040069580078,2.16613746399526,0.5,0.237801,0.222748,0.002,retrained
1082,greedy,4,500,50,-5.94630000275356,-5.94630000275356,-5.94630000275356,0.0,17.33746337890625,2.16613746399526,0.5666666666666667,0.222748,0.215821,0.0022,retrained
1082,greedy,5,550,50,-5.94630000275356,-5.94630000275356,-5.94630000275356,0.0,19.95563125610352,1.31582066329793,0.7333333333333333,0.215821,0.326707,0.085,retrained
1082,greedy_diverse,1,350,50,-5.94630000275356,-5.94630000275356,-5.94630000275356,0.0,11.587170600891112,6.40632700059723,0.18333333333333332,0.253325,0.185784,0.0033,retrained
1082,greedy_diverse,2,400,50,-5.94630000275356,-5.94630000275356,-5.94630000275356,0.0,11.816482543945312,4.60837494907901,0.2833333333333333,0.185784,0.255962,0.0018,retrained
1082,greedy_diverse,3,450,50,-5.94630000275356,-5.94630000275356,-5.94630000275356,0.0,11.742865562438965,4.60837494907901,0.43333333333333335,0.255962,0.291079,0.002,retrained
1082,greedy_diverse,4,500,50,-5.94630000275356,-5.94630000275356,-5.94630000275356,0.0,14.27683448791504,2.16613746399526,0.5666666666666667,0.291079,0.279151,0.0022,retrained
1082,greedy_diverse,5,550,50,-5.94630000275356,-5.94630000275356,-5.94630000275356,0.0,13.288841247558594,2.16613746399526,0.6,0.279151,0.325177,0.0025,retrained
1082,maxmin_coverage,1,350,50,-5.94630000275356,-5.94630000275356,-5.94630000275356,0.0,12.114218711853027,9.60820990174034,0.15,0.253325,0.231447,0.0033,retrained
1082,maxmin_coverage,2,400,50,-5.94630000275356,-5.94630000275356,-5.94630000275356,0.0,11.65285873413086,4.60837494907901,0.26666666666666666,0.231447,0.306288,0.0018,retrained
1082,maxmin_coverage,3,450,50,-5.94630000275356,-5.94630000275356,-5.94630000275356,0.0,15.495702743530272,4.60837494907901,0.43333333333333335,0.306288,0.262271,0.002,retrained
1082,maxmin_coverage,4,500,50,-5.94630000275356,-5.94630000275356,-5.94630000275356,0.0,20.239959716796875,3.47687136075183,0.5333333333333333,0.262271,0.289974,0.0022,retrained
1082,maxmin_coverage,5,550,50,-5.94630000275356,-5.94630000275356,-5.94630000275356,0.0,23.93764877319336,3.47687136075183,0.5833333333333334,0.289974,0.309456,0.0025,retrained
1083,random,1,350,50,2.16613746399526,3.47687136075183,-2.72422035229465,6.20109171304648,16.047977447509766,4.69478829079162,0.1,0.319593,0.247535,0.0,retrained
1083,random,2,400,50,2.16613746399526,2.86005131311322,-2.72422035229465,5.58427166540787,14.813572883605955,3.73313455799507,0.18333333333333332,0.247535,0.311958,0.0,retrained
1083,random,3,450,50,-1.79640898725484,-1.79640898725484,-2.72422035229465,0.9278113650398101,14.03161334991455,2.86005131311322,0.25,0.311958,0.261388,0.0,retrained
1083,random,4,500,50,-2.72422035229465,-2.72422035229465,-2.72422035229465,0.0,17.68316078186035,1.06826830975842,0.3333333333333333,0.261388,0.32167,0.0,retrained
1083,random,5,550,50,-2.72422035229465,-2.72422035229465,-2.72422035229465,0.0,14.507692337036133,1.06826830975842,0.38333333333333336,0.32167,0.310233,0.04,retrained
1083,greedy,1,350,50,2.16613746399526,3.41173968594012,-2.72422035229465,6.135960038234771,10.294124603271484,6.40632700059723,0.15,0.319593,0.334663,0.0,retrained
1083,greedy,2,400,50,2.16613746399526,2.63410041427414,-2.72422035229465,5.35832076656879,16.75071907043457,3.47687136075183,0.3333333333333333,0.334663,0.305526,0.0,retrained
1083,greedy,3,450,50,2.16613746399526,2.63410041427414,-2.72422035229465,5.35832076656879,18.23179244995117,3.47687136075183,0.48333333333333334,0.305526,0.328874,0.0,retrained
1083,greedy,4,500,50,-2.72422035229465,-2.72422035229465,-2.72422035229465,0.0,17.820892333984375,3.19723738387984,0.5833333333333334,0.328874,0.360896,0.0,retrained
1083,greedy,5,550,50,-2.72422035229465,-2.72422035229465,-2.72422035229465,0.0,21.14774513244629,2.63410041427414,0.65,0.360896,0.386743,0.0675,retrained
1083,greedy_diverse,1,350,50,-1.79640898725484,-1.79640898725484,-2.72422035229465,0.9278113650398101,10.294124603271484,4.51400760590695,0.15,0.319593,0.354403,0.0,retrained
1083,greedy_diverse,2,400,50,-1.79640898725484,-1.79640898725484,-2.72422035229465,0.9278113650398101,14.131062507629396,2.86005131311322,0.3,0.354403,0.305526,0.0,retrained
1083,greedy_diverse,3,450,50,-1.79640898725484,-1.79640898725484,-2.72422035229465,0.9278113650398101,14.721514701843262,2.86005131311322,0.4,0.305526,0.380609,0.0,retrained
1083,greedy_diverse,4,500,50,-1.79640898725484,-1.79640898725484,-2.72422035229465,0.9278113650398101,13.477946281433104,2.86005131311322,0.5166666666666667,0.380609,0.374279,0.0,retrained
1083,greedy_diverse,5,550,50,-1.79640898725484,-1.79640898725484,-2.72422035229465,0.9278113650398101,15.786974906921388,2.63410041427414,0.5833333333333334,0.374279,0.339566,0.0,retrained
1083,maxmin_coverage,1,350,50,-1.79640898725484,-1.79640898725484,-2.72422035229465,0.9278113650398101,14.832514762878418,4.51400760590695,0.1,0.319593,0.308186,0.0,retrained
1083,maxmin_coverage,2,400,50,-1.79640898725484,-1.79640898725484,-2.72422035229465,0.9278113650398101,12.657716751098633,4.51400760590695,0.16666666666666666,0.308186,0.312113,0.0,retrained
1083,maxmin_coverage,3,450,50,-1.79640898725484,-1.79640898725484,-2.72422035229465,0.9278113650398101,17.304691314697266,2.86005131311322,0.36666666666666664,0.312113,0.335692,0.0,retrained
1083,maxmin_coverage,4,500,50,-1.79640898725484,-1.79640898725484,-2.72422035229465,0.9278113650398101,19.3099365234375,2.86005131311322,0.48333333333333334,0.335692,0.349506,0.0,retrained
1083,maxmin_coverage,5,550,50,-1.79640898725484,-1.79640898725484,-2.72422035229465,0.9278113650398101,20.75428771972656,2.63410041427414,0.5833333333333334,0.349506,0.37002,0.0,retrained
1084,random,1,350,50,-5.94630000275356,5.36710108139232,1.96463543386199,3.40246564753033,18.023820877075195,6.75878054208806,0.15,0.180807,0.230001,0.0,retrained
1084,random,2,400,50,-5.94630000275356,5.36710108139232,1.96463543386199,3.40246564753033,16.809642791748047,6.75878054208806,0.18333333333333332,0.230001,0.237264,0.0,retrained
1084,random,3,450,50,-5.94630000275356,2.18454132435727,1.96463543386199,0.2199058904952802,9.04482650756836,5.36710108139232,0.26666666666666666,0.237264,0.221728,0.0,retrained
1084,random,4,500,50,-5.94630000275356,2.18454132435727,1.96463543386199,0.2199058904952802,17.45517349243164,4.76361946380712,0.35,0.221728,0.227647,0.0,retrained
1084,random,5,550,50,-5.94630000275356,2.18454132435727,1.96463543386199,0.2199058904952802,15.82245922088623,4.76361946380712,0.4,0.227647,0.278176,0.0525,retrained
1084,greedy,1,350,50,-5.94630000275356,2.18454132435727,1.96463543386199,0.2199058904952802,7.497244834899902,4.60837494907901,0.2,0.180807,0.136413,0.0,retrained
1084,greedy,2,400,50,-5.94630000275356,2.18454132435727,1.96463543386199,0.2199058904952802,15.018855094909668,4.60837494907901,0.2833333333333333,0.136413,0.135869,0.0,retrained
1084,greedy,3,450,50,-5.94630000275356,2.18454132435727,1.96463543386199,0.2199058904952802,18.969470977783203,4.60837494907901,0.36666666666666664,0.135869,0.129758,0.0,retrained
1084,greedy,4,500,50,-5.94630000275356,2.18454132435727,1.96463543386199,0.2199058904952802,19.582368850708008,4.51400760590695,0.5,0.129758,0.192549,0.0,retrained
1084,greedy,5,550,50,-5.94630000275356,2.18454132435727,1.96463543386199,0.2199058904952802,18.864355087280277,4.51400760590695,0.5833333333333334,0.192549,0.229231,0.075,retrained
1084,greedy_diverse,1,350,50,-5.94630000275356,1.96463543386199,1.96463543386199,0.0,7.497244834899902,9.65451290446799,0.13333333333333333,0.180807,0.1943,0.0,retrained
1084,greedy_diverse,2,400,50,-5.94630000275356,1.96463543386199,1.96463543386199,0.0,12.236238479614258,4.37453074478617,0.25,0.1943,0.174444,0.0,retrained
1084,greedy_diverse,3,450,50,-5.94630000275356,1.96463543386199,1.96463543386199,0.0,13.862032890319824,4.37453074478617,0.31666666666666665,0.174444,0.191012,0.0,retrained
1084,greedy_diverse,4,500,50,-5.94630000275356,1.96463543386199,1.96463543386199,0.0,17.207473754882812,4.37453074478617,0.4166666666666667,0.191012,0.192392,0.0,retrained
1084,greedy_diverse,5,550,50,-5.94630000275356,1.96463543386199,1.96463543386199,0.0,16.735034942626953,4.37453074478617,0.5,0.192392,0.233745,0.0,retrained
1084,maxmin_coverage,1,350,50,-5.94630000275356,1.96463543386199,1.96463543386199,0.0,15.041852951049805,12.5139814587747,0.05,0.180807,0.218948,0.0,retrained
1084,maxmin_coverage,2,400,50,-5.94630000275356,1.96463543386199,1.96463543386199,0.0,12.952481269836426,6.34068141943135,0.13333333333333333,0.218948,0.216898,0.0,retrained
1084,maxmin_coverage,3,450,50,-5.94630000275356,1.96463543386199,1.96463543386199,0.0,16.811006546020508,4.37453074478617,0.2833333333333333,0.216898,0.238632,0.0,retrained
1084,maxmin_coverage,4,500,50,-5.94630000275356,1.96463543386199,1.96463543386199,0.0,20.56854057312012,4.37453074478617,0.35,0.238632,0.219908,0.0,retrained
1084,maxmin_coverage,5,550,50,-5.94630000275356,1.96463543386199,1.96463543386199,0.0,23.60856437683105,4.37453074478617,0.45,0.219908,0.266188,0.0,retrained
1085,random,1,350,50,1.54152123986569,2.17004855394771,-0.128988702253992,2.299037256201702,19.087892532348636,12.7216924262466,0.05,0.411537,0.408037,0.0,retrained
1085,random,2,400,50,1.54152123986569,2.17004855394771,-0.128988702253992,2.299037256201702,17.840545654296875,8.4759262067455,0.16666666666666666,0.408037,0.443396,0.0,retrained
1085,random,3,450,50,1.54152123986569,2.17004855394771,-0.128988702253992,2.299037256201702,17.686084747314453,6.30182657383921,0.25,0.443396,0.448087,0.0,retrained
1085,random,4,500,50,1.54152123986569,2.17004855394771,-0.128988702253992,2.299037256201702,17.483543395996094,4.74393837252501,0.31666666666666665,0.448087,0.452381,0.0,retrained
1085,random,5,550,50,-0.128988702253992,-0.128988702253992,-0.128988702253992,0.0,16.365062713623047,2.17004855394771,0.4,0.452381,0.354804,0.055,retrained
1085,greedy,1,350,50,1.54152123986569,6.28859501111583,-0.128988702253992,6.417583713369822,14.103784561157228,7.37935301607286,0.11666666666666667,0.411537,0.394936,0.0,retrained
1085,greedy,2,400,50,1.54152123986569,1.75952003577549,-0.128988702253992,1.888508738029482,17.796632766723633,4.07733535693114,0.2833333333333333,0.394936,0.360159,0.0,retrained
1085,greedy,3,450,50,1.54152123986569,1.75952003577549,-0.128988702253992,1.888508738029482,17.33776092529297,3.031954188893,0.43333333333333335,0.360159,0.360608,0.0,retrained
1085,greedy,4,500,50,1.31582066329793,1.31582066329793,-0.128988702253992,1.4448093655519219,20.01204490661621,1.96463543386199,0.55,0.360608,0.404767,0.0,retrained
1085,greedy,5,550,50,1.31582066329793,1.31582066329793,-0.128988702253992,1.4448093655519219,20.56786727905273,1.96463543386199,0.6333333333333333,0.404767,0.39784,0.0825,retrained
1085,greedy_diverse,1,350,50,1.54152123986569,1.96463543386199,-0.128988702253992,2.093624136115982,14.103784561157228,6.85822719620774,0.13333333333333333,0.411537,0.39974,0.0,retrained
1085,greedy_diverse,2,400,50,1.54152123986569,1.75952003577549,-0.128988702253992,1.888508738029482,15.779040336608888,4.07733535693114,0.21666666666666667,0.39974,0.397249,0.0,retrained
1085,greedy_diverse,3,450,50,1.54152123986569,1.75952003577549,-0.128988702253992,1.888508738029482,14.67043113708496,4.07733535693114,0.3333333333333333,0.397249,0.374169,0.0,retrained
1085,greedy_diverse,4,500,50,1.54152123986569,1.75952003577549,-0.128988702253992,1.888508738029482,14.985217094421388,3.031954188893,0.5166666666666667,0.374169,0.419628,0.0,retrained
1085,greedy_diverse,5,550,50,1.54152123986569,1.75952003577549,-0.128988702253992,1.888508738029482,13.16742992401123,3.031954188893,0.55,0.419628,0.431414,0.0,retrained
1085,maxmin_coverage,1,350,50,1.54152123986569,1.96463543386199,-0.128988702253992,2.093624136115982,16.32172203063965,7.50053111732268,0.08333333333333333,0.411537,0.378641,0.0,retrained
1085,maxmin_coverage,2,400,50,1.54152123986569,1.96463543386199,-0.128988702253992,2.093624136115982,15.920822143554688,6.85822719620774,0.18333333333333332,0.378641,0.354427,0.0,retrained
1085,maxmin_coverage,3,450,50,1.54152123986569,1.96463543386199,-0.128988702253992,2.093624136115982,17.390819549560547,5.28029423850603,0.31666666666666665,0.354427,0.36471,0.0,retrained
1085,maxmin_coverage,4,500,50,1.54152123986569,1.75952003577549,-0.128988702253992,1.888508738029482,18.84013557434082,3.031954188893,0.4666666666666667,0.36471,0.353389,0.0,retrained
1085,maxmin_coverage,5,550,50,1.54152123986569,1.75952003577549,-0.128988702253992,1.888508738029482,22.30505752563477,3.031954188893,0.55,0.353389,0.393653,0.0,retrained
1086,random,1,350,50,1.75952003577549,5.38251813034731,1.06826830975842,4.3142498205888895,13.3735990524292,9.93528804193556,0.06666666666666667,0.274493,0.276562,0.0,retrained
1086,random,2,400,50,1.31582066329793,1.31582066329793,1.06826830975842,0.24755235353950988,18.34357070922852,5.28029423850603,0.15,0.276562,0.222885,0.0,retrained
1086,random,3,450,50,1.31582066329793,1.31582066329793,1.06826830975842,0.24755235353950988,14.622274398803713,4.09983239788562,0.25,0.222885,0.250511,0.0,retrained
1086,random,4,500,50,1.31582066329793,1.31582066329793,1.06826830975842,0.24755235353950988,16.795650482177734,4.09983239788562,0.26666666666666666,0.250511,0.301169,0.0,retrained
1086,random,5,550,50,1.31582066329793,1.31582066329793,1.06826830975842,0.24755235353950988,13.981748580932615,3.19723738387984,0.36666666666666664,0.301169,0.276758,0.0575,retrained
1086,greedy,1,350,50,1.75952003577549,5.36710108139232,1.06826830975842,4.298832771633901,11.781258583068848,6.88661601201238,0.16666666666666666,0.274493,0.271268,0.0,retrained
1086,greedy,2,400,50,1.54152123986569,1.54152123986569,1.06826830975842,0.4732529301072699,16.38036346435547,3.43182911266194,0.3,0.271268,0.312465,0.0,retrained
1086,greedy,3,450,50,1.31582066329793,1.31582066329793,1.06826830975842,0.24755235353950988,17.41914176940918,1.82530723417949,0.48333333333333334,0.312465,0.315036,0.0,retrained
1086,greedy,4,500,50,1.31582066329793,1.31582066329793,1.06826830975842,0.24755235353950988,16.186939239501953,1.82530723417949,0.5666666666666667,0.315036,0.305489,0.0,retrained
1086,greedy,5,550,50,1.31582066329793,1.31582066329793,1.06826830975842,0.24755235353950988,18.2041130065918,1.82530723417949,0.6833333333333333,0.305489,0.264214,0.0775,retrained
1086,greedy_diverse,1,350,50,1.75952003577549,2.63410041427414,1.06826830975842,1.56583210451572,11.781258583068848,6.75878054208806,0.16666666666666666,0.274493,0.296986,0.0,retrained
1086,greedy_diverse,2,400,50,1.75952003577549,2.16613746399526,1.06826830975842,1.09786915423684,14.374279975891112,4.09983239788562,0.2833333333333333,0.296986,0.285132,0.0,retrained
1086,greedy_diverse,3,450,50,1.75952003577549,2.16613746399526,1.06826830975842,1.09786915423684,13.242960929870604,3.43182911266194,0.35,0.285132,0.311858,0.0,retrained
1086,greedy_diverse,4,500,50,1.75952003577549,2.16613746399526,1.06826830975842,1.09786915423684,12.447545051574709,3.19723738387984,0.4,0.311858,0.325912,0.0,retrained
1086,greedy_diverse,5,550,50,1.75952003577549,2.16613746399526,1.06826830975842,1.09786915423684,14.299656867980955,2.86005131311322,0.4666666666666667,0.325912,0.35419,0.0,retrained
1086,maxmin_coverage,1,350,50,1.75952003577549,2.63410041427414,1.06826830975842,1.56583210451572,17.021678924560547,5.38251813034731,0.1,0.274493,0.291492,0.0,retrained
1086,maxmin_coverage,2,400,50,1.75952003577549,2.63410041427414,1.06826830975842,1.56583210451572,11.294581413269045,4.91456410378305,0.2,0.291492,0.278266,0.0,retrained
1086,maxmin_coverage,3,450,50,1.75952003577549,2.63410041427414,1.06826830975842,1.56583210451572,18.34590148925781,4.09983239788562,0.3333333333333333,0.278266,0.324469,0.0,retrained
1086,maxmin_coverage,4,500,50,1.75952003577549,2.16613746399526,1.06826830975842,1.09786915423684,21.37772750854492,3.43182911266194,0.43333333333333335,0.324469,0.303437,0.0,retrained
1086,maxmin_coverage,5,550,50,1.75952003577549,2.16613746399526,1.06826830975842,1.09786915423684,22.05398941040039,3.43182911266194,0.4666666666666667,0.303437,0.342486,0.0,retrained
1087,random,1,350,50,2.78908783021689,3.19723738387984,-5.94630000275356,9.1435373866334,15.301495552062988,9.50213448339491,0.11666666666666667,0.353542,0.320044,0.0083,retrained
1087,random,2,400,50,2.78908783021689,3.19723738387984,-5.94630000275356,9.1435373866334,15.128217697143556,6.88661601201238,0.18333333333333332,0.320044,0.301628,0.0055,retrained
1087,random,3,450,50,2.78908783021689,3.19723738387984,-5.94630000275356,9.1435373866334,18.814502716064453,6.88661601201238,0.23333333333333334,0.301628,0.348,0.006,retrained
1087,random,4,500,50,2.78908783021689,3.19723738387984,-5.94630000275356,9.1435373866334,13.471982955932615,6.34068141943135,0.35,0.348,0.320534,0.0022,retrained
1087,random,5,550,50,2.16613746399526,2.16613746399526,-5.94630000275356,8.112437466748819,19.42979621887207,3.41173968594012,0.4666666666666667,0.320534,0.308049,0.0025,retrained
1087,greedy,1,350,50,2.13161010103795,2.13161010103795,-5.94630000275356,8.07791010379151,13.628633499145508,6.93040418734381,0.18333333333333332,0.353542,0.331303,0.0083,retrained
1087,greedy,2,400,50,-5.94630000275356,-5.94630000275356,-5.94630000275356,0.0,16.47226905822754,2.16613746399526,0.35,0.331303,0.27947,0.0073,retrained
1087,greedy,3,450,50,-5.94630000275356,-5.94630000275356,-5.94630000275356,0.0,14.722851753234863,2.16613746399526,0.4666666666666667,0.27947,0.281616,0.008,retrained
1087,greedy,4,500,50,-5.94630000275356,-5.94630000275356,-5.94630000275356,0.0,20.111751556396484,2.16613746399526,0.5833333333333334,0.281616,0.361593,0.0022,retrained
1087,greedy,5,550,50,-5.94630000275356,-5.94630000275356,-5.94630000275356,0.0,18.75127601623535,2.16613746399526,0.7166666666666667,0.361593,0.235315,0.0,retrained
1087,greedy_diverse,1,350,50,2.16613746399526,2.16613746399526,-5.94630000275356,8.112437466748819,13.628633499145508,6.88661601201238,0.13333333333333333,0.353542,0.352195,0.0083,retrained
1087,greedy_diverse,2,400,50,-5.94630000275356,-5.94630000275356,-5.94630000275356,0.0,14.90710163116455,3.19723738387984,0.3333333333333333,0.352195,0.339511,0.0073,retrained
1087,greedy_diverse,3,450,50,-5.94630000275356,-5.94630000275356,-5.94630000275356,0.0,10.656033515930176,2.18454132435727,0.45,0.339511,0.334613,0.006,retrained
1087,greedy_diverse,4,500,50,-5.94630000275356,-5.94630000275356,-5.94630000275356,0.0,14.820419311523438,2.16613746399526,0.5833333333333334,0.334613,0.342172,0.0022,retrained
1087,greedy_diverse,5,550,50,-5.94630000275356,-5.94630000275356,-5.94630000275356,0.0,14.092279434204102,2.13161010103795,0.6833333333333333,0.342172,0.285688,0.0025,retrained
1087,maxmin_coverage,1,350,50,2.16613746399526,2.16613746399526,-5.94630000275356,8.112437466748819,15.39177131652832,9.17078142799073,0.08333333333333333,0.353542,0.390412,0.0083,retrained
1087,maxmin_coverage,2,400,50,-5.94630000275356,-5.94630000275356,-5.94630000275356,0.0,14.925033569335938,6.34068141943135,0.21666666666666667,0.390412,0.378114,0.0055,retrained
1087,maxmin_coverage,3,450,50,-5.94630000275356,-5.94630000275356,-5.94630000275356,0.0,15.075663566589355,3.41173968594012,0.4,0.378114,0.391778,0.006,retrained
1087,maxmin_coverage,4,500,50,-5.94630000275356,-5.94630000275356,-5.94630000275356,0.0,19.042957305908203,2.18454132435727,0.5166666666666667,0.391778,0.34804,0.0067,retrained
1087,maxmin_coverage,5,550,50,-5.94630000275356,-5.94630000275356,-5.94630000275356,0.0,21.016016006469727,2.16613746399526,0.6166666666666667,0.34804,0.332006,0.0025,retrained
1088,random,1,350,50,1.82530723417949,1.82530723417949,-5.94630000275356,7.7716072369330504,15.954174995422363,6.4420467025011,0.1,0.29485,0.267536,0.0017,retrained
1088,random,2,400,50,1.82530723417949,1.82530723417949,-5.94630000275356,7.7716072369330504,18.58470726013184,5.17458520972286,0.2,0.267536,0.284235,0.0018,retrained
1088,random,3,450,50,1.82530723417949,1.82530723417949,-5.94630000275356,7.7716072369330504,14.977630615234377,5.17458520972286,0.3,0.284235,0.220516,0.002,retrained
1088,random,4,500,50,1.82530723417949,1.82530723417949,-5.94630000275356,7.7716072369330504,15.291704177856444,3.73313455799507,0.38333333333333336,0.220516,0.256775,0.0022,retrained
1088,random,5,550,50,-5.94630000275356,-5.94630000275356,-5.94630000275356,0.0,13.15179443359375,2.18454132435727,0.5333333333333333,0.256775,0.266044,0.0025,retrained
1088,greedy,1,350,50,-1.79640898725484,-1.79640898725484,-5.94630000275356,4.14989101549872,11.623290061950684,7.04857466535032,0.18333333333333332,0.29485,0.258926,0.0017,retrained
1088,greedy,2,400,50,-5.94630000275356,-5.94630000275356,-5.94630000275356,0.0,17.339435577392578,1.31582066329793,0.31666666666666665,0.258926,0.276764,0.0018,retrained
1088,greedy,3,450,50,-5.94630000275356,-5.94630000275356,-5.94630000275356,0.0,17.266590118408203,-1.79640898725484,0.43333333333333335,0.276764,0.356314,0.002,retrained
1088,greedy,4,500,50,-5.94630000275356,-5.94630000275356,-5.94630000275356,0.0,16.809919357299805,-1.79640898725484,0.55,0.356314,0.3214,0.0022,retrained
1088,greedy,5,550,50,-5.94630000275356,-5.94630000275356,-5.94630000275356,0.0,21.44402313232422,-1.79640898725484,0.6,0.3214,0.288099,0.105,retrained
1088,greedy_diverse,1,350,50,1.96463543386199,6.88661601201238,-5.94630000275356,12.832916014765939,11.623290061950684,8.97053604029134,0.16666666666666666,0.29485,0.21494,0.0017,retrained
1088,greedy_diverse,2,400,50,-2.72422035229465,-2.72422035229465,-5.94630000275356,3.2220796504589098,12.861790657043455,4.37453074478617,0.3,0.21494,0.257649,0.0018,retrained
1088,greedy_diverse,3,450,50,-2.72422035229465,-2.72422035229465,-5.94630000275356,3.2220796504589098,14.23638153076172,1.75952003577549,0.4,0.257649,0.240798,0.0,retrained
1088,greedy_diverse,4,500,50,-2.72422035229465,-2.72422035229465,-5.94630000275356,3.2220796504589098,15.738164901733398,1.75952003577549,0.43333333333333335,0.240798,0.239016,0.0,retrained
1088,greedy_diverse,5,550,50,-2.72422035229465,-2.72422035229465,-5.94630000275356,3.2220796504589098,15.824061393737791,1.75952003577549,0.48333333333333334,0.239016,0.210566,0.0,retrained
1088,maxmin_coverage,1,350,50,1.82530723417949,1.82530723417949,-5.94630000275356,7.7716072369330504,13.5536470413208,6.39354552682198,0.15,0.29485,0.184844,0.0017,retrained
1088,maxmin_coverage,2,400,50,1.82530723417949,1.82530723417949,-5.94630000275356,7.7716072369330504,10.22310733795166,4.69478829079162,0.26666666666666666,0.184844,0.10855,0.0018,retrained
1088,maxmin_coverage,3,450,50,-2.72422035229465,-2.72422035229465,-5.94630000275356,3.2220796504589098,18.417015075683597,1.75952003577549,0.4166666666666667,0.10855,0.198266,0.002,retrained
1088,maxmin_coverage,4,500,50,-2.72422035229465,-2.72422035229465,-5.94630000275356,3.2220796504589098,20.919265747070312,1.75952003577549,0.45,0.198266,0.234864,0.0,retrained
1088,maxmin_coverage,5,550,50,-2.72422035229465,-2.72422035229465,-5.94630000275356,3.2220796504589098,22.235559463500977,1.75952003577549,0.48333333333333334,0.234864,0.213257,0.0,retrained
1089,random,1,350,50,3.73313455799507,6.63529152522096,-5.94630000275356,12.58159152797452,18.21684837341309,8.80228080571032,0.05,0.337879,0.326404,0.0,retrained
1089,random,2,400,50,3.73313455799507,4.04922987856844,-5.94630000275356,9.995529881322,12.552480697631836,7.01152198419368,0.11666666666666667,0.326404,0.293899,0.0,retrained
1089,random,3,450,50,-5.94630000275356,-5.94630000275356,-5.94630000275356,0.0,18.60482788085937,4.07733535693114,0.18333333333333332,0.293899,0.314835,0.0,retrained
1089,random,4,500,50,-5.94630000275356,-5.94630000275356,-5.94630000275356,0.0,19.386531829833984,4.07733535693114,0.31666666666666665,0.314835,0.270697,0.0,retrained
1089,random,5,550,50,-5.94630000275356,-5.94630000275356,-5.94630000275356,0.0,18.60835838317871,4.07733535693114,0.36666666666666664,0.270697,0.325517,0.0,retrained
1089,greedy,1,350,50,-5.94630000275356,-5.94630000275356,-5.94630000275356,0.0,16.504207611083984,4.91456410378305,0.21666666666666667,0.337879,0.285616,0.0,retrained
1089,greedy,2,400,50,-5.94630000275356,-5.94630000275356,-5.94630000275356,0.0,18.352413177490234,4.09983239788562,0.45,0.285616,0.350455,0.0,retrained
1089,greedy,3,450,50,-5.94630000275356,-5.94630000275356,-5.94630000275356,0.0,18.77827835083008,4.09983239788562,0.5333333333333333,0.350455,0.350257,0.0,retrained
1089,greedy,4,500,50,-5.94630000275356,-5.94630000275356,-5.94630000275356,0.0,21.758058547973636,4.09983239788562,0.6333333333333333,0.350257,0.336197,0.0,retrained
1089,greedy,5,550,50,-5.94630000275356,-5.94630000275356,-5.94630000275356,0.0,22.630748748779297,4.07733535693114,0.7166666666666667,0.336197,0.333763,0.0,retrained
1089,greedy_diverse,1,350,50,-5.94630000275356,-5.94630000275356,-5.94630000275356,0.0,16.504207611083984,4.91456410378305,0.13333333333333333,0.337879,0.331105,0.0,retrained
1089,greedy_diverse,2,400,50,-5.94630000275356,-5.94630000275356,-5.94630000275356,0.0,16.04709243774414,4.09983239788562,0.3,0.331105,0.359245,0.0,retrained
1089,greedy_diverse,3,450,50,-5.94630000275356,-5.94630000275356,-5.94630000275356,0.0,14.960904121398926,4.09983239788562,0.4,0.359245,0.326869,0.0,retrained
1089,greedy_diverse,4,500,50,-5.94630000275356,-5.94630000275356,-5.94630000275356,0.0,14.870783805847168,4.04922987856844,0.5,0.326869,0.333952,0.0,retrained
1089,greedy_diverse,5,550,50,-5.94630000275356,-5.94630000275356,-5.94630000275356,0.0,16.540468215942383,4.04922987856844,0.5166666666666667,0.333952,0.293814,0.0,retrained
1089,maxmin_coverage,1,350,50,3.73313455799507,6.63508265908604,-5.94630000275356,12.5813826618396,16.504207611083984,6.93040418734381,0.08333333333333333,0.337879,0.30581,0.0,retrained
1089,maxmin_coverage,2,400,50,-5.94630000275356,-5.94630000275356,-5.94630000275356,0.0,16.54741096496582,4.69478829079162,0.25,0.30581,0.320918,0.0,retrained
1089,maxmin_coverage,3,450,50,-5.94630000275356,-5.94630000275356,-5.94630000275356,0.0,19.24654769897461,4.09983239788562,0.36666666666666664,0.320918,0.300654,0.0,retrained
1089,maxmin_coverage,4,500,50,-5.94630000275356,-5.94630000275356,-5.94630000275356,0.0,23.226367950439453,4.09983239788562,0.43333333333333335,0.300654,0.317328,0.0,retrained
1089,maxmin_coverage,5,550,50,-5.94630000275356,-5.94630000275356,-5.94630000275356,0.0,24.780662536621094,4.04922987856844,0.5,0.317328,0.280294,0.0,retrained
1090,random,1,350,50,-1.79640898725484,-1.79640898725484,-1.79640898725484,0.0,16.8575382232666,4.05739550297221,0.13333333333333333,0.313245,0.272074,0.0017,retrained
1090,random,2,400,50,-1.79640898725484,-1.79640898725484,-1.79640898725484,0.0,13.78856086730957,3.41173968594012,0.23333333333333334,0.272074,0.292185,0.0018,retrained
1090,random,3,450,50,-1.79640898725484,-1.79640898725484,-1.79640898725484,0.0,18.328012466430664,3.41173968594012,0.3,0.292185,0.303779,0.002,retrained
1090,random,4,500,50,-1.79640898725484,-1.79640898725484,-1.79640898725484,0.0,14.14019012451172,3.41173968594012,0.4,0.303779,0.31926,0.0022,retrained
1090,random,5,550,50,-1.79640898725484,-1.79640898725484,-1.79640898725484,0.0,11.681044578552246,3.41173968594012,0.48333333333333334,0.31926,0.308849,0.0025,retrained
1090,greedy,1,350,50,-0.128988702253992,3.031954188893,-1.79640898725484,4.828363176147841,13.036956787109377,5.36710108139232,0.1,0.313245,0.305861,0.0017,retrained
1090,greedy,2,400,50,-1.79640898725484,-1.79640898725484,-1.79640898725484,0.0,17.754898071289062,3.41173968594012,0.3,0.305861,0.265289,0.0018,retrained
1090,greedy,3,450,50,-1.79640898725484,-1.79640898725484,-1.79640898725484,0.0,18.017276763916016,3.41173968594012,0.45,0.265289,0.266897,0.0,retrained
1090,greedy,4,500,50,-1.79640898725484,-1.79640898725484,-1.79640898725484,0.0,18.95779609680176,3.41173968594012,0.5666666666666667,0.266897,0.269183,0.0,retrained
1090,greedy,5,550,50,-1.79640898725484,-1.79640898725484,-1.79640898725484,0.0,15.454005241394045,3.41173968594012,0.6833333333333333,0.269183,0.225942,0.1,retrained
1090,greedy_diverse,1,350,50,-1.79640898725484,-1.79640898725484,-1.79640898725484,0.0,13.036956787109377,4.37453074478617,0.15,0.313245,0.297973,0.0017,retrained
1090,greedy_diverse,2,400,50,-1.79640898725484,-1.79640898725484,-1.79640898725484,0.0,17.37172508239746,4.09983239788562,0.3,0.297973,0.327299,0.0018,retrained
1090,greedy_diverse,3,450,50,-1.79640898725484,-1.79640898725484,-1.79640898725484,0.0,16.318737030029297,3.47687136075183,0.4666666666666667,0.327299,0.317001,0.0,retrained
1090,greedy_diverse,4,500,50,-1.79640898725484,-1.79640898725484,-1.79640898725484,0.0,14.450286865234377,3.47687136075183,0.5666666666666667,0.317001,0.31902,0.0,retrained
1090,greedy_diverse,5,550,50,-1.79640898725484,-1.79640898725484,-1.79640898725484,0.0,14.035238265991213,3.47687136075183,0.65,0.31902,0.30374,0.0,retrained
1090,maxmin_coverage,1,350,50,-0.128988702253992,4.37453074478617,-1.79640898725484,6.17093973204101,16.1094913482666,6.63508265908604,0.13333333333333333,0.313245,0.316464,0.0017,retrained
1090,maxmin_coverage,2,400,50,-0.128988702253992,3.031954188893,-1.79640898725484,4.828363176147841,13.250261306762695,4.09983239788562,0.26666666666666666,0.316464,0.30659,0.0018,retrained
1090,maxmin_coverage,3,450,50,-1.79640898725484,-1.79640898725484,-1.79640898725484,0.0,17.39006996154785,3.47687136075183,0.45,0.30659,0.267905,0.002,retrained
1090,maxmin_coverage,4,500,50,-1.79640898725484,-1.79640898725484,-1.79640898725484,0.0,17.926525115966797,3.47687136075183,0.5166666666666667,0.267905,0.329273,0.0022,retrained
1090,maxmin_coverage,5,550,50,-1.79640898725484,-1.79640898725484,-1.79640898725484,0.0,18.213661193847656,3.47687136075183,0.6166666666666667,0.329273,0.2774,0.0,retrained
1091,random,1,350,50,1.54152123986569,7.37935301607286,-5.94630000275356,13.32565301882642,16.405019760131836,12.325800409355,0.06666666666666667,0.256295,0.24722,0.0017,retrained
1091,random,2,400,50,1.54152123986569,6.30182657383921,-5.94630000275356,12.248126576592771,14.996777534484863,11.4915332264682,0.11666666666666667,0.24722,0.3268,0.0,retrained
1091,random,3,450,50,1.54152123986569,4.51400760590695,-5.94630000275356,10.46030760866051,15.966992378234863,6.30182657383921,0.21666666666666667,0.3268,0.322235,0.0,retrained
1091,random,4,500,50,1.54152123986569,2.63410041427414,-5.94630000275356,8.5804004170277,17.713138580322266,4.51400760590695,0.35,0.322235,0.316692,0.0,retrained
1091,random,5,550,50,1.54152123986569,2.63410041427414,-5.94630000275356,8.5804004170277,14.05859088897705,3.97923397722116,0.4666666666666667,0.316692,0.300186,0.06,retrained
1091,greedy,1,350,50,1.54152123986569,6.85822719620774,-5.94630000275356,12.8045271989613,12.914212226867676,8.97053604029134,0.11666666666666667,0.256295,0.207488,0.0017,retrained
1091,greedy,2,400,50,-5.94630000275356,-5.94630000275356,-5.94630000275356,0.0,14.553544998168944,6.85822719620774,0.23333333333333334,0.207488,0.233722,0.0,retrained
1091,greedy,3,450,50,-5.94630000275356,-5.94630000275356,-5.94630000275356,0.0,16.732378005981445,4.51400760590695,0.36666666666666664,0.233722,0.252945,0.0,retrained
1091,greedy,4,500,50,-5.94630000275356,-5.94630000275356,-5.94630000275356,0.0,19.65433120727539,2.63410041427414,0.48333333333333334,0.252945,0.260399,0.0,retrained
1091,greedy,5,550,50,-5.94630000275356,-5.94630000275356,-5.94630000275356,0.0,19.513561248779297,2.63410041427414,0.5833333333333334,0.260399,0.281611,0.075,retrained
1091,greedy_diverse,1,350,50,1.54152123986569,2.63410041427414,-5.94630000275356,8.5804004170277,12.914212226867676,7.04857466535032,0.08333333333333333,0.256295,0.238855,0.0017,retrained
1091,greedy_diverse,2,400,50,-5.94630000275356,-5.94630000275356,-5.94630000275356,0.0,13.894865036010742,4.37453074478617,0.26666666666666666,0.238855,0.224512,0.0,retrained
1091,greedy_diverse,3,450,50,-5.94630000275356,-5.94630000275356,-5.94630000275356,0.0,13.062688827514648,3.43182911266194,0.35,0.224512,0.234015,0.0,retrained
1091,greedy_diverse,4,500,50,-5.94630000275356,-5.94630000275356,-5.94630000275356,0.0,12.292749404907228,2.63410041427414,0.48333333333333334,0.234015,0.238632,0.0,retrained
1091,greedy_diverse,5,550,50,-5.94630000275356,-5.94630000275356,-5.94630000275356,0.0,14.635904312133787,2.63410041427414,0.55,0.238632,0.264004,0.0,retrained
1091,maxmin_coverage,1,350,50,1.54152123986569,2.63410041427414,-5.94630000275356,8.5804004170277,17.092382431030273,6.25187815396202,0.1,0.256295,0.256434,0.0017,retrained
1091,maxmin_coverage,2,400,50,-5.94630000275356,-5.94630000275356,-5.94630000275356,0.0,14.862869262695312,4.37453074478617,0.2,0.256434,0.236701,0.0,retrained
1091,maxmin_coverage,3,450,50,-5.94630000275356,-5.94630000275356,-5.94630000275356,0.0,16.14931869506836,3.43182911266194,0.35,0.236701,0.24338,0.0,retrained
1091,maxmin_coverage,4,500,50,-5.94630000275356,-5.94630000275356,-5.94630000275356,0.0,17.960742950439453,2.17004855394771,0.4666666666666667,0.24338,0.310821,0.0,retrained
1091,maxmin_coverage,5,550,50,-5.94630000275356,-5.94630000275356,-5.94630000275356,0.0,22.675411224365234,2.17004855394771,0.5666666666666667,0.310821,0.31014,0.0,retrained
1092,random,1,350,50,-1.79640898725484,3.97923397722116,1.54152123986569,2.43771273735547,15.724970817565918,6.25187815396202,0.11666666666666667,0.233995,0.277841,0.0,retrained
1092,random,2,400,50,-1.79640898725484,3.97923397722116,1.54152123986569,2.43771273735547,20.28740501403809,6.25187815396202,0.21666666666666667,0.277841,0.285096,0.0,retrained
1092,random,3,450,50,-1.79640898725484,2.18454132435727,1.54152123986569,0.6430200844915803,16.191930770874023,4.09983239788562,0.2833333333333333,0.285096,0.272846,0.0,retrained
1092,random,4,500,50,-1.79640898725484,1.54152123986569,1.54152123986569,0.0,16.39877700805664,3.97923397722116,0.35,0.272846,0.294664,0.0,retrained
1092,random,5,550,50,-1.79640898725484,1.54152123986569,1.54152123986569,0.0,15.118112564086914,3.97923397722116,0.4,0.294664,0.255671,0.0,retrained
1092,greedy,1,350,50,-1.79640898725484,1.75952003577549,1.54152123986569,0.2179987959098002,13.661794662475586,4.09983239788562,0.13333333333333333,0.233995,0.141662,0.0,retrained
1092,greedy,2,400,50,-1.79640898725484,1.75952003577549,1.54152123986569,0.2179987959098002,16.075084686279297,3.97923397722116,0.2833333333333333,0.141662,0.182193,0.0,retrained
1092,greedy,3,450,50,-1.79640898725484,1.75952003577549,1.54152123986569,0.2179987959098002,16.450008392333984,3.97923397722116,0.38333333333333336,0.182193,0.206297,0.0,retrained
1092,greedy,4,500,50,-1.79640898725484,1.75952003577549,1.54152123986569,0.2179987959098002,18.202301025390625,3.97923397722116,0.5666666666666667,0.206297,0.181962,0.0,retrained
1092,greedy,5,550,50,-1.79640898725484,1.75952003577549,1.54152123986569,0.2179987959098002,21.28862762451172,3.97923397722116,0.6166666666666667,0.181962,0.209749,0.0,retrained
1092,greedy_diverse,1,350,50,-1.79640898725484,4.09983239788562,1.54152123986569,2.55831115801993,13.661794662475586,6.55698841387493,0.13333333333333333,0.233995,0.206897,0.0,retrained
1092,greedy_diverse,2,400,50,-1.79640898725484,4.07733535693114,1.54152123986569,2.5358141170654505,15.997835159301758,4.20880715476233,0.3,0.206897,0.220011,0.0,retrained
1092,greedy_diverse,3,450,50,-1.79640898725484,1.75952003577549,1.54152123986569,0.2179987959098002,15.90356731414795,4.09983239788562,0.5,0.220011,0.270278,0.0,retrained
1092,greedy_diverse,4,500,50,-1.79640898725484,1.75952003577549,1.54152123986569,0.2179987959098002,14.406143188476562,4.09983239788562,0.5833333333333334,0.270278,0.277984,0.0,retrained
1092,greedy_diverse,5,550,50,-1.79640898725484,1.75952003577549,1.54152123986569,0.2179987959098002,16.183216094970703,4.09983239788562,0.6666666666666666,0.277984,0.308496,0.0,retrained
1092,maxmin_coverage,1,350,50,-1.79640898725484,4.20880715476233,1.54152123986569,2.6672859148966404,15.211484909057615,6.63529152522096,0.11666666666666667,0.233995,0.20659,0.0,retrained
1092,maxmin_coverage,2,400,50,-1.79640898725484,4.09983239788562,1.54152123986569,2.55831115801993,14.924405097961426,6.55698841387493,0.18333333333333332,0.20659,0.223162,0.0,retrained
1092,maxmin_coverage,3,450,50,-1.79640898725484,1.75952003577549,1.54152123986569,0.2179987959098002,17.731887817382812,4.09983239788562,0.38333333333333336,0.223162,0.253227,0.0,retrained
1092,maxmin_coverage,4,500,50,-1.79640898725484,1.75952003577549,1.54152123986569,0.2179987959098002,18.60765647888184,4.09983239788562,0.5,0.253227,0.281866,0.0,retrained
1092,maxmin_coverage,5,550,50,-1.79640898725484,1.75952003577549,1.54152123986569,0.2179987959098002,21.650793075561523,4.09983239788562,0.5833333333333334,0.281866,0.240686,0.0,retrained
1093,random,1,350,50,-2.72422035229465,2.86005131311322,-5.94630000275356,8.806351315866781,16.487024307250977,9.89977262929824,0.05,0.439719,0.437012,0.0017,retrained
1093,random,2,400,50,-2.72422035229465,2.86005131311322,-5.94630000275356,8.806351315866781,13.09660530090332,8.80174928123233,0.11666666666666667,0.437012,0.419742,0.0018,retrained
1093,random,3,450,50,-2.72422035229465,2.86005131311322,-5.94630000275356,8.806351315866781,18.306591033935547,3.97923397722116,0.26666666666666666,0.419742,0.404385,0.002,retrained
1093,random,4,500,50,-2.72422035229465,2.86005131311322,-5.94630000275356,8.806351315866781,13.923402786254885,3.97923397722116,0.2833333333333333,0.404385,0.404011,0.0022,retrained
1093,random,5,550,50,-2.72422035229465,1.96463543386199,-5.94630000275356,7.91093543661555,15.79170036315918,3.43182911266194,0.35,0.404011,0.387604,0.05,retrained
1093,greedy,1,350,50,-5.94630000275356,-5.94630000275356,-5.94630000275356,0.0,12.618298530578612,7.705154024683,0.1,0.439719,0.430548,0.0017,retrained
1093,greedy,2,400,50,-5.94630000275356,-5.94630000275356,-5.94630000275356,0.0,16.63405990600586,2.13161010103795,0.21666666666666667,0.430548,0.448784,0.0018,retrained
1093,greedy,3,450,50,-5.94630000275356,-5.94630000275356,-5.94630000275356,0.0,16.61800765991211,2.13161010103795,0.36666666666666664,0.448784,0.403467,0.002,retrained
1093,greedy,4,500,50,-5.94630000275356,-5.94630000275356,-5.94630000275356,0.0,19.02396774291992,1.96463543386199,0.43333333333333335,0.403467,0.419325,0.0022,retrained
1093,greedy,5,550,50,-5.94630000275356,-5.94630000275356,-5.94630000275356,0.0,18.96449851989746,1.06826830975842,0.5166666666666667,0.419325,0.424143,0.0025,retrained
1093,greedy_diverse,1,350,50,-2.72422035229465,3.43182911266194,-5.94630000275356,9.3781291154155,12.618298530578612,6.74494772410253,0.11666666666666667,0.439719,0.419481,0.0017,retrained
1093,greedy_diverse,2,400,50,-2.72422035229465,2.13161010103795,-5.94630000275356,8.07791010379151,12.421602249145508,5.43463994693957,0.16666666666666666,0.419481,0.386765,0.0018,retrained
1093,greedy_diverse,3,450,50,-2.72422035229465,-0.128988702253992,-5.94630000275356,5.817311300499568,16.469528198242188,3.43182911266194,0.31666666666666665,0.386765,0.300725,0.002,retrained
1093,greedy_diverse,4,500,50,-5.94630000275356,-5.94630000275356,-5.94630000275356,0.0,16.597288131713867,1.06826830975842,0.4166666666666667,0.300725,0.337463,0.0,retrained
1093,greedy_diverse,5,550,50,-5.94630000275356,-5.94630000275356,-5.94630000275356,0.0,15.400604248046877,1.06826830975842,0.5,0.337463,0.375503,0.0,retrained
1093,maxmin_coverage,1,350,50,-2.72422035229465,3.43182911266194,-5.94630000275356,9.3781291154155,14.214123725891112,7.96611520900115,0.1,0.439719,0.349954,0.0017,retrained
1093,maxmin_coverage,2,400,50,-2.72422035229465,2.13161010103795,-5.94630000275356,8.07791010379151,14.644929885864258,4.91456410378305,0.2,0.349954,0.37991,0.0018,retrained
1093,maxmin_coverage,3,450,50,-2.72422035229465,-0.128988702253992,-5.94630000275356,5.817311300499568,17.90772247314453,3.43182911266194,0.38333333333333336,0.37991,0.335089,0.002,retrained
1093,maxmin_coverage,4,500,50,-5.94630000275356,-5.94630000275356,-5.94630000275356,0.0,17.759235382080078,1.06826830975842,0.45,0.335089,0.357906,0.0022,retrained
1093,maxmin_coverage,5,550,50,-5.94630000275356,-5.94630000275356,-5.94630000275356,0.0,19.93278694152832,1.06826830975842,0.5333333333333333,0.357906,0.323681,0.0,retrained
1094,random,1,350,50,1.06826830975842,4.37453074478617,2.78908783021689,1.5854429145692794,18.27816390991211,12.0924074434806,0.06666666666666667,0.384613,0.359155,0.0033,retrained
1094,random,2,400,50,1.06826830975842,4.37453074478617,2.78908783021689,1.5854429145692794,14.201745986938477,9.74082609986726,0.16666666666666666,0.359155,0.417175,0.0,retrained
1094,random,3,450,50,1.06826830975842,4.37453074478617,2.78908783021689,1.5854429145692794,6.785946846008301,7.50053111732268,0.21666666666666667,0.417175,0.446908,0.0,retrained
1094,random,4,500,50,1.06826830975842,4.37453074478617,2.78908783021689,1.5854429145692794,11.182686805725098,7.50053111732268,0.2833333333333333,0.446908,0.372354,0.0,retrained
1094,random,5,550,50,1.06826830975842,4.37453074478617,2.78908783021689,1.5854429145692794,14.83033561706543,6.28859501111583,0.38333333333333336,0.372354,0.384679,0.0,retrained
1094,greedy,1,350,50,1.06826830975842,5.89735427590858,2.78908783021689,3.10826644569169,5.946664333343506,6.63508265908604,0.2,0.384613,0.345453,0.0033,retrained
1094,greedy,2,400,50,1.06826830975842,5.17458520972286,2.78908783021689,2.3854973795059697,17.357254028320312,6.36845274140796,0.3,0.345453,0.324101,0.0,retrained
1094,greedy,3,450,50,1.06826830975842,3.031954188893,2.78908783021689,0.24286635867610995,18.398576736450195,5.36710108139232,0.4666666666666667,0.324101,0.328477,0.0,retrained
1094,greedy,4,500,50,1.06826830975842,3.031954188893,2.78908783021689,0.24286635867610995,19.9674072265625,5.17458520972286,0.5833333333333334,0.328477,0.327806,0.0,retrained
1094,greedy,5,550,50,1.06826830975842,3.031954188893,2.78908783021689,0.24286635867610995,20.791015625,4.37453074478617,0.6666666666666666,0.327806,0.357409,0.0975,retrained
1094,greedy_diverse,1,350,50,1.06826830975842,5.89735427590858,2.78908783021689,3.10826644569169,5.946664333343506,7.705154024683,0.15,0.384613,0.388261,0.0033,retrained
1094,greedy_diverse,2,400,50,1.06826830975842,5.17458520972286,2.78908783021689,2.3854973795059697,12.425354957580566,6.63508265908604,0.2833333333333333,0.388261,0.367796,0.0,retrained
1094,greedy_diverse,3,450,50,1.06826830975842,4.37453074478617,2.78908783021689,1.5854429145692794,12.255515098571776,5.36710108139232,0.4,0.367796,0.395627,0.0,retrained
1094,greedy_diverse,4,500,50,1.06826830975842,2.78908783021689,2.78908783021689,0.0,10.912585258483888,5.17458520972286,0.48333333333333334,0.395627,0.359824,0.0,retrained
1094,greedy_diverse,5,550,50,1.06826830975842,2.78908783021689,2.78908783021689,0.0,12.778034210205078,5.17458520972286,0.5333333333333333,0.359824,0.396842,0.0,retrained
1094,maxmin_coverage,1,350,50,1.06826830975842,7.50053111732268,2.78908783021689,4.71144328710579,5.946664333343506,8.104833661866,0.11666666666666667,0.384613,0.368364,0.0033,retrained
1094,maxmin_coverage,2,400,50,1.06826830975842,2.78908783021689,2.78908783021689,0.0,11.046982765197754,7.50053111732268,0.2,0.368364,0.393403,0.0,retrained
1094,maxmin_coverage,3,450,50,1.06826830975842,2.78908783021689,2.78908783021689,0.0,14.774744033813477,5.89735427590858,0.43333333333333335,0.393403,0.403323,0.0,retrained
1094,maxmin_coverage,4,500,50,1.06826830975842,2.78908783021689,2.78908783021689,0.0,19.838802337646484,5.36710108139232,0.5166666666666667,0.403323,0.408606,0.0,retrained
1094,maxmin_coverage,5,550,50,1.06826830975842,2.78908783021689,2.78908783021689,0.0,23.30297470092773,5.17458520972286,0.5666666666666667,0.408606,0.418354,0.0,retrained
1095,random,1,350,50,-0.128988702253992,2.78908783021689,1.06826830975842,1.7208195204584702,16.45038604736328,7.05968539548485,0.1,0.271817,0.310298,0.0,retrained
1095,random,2,400,50,-0.128988702253992,2.78908783021689,1.06826830975842,1.7208195204584702,14.970687866210938,6.12914032939807,0.16666666666666666,0.310298,0.276155,0.0,retrained
1095,random,3,450,50,-0.128988702253992,2.78908783021689,1.06826830975842,1.7208195204584702,17.28375244140625,4.20880715476233,0.2833333333333333,0.276155,0.281373,0.0,retrained
1095,random,4,500,50,-0.128988702253992,1.06826830975842,1.06826830975842,0.0,18.235729217529297,2.78908783021689,0.43333333333333335,0.281373,0.288057,0.0,retrained
1095,random,5,550,50,-0.128988702253992,1.06826830975842,1.06826830975842,0.0,18.151391983032227,2.63410041427414,0.5333333333333333,0.288057,0.318566,0.0575,retrained
1095,greedy,1,350,50,-0.128988702253992,4.20880715476233,1.06826830975842,3.1405388450039102,13.17158317565918,8.77276034257011,0.21666666666666667,0.271817,0.223674,0.0,retrained
1095,greedy,2,400,50,-0.128988702253992,2.18454132435727,1.06826830975842,1.1162730145988502,17.400798797607422,5.28029423850603,0.31666666666666665,0.223674,0.225076,0.0,retrained
1095,greedy,3,450,50,-0.128988702253992,2.18454132435727,1.06826830975842,1.1162730145988502,19.54543685913086,5.28029423850603,0.4166666666666667,0.225076,0.250481,0.0,retrained
1095,greedy,4,500,50,-0.128988702253992,2.18454132435727,1.06826830975842,1.1162730145988502,21.00205612182617,4.20880715476233,0.55,0.250481,0.22809,0.0,retrained
1095,greedy,5,550,50,-0.128988702253992,2.18454132435727,1.06826830975842,1.1162730145988502,16.545440673828125,4.20880715476233,0.6166666666666667,0.22809,0.277792,0.085,retrained
1095,greedy_diverse,1,350,50,-0.128988702253992,9.71568057153854,1.06826830975842,8.64741226178012,13.17158317565918,9.97318244161215,0.08333333333333333,0.271817,0.261038,0.0,retrained
1095,greedy_diverse,2,400,50,-0.128988702253992,2.63410041427414,1.06826830975842,1.56583210451572,15.495317459106444,7.705154024683,0.16666666666666666,0.261038,0.192249,0.0,retrained
1095,greedy_diverse,3,450,50,-0.128988702253992,2.63410041427414,1.06826830975842,1.56583210451572,16.19611167907715,5.28029423850603,0.2833333333333333,0.192249,0.181901,0.0,retrained
1095,greedy_diverse,4,500,50,-0.128988702253992,2.63410041427414,1.06826830975842,1.56583210451572,13.681902885437012,4.04922987856844,0.3333333333333333,0.181901,0.238554,0.0,retrained
1095,greedy_diverse,5,550,50,-0.128988702253992,1.75952003577549,1.06826830975842,0.6912517260170701,16.37076759338379,2.86005131311322,0.4,0.238554,0.243054,0.0,retrained
1095,maxmin_coverage,1,350,50,-0.128988702253992,2.63410041427414,1.06826830975842,1.56583210451572,17.72933578491211,9.71568057153854,0.08333333333333333,0.271817,0.295788,0.0,retrained
1095,maxmin_coverage,2,400,50,-0.128988702253992,1.75952003577549,1.06826830975842,0.6912517260170701,12.641603469848633,6.12914032939807,0.1,0.295788,0.27383,0.0,retrained
1095,maxmin_coverage,3,450,50,-0.128988702253992,1.75952003577549,1.06826830975842,0.6912517260170701,15.97338581085205,5.28029423850603,0.21666666666666667,0.27383,0.251585,0.0,retrained
1095,maxmin_coverage,4,500,50,-0.128988702253992,1.75952003577549,1.06826830975842,0.6912517260170701,22.514854431152344,3.43182911266194,0.31666666666666665,0.251585,0.235321,0.0,retrained
1095,maxmin_coverage,5,550,50,-0.128988702253992,1.75952003577549,1.06826830975842,0.6912517260170701,23.242420196533203,3.43182911266194,0.35,0.235321,0.284802,0.0,retrained
1096,random,1,350,50,2.16613746399526,6.30182657383921,-5.94630000275356,12.248126576592771,14.255640983581545,9.87516641963521,0.05,0.245034,0.231558,0.0033,retrained
1096,random,2,400,50,-5.94630000275356,-5.94630000275356,-5.94630000275356,0.0,15.086886405944824,6.30182657383921,0.16666666666666666,0.231558,0.227517,0.0018,retrained
1096,random,3,450,50,-5.94630000275356,-5.94630000275356,-5.94630000275356,0.0,16.63022232055664,5.17458520972286,0.23333333333333334,0.227517,0.250329,0.0,retrained
1096,random,4,500,50,-5.94630000275356,-5.94630000275356,-5.94630000275356,0.0,18.327808380126957,3.97923397722116,0.2833333333333333,0.250329,0.28072,0.0,retrained
1096,random,5,550,50,-5.94630000275356,-5.94630000275356,-5.94630000275356,0.0,15.115277290344238,3.97923397722116,0.3333333333333333,0.28072,0.265094,0.0675,retrained
1096,greedy,1,350,50,-5.94630000275356,-5.94630000275356,-5.94630000275356,0.0,12.815469741821287,6.12914032939807,0.13333333333333333,0.245034,0.301682,0.0033,retrained
1096,greedy,2,400,50,-5.94630000275356,-5.94630000275356,-5.94630000275356,0.0,13.015417098999023,3.031954188893,0.3333333333333333,0.301682,0.223176,0.0018,retrained
1096,greedy,3,450,50,-5.94630000275356,-5.94630000275356,-5.94630000275356,0.0,15.310232162475586,3.031954188893,0.43333333333333335,0.223176,0.256067,0.0,retrained
1096,greedy,4,500,50,-5.94630000275356,-5.94630000275356,-5.94630000275356,0.0,17.8060359954834,3.031954188893,0.6,0.256067,0.230118,0.1089,retrained
1096,greedy,5,550,50,-5.94630000275356,-5.94630000275356,-5.94630000275356,0.0,20.98495864868164,3.031954188893,0.7,0.230118,0.224664,0.0925,retrained
1096,greedy_diverse,1,350,50,2.16613746399526,3.19723738387984,-5.94630000275356,9.1435373866334,12.815469741821287,7.50053111732268,0.15,0.245034,0.204653,0.0033,retrained
1096,greedy_diverse,2,400,50,2.16613746399526,3.19723738387984,-5.94630000275356,9.1435373866334,11.437565803527832,6.39354552682198,0.2833333333333333,0.204653,0.237196,0.0018,retrained
1096,greedy_diverse,3,450,50,2.16613746399526,3.19723738387984,-5.94630000275356,9.1435373866334,13.474481582641602,6.30182657383921,0.36666666666666664,0.237196,0.311379,0.0,retrained
1096,greedy_diverse,4,500,50,2.16613746399526,3.19723738387984,-5.94630000275356,9.1435373866334,15.360334396362305,5.89735427590858,0.43333333333333335,0.311379,0.294553,0.0,retrained
1096,greedy_diverse,5,550,50,2.16613746399526,3.19723738387984,-5.94630000275356,9.1435373866334,14.471345901489258,5.38251813034731,0.48333333333333334,0.294553,0.254372,0.0,retrained
1096,maxmin_coverage,1,350,50,2.16613746399526,3.19723738387984,-5.94630000275356,9.1435373866334,15.811037063598633,7.50053111732268,0.15,0.245034,0.182648,0.0033,retrained
1096,maxmin_coverage,2,400,50,-5.94630000275356,-5.94630000275356,-5.94630000275356,0.0,13.75579833984375,6.39354552682198,0.2833333333333333,0.182648,0.2328,0.0,retrained
1096,maxmin_coverage,3,450,50,-5.94630000275356,-5.94630000275356,-5.94630000275356,0.0,17.028730392456055,6.12914032939807,0.31666666666666665,0.2328,0.237433,0.0,retrained
1096,maxmin_coverage,4,500,50,-5.94630000275356,-5.94630000275356,-5.94630000275356,0.0,16.9074649810791,5.38251813034731,0.45,0.237433,0.315195,0.0,retrained
1096,maxmin_coverage,5,550,50,-5.94630000275356,-5.94630000275356,-5.94630000275356,0.0,22.787914276123047,3.97923397722116,0.5166666666666667,0.315195,0.246519,0.0,retrained
1097,random,1,350,50,1.06826830975842,7.78029772913942,-5.94630000275356,13.72659773189298,19.504858016967773,8.95096643144643,0.13333333333333333,0.171496,0.19925,0.0033,retrained
1097,random,2,400,50,1.06826830975842,2.86005131311322,-5.94630000275356,8.806351315866781,13.193860054016112,7.79788365632339,0.21666666666666667,0.19925,0.234153,0.0036,retrained
1097,random,3,450,50,1.06826830975842,2.86005131311322,-5.94630000275356,8.806351315866781,16.197277069091797,7.78029772913942,0.26666666666666666,0.234153,0.198191,0.004,retrained
1097,random,4,500,50,-5.94630000275356,-5.94630000275356,-5.94630000275356,0.0,18.47760391235352,2.86005131311322,0.48333333333333334,0.198191,0.303798,0.0044,retrained
1097,random,5,550,50,-5.94630000275356,-5.94630000275356,-5.94630000275356,0.0,19.00282096862793,2.86005131311322,0.5666666666666667,0.303798,0.305187,0.005,retrained
1097,greedy,1,350,50,1.06826830975842,1.75952003577549,-5.94630000275356,7.70582003852905,13.779119491577148,8.91580303550654,0.11666666666666667,0.171496,0.21017,0.0033,retrained
1097,greedy,2,400,50,-5.94630000275356,-5.94630000275356,-5.94630000275356,0.0,17.226926803588867,1.96463543386199,0.3,0.21017,0.235545,0.0036,retrained
1097,greedy,3,450,50,-5.94630000275356,-5.94630000275356,-5.94630000275356,0.0,19.48439598083496,1.96463543386199,0.4166666666666667,0.235545,0.23856,0.004,retrained
1097,greedy,4,500,50,-5.94630000275356,-5.94630000275356,-5.94630000275356,0.0,18.681825637817383,1.96463543386199,0.6166666666666667,0.23856,0.281284,0.0044,retrained
1097,greedy,5,550,50,-5.94630000275356,-5.94630000275356,-5.94630000275356,0.0,18.961944580078125,1.96463543386199,0.7166666666666667,0.281284,0.311169,0.005,retrained
1097,greedy_diverse,1,350,50,1.06826830975842,1.75952003577549,-5.94630000275356,7.70582003852905,13.779119491577148,4.69478829079162,0.11666666666666667,0.171496,0.217297,0.0033,retrained
1097,greedy_diverse,2,400,50,-5.94630000275356,-5.94630000275356,-5.94630000275356,0.0,15.206953048706056,1.96463543386199,0.3333333333333333,0.217297,0.244293,0.0036,retrained
1097,greedy_diverse,3,450,50,-5.94630000275356,-5.94630000275356,-5.94630000275356,0.0,15.868693351745604,1.96463543386199,0.43333333333333335,0.244293,0.231084,0.004,retrained
1097,greedy_diverse,4,500,50,-5.94630000275356,-5.94630000275356,-5.94630000275356,0.0,14.627717971801758,1.96463543386199,0.5666666666666667,0.231084,0.232449,0.0044,retrained
1097,greedy_diverse,5,550,50,-5.94630000275356,-5.94630000275356,-5.94630000275356,0.0,12.422758102416992,1.96463543386199,0.6666666666666666,0.232449,0.265861,0.0,retrained
1097,maxmin_coverage,1,350,50,1.06826830975842,1.75952003577549,-5.94630000275356,7.70582003852905,18.08235740661621,5.62592114594736,0.1,0.171496,0.156289,0.0033,retrained
1097,maxmin_coverage,2,400,50,-5.94630000275356,-5.94630000275356,-5.94630000275356,0.0,16.081092834472656,4.37453074478617,0.2,0.156289,0.204166,0.0036,retrained
1097,maxmin_coverage,3,450,50,-5.94630000275356,-5.94630000275356,-5.94630000275356,0.0,19.24032974243164,1.96463543386199,0.36666666666666664,0.204166,0.230203,0.004,retrained
1097,maxmin_coverage,4,500,50,-5.94630000275356,-5.94630000275356,-5.94630000275356,0.0,20.148616790771484,1.96463543386199,0.5,0.230203,0.175822,0.0,retrained
1097,maxmin_coverage,5,550,50,-5.94630000275356,-5.94630000275356,-5.94630000275356,0.0,21.385610580444336,1.96463543386199,0.6,0.175822,0.260053,0.0,retrained
1098,random,1,350,50,-1.79640898725484,2.63410041427414,-5.94630000275356,8.5804004170277,12.071417808532717,9.67493018120149,0.08333333333333333,0.344824,0.373169,0.0033,retrained
1098,random,2,400,50,-1.79640898725484,2.63410041427414,-5.94630000275356,8.5804004170277,17.616437911987305,4.74393837252501,0.15,0.373169,0.341421,0.0018,retrained
1098,random,3,450,50,-1.79640898725484,2.63410041427414,-5.94630000275356,8.5804004170277,16.50075340270996,4.74393837252501,0.23333333333333334,0.341421,0.295648,0.002,retrained
1098,random,4,500,50,-1.79640898725484,2.63410041427414,-5.94630000275356,8.5804004170277,17.957685470581055,4.74393837252501,0.2833333333333333,0.295648,0.29928,0.0022,retrained
1098,random,5,550,50,-1.79640898725484,2.63410041427414,-5.94630000275356,8.5804004170277,20.221162796020508,4.54615422639108,0.35,0.29928,0.296956,0.0,retrained
1098,greedy,1,350,50,-5.94630000275356,-5.94630000275356,-5.94630000275356,0.0,12.071417808532717,4.09983239788562,0.18333333333333332,0.344824,0.330595,0.0033,retrained
1098,greedy,2,400,50,-5.94630000275356,-5.94630000275356,-5.94630000275356,0.0,15.2339448928833,3.43182911266194,0.31666666666666665,0.330595,0.292242,0.0018,retrained
1098,greedy,3,450,50,-5.94630000275356,-5.94630000275356,-5.94630000275356,0.0,13.027435302734377,2.13161010103795,0.43333333333333335,0.292242,0.31395,0.002,retrained
1098,greedy,4,500,50,-5.94630000275356,-5.94630000275356,-5.94630000275356,0.0,17.165538787841797,2.13161010103795,0.5166666666666667,0.31395,0.276866,0.0022,retrained
1098,greedy,5,550,50,-5.94630000275356,-5.94630000275356,-5.94630000275356,0.0,19.959766387939453,2.13161010103795,0.6166666666666667,0.276866,0.290194,0.0025,retrained
1098,greedy_diverse,1,350,50,-5.94630000275356,-5.94630000275356,-5.94630000275356,0.0,12.071417808532717,4.09983239788562,0.16666666666666666,0.344824,0.362724,0.0033,retrained
1098,greedy_diverse,2,400,50,-5.94630000275356,-5.94630000275356,-5.94630000275356,0.0,15.373029708862305,3.43182911266194,0.36666666666666664,0.362724,0.337132,0.0018,retrained
1098,greedy_diverse,3,450,50,-5.94630000275356,-5.94630000275356,-5.94630000275356,0.0,13.083816528320312,2.63410041427414,0.45,0.337132,0.298465,0.002,retrained
1098,greedy_diverse,4,500,50,-5.94630000275356,-5.94630000275356,-5.94630000275356,0.0,13.294629096984863,2.63410041427414,0.55,0.298465,0.282709,0.0022,retrained
1098,greedy_diverse,5,550,50,-5.94630000275356,-5.94630000275356,-5.94630000275356,0.0,14.4273099899292,2.63410041427414,0.6166666666666667,0.282709,0.318927,0.0025,retrained
1098,maxmin_coverage,1,350,50,-1.79640898725484,4.04922987856844,-5.94630000275356,9.995529881322,14.485723495483398,6.4420467025011,0.11666666666666667,0.344824,0.355281,0.0033,retrained
1098,maxmin_coverage,2,400,50,-5.94630000275356,-5.94630000275356,-5.94630000275356,0.0,13.188446044921877,4.09983239788562,0.26666666666666666,0.355281,0.324985,0.0018,retrained
1098,maxmin_coverage,3,450,50,-5.94630000275356,-5.94630000275356,-5.94630000275356,0.0,15.919184684753418,3.43182911266194,0.4166666666666667,0.324985,0.279397,0.002,retrained
1098,maxmin_coverage,4,500,50,-5.94630000275356,-5.94630000275356,-5.94630000275356,0.0,18.97403717041016,2.63410041427414,0.5166666666666667,0.279397,0.29322,0.0022,retrained
1098,maxmin_coverage,5,550,50,-5.94630000275356,-5.94630000275356,-5.94630000275356,0.0,21.71128463745117,2.63410041427414,0.5833333333333334,0.29322,0.323501,0.0025,retrained
1099,random,1,350,50,1.75952003577549,6.30182657383921,-5.94630000275356,12.248126576592771,14.056666374206545,6.74494772410253,0.13333333333333333,0.218516,0.274646,0.0033,retrained
1099,random,2,400,50,1.75952003577549,6.30182657383921,-5.94630000275356,12.248126576592771,13.038783073425291,6.74494772410253,0.2,0.274646,0.251117,0.0018,retrained
1099,random,3,450,50,1.75952003577549,2.18454132435727,-5.94630000275356,8.13084132711083,15.516619682312012,3.73313455799507,0.2833333333333333,0.251117,0.291727,0.002,retrained
1099,random,4,500,50,1.75952003577549,2.18454132435727,-5.94630000275356,8.13084132711083,12.68756103515625,3.73313455799507,0.4,0.291727,0.226252,0.0022,retrained
1099,random,5,550,50,-5.94630000275356,-5.94630000275356,-5.94630000275356,0.0,15.297752380371094,2.86005131311322,0.48333333333333334,0.226252,0.276704,0.0025,retrained
1099,greedy,1,350,50,-5.94630000275356,-5.94630000275356,-5.94630000275356,0.0,12.28663730621338,8.4759262067455,0.13333333333333333,0.218516,0.254417,0.0033,retrained
1099,greedy,2,400,50,-5.94630000275356,-5.94630000275356,-5.94630000275356,0.0,13.417882919311523,3.47687136075183,0.3,0.254417,0.251163,0.0018,retrained
1099,greedy,3,450,50,-5.94630000275356,-5.94630000275356,-5.94630000275356,0.0,18.056995391845703,2.18454132435727,0.45,0.251163,0.287388,0.002,retrained
1099,greedy,4,500,50,-5.94630000275356,-5.94630000275356,-5.94630000275356,0.0,20.27130699157715,2.18454132435727,0.5333333333333333,0.287388,0.278968,0.0022,retrained
1099,greedy,5,550,50,-5.94630000275356,-5.94630000275356,-5.94630000275356,0.0,20.3988037109375,2.18454132435727,0.6,0.278968,0.298639,0.0825,retrained
1099,greedy_diverse,1,350,50,-5.94630000275356,-5.94630000275356,-5.94630000275356,0.0,12.28663730621338,6.88661601201238,0.15,0.218516,0.240611,0.0033,retrained
1099,greedy_diverse,2,400,50,-5.94630000275356,-5.94630000275356,-5.94630000275356,0.0,12.987752914428713,3.47687136075183,0.38333333333333336,0.240611,0.246954,0.0018,retrained
1099,greedy_diverse,3,450,50,-5.94630000275356,-5.94630000275356,-5.94630000275356,0.0,13.798261642456056,3.47687136075183,0.4,0.246954,0.311442,0.002,retrained
1099,greedy_diverse,4,500,50,-5.94630000275356,-5.94630000275356,-5.94630000275356,0.0,11.980583190917969,3.47687136075183,0.4166666666666667,0.311442,0.28909,0.0022,retrained
1099,greedy_diverse,5,550,50,-5.94630000275356,-5.94630000275356,-5.94630000275356,0.0,14.470941543579102,2.86005131311322,0.5166666666666667,0.28909,0.310968,0.0025,retrained
1099,maxmin_coverage,1,350,50,1.75952003577549,6.39354552682198,-5.94630000275356,12.339845529575541,16.91385269165039,11.4488130783902,0.1,0.218516,0.255036,0.0033,retrained
1099,maxmin_coverage,2,400,50,-5.94630000275356,-5.94630000275356,-5.94630000275356,0.0,13.06682300567627,4.69478829079162,0.23333333333333334,0.255036,0.245535,0.0018,retrained
1099,maxmin_coverage,3,450,50,-5.94630000275356,-5.94630000275356,-5.94630000275356,0.0,15.84057331085205,4.09983239788562,0.3333333333333333,0.245535,0.240063,0.002,retrained
1099,maxmin_coverage,4,500,50,-5.94630000275356,-5.94630000275356,-5.94630000275356,0.0,21.205039978027344,3.47687136075183,0.4,0.240063,0.260663,0.0022,retrained
1099,maxmin_coverage,5,550,50,-5.94630000275356,-5.94630000275356,-5.94630000275356,0.0,24.00823974609375,2.86005131311322,0.4666666666666667,0.260663,0.31103,0.0025,retrained
1100,random,1,350,50,-5.94630000275356,-5.94630000275356,-5.94630000275356,0.0,16.09652328491211,7.04857466535032,0.1,0.155939,0.184434,0.0,retrained
1100,random,2,400,50,-5.94630000275356,-5.94630000275356,-5.94630000275356,0.0,14.811622619628906,7.04857466535032,0.13333333333333333,0.184434,0.204821,0.0,retrained
1100,random,3,450,50,-5.94630000275356,-5.94630000275356,-5.94630000275356,0.0,15.960250854492188,6.09064042745013,0.23333333333333334,0.204821,0.195287,0.0,retrained
1100,random,4,500,50,-5.94630000275356,-5.94630000275356,-5.94630000275356,0.0,18.356151580810547,4.37453074478617,0.2833333333333333,0.195287,0.190362,0.0,retrained
1100,random,5,550,50,-5.94630000275356,-5.94630000275356,-5.94630000275356,0.0,17.61574935913086,2.63410041427414,0.35,0.190362,0.22354,0.0525,retrained
1100,greedy,1,350,50,-5.94630000275356,-5.94630000275356,-5.94630000275356,0.0,11.3322172164917,3.031954188893,0.2,0.155939,0.221124,0.0,retrained
1100,greedy,2,400,50,-5.94630000275356,-5.94630000275356,-5.94630000275356,0.0,16.957429885864258,3.031954188893,0.3,0.221124,0.203498,0.0,retrained
1100,greedy,3,450,50,-5.94630000275356,-5.94630000275356,-5.94630000275356,0.0,20.131732940673828,3.031954188893,0.4666666666666667,0.203498,0.247887,0.0,retrained
1100,greedy,4,500,50,-5.94630000275356,-5.94630000275356,-5.94630000275356,0.0,20.787857055664062,2.91626778182399,0.55,0.247887,0.183671,0.0,retrained
1100,greedy,5,550,50,-5.94630000275356,-5.94630000275356,-5.94630000275356,0.0,20.74237060546875,1.96463543386199,0.65,0.183671,0.158551,0.085,retrained
1100,greedy_diverse,1,350,50,-5.94630000275356,-5.94630000275356,-5.94630000275356,0.0,11.3322172164917,9.70483679636891,0.11666666666666667,0.155939,0.211471,0.0,retrained
1100,greedy_diverse,2,400,50,-5.94630000275356,-5.94630000275356,-5.94630000275356,0.0,13.092041015625,2.18454132435727,0.31666666666666665,0.211471,0.177873,0.0,retrained
1100,greedy_diverse,3,450,50,-5.94630000275356,-5.94630000275356,-5.94630000275356,0.0,12.111623764038086,2.18454132435727,0.4666666666666667,0.177873,0.212746,0.0,retrained
1100,greedy_diverse,4,500,50,-5.94630000275356,-5.94630000275356,-5.94630000275356,0.0,9.423802375793455,2.18454132435727,0.5333333333333333,0.212746,0.20696,0.0,retrained
1100,greedy_diverse,5,550,50,-5.94630000275356,-5.94630000275356,-5.94630000275356,0.0,12.937498092651367,2.18454132435727,0.6,0.20696,0.150802,0.0,retrained
1100,maxmin_coverage,1,350,50,3.41173968594012,5.89735427590858,-5.94630000275356,11.84365427866214,16.983884811401367,10.0903641931764,0.08333333333333333,0.155939,0.171057,0.0,retrained
1100,maxmin_coverage,2,400,50,-5.94630000275356,-5.94630000275356,-5.94630000275356,0.0,13.365893363952637,2.18454132435727,0.26666666666666666,0.171057,0.186548,0.0,retrained
1100,maxmin_coverage,3,450,50,-5.94630000275356,-5.94630000275356,-5.94630000275356,0.0,18.417137145996094,2.18454132435727,0.35,0.186548,0.166191,0.0,retrained
1100,maxmin_coverage,4,500,50,-5.94630000275356,-5.94630000275356,-5.94630000275356,0.0,20.29334831237793,2.18454132435727,0.5166666666666667,0.166191,0.209969,0.0,retrained
1100,maxmin_coverage,5,550,50,-5.94630000275356,-5.94630000275356,-5.94630000275356,0.0,21.248035430908203,2.18454132435727,0.5166666666666667,0.209969,0.189276,0.0,retrained
