seed,policy,round,n_train,spearman,mae,rmse,query_best,regret,top10_recall,seconds
12001,random,0,400,0.23686198038737738,8.032232283704747,11.031149585246485,,,0.0,8.584340333938599
12001,random,1,500,0.2104663154144713,8.136526954241875,11.14914796859539,-2.72422035229465,3.2220796504589098,0.08333333333333333,8.752580165863037
12001,random,2,600,0.26107269420433876,8.052490432629675,10.954353821706963,-2.72422035229465,3.2220796504589098,0.15833333333333333,8.878749370574951
12001,random,3,700,0.27692423077644235,8.056682232880561,10.966435077565084,-2.72422035229465,3.2220796504589098,0.225,8.98523211479187
12001,random,4,800,0.25732117075731725,8.03901804192464,10.992681776056317,-2.72422035229465,3.2220796504589098,0.30833333333333335,9.23714017868042
12001,random,5,900,0.3372564828530178,7.824950874197939,10.772572757244633,-2.72422035229465,3.2220796504589098,0.4,9.45579218864441
12001,greedy,0,400,0.23686198038737738,8.032232283704747,11.031149585246485,,,0.0,9.530900716781616
12001,greedy,1,500,0.25142744642154014,8.08365338831475,11.071622042747821,-5.94630000275356,0.0,0.18333333333333332,9.2515869140625
12001,greedy,2,600,0.2704288151800949,8.080709835656691,10.941130899075604,-5.94630000275356,0.0,0.36666666666666664,8.869171142578125
12001,greedy,3,700,0.32286126788292424,7.893721695566683,10.859085912773985,-5.94630000275356,0.0,0.48333333333333334,9.264108896255493
12001,greedy,4,800,0.3373425458909118,7.874512096774932,10.84957288653565,-5.94630000275356,0.0,0.6,9.365267515182495
12001,greedy,5,900,0.35840324002025004,7.872101786291598,10.772558158482118,-5.94630000275356,0.0,0.675,10.271528482437134
12001,uncertainty,0,400,0.23686198038737738,8.032232283704747,11.031149585246485,,,0.0,10.469537734985352
12001,uncertainty,1,500,0.25068681679260496,8.071111489571262,10.952557139290677,1.75952003577549,7.70582003852905,0.10833333333333334,9.971875190734863
12001,uncertainty,2,600,0.2880753004706279,7.940484528388729,10.865349038260186,1.75952003577549,7.70582003852905,0.14166666666666666,9.119705438613892
12001,uncertainty,3,700,0.30607597547484666,7.893046699697965,10.854414831779694,-5.94630000275356,0.0,0.26666666666666666,9.161045789718628
12001,uncertainty,4,800,0.3061939137119607,7.911341926232194,10.827921596166803,-5.94630000275356,0.0,0.35,9.1777503490448
12001,uncertainty,5,900,0.33482909268182925,7.795741673965195,10.737374426396398,-5.94630000275356,0.0,0.48333333333333334,9.517639398574829
12001,mixed,0,400,0.23686198038737738,8.032232283704747,11.031149585246485,,,0.0,8.626861333847046
12001,mixed,1,500,0.2357619110119438,8.008715950750357,11.038453716810395,2.78908783021689,8.73538783297045,0.058333333333333334,8.798628330230713
12001,mixed,2,600,0.2633485834286464,8.020503847854638,10.909141518016588,1.96463543386199,7.91093543661555,0.15833333333333333,8.876522064208984
12001,mixed,3,700,0.27088613053831584,8.063267161882052,10.906844381626875,-5.94630000275356,0.0,0.2833333333333333,9.14808988571167
12001,mixed,4,800,0.2887611797573735,7.999359413290815,10.856693500356078,-5.94630000275356,0.0,0.36666666666666664,9.667492866516113
12001,mixed,5,900,0.3477271107944424,7.871913034854467,10.743402494986665,-5.94630000275356,0.0,0.5083333333333333,10.536556243896484
12002,random,0,400,0.2766349164682279,7.459434667719773,10.131321522426632,,,0.0,8.963508367538452
12002,random,1,500,0.26590572441077753,7.5023599726048245,10.05463696681518,2.86005131311322,8.806351315866781,0.075,9.119130849838257
12002,random,2,600,0.2825680160501003,7.39669499895865,9.948028615289443,2.63410041427414,8.5804004170277,0.15833333333333333,9.042427778244019
12002,random,3,700,0.34224026400165,7.221256725916416,9.769878621039856,2.63410041427414,8.5804004170277,0.2833333333333333,9.04062271118164
12002,random,4,800,0.3166064162901018,7.2513021196544605,9.93175179477347,2.18454132435727,8.13084132711083,0.38333333333333336,9.37265944480896
12002,random,5,900,0.35247107794423715,7.139659698478968,9.82613826518982,-2.72422035229465,3.2220796504589098,0.4166666666666667,9.712816715240479
12002,greedy,0,400,0.2766349164682279,7.459434667719773,10.131321522426632,,,0.0,9.987445592880249
12002,greedy,1,500,0.2605561284758029,7.478594180550439,10.128671511808575,-5.94630000275356,0.0,0.175,9.10662293434143
12002,greedy,2,600,0.2534682091763073,7.466736921098679,10.122620783111161,-5.94630000275356,0.0,0.2916666666666667,9.081209659576416
12002,greedy,3,700,0.2991016818855118,7.372053180879347,10.041258466399892,-5.94630000275356,0.0,0.475,9.43729043006897
12002,greedy,4,800,0.26322652016575104,7.4788739764678756,10.119268878828217,-5.94630000275356,0.0,0.6,9.426170825958252
12002,greedy,5,900,0.32722404515028214,7.248204937756588,9.956975160119766,-5.94630000275356,0.0,0.6916666666666667,10.511470317840576
12002,uncertainty,0,400,0.2766349164682279,7.459434667719773,10.131321522426632,,,0.0,11.023763418197632
12002,uncertainty,1,500,0.28026943918399483,7.383359420662159,9.985112824745093,1.31582066329793,7.26212066605149,0.058333333333333334,9.910628080368042
12002,uncertainty,2,600,0.2826960793504959,7.372541640449743,9.95314974359659,1.31582066329793,7.26212066605149,0.175,9.605138063430786
12002,uncertainty,3,700,0.33872142950893447,7.2750152819140155,9.702691332243166,1.31582066329793,7.26212066605149,0.25833333333333336,9.283889532089233
12002,uncertainty,4,800,0.28756998481240503,7.339258557588269,9.884021330945426,1.31582066329793,7.26212066605149,0.31666666666666665,9.146906852722168
12002,uncertainty,5,900,0.33450696566853544,7.210520355014052,9.801359817697106,1.31582066329793,7.26212066605149,0.4083333333333333,9.42264199256897
12002,mixed,0,400,0.2766349164682279,7.459434667719773,10.131321522426632,,,0.0,9.18593692779541
12002,mixed,1,500,0.24413552584703652,7.492593210915037,10.066230475783637,-5.94630000275356,0.0,0.075,9.307605743408203
12002,mixed,2,600,0.27875180469877936,7.398328875995293,9.99220443948333,-5.94630000275356,0.0,0.125,9.310508728027344
12002,mixed,3,700,0.3211345695910599,7.330298307612057,9.875004863546177,-5.94630000275356,0.0,0.20833333333333334,9.62269926071167
12002,mixed,4,800,0.29544315901974383,7.336020023136307,9.917073510337445,-5.94630000275356,0.0,0.35833333333333334,10.31624174118042
12002,mixed,5,900,0.3445497159357246,7.163484072518868,9.804139673730017,-5.94630000275356,0.0,0.45,8.825520515441895
12003,random,0,400,0.23669585434908963,8.315107849920468,10.776021828901845,,,0.0,8.536373376846313
12003,random,1,500,0.2869156057225357,8.166097515169362,10.561298244600847,-5.94630000275356,0.0,0.10833333333333334,8.905856847763062
12003,random,2,600,0.2921208257551609,8.216689717948869,10.525282247632155,-5.94630000275356,0.0,0.2,9.328418254852295
12003,random,3,700,0.2995852474077963,8.110755731405149,10.469858521994766,-5.94630000275356,0.0,0.26666666666666666,9.303815364837646
12003,random,4,800,0.2881941762136013,8.16978473291708,10.558895424443726,-5.94630000275356,0.0,0.375,9.25217580795288
12003,random,5,900,0.30678660491628074,8.133355868996954,10.50942114057075,-5.94630000275356,0.0,0.4583333333333333,9.329127788543701
12003,greedy,0,400,0.23669585434908963,8.315107849920468,10.776021828901845,,,0.0,9.352190732955933
12003,greedy,1,500,0.24301051881574254,8.344670227109521,10.695778922232186,-5.94630000275356,0.0,0.21666666666666667,9.220901489257812
12003,greedy,2,600,0.24770348564678527,8.346411438902987,10.732259009031639,-5.94630000275356,0.0,0.4,8.894243001937866
12003,greedy,3,700,0.2850696566853542,8.183000646864656,10.503293854689502,-5.94630000275356,0.0,0.525,9.386037826538086
12003,greedy,4,800,0.3036140850880317,8.19077050650858,10.416346484939329,-5.94630000275356,0.0,0.6416666666666667,9.146553993225098
12003,greedy,5,900,0.2775281720510753,8.236450337385888,10.552674922121682,-5.94630000275356,0.0,0.75,10.263052225112915
12003,uncertainty,0,400,0.23669585434908963,8.315107849920468,10.776021828901845,,,0.0,10.435828924179077
12003,uncertainty,1,500,0.24427802673766708,8.297618888171176,10.683836515175424,2.78908783021689,8.73538783297045,0.08333333333333333,10.207003355026245
12003,uncertainty,2,600,0.31625560159751,8.049459226512024,10.54062282453184,1.96463543386199,7.91093543661555,0.15833333333333333,9.27369499206543
12003,uncertainty,3,700,0.30534040837755233,8.066880915692543,10.479420608827859,1.96463543386199,7.91093543661555,0.26666666666666666,9.540935754776001
12003,uncertainty,4,800,0.3120799504996906,8.109933491734486,10.517187699727787,1.82530723417949,7.7716072369330504,0.36666666666666664,9.227226495742798
12003,uncertainty,5,900,0.3394376839855249,8.057635656667557,10.3876860925568,1.31582066329793,7.26212066605149,0.45,9.691545248031616
12003,mixed,0,400,0.23669585434908963,8.315107849920468,10.776021828901845,,,0.0,8.673783779144287
12003,mixed,1,500,0.20887424296401852,8.3360445004766,10.766836556595424,2.13161010103795,8.07791010379151,0.13333333333333333,9.030236959457397
12003,mixed,2,600,0.2559514746967168,8.231056586688464,10.697718949847877,1.54152123986569,7.487821242619249,0.24166666666666667,8.907018661499023
12003,mixed,3,700,0.2986642416515103,8.068111090717473,10.48089213798933,-5.94630000275356,0.0,0.35,9.25952696800232
12003,mixed,4,800,0.2800018750117188,8.178522551516988,10.553399899061253,-5.94630000275356,0.0,0.45,10.110158920288086
12003,mixed,5,900,0.28373577334858335,8.243390030615858,10.515181725551338,-5.94630000275356,0.0,0.525,10.241745471954346
12004,random,0,400,0.2823062644141526,7.68008778639281,9.90346044700549,,,0.0,8.597408533096313
12004,random,1,500,0.2625588284926781,7.77388139790904,9.973046249164106,7.23220821277573,9.02861720003057,0.03333333333333333,9.080094337463379
12004,random,2,600,0.29828661429133924,7.62264355379693,9.867507683039845,4.07733535693114,5.8737443441859805,0.125,9.198143243789673
12004,random,3,700,0.33290251814073835,7.585305552125183,9.728252960757803,3.19723738387984,4.99364637113468,0.23333333333333334,9.146512508392334
12004,random,4,800,0.3593998087488046,7.539736577164925,9.655041406968104,1.54152123986569,3.33793022712053,0.31666666666666665,9.319307804107666
12004,random,5,900,0.3602424390152438,7.543434165716499,9.671123842209925,1.54152123986569,3.33793022712053,0.4083333333333333,9.722447156906128
12004,greedy,0,400,0.2823062644141526,7.68008778639281,9.90346044700549,,,0.0,9.451949834823608
12004,greedy,1,500,0.2899317495734348,7.653679342668983,9.83380780379947,-1.79640898725484,0.0,0.11666666666666667,8.903256893157959
12004,greedy,2,600,0.2764907280670504,7.7334348563355615,9.971440885460646,-1.79640898725484,0.0,0.325,9.083436727523804
12004,greedy,3,700,0.3520103875649222,7.509006021612537,9.680462110801656,-1.79640898725484,0.0,0.4083333333333333,9.16550350189209
12004,greedy,4,800,0.30898861867886673,7.661440920190623,9.80346093874387,-1.79640898725484,0.0,0.575,9.372921705245972
12004,greedy,5,900,0.3942133388333677,7.3571731330049355,9.48693985058005,-1.79640898725484,0.0,0.6583333333333333,9.814390420913696
12004,uncertainty,0,400,0.2823062644141526,7.68008778639281,9.90346044700549,,,0.0,10.260255813598633
12004,uncertainty,1,500,0.33753060956630976,7.6228153504961185,9.706226888528919,4.05739550297221,5.85380449022705,0.10833333333333334,10.200440406799316
12004,uncertainty,2,600,0.31539553372208573,7.624601698927733,9.880703076670404,4.05739550297221,5.85380449022705,0.16666666666666666,9.406591653823853
12004,uncertainty,3,700,0.37199632497703106,7.477678460385099,9.65959853117083,4.05739550297221,5.85380449022705,0.25833333333333336,9.122416019439697
12004,uncertainty,4,800,0.380331314570716,7.437341209854094,9.6700486920996,1.06826830975842,2.86467729701326,0.36666666666666664,8.804608583450317
12004,uncertainty,5,900,0.3949892186826167,7.376522626366166,9.621345809471777,1.06826830975842,2.86467729701326,0.4666666666666667,9.53275752067566
12004,mixed,0,400,0.2823062644141526,7.68008778639281,9.90346044700549,,,0.0,8.607258558273315
12004,mixed,1,500,0.3073192957455984,7.6814841614,9.842639104712571,4.05739550297221,5.85380449022705,0.11666666666666667,9.127204179763794
12004,mixed,2,600,0.2961734760842255,7.6468212472238,9.89621859204188,-1.79640898725484,0.0,0.25,8.94994854927063
12004,mixed,3,700,0.3379057994112463,7.523192699028543,9.76762536712773,-1.79640898725484,0.0,0.375,9.037261247634888
12004,mixed,4,800,0.33830142688391796,7.597322690482225,9.791192692059179,-1.79640898725484,0.0,0.4666666666666667,9.591047525405884
12004,mixed,5,900,0.3834217088856805,7.467603733287085,9.65045077072339,-1.79640898725484,0.0,0.55,10.191312074661255
12005,random,0,400,0.3239902124388277,7.5729098848252105,9.71549169181573,,,0.0,10.532602548599243
12005,random,1,500,0.29458384114900715,7.759849051908277,9.87981687793509,4.04922987856844,9.995529881322,0.075,9.921567440032959
12005,random,2,600,0.3129495809348808,7.71128836011722,9.7846163605323,4.04922987856844,9.995529881322,0.2,9.078240156173706
12005,random,3,700,0.3395486846792792,7.617699016453095,9.692005849585442,3.19723738387984,9.1435373866334,0.25833333333333336,9.034889221191406
12005,random,4,800,0.31758910993193706,7.70238489678256,9.740201790330755,1.54152123986569,7.487821242619249,0.375,8.984507322311401
12005,random,5,900,0.3520632628953931,7.527973368389996,9.616769653099713,-5.94630000275356,0.0,0.44166666666666665,9.223229169845581
12005,greedy,0,400,0.3239902124388277,7.5729098848252105,9.71549169181573,,,0.0,9.067965507507324
12005,greedy,1,500,0.3011565072281701,7.802615303291188,9.88931666854893,2.13161010103795,8.07791010379151,0.15833333333333333,9.720697164535522
12005,greedy,2,600,0.33388483678022984,7.633633021748802,9.719132802380058,-5.94630000275356,0.0,0.3,8.819908857345581
12005,greedy,3,700,0.30532822080138,7.663360125138883,9.788119003853188,-5.94630000275356,0.0,0.475,8.905593872070312
12005,greedy,4,800,0.34955168469802933,7.570559503260646,9.618044454463947,-5.94630000275356,0.0,0.6,9.149434328079224
12005,greedy,5,900,0.3589192432452702,7.558219697418306,9.610579843152777,-5.94630000275356,0.0,0.7,9.721672058105469
12005,uncertainty,0,400,0.3239902124388277,7.5729098848252105,9.71549169181573,,,0.0,9.072970390319824
12005,uncertainty,1,500,0.31187819923874516,7.664083131865,9.785569296648644,4.04922987856844,9.995529881322,0.058333333333333334,9.534617185592651
12005,uncertainty,2,600,0.3440265876661729,7.628473073151046,9.67909956976243,-5.94630000275356,0.0,0.09166666666666666,8.990827083587646
12005,uncertainty,3,700,0.35139538372114826,7.546650115352275,9.605319836346908,-5.94630000275356,0.0,0.23333333333333334,8.929034233093262
12005,uncertainty,4,800,0.32799542497140605,7.6624685512285104,9.673488835261958,-5.94630000275356,0.0,0.31666666666666665,8.317704677581787
12005,uncertainty,5,900,0.32384152400952504,7.6191358404687355,9.725315443971487,-5.94630000275356,0.0,0.36666666666666664,9.743792295455933
12005,mixed,0,400,0.3239902124388277,7.5729098848252105,9.71549169181573,,,0.0,9.18595027923584
12005,mixed,1,500,0.3173382333639585,7.698035914090167,9.769326056813917,3.47687136075183,9.42317136350539,0.08333333333333333,9.062867641448975
12005,mixed,2,600,0.4092766204788779,7.387967775651578,9.397151504987724,-5.94630000275356,0.0,0.2,9.407526016235352
12005,mixed,3,700,0.3553209082556765,7.5830927313893675,9.653947042649198,-5.94630000275356,0.0,0.30833333333333335,9.267936706542969
12005,mixed,4,800,0.3562702266889167,7.547603417514047,9.607993625030646,-5.94630000275356,0.0,0.4,9.807535648345947
12005,mixed,5,900,0.31418315114469464,7.63735176182163,9.720981240288701,-5.94630000275356,0.0,0.45,8.936789751052856
12006,random,0,400,0.22230101438133987,7.853231769589481,10.062693806369941,,,0.0,9.925936698913574
12006,random,1,500,0.2760996006225039,7.677932688505814,9.85040204956248,4.54615422639108,7.27037457868573,0.058333333333333334,10.005462408065796
12006,random,2,600,0.255492284326777,7.7742791988964886,9.899933814637233,1.82530723417949,4.54952758647414,0.125,9.014160871505737
12006,random,3,700,0.2276605478784242,7.773158794917789,9.837943932483512,1.06826830975842,3.7924886620530702,0.20833333333333334,8.895780086517334
12006,random,4,800,0.26049856561603507,7.72730304230276,9.836532164432082,-1.79640898725484,0.9278113650398101,0.275,9.209717512130737
12006,random,5,900,0.2837228357677235,7.6897192336942615,9.742822209371907,-2.72422035229465,0.0,0.36666666666666664,9.176997661590576
12006,greedy,0,400,0.22230101438133987,7.853231769589481,10.062693806369941,,,0.0,8.642181634902954
12006,greedy,1,500,0.25410008812555074,7.683318029929812,9.954822583670998,2.13161010103795,4.8558304533326,0.175,9.345693588256836
12006,greedy,2,600,0.2466981043631522,7.772163243992972,9.996101523520931,-1.79640898725484,0.9278113650398101,0.31666666666666665,9.12185525894165
12006,greedy,3,700,0.24592822455140342,7.797595459422664,9.959639484529566,-1.79640898725484,0.9278113650398101,0.475,8.811277627944946
12006,greedy,4,800,0.26437496484353024,7.70258780297617,9.967076449404827,-2.72422035229465,0.0,0.6,9.068720579147339
12006,greedy,5,900,0.2885532409577559,7.591362289357339,9.817639813616791,-2.72422035229465,0.0,0.6916666666666667,9.612767934799194
12006,uncertainty,0,400,0.22230101438133987,7.853231769589481,10.062693806369941,,,0.0,8.59476637840271
12006,uncertainty,1,500,0.24719123244520275,7.730572173279409,9.988535034505352,1.06826830975842,3.7924886620530702,0.125,9.303125381469727
12006,uncertainty,2,600,0.22589428683929275,7.915070592572272,9.980804388642827,1.06826830975842,3.7924886620530702,0.23333333333333334,9.172313690185547
12006,uncertainty,3,700,0.20392027450171563,7.8189147893380495,9.99448392667397,1.06826830975842,3.7924886620530702,0.2833333333333333,8.883411407470703
12006,uncertainty,4,800,0.21301651885324283,7.723139814416718,9.956987190535159,1.06826830975842,3.7924886620530702,0.375,8.73911428451538
12006,uncertainty,5,900,0.2513588209926312,7.684091168177622,9.793348764586138,1.06826830975842,3.7924886620530702,0.5,9.184362411499023
12006,mixed,0,400,0.22230101438133987,7.853231769589481,10.062693806369941,,,0.0,8.958067893981934
12006,mixed,1,500,0.2580994881218007,7.725097270381484,9.909969161404653,1.06826830975842,3.7924886620530702,0.1,8.80964183807373
12006,mixed,2,600,0.2536705229407683,7.76989012810958,9.854134062817813,1.06826830975842,3.7924886620530702,0.24166666666666667,9.355387687683105
12006,mixed,3,700,0.22941255882849268,7.73194432391993,9.917765382961843,1.06826830975842,3.7924886620530702,0.3416666666666667,9.0794997215271
12006,mixed,4,800,0.24057769111056945,7.768582478672658,9.917973193081567,1.06826830975842,3.7924886620530702,0.38333333333333336,9.54507827758789
12006,mixed,5,900,0.2616961356008475,7.664562842633697,9.85077500129004,-1.79640898725484,0.9278113650398101,0.5,9.415611505508423
12007,random,0,400,0.2814300714379464,7.439062434952039,9.295849043229172,,,0.0,10.48483419418335
12007,random,1,500,0.27812142575891097,7.464107739848163,9.295399830699672,3.97923397722116,9.92553397997472,0.041666666666666664,9.933319091796875
12007,random,2,600,0.2796283726773292,7.4721405920352595,9.347466591535927,1.96463543386199,7.91093543661555,0.13333333333333333,9.02793025970459
12007,random,3,700,0.2904228151425946,7.326715640626818,9.262743831347636,1.96463543386199,7.91093543661555,0.25,9.267581462860107
12007,random,4,800,0.3088911180694879,7.318556216974237,9.190855854052632,1.96463543386199,7.91093543661555,0.3333333333333333,9.172854661941528
12007,random,5,900,0.3316447602797517,7.240378019399711,9.095788995289851,1.75952003577549,7.70582003852905,0.43333333333333335,9.309504747390747
12007,greedy,0,400,0.2814300714379464,7.439062434952039,9.295849043229172,,,0.0,8.967260599136353
12007,greedy,1,500,0.28302945643410266,7.497111573254021,9.355297572241756,-5.94630000275356,0.0,0.18333333333333332,9.58273983001709
12007,greedy,2,600,0.30999474996718723,7.412278998892955,9.249228048653322,-5.94630000275356,0.0,0.375,9.150881290435791
12007,greedy,3,700,0.2895702473140457,7.407360343334367,9.313348150512391,-5.94630000275356,0.0,0.4666666666666667,9.064743041992188
12007,greedy,4,800,0.28867530422065135,7.36440904790727,9.179960948714701,-5.94630000275356,0.0,0.5833333333333334,9.32931661605835
12007,greedy,5,900,0.32060600378752363,7.357616623514191,9.122031423499353,-5.94630000275356,0.0,0.7083333333333334,9.707356452941895
12007,uncertainty,0,400,0.2814300714379464,7.439062434952039,9.295849043229172,,,0.0,9.338361740112305
12007,uncertainty,1,500,0.2504380027375171,7.5391657715322795,9.381059583596759,5.28029423850603,11.22659424125959,0.05,9.680271863937378
12007,uncertainty,2,600,0.27773329833311455,7.438573125875789,9.322685109334216,2.16613746399526,8.112437466748819,0.19166666666666668,9.27582049369812
12007,uncertainty,3,700,0.2995115594472465,7.308669619317449,9.228176342729691,2.16613746399526,8.112437466748819,0.25833333333333336,9.2315092086792
12007,uncertainty,4,800,0.2980769879811748,7.37618180428633,9.16368717617845,-0.128988702253992,5.817311300499568,0.30833333333333335,8.35652232170105
12007,uncertainty,5,900,0.3092771829823936,7.39708854296792,9.198072897547386,-0.128988702253992,5.817311300499568,0.43333333333333335,9.9750075340271
12007,mixed,0,400,0.2814300714379464,7.439062434952039,9.295849043229172,,,0.0,8.986278295516968
12007,mixed,1,500,0.2779611122569516,7.503547500386405,9.316983561401884,3.97923397722116,9.92553397997472,0.1,9.224321603775024
12007,mixed,2,600,0.34658747867174167,7.233439832602999,9.066523919933687,-5.94630000275356,0.0,0.225,9.166346073150635
12007,mixed,3,700,0.27233363958524737,7.418591852195551,9.338589431583957,-5.94630000275356,0.0,0.35833333333333334,9.11075496673584
12007,mixed,4,800,0.3170168563553522,7.284656078761967,9.157918496744921,-5.94630000275356,0.0,0.43333333333333335,9.776498794555664
12007,mixed,5,900,0.33232970206063783,7.233810236230599,9.063628690317373,-5.94630000275356,0.0,0.475,8.383989095687866
12008,random,0,400,0.3294740592128701,7.7633647661108345,10.219718800473697,,,0.0,9.720235586166382
12008,random,1,500,0.2764534153338458,7.844901325333913,10.39282710333168,2.63410041427414,5.35832076656879,0.10833333333333334,9.776942014694214
12008,random,2,600,0.3325481409258808,7.789402506556001,10.17873148861582,1.31582066329793,4.04004101559258,0.225,9.405745267868042
12008,random,3,700,0.34011756323477016,7.74811135232533,10.19885738711507,1.31582066329793,4.04004101559258,0.3,9.081352233886719
12008,random,4,800,0.38804398777492355,7.651984980210467,10.11248845990891,1.31582066329793,4.04004101559258,0.4,9.187008142471313
12008,random,5,900,0.4001620010125063,7.582070147903886,10.02303867563048,1.31582066329793,4.04004101559258,0.48333333333333334,9.557842493057251
12008,greedy,0,400,0.3294740592128701,7.7633647661108345,10.219718800473697,,,0.0,8.782132148742676
12008,greedy,1,500,0.3400840005250033,7.719816059486592,10.222473229776124,1.31582066329793,4.04004101559258,0.2,9.696318626403809
12008,greedy,2,600,0.36751260945380904,7.660447024616315,10.1800116728215,1.31582066329793,4.04004101559258,0.31666666666666665,9.047412633895874
12008,greedy,3,700,0.3516901355633473,7.754668619234065,10.17738640007172,-2.72422035229465,0.0,0.475,8.93960189819336
12008,greedy,4,800,0.3286554290964318,7.778429107567272,10.29351407122256,-2.72422035229465,0.0,0.6,9.309079885482788
12008,greedy,5,900,0.3993675585472408,7.610631348540781,10.074206893950205,-2.72422035229465,0.0,0.7083333333333334,9.798469543457031
12008,uncertainty,0,400,0.3294740592128701,7.7633647661108345,10.219718800473697,,,0.0,8.859368085861206
12008,uncertainty,1,500,0.33325033281458005,7.803976548694134,10.236763130223403,1.96463543386199,4.6888557861566404,0.11666666666666667,9.813320636749268
12008,uncertainty,2,600,0.36288808055050337,7.737552613118653,10.17859668846119,1.96463543386199,4.6888557861566404,0.16666666666666666,9.19400143623352
12008,uncertainty,3,700,0.39975006093788085,7.639519929005967,10.010269409480843,1.96463543386199,4.6888557861566404,0.25,9.593799352645874
12008,uncertainty,4,800,0.37408508803180013,7.6827545647879685,10.1500003202194,1.96463543386199,4.6888557861566404,0.2916666666666667,8.269145488739014
12008,uncertainty,5,900,0.3975097969362308,7.688515850262118,10.054058389371864,-2.72422035229465,0.0,0.4,9.658670902252197
12008,mixed,0,400,0.3294740592128701,7.7633647661108345,10.219718800473697,,,0.0,8.80955195426941
12008,mixed,1,500,0.34473627960174746,7.7168290579338725,10.19400861390063,1.31582066329793,4.04004101559258,0.13333333333333333,9.332355260848999
12008,mixed,2,600,0.36364033525209527,7.684865783301359,10.134748298677168,1.31582066329793,4.04004101559258,0.21666666666666667,9.34319806098938
12008,mixed,3,700,0.36808111300695623,7.754940033629071,10.158268895779957,1.31582066329793,4.04004101559258,0.3,9.078702926635742
12008,mixed,4,800,0.40733054581591127,7.641408770818685,10.068490106091195,-2.72422035229465,0.0,0.4083333333333333,9.63975191116333
12008,mixed,5,900,0.38372883580522377,7.638798757473691,10.095366777101756,-2.72422035229465,0.0,0.49166666666666664,8.66714859008789
12009,random,0,400,0.24895786848667803,7.85114102795495,10.279003910671149,,,0.0,8.56958794593811
12009,random,1,500,0.24099075619222615,7.915829839131664,10.37971266829681,4.69478829079162,7.41900864308627,0.09166666666666666,8.631720542907715
12009,random,2,600,0.25065062906643165,7.90462944763297,10.376322103184005,-1.79640898725484,0.9278113650398101,0.16666666666666666,8.925711393356323
12009,random,3,700,0.27829280183001137,7.820636587817479,10.275655510299227,-1.79640898725484,0.9278113650398101,0.24166666666666667,8.626322984695435
12009,random,4,800,0.3109950687191795,7.677152899088749,10.06995069428204,-1.79640898725484,0.9278113650398101,0.2916666666666667,9.602548599243164
12009,random,5,900,0.32160201001256256,7.697951470503431,10.073355643760886,-1.79640898725484,0.9278113650398101,0.35,9.253775119781494
12009,greedy,0,400,0.24895786848667803,7.85114102795495,10.279003910671149,,,0.0,8.938111305236816
12009,greedy,1,500,0.2841930887068044,7.842511928636027,10.174135384784368,4.09983239788562,6.82405275018027,0.16666666666666666,8.65835690498352
12009,greedy,2,600,0.30681060506628166,7.702092727875535,10.180301586705717,2.13161010103795,4.8558304533326,0.30833333333333335,9.000569820404053
12009,greedy,3,700,0.3255474096713104,7.694703701187741,10.143150050289222,-2.72422035229465,0.0,0.5,8.940288305282593
12009,greedy,4,800,0.3254146588416177,7.702144674751248,10.181404796257388,-2.72422035229465,0.0,0.6166666666666667,9.213130950927734
12009,greedy,5,900,0.33341439633997705,7.648760023233612,10.092231097706444,-2.72422035229465,0.0,0.725,9.601927518844604
12009,uncertainty,0,400,0.24895786848667803,7.85114102795495,10.279003910671149,,,0.0,8.726080894470215
12009,uncertainty,1,500,0.26722460765379774,7.840863305998617,10.289508149701454,2.13161010103795,4.8558304533326,0.075,9.100480318069458
12009,uncertainty,2,600,0.27530834567716045,7.7554769948806666,10.24026767174497,1.75952003577549,4.4837403880701405,0.16666666666666666,9.169497728347778
12009,uncertainty,3,700,0.2874747342170888,7.804823027862349,10.207904239170203,-2.72422035229465,0.0,0.2,9.041520357131958
12009,uncertainty,4,800,0.34128457052856576,7.6553115293237965,10.067243380595082,-2.72422035229465,0.0,0.2916666666666667,8.793510913848877
12009,uncertainty,5,900,0.3081191757448484,7.752574311130855,10.14541429423578,-2.72422035229465,0.0,0.4,7.0349509716033936
12009,mixed,0,400,0.24895786848667803,7.85114102795495,10.279003910671149,,,0.0,5.8904523849487305
12009,mixed,1,500,0.3191858699116869,7.767974444422987,10.129854475630168,2.13161010103795,4.8558304533326,0.075,7.6900475025177
12009,mixed,2,600,0.37859992874955467,7.595713481008345,9.929459564072252,2.13161010103795,4.8558304533326,0.125,7.021817922592163
12009,mixed,3,700,0.37248420302626883,7.5653573493305,9.920858596847815,1.75952003577549,4.4837403880701405,0.21666666666666667,7.2317564487457275
12009,mixed,4,800,0.34599591247445294,7.624144233437079,10.028463199232094,-2.72422035229465,0.0,0.3416666666666667,6.852798700332642
12009,mixed,5,900,0.35106575666097906,7.587826507646638,9.972762539492281,-2.72422035229465,0.0,0.45,6.227219104766846
12010,random,0,400,0.2923801398758742,7.959686225027283,10.711008428328077,,,0.0,8.73867130279541
12010,random,1,500,0.28848761554759716,7.866327013729158,10.705433938614988,3.73313455799507,9.67943456074863,0.09166666666666666,8.7731192111969
12010,random,2,600,0.3300105000656254,7.6954006204680745,10.511326571827519,3.73313455799507,9.67943456074863,0.175,8.533459663391113
12010,random,3,700,0.3486289914311964,7.6519112336860555,10.390110480904042,2.16613746399526,8.112437466748819,0.26666666666666666,8.771484136581421
12010,random,4,800,0.41368608553803454,7.469884147916193,10.221404810477976,2.16613746399526,8.112437466748819,0.30833333333333335,9.572610139846802
12010,random,5,900,0.3523703898149363,7.674276618762365,10.483588132369608,2.16613746399526,8.112437466748819,0.35,9.39284348487854
12010,greedy,0,400,0.2923801398758742,7.959686225027283,10.711008428328077,,,0.0,8.84703516960144
12010,greedy,1,500,0.28198057487859296,7.88994516069546,10.692744482281102,-5.94630000275356,0.0,0.14166666666666666,8.633330583572388
12010,greedy,2,600,0.30372883580522375,7.784171619458832,10.656167689831388,-5.94630000275356,0.0,0.3,9.077938079833984
12010,greedy,3,700,0.35747979674872965,7.646134433382373,10.464880323327119,-5.94630000275356,0.0,0.48333333333333334,9.268226861953735
12010,greedy,4,800,0.3623268895430596,7.594342007784181,10.46644634267806,-5.94630000275356,0.0,0.5916666666666667,9.4140784740448
12010,greedy,5,900,0.3854791592447452,7.533962234151972,10.311613142095506,-5.94630000275356,0.0,0.65,9.985336303710938
12010,uncertainty,0,400,0.2923801398758742,7.959686225027283,10.711008428328077,,,0.0,9.036896467208862
12010,uncertainty,1,500,0.3356638478990494,7.738046726052985,10.52899029929988,-1.79640898725484,4.14989101549872,0.10833333333333334,9.494893550872803
12010,uncertainty,2,600,0.3453889711810698,7.64124980612255,10.509308729360997,-1.79640898725484,4.14989101549872,0.24166666666666667,9.133456230163574
12010,uncertainty,3,700,0.3461721635760223,7.639615799945418,10.454092616709344,-1.79640898725484,4.14989101549872,0.31666666666666665,9.285979747772217
12010,uncertainty,4,800,0.39173701085631785,7.478354690674993,10.318038168712807,-5.94630000275356,0.0,0.44166666666666665,8.388923168182373
12010,uncertainty,5,900,0.38110381939887117,7.506061685921887,10.384681850797337,-5.94630000275356,0.0,0.45,6.889788627624512
12010,mixed,0,400,0.2923801398758742,7.959686225027283,10.711008428328077,,,0.0,6.333198070526123
12010,mixed,1,500,0.2960637878986743,7.910703475827091,10.639835614564912,-1.79640898725484,4.14989101549872,0.125,7.821247339248657
12010,mixed,2,600,0.31630847692798075,7.718408128464372,10.60522800695387,-1.79640898725484,4.14989101549872,0.275,6.6045074462890625
12010,mixed,3,700,0.3254124088275552,7.690911336638058,10.445606072900679,-1.79640898725484,4.14989101549872,0.38333333333333336,7.158106088638306
12010,mixed,4,800,0.3672037950237188,7.5696158464193335,10.416723913277858,-5.94630000275356,0.0,0.48333333333333334,6.574305534362793
12010,mixed,5,900,0.40899518121988254,7.423466715398123,10.30086914270673,-5.94630000275356,0.0,0.5833333333333334,6.03833532333374
12011,random,0,400,0.2485978662366639,7.513396588003863,9.401286347290476,,,0.0,8.574565410614014
12011,random,1,500,0.26642191513696956,7.402030723615897,9.294513237773131,1.96463543386199,4.6888557861566404,0.075,8.776384830474854
12011,random,2,600,0.30341008381302376,7.188312127733388,9.054945391236107,1.96463543386199,4.6888557861566404,0.15,9.069106817245483
12011,random,3,700,0.32116400727504546,7.165839530228298,8.986734395117812,1.96463543386199,4.6888557861566404,0.19166666666666668,9.229893207550049
12011,random,4,800,0.29315714473215454,7.281242802700028,9.119502830724963,1.31582066329793,4.04004101559258,0.30833333333333335,10.08261513710022
12011,random,5,900,0.2743772148575928,7.32089499865584,9.221566218998305,1.31582066329793,4.04004101559258,0.4,9.769548177719116
12011,greedy,0,400,0.2485978662366639,7.513396588003863,9.401286347290476,,,0.0,8.919944763183594
12011,greedy,1,500,0.28039656497853105,7.32944215942992,9.156547790400849,2.13161010103795,4.8558304533326,0.16666666666666666,9.311341524124146
12011,greedy,2,600,0.29878536740854633,7.354835333386244,9.144607203999755,1.31582066329793,4.04004101559258,0.36666666666666664,9.542278289794922
12011,greedy,3,700,0.3070556690979318,7.203064959798436,9.070892691283428,1.31582066329793,4.04004101559258,0.5083333333333333,9.13904333114624
12011,greedy,4,800,0.29420527628297666,7.355949250292541,9.147920087570846,1.31582066329793,4.04004101559258,0.625,9.590629816055298
12011,greedy,5,900,0.28760936005850035,7.342340987455857,9.113931320007362,1.31582066329793,4.04004101559258,0.6833333333333333,9.602076530456543
12011,uncertainty,0,400,0.2485978662366639,7.513396588003863,9.401286347290476,,,0.0,9.046957969665527
12011,uncertainty,1,500,0.30452402827517666,7.314122204952716,9.15440714335265,-2.72422035229465,0.0,0.08333333333333333,9.692763805389404
12011,uncertainty,2,600,0.28237132732079573,7.348796438080334,9.110370953362963,-2.72422035229465,0.0,0.14166666666666666,8.940366744995117
12011,uncertainty,3,700,0.3500930005812536,7.119316232902488,8.88493754421385,-2.72422035229465,0.0,0.225,9.488088369369507
12011,uncertainty,4,800,0.33996043725273284,7.21258100404125,8.975463966517928,-2.72422035229465,0.0,0.2916666666666667,7.9059484004974365
12011,uncertainty,5,900,0.30817880111750695,7.210900972776836,9.046553392932607,-2.72422035229465,0.0,0.375,6.9440484046936035
12011,mixed,0,400,0.2485978662366639,7.513396588003863,9.401286347290476,,,0.0,6.843189001083374
12011,mixed,1,500,0.299662122888268,7.33264914100608,9.16227685112496,-2.72422035229465,0.0,0.1,7.600844621658325
12011,mixed,2,600,0.2749867811673823,7.4257468569574145,9.220527975759143,-2.72422035229465,0.0,0.25833333333333336,7.1795854568481445
12011,mixed,3,700,0.30201338758367235,7.278796537706508,9.110863229242693,-2.72422035229465,0.0,0.3416666666666667,7.132344484329224
12011,mixed,4,800,0.3289634935218345,7.211038009618652,9.051528186764996,-2.72422035229465,0.0,0.4083333333333333,6.4735801219940186
12011,mixed,5,900,0.3184392402452515,7.239172687231016,9.044059047068115,-2.72422035229465,0.0,0.525,4.5845489501953125
12012,random,0,400,0.22374908593178705,8.087102971911545,10.58041157556715,,,0.0,8.598434925079346
12012,random,1,500,0.21315808223801397,7.994847686660712,10.510272028081776,6.36943368090579,12.31573368365935,0.08333333333333333,8.754514694213867
12012,random,2,600,0.23914199463746647,7.858878118640893,10.39771203352511,5.43463994693957,11.38093994969313,0.125,8.708796977996826
12012,random,3,700,0.2692156825980162,7.823231488643989,10.334574438200455,3.73313455799507,9.67943456074863,0.19166666666666668,8.71684980392456
12012,random,4,800,0.30066975418596364,7.6619262031484645,10.221211932198132,-1.79640898725484,4.14989101549872,0.31666666666666665,9.538899660110474
12012,random,5,900,0.31291301820636375,7.708117874736204,10.153104955626462,-1.79640898725484,4.14989101549872,0.4,9.497759103775024
12012,greedy,0,400,0.22374908593178705,8.087102971911545,10.58041157556715,,,0.0,8.803800344467163
12012,greedy,1,500,0.19881874261714133,7.908163605717337,10.527912831504572,-5.94630000275356,0.0,0.15,8.65117621421814
12012,greedy,2,600,0.2999306245664035,7.66967081471138,10.23786057840373,-5.94630000275356,0.0,0.31666666666666665,8.855450630187988
12012,greedy,3,700,0.2995994974968593,7.706807447665617,10.265183746180755,-5.94630000275356,0.0,0.44166666666666665,8.908365488052368
12012,greedy,4,800,0.3057688485553034,7.742585743259906,10.202643780445324,-5.94630000275356,0.0,0.6,9.218961238861084
12012,greedy,5,900,0.2662739767123544,7.861955673747274,10.348789752932262,-5.94630000275356,0.0,0.675,9.844829559326172
12012,uncertainty,0,400,0.22374908593178705,8.087102971911545,10.58041157556715,,,0.0,8.684452772140503
12012,uncertainty,1,500,0.25222151388446173,7.887448973748372,10.339307201953337,-1.79640898725484,4.14989101549872,0.10833333333333334,9.502050876617432
12012,uncertainty,2,600,0.2685933662085388,7.8299498469289315,10.267745623212353,-1.79640898725484,4.14989101549872,0.19166666666666668,9.122111797332764
12012,uncertainty,3,700,0.29484896780604875,7.736312056069637,10.22431386868874,-1.79640898725484,4.14989101549872,0.26666666666666666,9.413739919662476
12012,uncertainty,4,800,0.32306039412746324,7.610373342485416,10.098069605571238,-1.79640898725484,4.14989101549872,0.3416666666666667,8.912106990814209
12012,uncertainty,5,900,0.32172838580241125,7.6731037670947275,10.117862532112339,-1.79640898725484,4.14989101549872,0.4166666666666667,7.079115390777588
12012,mixed,0,400,0.22374908593178705,8.087102971911545,10.58041157556715,,,0.0,6.268224477767944
12012,mixed,1,500,0.2203538147113419,8.000869177913524,10.47846024403346,4.07733535693114,10.0236353596847,0.125,8.09896206855774
12012,mixed,2,600,0.26352070950443435,7.842427995080891,10.278724486080742,4.07733535693114,10.0236353596847,0.225,6.811289310455322
12012,mixed,3,700,0.3048686554290964,7.819428883984114,10.25473358497978,-5.94630000275356,0.0,0.3416666666666667,7.268056154251099
12012,mixed,4,800,0.32041494009337557,7.760951725797163,10.196620923723655,-5.94630000275356,0.0,0.425,6.573324203491211
12012,mixed,5,900,0.3250516565728536,7.71845247949294,10.204094378461168,-5.94630000275356,0.0,0.5,5.98850417137146
12013,random,0,400,0.2459760373502334,8.006358463798296,10.226201169818836,,,0.0,6.472152948379517
12013,random,1,500,0.2735257720360752,7.708565650930718,10.126520776659607,-5.94630000275356,0.0,0.11666666666666667,6.240530252456665
12013,random,2,600,0.35132919580747374,7.359542461064859,9.810103502707527,-5.94630000275356,0.0,0.15833333333333333,6.22377610206604
12013,random,3,700,0.3862066637916487,7.294458372991283,9.715346435801878,-5.94630000275356,0.0,0.225,6.240699291229248
12013,random,4,800,0.31665347908424424,7.590659335880008,9.955789438451534,-5.94630000275356,0.0,0.30833333333333335,7.015577793121338
12013,random,5,900,0.35879286745542155,7.463649962015695,9.818733755519055,-5.94630000275356,0.0,0.39166666666666666,7.192975997924805
12013,greedy,0,400,0.2459760373502334,8.006358463798296,10.226201169818836,,,0.0,6.1153810024261475
12013,greedy,1,500,0.2827423921399509,7.738532414395986,10.152572865740643,-5.94630000275356,0.0,0.125,6.629204750061035
12013,greedy,2,600,0.30879736748354675,7.667432610774756,10.069706755766019,-5.94630000275356,0.0,0.31666666666666665,7.274137496948242
12013,greedy,3,700,0.3235306470665441,7.642627776143329,9.956523882012867,-5.94630000275356,0.0,0.5,7.767953395843506
12013,greedy,4,800,0.31816061350383434,7.658369135653984,9.968958602507389,-5.94630000275356,0.0,0.6166666666666667,6.8660829067230225
12013,greedy,5,900,0.36596384977406105,7.504592258362013,9.77408087554328,-5.94630000275356,0.0,0.65,6.649343729019165
12013,uncertainty,0,400,0.2459760373502334,8.006358463798296,10.226201169818836,,,0.0,6.082840204238892
12013,uncertainty,1,500,0.31413496334352087,7.764007533923838,9.96594592555692,3.41173968594012,9.35803968869368,0.10833333333333334,6.201675176620483
12013,uncertainty,2,600,0.33072469202932514,7.67530360270784,9.890094839101465,3.41173968594012,9.35803968869368,0.20833333333333334,6.239444971084595
12013,uncertainty,3,700,0.37193163707273164,7.49090419268131,9.684630750994783,-2.72422035229465,3.2220796504589098,0.3,7.297966003417969
12013,uncertainty,4,800,0.35646522790767443,7.486272517915612,9.772189471322134,-2.72422035229465,3.2220796504589098,0.35833333333333334,6.392887353897095
12013,uncertainty,5,900,0.3587928674554216,7.528459658814468,9.748253159963344,-5.94630000275356,0.0,0.49166666666666664,6.671090841293335
12013,mixed,0,400,0.2459760373502334,8.006358463798296,10.226201169818836,,,0.0,6.1251380443573
12013,mixed,1,500,0.29968612303826897,7.791780766120173,9.961640728936613,4.04922987856844,9.995529881322,0.06666666666666667,6.2719645500183105
12013,mixed,2,600,0.31849736560853503,7.68193584661137,10.00680719872811,-5.94630000275356,0.0,0.25,6.239084243774414
12013,mixed,3,700,0.3222108263176644,7.69296900682936,9.942764536673746,-5.94630000275356,0.0,0.3416666666666667,6.471701383590698
12013,mixed,4,800,0.3265814786342414,7.605229018370453,9.899295873419353,-5.94630000275356,0.0,0.4583333333333333,6.510040521621704
12013,mixed,5,900,0.363714023212645,7.524509649006381,9.744856309001891,-5.94630000275356,0.0,0.6,6.265403985977173
12014,random,0,400,0.29092250576566103,7.642078318663563,9.904281808527735,,,0.0,6.480161905288696
12014,random,1,500,0.32659029118931987,7.580382789516855,9.770935472383703,8.08814456644541,10.812364918740059,0.05,6.225473642349243
12014,random,2,600,0.30267976674854213,7.643169219923684,9.880172069970238,2.78908783021689,5.51330818251154,0.08333333333333333,6.192078113555908
12014,random,3,700,0.37230588941180875,7.453794202407255,9.607414332311222,-2.72422035229465,0.0,0.2,6.215163946151733
12014,random,4,800,0.3447098419365121,7.525998669636725,9.704405301178838,-2.72422035229465,0.0,0.26666666666666666,6.713222980499268
12014,random,5,900,0.3913175707348171,7.335740225363143,9.472720320268396,-2.72422035229465,0.0,0.38333333333333336,6.888801097869873
12014,greedy,0,400,0.29092250576566103,7.642078318663563,9.904281808527735,,,0.0,6.148157596588135
12014,greedy,1,500,0.33662704141900884,7.535848170149957,9.737665926849626,2.91626778182399,5.64048813411864,0.14166666666666666,6.494326591491699
12014,greedy,2,600,0.3417895111844449,7.460855771353104,9.658874979565862,-2.72422035229465,0.0,0.325,7.194281816482544
12014,greedy,3,700,0.3673986087413046,7.3606432061432825,9.57573847143187,-2.72422035229465,0.0,0.475,7.609724998474121
12014,greedy,4,800,0.36918343239645246,7.402499735054593,9.57083956157096,-2.72422035229465,0.0,0.6,7.00149393081665
12014,greedy,5,900,0.3742770892318077,7.376198669966256,9.565515752475584,-2.72422035229465,0.0,0.7333333333333333,6.456843852996826
12014,uncertainty,0,400,0.29092250576566103,7.642078318663563,9.904281808527735,,,0.0,6.0080766677856445
12014,uncertainty,1,500,0.31932837080231746,7.642036157090164,9.812043728321445,5.33881959069549,8.063039942990141,0.06666666666666667,6.215533971786499
12014,uncertainty,2,600,0.2657332233326458,7.774923926429851,9.943624527195357,4.51400760590695,7.2382279582016,0.14166666666666666,6.651495456695557
12014,uncertainty,3,700,0.36289389308683173,7.437393851765793,9.604381951107165,-2.72422035229465,0.0,0.225,7.207439422607422
12014,uncertainty,4,800,0.3784707404421277,7.4209556827872625,9.526890321271782,-2.72422035229465,0.0,0.3333333333333333,6.744471788406372
12014,uncertainty,5,900,0.39188157425983905,7.317461082270538,9.443791867643974,-2.72422035229465,0.0,0.4166666666666667,6.523772716522217
12014,mixed,0,400,0.29092250576566103,7.642078318663563,9.904281808527735,,,0.0,6.128331184387207
12014,mixed,1,500,0.293491084319277,7.661887948900848,9.829529654597199,4.74393837252501,7.46815872481966,0.09166666666666666,6.240362167358398
12014,mixed,2,600,0.27093506834417713,7.692967886945341,9.877862694023403,3.031954188893,5.756174541187651,0.21666666666666667,6.265118360519409
12014,mixed,3,700,0.35612153825961407,7.444055109531558,9.654015046494347,-2.72422035229465,0.0,0.2916666666666667,6.360520839691162
12014,mixed,4,800,0.3453173457334108,7.466552217442274,9.65989234932634,-2.72422035229465,0.0,0.4166666666666667,6.531113862991333
12014,mixed,5,900,0.32643785273657955,7.563918128942978,9.667624883441915,-2.72422035229465,0.0,0.49166666666666664,6.514676332473755
12015,random,0,400,0.3307074419215119,7.318739705377388,10.172947564798493,,,0.0,6.487677335739136
12015,random,1,500,0.3299795623722648,7.318501083610208,10.146078685619294,-1.79640898725484,0.9278113650398101,0.09166666666666666,6.287754535675049
12015,random,2,600,0.3508803180019875,7.236386537610483,10.038299062899654,-1.79640898725484,0.9278113650398101,0.16666666666666666,6.153304100036621
12015,random,3,700,0.3127313295708098,7.454471204396197,10.18998343607562,-1.79640898725484,0.9278113650398101,0.25833333333333336,6.271451950073242
12015,random,4,800,0.3158232238951494,7.383330070627899,10.097204874786735,-1.79640898725484,0.9278113650398101,0.3333333333333333,6.675763130187988
12015,random,5,900,0.2988213676335477,7.4815141298797805,10.237710996331364,-1.79640898725484,0.9278113650398101,0.43333333333333335,6.938701152801514
12015,greedy,0,400,0.3307074419215119,7.318739705377388,10.172947564798493,,,0.0,6.106748104095459
12015,greedy,1,500,0.34380402377514857,7.268657629826254,10.027429281415465,2.13161010103795,4.8558304533326,0.18333333333333332,6.287586212158203
12015,greedy,2,600,0.349345058406615,7.2869868769920325,10.04322657089725,2.13161010103795,4.8558304533326,0.3333333333333333,7.2803544998168945
12015,greedy,3,700,0.34618303864399147,7.339962080319015,10.029599899161175,-2.72422035229465,0.0,0.43333333333333335,7.676159620285034
12015,greedy,4,800,0.3810524440777755,7.188262330419398,10.003214375541019,-2.72422035229465,0.0,0.5583333333333333,7.01524019241333
12015,greedy,5,900,0.35633847711548194,7.290507106404825,10.115346186325185,-2.72422035229465,0.0,0.6833333333333333,6.457982778549194
12015,uncertainty,0,400,0.3307074419215119,7.318739705377388,10.172947564798493,,,0.0,6.019364595413208
12015,uncertainty,1,500,0.3055504096900605,7.398630683332894,10.22343615677876,2.18454132435727,4.90876167665192,0.09166666666666666,6.119966745376587
12015,uncertainty,2,600,0.3126559540997131,7.4131605122185364,10.245260926089957,-0.128988702253992,2.5952316500406583,0.13333333333333333,6.1414172649383545
12015,uncertainty,3,700,0.2932428327677048,7.394701012575107,10.219939301174232,-0.128988702253992,2.5952316500406583,0.18333333333333332,6.898702144622803
12015,uncertainty,4,800,0.32487278045487783,7.329530770315635,10.158855788628383,-0.128988702253992,2.5952316500406583,0.23333333333333334,6.554295778274536
12015,uncertainty,5,900,0.3304415652597828,7.4004011827423986,10.145686281026045,-0.128988702253992,2.5952316500406583,0.2833333333333333,6.656491041183472
12015,mixed,0,400,0.3307074419215119,7.318739705377388,10.172947564798493,,,0.0,5.968685865402222
12015,mixed,1,500,0.318280614253839,7.388120376433274,10.187318851415945,2.13161010103795,4.8558304533326,0.11666666666666667,6.313932180404663
12015,mixed,2,600,0.310826880168001,7.380457653214089,10.25833234248189,1.75952003577549,4.4837403880701405,0.23333333333333334,6.217488765716553
12015,mixed,3,700,0.33943037143982147,7.375146925196605,10.167325880050708,1.75952003577549,4.4837403880701405,0.3333333333333333,6.294984817504883
12015,mixed,4,800,0.34571447321545756,7.357622067765487,10.097347617333627,1.75952003577549,4.4837403880701405,0.44166666666666665,6.59491491317749
12015,mixed,5,900,0.3599808748804679,7.2683265107965624,10.104405032684458,1.54152123986569,4.2657415921603405,0.5333333333333333,6.846334218978882
12016,random,0,400,0.3615343220895131,7.534303941703034,10.199094419648663,,,0.0,6.487936496734619
12016,random,1,500,0.3718937618360114,7.542598499456443,10.136275225319501,2.16613746399526,8.112437466748819,0.075,6.389104127883911
12016,random,2,600,0.3767650422815142,7.4566724998436715,10.06862586982537,2.16613746399526,8.112437466748819,0.16666666666666666,6.060889720916748
12016,random,3,700,0.3626325164532278,7.495892579727121,10.047065203535302,-0.128988702253992,5.817311300499568,0.3,6.176887512207031
12016,random,4,800,0.34210695066844166,7.628275075836175,10.096812593179711,-5.94630000275356,0.0,0.4166666666666667,6.61947226524353
12016,random,5,900,0.35257514109463184,7.577607589606985,10.144277856708317,-5.94630000275356,0.0,0.49166666666666664,6.994214296340942
12016,greedy,0,400,0.3615343220895131,7.534303941703034,10.199094419648663,,,0.0,6.170209884643555
12016,greedy,1,500,0.36985037406483784,7.534660781763794,10.14080718902214,-5.94630000275356,0.0,0.16666666666666666,6.51522970199585
12016,greedy,2,600,0.36153900961881,7.537797824697162,10.166144376677012,-5.94630000275356,0.0,0.3416666666666667,7.261152982711792
12016,greedy,3,700,0.3489334933343333,7.544375527590848,10.130034775706953,-5.94630000275356,0.0,0.4666666666666667,7.610707521438599
12016,greedy,4,800,0.3702925018281364,7.541962053064801,10.114427736591667,-5.94630000275356,0.0,0.55,6.956820249557495
12016,greedy,5,900,0.35115669472934197,7.5438981493698165,10.103756460987896,-5.94630000275356,0.0,0.6833333333333333,6.344328880310059
12016,uncertainty,0,400,0.3615343220895131,7.534303941703034,10.199094419648663,,,0.0,6.059135913848877
12016,uncertainty,1,500,0.36240601503759395,7.608192397042423,10.07267823645193,7.79788365632339,13.744183659076949,0.025,6.137571573257446
12016,uncertainty,2,600,0.2965522284514278,7.77702017179208,10.224055695004223,2.86005131311322,8.806351315866781,0.125,6.131837606430054
12016,uncertainty,3,700,0.31275382971143567,7.724802516398788,10.15396635804429,2.78908783021689,8.73538783297045,0.23333333333333334,6.828951358795166
12016,uncertainty,4,800,0.31868786679916744,7.694353298618949,10.11997911039406,2.16613746399526,8.112437466748819,0.325,6.528852939605713
12016,uncertainty,5,900,0.35795567472296697,7.621519566859385,10.012966560601223,-5.94630000275356,0.0,0.43333333333333335,6.301313161849976
12016,mixed,0,400,0.3615343220895131,7.534303941703034,10.199094419648663,,,0.0,6.048805236816406
12016,mixed,1,500,0.35576697354358466,7.586269049920553,10.125098899118035,-5.94630000275356,0.0,0.075,6.253141641616821
12016,mixed,2,600,0.347310295689348,7.6444021996912825,10.141247616047497,-5.94630000275356,0.0,0.2,6.247248888015747
12016,mixed,3,700,0.33396114975718594,7.6544446336978105,10.189711295488799,-5.94630000275356,0.0,0.26666666666666666,6.43063497543335
12016,mixed,4,800,0.3197144357152232,7.689736153225317,10.189806436192933,-5.94630000275356,0.0,0.35833333333333334,6.738312244415283
12016,mixed,5,900,0.35627266420415127,7.641866929005057,10.119666923268534,-5.94630000275356,0.0,0.475,6.6870856285095215
12017,random,0,400,0.2652789079931749,7.507794758211633,9.422837871361052,,,0.0,6.788836479187012
12017,random,1,500,0.23265332908330677,7.522566166425572,9.431025225704154,-1.79640898725484,4.14989101549872,0.10833333333333334,6.2717814445495605
12017,random,2,600,0.2526118913243207,7.475334329273141,9.363071057361825,-1.79640898725484,4.14989101549872,0.21666666666666667,6.329927682876587
12017,random,3,700,0.31331633322708263,7.328792170489988,9.164423211094471,-1.79640898725484,4.14989101549872,0.2833333333333333,6.411360263824463
12017,random,4,800,0.30271801698760614,7.3916442171956485,9.184265893539541,-1.79640898725484,4.14989101549872,0.36666666666666664,6.376518964767456
12017,random,5,900,0.2773249207807548,7.3615778493895085,9.275645030402446,-1.79640898725484,4.14989101549872,0.44166666666666665,6.53448486328125
12017,greedy,0,400,0.2652789079931749,7.507794758211633,9.422837871361052,,,0.0,5.9866719245910645
12017,greedy,1,500,0.24581347383421145,7.551839913426926,9.495770267682405,-5.94630000275356,0.0,0.15,6.134626626968384
12017,greedy,2,600,0.27749029681435505,7.372347059097828,9.337965898733595,-5.94630000275356,0.0,0.25833333333333336,6.488800287246704
12017,greedy,3,700,0.297597172482328,7.327888642592998,9.290028061403815,-5.94630000275356,0.0,0.4166666666666667,6.2713682651519775
12017,greedy,4,800,0.3165992912455703,7.271798314171203,9.174508819595601,-5.94630000275356,0.0,0.575,6.627784729003906
12017,greedy,5,900,0.3202996268726679,7.27330498610594,9.1534620104851,-5.94630000275356,0.0,0.675,7.365808010101318
12017,uncertainty,0,400,0.2652789079931749,7.507794758211633,9.422837871361052,,,0.0,6.258333206176758
12017,uncertainty,1,500,0.2457279732998331,7.560907168313813,9.421109655453257,2.91626778182399,8.86256778457755,0.09166666666666666,6.651464939117432
12017,uncertainty,2,600,0.28389027431421443,7.428205047816325,9.259457848865374,1.75952003577549,7.70582003852905,0.19166666666666668,6.370886325836182
12017,uncertainty,3,700,0.3131023943899649,7.3200967219407405,9.159155818005429,1.75952003577549,7.70582003852905,0.2916666666666667,6.293804407119751
12017,uncertainty,4,800,0.28587403671272943,7.430833553911546,9.218104299481647,1.75952003577549,7.70582003852905,0.35833333333333334,6.307198762893677
12017,uncertainty,5,900,0.2885847411546322,7.362656561756961,9.239835737105336,1.06826830975842,7.0145683125119795,0.4166666666666667,6.787186622619629
12017,mixed,0,400,0.2652789079931749,7.507794758211633,9.422837871361052,,,0.0,6.868903398513794
12017,mixed,1,500,0.262455327845799,7.439444104554273,9.41487551773843,3.19723738387984,9.1435373866334,0.09166666666666666,6.389908313751221
12017,mixed,2,600,0.28210432565203525,7.516779674682267,9.387732250403584,-5.94630000275356,0.0,0.19166666666666668,6.276763916015625
12017,mixed,3,700,0.2798089363058519,7.4399600787704685,9.426065900306508,-5.94630000275356,0.0,0.3,6.362664699554443
12017,mixed,4,800,0.3057294733092082,7.3578535081888825,9.253643720251777,-5.94630000275356,0.0,0.4083333333333333,6.749337911605835
12017,mixed,5,900,0.2534653966587291,7.394847147874965,9.441836356321234,-5.94630000275356,0.0,0.4583333333333333,4.383363485336304
12018,random,0,400,0.2111336320852005,8.162729902939846,11.351800144777703,,,0.0,6.7489173412323
12018,random,1,500,0.19435021468884178,8.210374076572718,11.409294774412052,-0.128988702253992,5.817311300499568,0.10833333333333334,6.010776519775391
12018,random,2,600,0.28126525790786194,7.994017239928363,11.23408823914225,-0.128988702253992,5.817311300499568,0.16666666666666666,6.111943960189819
12018,random,3,700,0.290194438715242,8.092526466693915,11.247865065445726,-0.128988702253992,5.817311300499568,0.21666666666666667,6.107543230056763
12018,random,4,800,0.2719800123750773,8.008141598924146,11.230966642761699,-0.128988702253992,5.817311300499568,0.2916666666666667,6.233856439590454
12018,random,5,900,0.3080949880936755,7.954035699065855,11.180072986762259,-1.79640898725484,4.14989101549872,0.425,6.451399564743042
12018,greedy,0,400,0.2111336320852005,8.162729902939846,11.351800144777703,,,0.0,5.88839054107666
12018,greedy,1,500,0.24229032681454257,8.122034210892128,11.261420971639657,-0.128988702253992,5.817311300499568,0.2,6.056727409362793
12018,greedy,2,600,0.29910655691598065,7.972994368882899,11.147467023718626,-5.94630000275356,0.0,0.35833333333333334,6.489255666732788
12018,greedy,3,700,0.2860034125213282,8.070751190592329,11.202384982714525,-5.94630000275356,0.0,0.48333333333333334,6.365854740142822
12018,greedy,4,800,0.24899161869761682,8.159709233516791,11.453237667880439,-5.94630000275356,0.0,0.5833333333333334,6.624450206756592
12018,greedy,5,900,0.26404796279976744,8.144048747871098,11.412105557834787,-5.94630000275356,0.0,0.6333333333333333,7.133106470108032
12018,uncertainty,0,400,0.2111336320852005,8.162729902939846,11.351800144777703,,,0.0,5.9595232009887695
12018,uncertainty,1,500,0.21131625822661387,8.224389167711221,11.460102678920178,2.16613746399526,8.112437466748819,0.09166666666666666,6.110436201095581
12018,uncertainty,2,600,0.2918748242176513,7.926786302242382,11.174430707571144,-0.128988702253992,5.817311300499568,0.15,6.263988256454468
12018,uncertainty,3,700,0.31705623160144747,7.8890546940089505,11.02496164765886,-1.79640898725484,4.14989101549872,0.2833333333333333,6.158093452453613
12018,uncertainty,4,800,0.2937359608497553,7.958423034040707,11.192352655274126,-1.79640898725484,4.14989101549872,0.325,6.225141286849976
12018,uncertainty,5,900,0.2724080775504847,7.993442032948753,11.27374636602544,-1.79640898725484,4.14989101549872,0.4166666666666667,6.352871417999268
12018,mixed,0,400,0.2111336320852005,8.162729902939846,11.351800144777703,,,0.0,6.082122802734375
12018,mixed,1,500,0.2431968949805936,8.183188490860784,11.323428846476391,1.54152123986569,7.487821242619249,0.14166666666666666,6.939385175704956
12018,mixed,2,600,0.2810243189019931,8.11244373954997,11.27423195331061,-2.72422035229465,3.2220796504589098,0.25833333333333336,6.12273097038269
12018,mixed,3,700,0.29903099394371213,8.100472413962954,11.220190963864923,-2.72422035229465,3.2220796504589098,0.35833333333333334,6.539294481277466
12018,mixed,4,800,0.2713147582172388,8.066183661707623,11.285140879089598,-5.94630000275356,0.0,0.4166666666666667,6.609418630599976
12018,mixed,5,900,0.3158112238201488,7.970420040966751,11.146361486372609,-5.94630000275356,0.0,0.5,6.169311761856079
12019,random,0,400,0.29539009618810114,8.70007596741804,11.956066077950814,,,0.0,6.743399381637573
12019,random,1,500,0.25072206701291877,8.716463954743821,12.098433140541283,4.51400760590695,10.46030760866051,0.075,6.017924547195435
12019,random,2,600,0.2982523015768848,8.601137686879763,11.914892470233145,2.17004855394771,8.11634855670127,0.14166666666666666,6.095841646194458
12019,random,3,700,0.34255226595166216,8.521460025029603,11.82399253916432,2.17004855394771,8.11634855670127,0.24166666666666667,6.1729466915130615
12019,random,4,800,0.30027506421915134,8.610184564949865,11.900302488880724,1.75952003577549,7.70582003852905,0.35,6.594796180725098
12019,random,5,900,0.3580558003487521,8.419706226353963,11.782660744455118,1.54152123986569,7.487821242619249,0.45,6.547500848770142
12019,greedy,0,400,0.29539009618810114,8.70007596741804,11.956066077950814,,,0.0,6.027263164520264
12019,greedy,1,500,0.2422057637860236,8.743139974253443,12.175334930723803,-5.94630000275356,0.0,0.16666666666666666,5.983462572097778
12019,greedy,2,600,0.29470384189901183,8.565194520033467,12.00125323937013,-5.94630000275356,0.0,0.3416666666666667,6.371506690979004
12019,greedy,3,700,0.28059362871017945,8.608471477885816,12.008372224869294,-5.94630000275356,0.0,0.48333333333333334,6.170764923095703
12019,greedy,4,800,0.303690210563816,8.578923630012113,11.984228605320324,-5.94630000275356,0.0,0.6083333333333333,6.369915008544922
12019,greedy,5,900,0.3373781711135694,8.499094391028422,11.877843371429076,-5.94630000275356,0.0,0.725,7.135882139205933
12019,uncertainty,0,400,0.29539009618810114,8.70007596741804,11.956066077950814,,,0.0,5.943448543548584
12019,uncertainty,1,500,0.3121913261957887,8.567284016439611,11.939929429915304,6.3541374537017,12.30043745645526,0.06666666666666667,6.0719544887542725
12019,uncertainty,2,600,0.3096949355933475,8.648561208627873,11.867812708549106,6.29618909899,12.24248910174356,0.15833333333333333,6.273138761520386
12019,uncertainty,3,700,0.3528267676672978,8.449766289277068,11.72778670772691,2.17004855394771,8.11634855670127,0.23333333333333334,6.172666072845459
12019,uncertainty,4,800,0.3258944743404646,8.595649686502439,11.87564649799888,2.17004855394771,8.11634855670127,0.275,6.233346462249756
12019,uncertainty,5,900,0.37051694073087954,8.399977058752915,11.738725477929085,-5.94630000275356,0.0,0.31666666666666665,6.401224851608276
12019,mixed,0,400,0.29539009618810114,8.70007596741804,11.956066077950814,,,0.0,6.028006076812744
12019,mixed,1,500,0.30610260064125394,8.61716861316483,11.91480562523429,-5.94630000275356,0.0,0.125,6.828110218048096
12019,mixed,2,600,0.3290958693491834,8.477011226632184,11.820955902770349,-5.94630000275356,0.0,0.25833333333333336,6.336137533187866
12019,mixed,3,700,0.3202045637785236,8.512331247047108,11.865827300095516,-5.94630000275356,0.0,0.3333333333333333,6.232327222824097
12019,mixed,4,800,0.2752384077400483,8.665895659198698,11.977386959946921,-5.94630000275356,0.0,0.43333333333333335,6.279914855957031
12019,mixed,5,900,0.3563997899986875,8.470088137484398,11.797764669806703,-5.94630000275356,0.0,0.525,6.407373666763306
12020,random,0,400,0.3098096863105394,7.980974940751757,10.864123619197917,,,0.0,6.763204574584961
12020,random,1,500,0.292186076162976,7.968039159698415,10.842534479214054,3.97923397722116,4.108222679475152,0.058333333333333334,6.145017385482788
12020,random,2,600,0.3495934974593591,7.76855739546779,10.652861256520245,2.86005131311322,2.989040015367212,0.15833333333333333,6.035132169723511
12020,random,3,700,0.3186363039768998,7.825224483238644,10.755005049093564,2.86005131311322,2.989040015367212,0.24166666666666667,5.992290735244751
12020,random,4,800,0.3260358502240639,7.8769197880600155,10.746303513277843,2.13161010103795,2.2605988032919417,0.325,6.091210603713989
12020,random,5,900,0.3488011175069844,7.725295222806318,10.66368726591141,2.13161010103795,2.2605988032919417,0.38333333333333336,6.241208791732788
12020,greedy,0,400,0.3098096863105394,7.980974940751757,10.864123619197917,,,0.0,6.042167663574219
12020,greedy,1,500,0.2891089944312152,7.9367949761070005,10.855668526506136,2.13161010103795,2.2605988032919417,0.16666666666666666,6.02728796005249
12020,greedy,2,600,0.3026165788536178,7.87595306536584,10.883200280042129,1.96463543386199,2.093624136115982,0.3333333333333333,6.1696858406066895
12020,greedy,3,700,0.3150186563666023,7.856257991981356,10.855382216300622,1.31582066329793,1.4448093655519219,0.4583333333333333,6.178136587142944
12020,greedy,4,800,0.33953874711716947,7.866292725941039,10.70197123004802,1.31582066329793,1.4448093655519219,0.575,6.256311416625977
12020,greedy,5,900,0.3294161213507584,7.853025800071694,10.777679694686936,1.31582066329793,1.4448093655519219,0.7083333333333334,6.975372791290283
12020,uncertainty,0,400,0.3098096863105394,7.980974940751757,10.864123619197917,,,0.0,6.001357078552246
12020,uncertainty,1,500,0.3030397689985562,7.965971826151628,10.89164352920235,2.16613746399526,2.295126166249252,0.13333333333333333,6.137608766555786
12020,uncertainty,2,600,0.33343314645716526,7.789078531108836,10.731779523434032,1.82530723417949,1.954295936433482,0.20833333333333334,6.20429539680481
12020,uncertainty,3,700,0.361395758723492,7.683430819440174,10.678070846983447,1.82530723417949,1.954295936433482,0.25833333333333336,6.30442476272583
12020,uncertainty,4,800,0.3873727335795848,7.661324163735421,10.58687334702182,1.82530723417949,1.954295936433482,0.3333333333333333,6.1039838790893555
12020,uncertainty,5,900,0.38002887518046985,7.68358395528121,10.551460745476014,-0.128988702253992,0.0,0.4083333333333333,6.347170829772949
12020,mixed,0,400,0.3098096863105394,7.980974940751757,10.864123619197917,,,0.0,6.054232120513916
12020,mixed,1,500,0.2839086494290589,8.03156581945069,10.926626886158376,2.16613746399526,2.295126166249252,0.10833333333333334,7.013383626937866
12020,mixed,2,600,0.3327423921399508,7.857232069838589,10.717355155662228,1.75952003577549,1.888508738029482,0.225,6.0784080028533936
12020,mixed,3,700,0.3293780586128663,7.7759572796706085,10.735258575892207,1.75952003577549,1.888508738029482,0.275,6.19265341758728
12020,mixed,4,800,0.2990028687679298,7.91388193875978,10.898230688936753,1.75952003577549,1.888508738029482,0.4166666666666667,6.3298821449279785
12020,mixed,5,900,0.33042169013556333,7.833952909704516,10.831602300175849,1.75952003577549,1.888508738029482,0.5166666666666667,6.696859359741211
12021,random,0,400,0.2779479871749198,7.943521775409745,9.963147925716635,,,0.0,5.840955018997192
12021,random,1,500,0.2786209288808055,7.900906203183645,9.915006339421454,4.04922987856844,9.995529881322,0.09166666666666666,5.850847482681274
12021,random,2,600,0.28723267020418874,7.892353598670542,9.927918549904803,3.97923397722116,9.92553397997472,0.16666666666666666,6.0643181800842285
12021,random,3,700,0.3162527890799317,7.759322394977378,9.806941063466837,3.97923397722116,9.92553397997472,0.225,5.920689821243286
12021,random,4,800,0.2936776479852999,7.898735821861728,10.015583793413398,2.13161010103795,8.07791010379151,0.31666666666666665,6.004948377609253
12021,random,5,900,0.32163463521647007,7.784357398093398,9.843931987922002,1.96463543386199,7.91093543661555,0.425,6.249869346618652
12021,greedy,0,400,0.2779479871749198,7.943521775409745,9.963147925716635,,,0.0,5.675456285476685
12021,greedy,1,500,0.32957080981756137,7.84638528368741,9.798162981900559,-5.94630000275356,0.0,0.18333333333333332,6.2948174476623535
12021,greedy,2,600,0.33260926630791443,7.732611114859173,9.774539895084718,-5.94630000275356,0.0,0.39166666666666666,6.323638677597046
12021,greedy,3,700,0.36461646635291467,7.647460707169529,9.68162505559161,-5.94630000275356,0.0,0.5,6.24513053894043
12021,greedy,4,800,0.34859374121088255,7.729342781531757,9.749338806404557,-5.94630000275356,0.0,0.5583333333333333,6.492129564285278
12021,greedy,5,900,0.3580811130069562,7.681249905230414,9.73050097429096,-5.94630000275356,0.0,0.6416666666666667,6.497986316680908
12021,uncertainty,0,400,0.2779479871749198,7.943521775409745,9.963147925716635,,,0.0,6.130052804946899
12021,uncertainty,1,500,0.25767461046631535,7.980347905729372,10.041345377864477,4.04922987856844,9.995529881322,0.11666666666666667,5.931379795074463
12021,uncertainty,2,600,0.27447677797986236,8.019111089196684,9.98511490239761,2.13161010103795,8.07791010379151,0.19166666666666668,6.05098295211792
12021,uncertainty,3,700,0.3062362889768061,7.846168816057323,9.832096927141448,2.13161010103795,8.07791010379151,0.2833333333333333,6.178896188735962
12021,uncertainty,4,800,0.30473627960174754,7.964905128897849,9.952052997022859,2.13161010103795,8.07791010379151,0.3416666666666667,6.255384206771851
12021,uncertainty,5,900,0.3299201245007781,7.770096700678806,9.831838185928365,2.13161010103795,8.07791010379151,0.375,6.62602162361145
12021,mixed,0,400,0.2779479871749198,7.943521775409745,9.963147925716635,,,0.0,5.716721534729004
12021,mixed,1,500,0.3134245214032587,7.880926059389644,9.867072134223083,-1.79640898725484,4.14989101549872,0.11666666666666667,6.0177295207977295
12021,mixed,2,600,0.2911983199894999,7.942916619688823,9.956281927777338,-1.79640898725484,4.14989101549872,0.18333333333333332,6.238555431365967
12021,mixed,3,700,0.3006136913355708,7.840151228918453,9.92186053285144,-1.79640898725484,4.14989101549872,0.275,6.229919672012329
12021,mixed,4,800,0.3219833873961712,7.787781580910655,9.887058201206113,-5.94630000275356,0.0,0.36666666666666664,6.205263137817383
12021,mixed,5,900,0.3379956124725779,7.72510723999872,9.80139635965016,-5.94630000275356,0.0,0.48333333333333334,6.490162134170532
12022,random,0,400,0.29980912380702374,7.5587975782391075,9.672051656588122,,,0.0,6.02803897857666
12022,random,1,500,0.2907357545984662,7.519977710574171,9.655341269496807,2.91626778182399,3.045256484077982,0.1,6.199811697006226
12022,random,2,600,0.3054236588978681,7.491398676214501,9.564760155856613,2.63410041427414,2.763089116528132,0.18333333333333332,6.1048362255096436
12022,random,3,700,0.3149837811486321,7.437931648696047,9.535052379355522,1.54152123986569,1.6705099421196818,0.24166666666666667,6.2736992835998535
12022,random,4,800,0.3596484353027206,7.290266276233228,9.370628433223409,-0.128988702253992,0.0,0.31666666666666665,6.338906288146973
12022,random,5,900,0.2997504359402246,7.527253956665132,9.49566255623429,-0.128988702253992,0.0,0.43333333333333335,6.3691816329956055
12022,greedy,0,400,0.29980912380702374,7.5587975782391075,9.672051656588122,,,0.0,6.13051176071167
12022,greedy,1,500,0.3093463709148182,7.449204744725876,9.623032886535649,1.54152123986569,1.6705099421196818,0.18333333333333332,6.366386413574219
12022,greedy,2,600,0.3580798004987531,7.3404771133934625,9.349659290775874,1.54152123986569,1.6705099421196818,0.36666666666666664,6.213024139404297
12022,greedy,3,700,0.3568477302983143,7.340233881301035,9.377298301911472,1.31582066329793,1.4448093655519219,0.49166666666666664,6.36426854133606
12022,greedy,4,800,0.37334895843099014,7.250716357188457,9.366523164158451,1.31582066329793,1.4448093655519219,0.6,6.446357011795044
12022,greedy,5,900,0.3444747154669716,7.449415120675161,9.47651407467365,1.31582066329793,1.4448093655519219,0.6833333333333333,6.53317403793335
12022,uncertainty,0,400,0.29980912380702374,7.5587975782391075,9.672051656588122,,,0.0,6.213555812835693
12022,uncertainty,1,500,0.2873491084319277,7.5955350257665035,9.66661973175504,1.54152123986569,1.6705099421196818,0.075,5.970257997512817
12022,uncertainty,2,600,0.3153713460709129,7.4335956702145545,9.502353639900972,1.54152123986569,1.6705099421196818,0.19166666666666668,6.000838279724121
12022,uncertainty,3,700,0.3357125982037388,7.439906262797433,9.479672113092654,1.54152123986569,1.6705099421196818,0.23333333333333334,6.244684457778931
12022,uncertainty,4,800,0.32169838561491004,7.413101067555572,9.494187208879675,1.54152123986569,1.6705099421196818,0.31666666666666665,6.513356685638428
12022,uncertainty,5,900,0.35538390864942904,7.362310997619078,9.34276299560853,1.54152123986569,1.6705099421196818,0.45,6.4864301681518555
12022,mixed,0,400,0.29980912380702374,7.5587975782391075,9.672051656588122,,,0.0,6.077840805053711
12022,mixed,1,500,0.33751410946318416,7.417379287875455,9.5031865635392,1.54152123986569,1.6705099421196818,0.11666666666666667,6.062300443649292
12022,mixed,2,600,0.33441734010837565,7.457956345527973,9.455773072950324,1.54152123986569,1.6705099421196818,0.21666666666666667,6.229480743408203
12022,mixed,3,700,0.3653372208576303,7.319934118693893,9.338547288870682,-0.128988702253992,0.0,0.3416666666666667,6.385528326034546
12022,mixed,4,800,0.3593778711116944,7.378606708160674,9.362481954729287,-0.128988702253992,0.0,0.4083333333333333,6.435394287109375
12022,mixed,5,900,0.3709991937449608,7.376765622065782,9.29217506425991,-0.128988702253992,0.0,0.5083333333333333,5.479593515396118
12023,random,0,400,0.2010488815555097,8.255045422414717,10.51641060464646,,,0.0,5.887674808502197
12023,random,1,500,0.26232838955243465,8.067040466251555,10.119430722970314,1.31582066329793,0.24755235353950988,0.09166666666666666,6.0700438022613525
12023,random,2,600,0.25012637578984864,8.135734405404483,10.271695705574034,1.06826830975842,0.0,0.20833333333333334,6.050885915756226
12023,random,3,700,0.2992546828417677,7.9416624648823895,10.039493411039324,1.06826830975842,0.0,0.31666666666666665,6.18943190574646
12023,random,4,800,0.3305295033093957,7.813771094158488,9.892743335823498,1.06826830975842,0.0,0.3416666666666667,6.3129472732543945
12023,random,5,900,0.3144171526072037,7.8679068944463415,9.950660863602074,1.06826830975842,0.0,0.4166666666666667,6.466685056686401
12023,greedy,0,400,0.2010488815555097,8.255045422414717,10.51641060464646,,,0.0,5.89236044883728
12023,greedy,1,500,0.2768235426471415,8.048209137581651,10.095282760195433,1.31582066329793,0.24755235353950988,0.11666666666666667,6.2385783195495605
12023,greedy,2,600,0.2808008175051094,8.047198029265553,10.096191210232192,1.31582066329793,0.24755235353950988,0.25833333333333336,6.027973175048828
12023,greedy,3,700,0.32318039487746797,7.92786764457917,9.993807749671223,1.31582066329793,0.24755235353950988,0.4166666666666667,6.124717473983765
12023,greedy,4,800,0.2922968893555584,7.924357110475426,9.995144900618502,1.31582066329793,0.24755235353950988,0.5666666666666667,6.522855520248413
12023,greedy,5,900,0.28831530197063726,8.030648712612226,10.12579333246289,1.31582066329793,0.24755235353950988,0.6583333333333333,6.492292404174805
12023,uncertainty,0,400,0.2010488815555097,8.255045422414717,10.51641060464646,,,0.0,6.159999132156372
12023,uncertainty,1,500,0.26090113063206644,7.977141718967061,10.067056086805453,2.17004855394771,1.1017802441892899,0.06666666666666667,6.293959856033325
12023,uncertainty,2,600,0.2304933155832224,7.973997159282804,10.222506611240759,1.82530723417949,0.75703892442107,0.18333333333333332,6.174178838729858
12023,uncertainty,3,700,0.2954275964224776,7.8842540661859175,9.912589176047483,1.75952003577549,0.6912517260170701,0.26666666666666666,6.330930709838867
12023,uncertainty,4,800,0.27119981999887494,7.9746083827614545,9.990021037125752,1.75952003577549,0.6912517260170701,0.3416666666666667,6.450352668762207
12023,uncertainty,5,900,0.2836116475727973,7.921479845302208,9.925013941766192,1.75952003577549,0.6912517260170701,0.4583333333333333,6.860514879226685
12023,mixed,0,400,0.2010488815555097,8.255045422414717,10.51641060464646,,,0.0,5.963024377822876
12023,mixed,1,500,0.2553229707685673,8.008488072133279,10.149625730903022,1.31582066329793,0.24755235353950988,0.025,6.44139289855957
12023,mixed,2,600,0.27746948418427614,7.837752688693392,10.070763399052836,1.31582066329793,0.24755235353950988,0.15,6.313954830169678
12023,mixed,3,700,0.30542422140138376,7.873699241790502,9.965245948245643,1.31582066329793,0.24755235353950988,0.2916666666666667,6.507228851318359
12023,mixed,4,800,0.34874711716948226,7.659535512719918,9.69498473590194,1.31582066329793,0.24755235353950988,0.4583333333333333,6.450939655303955
12023,mixed,5,900,0.3068696679354246,7.812623263727325,9.915730431894344,1.31582066329793,0.24755235353950988,0.5333333333333333,5.339680433273315
12024,random,0,400,0.2711923199519997,8.176918817477059,10.746108810911737,,,0.0,5.986184120178223
12024,random,1,500,0.2700258751617197,8.031458549521806,10.611422885584913,2.78908783021689,5.51330818251154,0.05,5.957662343978882
12024,random,2,600,0.2770372939830874,7.899295944806901,10.537066759801746,-2.72422035229465,0.0,0.15833333333333333,6.026224136352539
12024,random,3,700,0.29957080981756135,7.894959500683346,10.468027559888222,-2.72422035229465,0.0,0.25833333333333336,6.172534465789795
12024,random,4,800,0.30511034443965274,7.867119944006099,10.437322326991533,-2.72422035229465,0.0,0.3333333333333333,6.192408323287964
12024,random,5,900,0.3140927755798473,7.853778207511784,10.446738254003742,-2.72422035229465,0.0,0.4,6.341487646102905
12024,greedy,0,400,0.2711923199519997,8.176918817477059,10.746108810911737,,,0.0,6.0819714069366455
12024,greedy,1,500,0.2519524497028106,8.178881883220232,10.679800195244656,1.54152123986569,4.2657415921603405,0.20833333333333334,6.177329063415527
12024,greedy,2,600,0.26921324508278177,8.030921773190016,10.523950094651786,-2.72422035229465,0.0,0.3333333333333333,6.158509254455566
12024,greedy,3,700,0.32212851330320813,7.862996685008173,10.435725446795052,-2.72422035229465,0.0,0.49166666666666664,6.111807346343994
12024,greedy,4,800,0.3112408827555172,7.882199611941953,10.421500490709963,-2.72422035229465,0.0,0.5916666666666667,6.316234588623047
12024,greedy,5,900,0.3289344308401927,7.779518992013384,10.357727804346055,-2.72422035229465,0.0,0.7166666666666667,6.4506306648254395
12024,uncertainty,0,400,0.2711923199519997,8.176918817477059,10.746108810911737,,,0.0,6.46607780456543
12024,uncertainty,1,500,0.27929068306676913,8.00249580873198,10.540411474724623,-2.72422035229465,0.0,0.06666666666666667,5.942334175109863
12024,uncertainty,2,600,0.2742439015243845,7.969885217888682,10.612239987552341,-2.72422035229465,0.0,0.16666666666666666,6.124053478240967
12024,uncertainty,3,700,0.300525753285958,7.910971137626753,10.471536219926563,-2.72422035229465,0.0,0.225,6.167307376861572
12024,uncertainty,4,800,0.27534134588341175,7.917826041634068,10.474550327467844,-2.72422035229465,0.0,0.2916666666666667,6.183826923370361
12024,uncertainty,5,900,0.3272870455440346,7.850500022288848,10.406349628851801,-2.72422035229465,0.0,0.38333333333333336,6.63645339012146
12024,mixed,0,400,0.2711923199519997,8.176918817477059,10.746108810911737,,,0.0,6.071959018707275
12024,mixed,1,500,0.27223970149813437,7.952785650653043,10.54160060010371,1.54152123986569,4.2657415921603405,0.08333333333333333,6.134761333465576
12024,mixed,2,600,0.277990737442109,8.067880871046235,10.560144664126724,1.54152123986569,4.2657415921603405,0.19166666666666668,6.202294826507568
12024,mixed,3,700,0.30542778392364944,7.902325419269277,10.410163556075524,1.54152123986569,4.2657415921603405,0.30833333333333335,6.219202756881714
12024,mixed,4,800,0.29261301633135206,7.934748162083176,10.461993432869761,-1.79640898725484,0.9278113650398101,0.44166666666666665,6.299378395080566
12024,mixed,5,900,0.3123585772411077,7.875453152280236,10.407282912091636,-1.79640898725484,0.9278113650398101,0.5083333333333333,6.021815538406372
12025,random,0,400,0.36343802148763427,7.424380519367149,9.374458880982637,,,0.0,6.006455898284912
12025,random,1,500,0.37882811767573543,7.401719099832689,9.322688856979031,2.78908783021689,5.51330818251154,0.08333333333333333,5.968523025512695
12025,random,2,600,0.34567959799748743,7.4981137474493895,9.428765936759392,-0.128988702253992,2.5952316500406583,0.18333333333333332,6.146396160125732
12025,random,3,700,0.3532658954118463,7.526186079738766,9.43613116328768,-0.128988702253992,2.5952316500406583,0.23333333333333334,5.962196111679077
12025,random,4,800,0.34820186376164847,7.460071102071493,9.406269317871187,-0.128988702253992,2.5952316500406583,0.31666666666666665,6.176357269287109
12025,random,5,900,0.37004443777773605,7.4590132264511,9.402816696168765,-0.128988702253992,2.5952316500406583,0.425,6.2381556034088135
12025,greedy,0,400,0.36343802148763427,7.424380519367149,9.374458880982637,,,0.0,5.957943439483643
12025,greedy,1,500,0.3795153094706841,7.41267565552935,9.344353363134402,2.13161010103795,4.8558304533326,0.175,6.154602527618408
12025,greedy,2,600,0.32502840642754016,7.539786612953001,9.499023300635578,2.13161010103795,4.8558304533326,0.31666666666666665,7.015528678894043
12025,greedy,3,700,0.3803868149175932,7.452100134404912,9.358073000390256,-2.72422035229465,0.0,0.45,6.1938629150390625
12025,greedy,4,800,0.37825398908743174,7.422795551126958,9.34643909945445,-2.72422035229465,0.0,0.5833333333333334,6.369826555252075
12025,greedy,5,900,0.31754485965537277,7.5586989568265714,9.550746236461576,-2.72422035229465,0.0,0.6666666666666666,6.123248100280762
12025,uncertainty,0,400,0.36343802148763427,7.424380519367149,9.374458880982637,,,0.0,5.977140188217163
12025,uncertainty,1,500,0.33619410121313253,7.503408071901081,9.460327234211892,8.08814456644541,10.812364918740059,0.05,5.85989785194397
12025,uncertainty,2,600,0.3409067556672229,7.48241936083927,9.461293824879332,1.06826830975842,3.7924886620530702,0.175,6.041581153869629
12025,uncertainty,3,700,0.3246087788048675,7.521965903118667,9.50411285542043,1.06826830975842,3.7924886620530702,0.25,5.989780902862549
12025,uncertainty,4,800,0.3079048619053869,7.5172662813882996,9.550730343051956,-2.72422035229465,0.0,0.3416666666666667,6.184005498886108
12025,uncertainty,5,900,0.3191434946468415,7.602360942858445,9.572729924355944,-2.72422035229465,0.0,0.425,6.382567882537842
12025,mixed,0,400,0.36343802148763427,7.424380519367149,9.374458880982637,,,0.0,5.877549409866333
12025,mixed,1,500,0.33173963587272415,7.562268365855512,9.509784533946886,1.54152123986569,4.2657415921603405,0.08333333333333333,6.305006980895996
12025,mixed,2,600,0.31302064387902423,7.5669039015227035,9.52502855957801,1.06826830975842,3.7924886620530702,0.15833333333333333,6.138142824172974
12025,mixed,3,700,0.31838205238782735,7.633589061246404,9.544543488188042,1.06826830975842,3.7924886620530702,0.2833333333333333,6.135041952133179
12025,mixed,4,800,0.33345883411771315,7.506658455842207,9.452176796625212,1.06826830975842,3.7924886620530702,0.38333333333333336,6.103018283843994
12025,mixed,5,900,0.3626981418633866,7.475827362640997,9.39249149033807,1.06826830975842,3.7924886620530702,0.4583333333333333,6.197082281112671
12026,random,0,400,0.2463538522115763,7.556231982562276,9.920815705962447,,,0.0,5.950855016708374
12026,random,1,500,0.2966381039881499,7.486553600794127,9.807920557119669,6.09064042745013,12.036940430203689,0.09166666666666666,5.841615676879883
12026,random,2,600,0.3558468490428065,7.308992127235927,9.647493983026184,1.96463543386199,7.91093543661555,0.175,6.133951425552368
12026,random,3,700,0.38479909249432803,7.264326457274876,9.541894531703463,1.96463543386199,7.91093543661555,0.23333333333333334,5.983768463134766
12026,random,4,800,0.4061316633228957,7.190772114388181,9.438804674911927,1.82530723417949,7.7716072369330504,0.31666666666666665,6.1919496059417725
12026,random,5,900,0.34373558584741154,7.330432111308625,9.720214159828348,-1.79640898725484,4.14989101549872,0.4166666666666667,6.164501190185547
12026,greedy,0,400,0.2463538522115763,7.556231982562276,9.920815705962447,,,0.0,5.858007192611694
12026,greedy,1,500,0.2613355708473178,7.5596670652025875,9.932953564919654,-1.79640898725484,4.14989101549872,0.15833333333333333,6.040039539337158
12026,greedy,2,600,0.34321977012356325,7.317068408850778,9.66843585829124,-5.94630000275356,0.0,0.35,7.144013166427612
12026,greedy,3,700,0.3653471584197401,7.204221307109654,9.580301987765356,-5.94630000275356,0.0,0.5083333333333333,6.357288599014282
12026,greedy,4,800,0.30778654866592914,7.459097449632,9.765673716802967,-5.94630000275356,0.0,0.6,6.359180450439453
12026,greedy,5,900,0.35551553447209044,7.266609776257556,9.662327837235383,-5.94630000275356,0.0,0.7,6.311552286148071
12026,uncertainty,0,400,0.2463538522115763,7.556231982562276,9.920815705962447,,,0.0,5.942194700241089
12026,uncertainty,1,500,0.2996272476702979,7.467266717924763,9.807140320284788,1.54152123986569,7.487821242619249,0.11666666666666667,6.014973402023315
12026,uncertainty,2,600,0.32279939249620304,7.4424736987151165,9.78754830574097,-5.94630000275356,0.0,0.21666666666666667,6.073803901672363
12026,uncertainty,3,700,0.35316351977199856,7.396512200421259,9.700639123754678,-5.94630000275356,0.0,0.30833333333333335,5.953373432159424
12026,uncertainty,4,800,0.3641792136200851,7.330761860260496,9.652034258471168,-5.94630000275356,0.0,0.43333333333333335,6.380840301513672
12026,uncertainty,5,900,0.33342977143607144,7.34066657799839,9.682605721565757,-5.94630000275356,0.0,0.5166666666666667,6.296684503555298
12026,mixed,0,400,0.2463538522115763,7.556231982562276,9.920815705962447,,,0.0,5.860265493392944
12026,mixed,1,500,0.27957587234920217,7.516217420640445,9.93169482567787,1.82530723417949,7.7716072369330504,0.15,6.069934129714966
12026,mixed,2,600,0.2904880655504097,7.491633726726341,9.87944164742215,-1.79640898725484,4.14989101549872,0.275,6.090528726577759
12026,mixed,3,700,0.34144282151763444,7.393162680797169,9.666903484173885,-5.94630000275356,0.0,0.36666666666666664,6.208835601806641
12026,mixed,4,800,0.35341814636341473,7.400512768654441,9.634241316459876,-5.94630000275356,0.0,0.4666666666666667,6.132667541503906
12026,mixed,5,900,0.31159788498678115,7.463464541110665,9.76914522397354,-5.94630000275356,0.0,0.55,6.321577548980713
12027,random,0,400,0.25050006562541016,7.647481126076591,10.173161176149057,,,0.0,6.097547769546509
12027,random,1,500,0.28420096375602344,7.6540581890799695,10.11500916737847,2.86005131311322,8.806351315866781,0.09166666666666666,6.128107309341431
12027,random,2,600,0.31326795792473694,7.558690628822442,10.011170773662075,2.86005131311322,8.806351315866781,0.18333333333333332,6.268855333328247
12027,random,3,700,0.34404571278570484,7.480903350012441,9.885047885105783,2.86005131311322,8.806351315866781,0.24166666666666667,6.285197734832764
12027,random,4,800,0.32459640372752324,7.649758891920613,9.928749264316933,1.06826830975842,7.0145683125119795,0.31666666666666665,6.303741455078125
12027,random,5,900,0.35326645791536193,7.5357455043040495,9.871691483059621,-5.94630000275356,0.0,0.43333333333333335,6.606482028961182
12027,greedy,0,400,0.25050006562541016,7.647481126076591,10.173161176149057,,,0.0,5.941986799240112
12027,greedy,1,500,0.2815270095438096,7.698410845762689,10.119505316501202,-5.94630000275356,0.0,0.2,6.2247514724731445
12027,greedy,2,600,0.349099619372621,7.454799849926421,9.82623510495437,-5.94630000275356,0.0,0.38333333333333336,7.005289793014526
12027,greedy,3,700,0.3565891661822886,7.466770326464668,9.796189456898132,-5.94630000275356,0.0,0.5666666666666667,6.394132375717163
12027,greedy,4,800,0.3278675491721823,7.594282028635605,9.939856775020635,-5.94630000275356,0.0,0.675,6.106818675994873
12027,greedy,5,900,0.3595843099019368,7.574361904585789,9.885325269489579,-5.94630000275356,0.0,0.8083333333333333,6.2605860233306885
12027,uncertainty,0,400,0.25050006562541016,7.647481126076591,10.173161176149057,,,0.0,5.8847572803497314
12027,uncertainty,1,500,0.30327114544465894,7.671423492247552,10.086144895752152,3.41173968594012,9.35803968869368,0.058333333333333334,6.142638206481934
12027,uncertainty,2,600,0.32866742917143227,7.613028090728833,9.94508246003888,1.06826830975842,7.0145683125119795,0.11666666666666667,5.982590675354004
12027,uncertainty,3,700,0.358299739373371,7.567917278964583,9.876168468182001,1.06826830975842,7.0145683125119795,0.21666666666666667,6.259997367858887
12027,uncertainty,4,800,0.31535540847130294,7.718355897339543,10.052862163050847,-2.72422035229465,3.2220796504589098,0.31666666666666665,6.06761622428894
12027,uncertainty,5,900,0.3238640241501509,7.660296810359519,9.977512225077936,-2.72422035229465,3.2220796504589098,0.425,6.371115446090698
12027,mixed,0,400,0.25050006562541016,7.647481126076591,10.173161176149057,,,0.0,5.93669056892395
12027,mixed,1,500,0.3263261020381377,7.54724609493986,9.967343821686075,2.13161010103795,8.07791010379151,0.13333333333333333,6.289008855819702
12027,mixed,2,600,0.342251326570791,7.4934354369790075,9.916977088933386,-5.94630000275356,0.0,0.21666666666666667,6.203006029129028
12027,mixed,3,700,0.33674010462565385,7.550187303389177,9.9466387140715,-5.94630000275356,0.0,0.3333333333333333,6.376533508300781
12027,mixed,4,800,0.34609303808148795,7.517726783933755,9.903854519823179,-5.94630000275356,0.0,0.4083333333333333,6.2616472244262695
12027,mixed,5,900,0.35849624060150376,7.540101856631497,9.90448037769661,-5.94630000275356,0.0,0.5083333333333333,5.523845672607422
12028,random,0,400,0.29912343202145014,7.64495466296736,10.481518102613055,,,0.0,5.940341949462891
12028,random,1,500,0.3573924212026325,7.345873053484488,10.184455248186937,2.16613746399526,8.112437466748819,0.08333333333333333,5.9238152503967285
12028,random,2,600,0.36649916561978507,7.393140104530731,10.148147129466926,2.16613746399526,8.112437466748819,0.15833333333333333,6.0382373332977295
12028,random,3,700,0.3601631260195376,7.461040148944685,10.239896498433415,2.16613746399526,8.112437466748819,0.25833333333333336,5.941609144210815
12028,random,4,800,0.39315583222395134,7.3670563266291955,10.105300725812944,2.16613746399526,8.112437466748819,0.35833333333333334,6.183610439300537
12028,random,5,900,0.4047032793954962,7.366663047269316,10.070181834177445,2.16613746399526,8.112437466748819,0.425,6.257838487625122
12028,greedy,0,400,0.29912343202145014,7.64495466296736,10.481518102613055,,,0.0,5.790089130401611
12028,greedy,1,500,0.3523088894305589,7.4482575131679996,10.248504427958492,-5.94630000275356,0.0,0.16666666666666666,6.216111898422241
12028,greedy,2,600,0.33717266982918637,7.55225964334152,10.301873683315645,-5.94630000275356,0.0,0.2833333333333333,7.212493658065796
12028,greedy,3,700,0.3294759342245889,7.614638768028394,10.420107346677785,-5.94630000275356,0.0,0.4083333333333333,6.339706897735596
12028,greedy,4,800,0.3343144019650122,7.517237289173409,10.30870635508805,-5.94630000275356,0.0,0.5083333333333333,6.37883996963501
12028,greedy,5,900,0.3585125532034575,7.471528510585893,10.249203878165465,-5.94630000275356,0.0,0.6666666666666666,6.247416257858276
12028,uncertainty,0,400,0.29912343202145014,7.64495466296736,10.481518102613055,,,0.0,5.853926658630371
12028,uncertainty,1,500,0.3260844130275814,7.574609419898468,10.352221232163773,2.78908783021689,8.73538783297045,0.10833333333333334,6.119103193283081
12028,uncertainty,2,600,0.32736017100106873,7.483044661300729,10.303244531630357,2.78908783021689,8.73538783297045,0.16666666666666666,5.999421119689941
12028,uncertainty,3,700,0.32423883899274364,7.470048766468918,10.358457879377655,2.13161010103795,8.07791010379151,0.25,6.089762926101685
12028,uncertainty,4,800,0.35688635553972203,7.34760988497112,10.263201897663503,1.82530723417949,7.7716072369330504,0.3333333333333333,6.199860334396362
12028,uncertainty,5,900,0.363051206570041,7.3870358867396995,10.179254074250958,1.82530723417949,7.7716072369330504,0.4166666666666667,6.375978231430054
12028,mixed,0,400,0.29912343202145014,7.64495466296736,10.481518102613055,,,0.0,5.846062421798706
12028,mixed,1,500,0.3231106444415277,7.527866013417704,10.353598275028846,2.78908783021689,8.73538783297045,0.14166666666666666,6.132151365280151
12028,mixed,2,600,0.3151202820017625,7.5758775246356365,10.407786512658925,-5.94630000275356,0.0,0.2833333333333333,6.123613357543945
12028,mixed,3,700,0.35040519003243764,7.500442987438655,10.289108752260685,-5.94630000275356,0.0,0.325,6.218526363372803
12028,mixed,4,800,0.3733617085106781,7.368228845275396,10.23558314770666,-5.94630000275356,0.0,0.4083333333333333,6.161219596862793
12028,mixed,5,900,0.3694202463765398,7.480904088202873,10.207552488616232,-5.94630000275356,0.0,0.49166666666666664,6.188615798950195
12029,random,0,400,0.23990324939530872,7.699363812403225,9.898420127047801,,,0.0,5.983474254608154
12029,random,1,500,0.24782254889093056,7.711273363648163,9.89425157189573,-1.79640898725484,0.9278113650398101,0.06666666666666667,6.2583231925964355
12029,random,2,600,0.24693810586316162,7.529276073216022,9.877643712943232,-1.79640898725484,0.9278113650398101,0.13333333333333333,6.9950807094573975
12029,random,3,700,0.2956940355877224,7.581646205246725,9.78036592350271,-1.79640898725484,0.9278113650398101,0.225,6.191558122634888
12029,random,4,800,0.31031050194063714,7.411228943120971,9.744221660113018,-1.79640898725484,0.9278113650398101,0.31666666666666665,6.3014867305755615
12029,random,5,900,0.2798614366339789,7.530556218391321,9.83548236061514,-1.79640898725484,0.9278113650398101,0.4083333333333333,6.66645073890686
12029,greedy,0,400,0.23990324939530872,7.699363812403225,9.898420127047801,,,0.0,6.214956521987915
12029,greedy,1,500,0.16919730748317177,7.914551555632657,10.186630717669194,-1.79640898725484,0.9278113650398101,0.15833333333333333,6.748903512954712
12029,greedy,2,600,0.23766992293701833,7.5938697713,9.895491571274157,-1.79640898725484,0.9278113650398101,0.2916666666666667,7.1111249923706055
12029,greedy,3,700,0.2741432133950837,7.5399403046159055,9.853817864264741,-1.79640898725484,0.9278113650398101,0.45,6.652454853057861
12029,greedy,4,800,0.27704048150300936,7.556263841079394,9.807236486156665,-2.72422035229465,0.0,0.6,6.433977365493774
12029,greedy,5,900,0.2601668760429752,7.66953479554039,9.842620630242592,-2.72422035229465,0.0,0.725,6.456478118896484
12029,uncertainty,0,400,0.23990324939530872,7.699363812403225,9.898420127047801,,,0.0,6.140848159790039
12029,uncertainty,1,500,0.27753398458740364,7.599264852524817,9.828143766229415,-1.79640898725484,0.9278113650398101,0.08333333333333333,6.262629747390747
12029,uncertainty,2,600,0.27652485328033294,7.497409205825734,9.81392003052744,-1.79640898725484,0.9278113650398101,0.13333333333333333,6.181213140487671
12029,uncertainty,3,700,0.32050962818517614,7.491732605654188,9.69697530985438,-1.79640898725484,0.9278113650398101,0.20833333333333334,6.093952894210815
12029,uncertainty,4,800,0.29390077437983986,7.440124838912509,9.717879489264188,-1.79640898725484,0.9278113650398101,0.25,6.205578565597534
12029,uncertainty,5,900,0.30997787486171785,7.44032139201503,9.716437610060922,-1.79640898725484,0.9278113650398101,0.3416666666666667,6.548636436462402
12029,mixed,0,400,0.23990324939530872,7.699363812403225,9.898420127047801,,,0.0,6.061536073684692
12029,mixed,1,500,0.26266251664072904,7.630179866367896,9.830626593575852,3.41173968594012,6.135960038234771,0.08333333333333333,6.221808433532715
12029,mixed,2,600,0.2810220688879305,7.4386627296476195,9.755583899791983,1.96463543386199,4.6888557861566404,0.15833333333333333,6.495971918106079
12029,mixed,3,700,0.2695989349933437,7.529528070814177,9.813351649885856,1.96463543386199,4.6888557861566404,0.3416666666666667,6.227689743041992
12029,mixed,4,800,0.24636172726079533,7.502197814570766,9.906753112374314,1.96463543386199,4.6888557861566404,0.45,6.317271709442139
12029,mixed,5,900,0.2643310895693098,7.532947895329072,9.874571962918065,-1.79640898725484,0.9278113650398101,0.525,5.323312282562256
12030,random,0,400,0.3650469690435565,7.533642883319647,9.517901725907002,,,0.0,5.923875331878662
12030,random,1,500,0.29829036431477696,7.746471040919546,9.73560559819482,1.31582066329793,7.26212066605149,0.14166666666666666,6.324953317642212
12030,random,2,600,0.3809545684660529,7.500270875215325,9.404619173658856,1.31582066329793,7.26212066605149,0.175,6.9910569190979
12030,random,3,700,0.3712380702379389,7.476731341784008,9.486006984534827,1.31582066329793,7.26212066605149,0.25833333333333336,6.324896574020386
12030,random,4,800,0.2996975606097538,7.668225313865528,9.703617148174953,1.31582066329793,7.26212066605149,0.3,6.1801676750183105
12030,random,5,900,0.335382408640054,7.525169195364715,9.521931633247078,1.31582066329793,7.26212066605149,0.39166666666666666,6.186489820480347
12030,greedy,0,400,0.3650469690435565,7.533642883319647,9.517901725907002,,,0.0,5.925949573516846
12030,greedy,1,500,0.33531303320645744,7.536520119238925,9.572892084632473,-5.94630000275356,0.0,0.14166666666666666,6.642185926437378
12030,greedy,2,600,0.3454268464177901,7.6307393406033475,9.57721863950915,-5.94630000275356,0.0,0.30833333333333335,7.136188268661499
12030,greedy,3,700,0.4013031331445821,7.4719547618723645,9.404525695286502,-5.94630000275356,0.0,0.45,7.080748796463013
12030,greedy,4,800,0.387802673766711,7.341477723109044,9.371726313535568,-5.94630000275356,0.0,0.5833333333333334,6.372005462646484
12030,greedy,5,900,0.3752871580447377,7.392112703184446,9.415683287677014,-5.94630000275356,0.0,0.6833333333333333,6.393393039703369
12030,uncertainty,0,400,0.3650469690435565,7.533642883319647,9.517901725907002,,,0.0,5.812195301055908
12030,uncertainty,1,500,0.3090204938780867,7.680872797901482,9.748509023913794,3.73313455799507,9.67943456074863,0.10833333333333334,6.146192789077759
12030,uncertainty,2,600,0.2582069262932893,7.777709475151593,9.940671555226395,1.75952003577549,7.70582003852905,0.2,6.118373394012451
12030,uncertainty,3,700,0.3218877617985112,7.59673534930107,9.64686300890038,1.75952003577549,7.70582003852905,0.2916666666666667,6.092886209487915
12030,uncertainty,4,800,0.3544413402583766,7.422276596506092,9.52524085558909,1.06826830975842,7.0145683125119795,0.38333333333333336,6.345815181732178
12030,uncertainty,5,900,0.3549685935537097,7.472053748346577,9.487624660928425,-5.94630000275356,0.0,0.4583333333333333,6.683319568634033
12030,mixed,0,400,0.3650469690435565,7.533642883319647,9.517901725907002,,,0.0,5.85515022277832
12030,mixed,1,500,0.32647179044869024,7.566113581955039,9.642267858960825,2.13161010103795,8.07791010379151,0.10833333333333334,6.043172836303711
12030,mixed,2,600,0.3500547503421896,7.481876515868639,9.517345608383348,1.75952003577549,7.70582003852905,0.2,6.519879579544067
12030,mixed,3,700,0.36041550259689115,7.507823208159623,9.524633299741897,-5.94630000275356,0.0,0.26666666666666666,6.071325778961182
12030,mixed,4,800,0.35482234263964146,7.4333772121071595,9.515785042256736,-5.94630000275356,0.0,0.3333333333333333,6.354001760482788
12030,mixed,5,900,0.34352408452552824,7.533586720702531,9.554618071952556,-5.94630000275356,0.0,0.48333333333333334,5.954627990722656
12031,random,0,400,0.23826355164719776,7.980656828673731,10.24430880903628,,,0.0,5.9835052490234375
12031,random,1,500,0.23989031181444878,7.860073490561761,10.165157487650667,1.96463543386199,7.91093543661555,0.06666666666666667,6.141553163528442
12031,random,2,600,0.2583282395514972,7.878868904980087,10.049583013387016,1.96463543386199,7.91093543661555,0.19166666666666668,6.977604150772095
12031,random,3,700,0.30769167307295664,7.594721493872028,9.8839658287304,-5.94630000275356,0.0,0.2916666666666667,6.200079441070557
12031,random,4,800,0.3002236888980556,7.653564731371721,9.92522694783892,-5.94630000275356,0.0,0.36666666666666664,6.382426977157593
12031,random,5,900,0.29991562447265296,7.728553088563701,9.968429903989433,-5.94630000275356,0.0,0.4666666666666667,6.184618711471558
12031,greedy,0,400,0.23826355164719776,7.980656828673731,10.24430880903628,,,0.0,6.081754922866821
12031,greedy,1,500,0.23019462621641382,7.90876155298919,10.204731548198954,-5.94630000275356,0.0,0.18333333333333332,6.828858137130737
12031,greedy,2,600,0.19263607897549356,8.133367408274722,10.3927074211313,-5.94630000275356,0.0,0.3333333333333333,7.134943723678589
12031,greedy,3,700,0.3053810961318508,7.729512768783886,10.001845000059266,-5.94630000275356,0.0,0.475,6.889595031738281
12031,greedy,4,800,0.24593909961937258,7.87854896619942,10.165801493367171,-5.94630000275356,0.0,0.6083333333333333,6.254340648651123
12031,greedy,5,900,0.23646129038306485,7.896347435151435,10.184009830435178,-5.94630000275356,0.0,0.7083333333333334,6.475633144378662
12031,uncertainty,0,400,0.23826355164719776,7.980656828673731,10.24430880903628,,,0.0,5.926387786865234
12031,uncertainty,1,500,0.2597236232726454,7.8589501548158625,10.105388298563685,1.82530723417949,7.7716072369330504,0.058333333333333334,6.182456016540527
12031,uncertainty,2,600,0.2817488234301464,7.7837637396290145,10.000739458371767,1.82530723417949,7.7716072369330504,0.16666666666666666,6.179191827774048
12031,uncertainty,3,700,0.3022093263082894,7.686479198651008,9.948754591995586,1.82530723417949,7.7716072369330504,0.2916666666666667,6.163155555725098
12031,uncertainty,4,800,0.28946787167419796,7.7747832863272235,10.024525114476184,-2.72422035229465,3.2220796504589098,0.4166666666666667,6.278513431549072
12031,uncertainty,5,900,0.300537003356271,7.714570380235561,9.993272653067777,-2.72422035229465,3.2220796504589098,0.5333333333333333,6.794611215591431
12031,mixed,0,400,0.23826355164719776,7.980656828673731,10.24430880903628,,,0.0,5.857699155807495
12031,mixed,1,500,0.23898824367652297,7.9102591972910865,10.163186517586198,-5.94630000275356,0.0,0.125,6.157928705215454
12031,mixed,2,600,0.26408958805992533,8.01546876203237,10.198282987317377,-5.94630000275356,0.0,0.225,6.689062118530273
12031,mixed,3,700,0.2753462209138807,7.78480849620556,10.041954405438016,-5.94630000275356,0.0,0.31666666666666665,6.261740684509277
12031,mixed,4,800,0.2804177526109538,7.758606434993833,10.055567917808824,-5.94630000275356,0.0,0.425,6.31577730178833
12031,mixed,5,900,0.2957857236607728,7.726922655566508,9.974075963066241,-5.94630000275356,0.0,0.5,5.810953617095947
12032,random,0,400,0.316333602085013,6.73520207175617,8.679855935018342,,,0.0,5.830512285232544
12032,random,1,500,0.2600380627378921,6.960463950031931,8.940058430213966,-1.79640898725484,4.14989101549872,0.058333333333333334,6.157958745956421
12032,random,2,600,0.25929349558434733,6.981549053558317,8.857913798365217,-1.79640898725484,4.14989101549872,0.15833333333333333,6.976572513580322
12032,random,3,700,0.27745467159169745,6.860538727377343,8.724555688243159,-1.79640898725484,4.14989101549872,0.275,6.265564441680908
12032,random,4,800,0.33807661297883107,6.711568783453101,8.526994556000616,-1.79640898725484,4.14989101549872,0.325,6.284089803695679
12032,random,5,900,0.3459668497928111,6.777968258783642,8.598068052247747,-1.79640898725484,4.14989101549872,0.4083333333333333,6.356600999832153
12032,greedy,0,400,0.316333602085013,6.73520207175617,8.679855935018342,,,0.0,5.814291954040527
12032,greedy,1,500,0.2861914761967262,6.987397459728238,8.892468101221459,-5.94630000275356,0.0,0.175,6.440899848937988
12032,greedy,2,600,0.2989226182663641,6.900596260819484,8.761545224464026,-5.94630000275356,0.0,0.275,6.975581884384155
12032,greedy,3,700,0.32064050400315,6.81739411286296,8.670675510626646,-5.94630000275356,0.0,0.38333333333333336,6.664752960205078
12032,greedy,4,800,0.33339508371927323,6.83210747986234,8.619322875608596,-5.94630000275356,0.0,0.5166666666666667,6.303161144256592
12032,greedy,5,900,0.3421159507246919,6.732617936071554,8.57577002612641,-5.94630000275356,0.0,0.6333333333333333,6.411766290664673
12032,uncertainty,0,400,0.316333602085013,6.73520207175617,8.679855935018342,,,0.0,5.759203910827637
12032,uncertainty,1,500,0.28107963174769834,6.801685151506822,8.858769855103697,3.41173968594012,9.35803968869368,0.1,5.767242431640625
12032,uncertainty,2,600,0.3450655316595728,6.672676892151646,8.631224779049573,1.82530723417949,7.7716072369330504,0.15,6.051501512527466
12032,uncertainty,3,700,0.353347645922787,6.627090092385629,8.603151402515707,1.82530723417949,7.7716072369330504,0.225,6.151499032974243
12032,uncertainty,4,800,0.37349445934037084,6.576604248482717,8.486855796874844,-1.79640898725484,4.14989101549872,0.3416666666666667,6.317620515823364
12032,uncertainty,5,900,0.36948868430427684,6.622216730993879,8.485359435408267,-1.79640898725484,4.14989101549872,0.4083333333333333,6.349727630615234
12032,mixed,0,400,0.316333602085013,6.73520207175617,8.679855935018342,,,0.0,5.556961536407471
12032,mixed,1,500,0.32774998593741206,6.794956538262478,8.685977982794402,1.96463543386199,7.91093543661555,0.15,5.99271297454834
12032,mixed,2,600,0.3778034237713985,6.649811732470282,8.542884945087888,1.06826830975842,7.0145683125119795,0.225,6.342917442321777
12032,mixed,3,700,0.35917930737067105,6.624972568961064,8.54083214390944,1.06826830975842,7.0145683125119795,0.25833333333333336,6.437229633331299
12032,mixed,4,800,0.40809067556672224,6.519168493295876,8.332919404353737,-1.79640898725484,4.14989101549872,0.3416666666666667,6.340578556060791
12032,mixed,5,900,0.37015637597734985,6.626503538362072,8.510131021069684,-1.79640898725484,4.14989101549872,0.44166666666666665,6.657410621643066
12033,random,0,400,0.2652273451709073,7.767035225481709,9.907055978165696,,,0.0,5.906647205352783
12033,random,1,500,0.2999364371027319,7.770289039383783,9.798661517337582,2.91626778182399,8.86256778457755,0.08333333333333333,5.934266567230225
12033,random,2,600,0.3030633941462134,7.699609847448233,9.808719240542446,2.91626778182399,8.86256778457755,0.18333333333333332,6.0244529247283936
12033,random,3,700,0.30459096619353865,7.718050292701778,9.76195836324311,1.96463543386199,7.91093543661555,0.26666666666666666,6.235083341598511
12033,random,4,800,0.3168362927268295,7.758349703199815,9.781212824373096,1.96463543386199,7.91093543661555,0.35,6.293510675430298
12033,random,5,900,0.31109688185551154,7.671817453866854,9.743784926133234,1.54152123986569,7.487821242619249,0.43333333333333335,6.871781349182129
12033,greedy,0,400,0.2652273451709073,7.767035225481709,9.907055978165696,,,0.0,5.887575626373291
12033,greedy,1,500,0.28258320364502276,7.830388606335767,9.943062512550176,2.13161010103795,8.07791010379151,0.15833333333333333,6.476308345794678
12033,greedy,2,600,0.30902574391089943,7.783780469583723,9.868258734418776,-5.94630000275356,0.0,0.30833333333333335,6.163959741592407
12033,greedy,3,700,0.35173007331295825,7.594767551187722,9.678019957698725,-5.94630000275356,0.0,0.48333333333333334,6.274174928665161
12033,greedy,4,800,0.33135019593872456,7.670340927282325,9.73382448870535,-5.94630000275356,0.0,0.6,6.373415470123291
12033,greedy,5,900,0.3475598597491234,7.568928313315822,9.67541421083594,-5.94630000275356,0.0,0.7083333333333334,6.414811849594116
12033,uncertainty,0,400,0.2652273451709073,7.767035225481709,9.907055978165696,,,0.0,5.833679914474487
12033,uncertainty,1,500,0.3036564603528772,7.726909504750924,9.773201825456177,4.04922987856844,9.995529881322,0.08333333333333333,6.001803398132324
12033,uncertainty,2,600,0.3198001237507734,7.5806347657612205,9.739029102910905,-5.94630000275356,0.0,0.21666666666666667,5.975484132766724
12033,uncertainty,3,700,0.32393246207788795,7.632081794901256,9.69028880600185,-5.94630000275356,0.0,0.2833333333333333,6.0716166496276855
12033,uncertainty,4,800,0.3065707910674441,7.71027385396694,9.735694894807242,-5.94630000275356,0.0,0.35,6.319569826126099
12033,uncertainty,5,900,0.3475877974237338,7.518849010619874,9.615101226786562,-5.94630000275356,0.0,0.4166666666666667,6.25407600402832
12033,mixed,0,400,0.2652273451709073,7.767035225481709,9.907055978165696,,,0.0,5.80436635017395
12033,mixed,1,500,0.2982575516096975,7.785738775748877,9.806302103740881,4.69478829079162,10.641088293545181,0.11666666666666667,6.079126834869385
12033,mixed,2,600,0.29887724298276863,7.754245199236078,9.808807336290467,-5.94630000275356,0.0,0.23333333333333334,6.489227294921875
12033,mixed,3,700,0.3211737573359833,7.6267949720872865,9.685252362659309,-5.94630000275356,0.0,0.35833333333333334,6.374495267868042
12033,mixed,4,800,0.33539684623028887,7.64344534276097,9.674054977020361,-5.94630000275356,0.0,0.4166666666666667,6.654106378555298
12033,mixed,5,900,0.3314503215645097,7.572613023695812,9.6852264391754,-5.94630000275356,0.0,0.525,6.014583110809326
12034,random,0,400,0.3329205182532391,7.700376828485971,10.320447333088165,,,0.0,6.057037591934204
12034,random,1,500,0.259156994731217,7.845224405192025,10.542354456371463,1.31582066329793,3.11222965055277,0.09166666666666666,6.1855762004852295
12034,random,2,600,0.29279376746104663,7.774966150828138,10.51352829382007,1.06826830975842,2.86467729701326,0.16666666666666666,6.043590068817139
12034,random,3,700,0.3119149494684341,7.727975367927879,10.478725249885734,1.06826830975842,2.86467729701326,0.25833333333333336,6.1052772998809814
12034,random,4,800,0.31560628503928145,7.707404485899149,10.45456522171176,1.06826830975842,2.86467729701326,0.375,6.294700384140015
12034,random,5,900,0.3121232632703954,7.7737046385699475,10.429514100130321,1.06826830975842,2.86467729701326,0.4583333333333333,6.935010671615601
12034,greedy,0,400,0.3329205182532391,7.700376828485971,10.320447333088165,,,0.0,6.127666711807251
12034,greedy,1,500,0.27040744004650025,7.8805937198982905,10.536421988597175,1.96463543386199,3.7610444211168303,0.15,6.727923154830933
12034,greedy,2,600,0.2945009656310351,7.9148090086897405,10.476032535524443,1.96463543386199,3.7610444211168303,0.31666666666666665,6.256943225860596
12034,greedy,3,700,0.32110831942699636,7.715890348357841,10.307804383656899,1.96463543386199,3.7610444211168303,0.425,6.1152262687683105
12034,greedy,4,800,0.3185918661991637,7.74488483654794,10.379168919331338,1.96463543386199,3.7610444211168303,0.5583333333333333,6.383720397949219
12034,greedy,5,900,0.3233120207001293,7.758535515898213,10.350281849282498,-1.79640898725484,0.0,0.6666666666666666,6.583416938781738
12034,uncertainty,0,400,0.3329205182532391,7.700376828485971,10.320447333088165,,,0.0,6.047075271606445
12034,uncertainty,1,500,0.2791864324152026,7.983987306325202,10.55827459539695,2.86005131311322,4.65646030036806,0.1,5.966100692749023
12034,uncertainty,2,600,0.3183430521440759,7.858826764576265,10.416558995731165,2.63410041427414,4.43050940152898,0.15,5.96491265296936
12034,uncertainty,3,700,0.28850936568353547,7.786191900619099,10.451951506534657,2.63410041427414,4.43050940152898,0.21666666666666667,6.228520393371582
12034,uncertainty,4,800,0.3084624903905649,7.816328771694143,10.371378946323775,-1.79640898725484,0.0,0.30833333333333335,6.268815517425537
12034,uncertainty,5,900,0.30157463484146774,7.787531389687728,10.448123312966958,-1.79640898725484,0.0,0.375,6.3104565143585205
12034,mixed,0,400,0.3329205182532391,7.700376828485971,10.320447333088165,,,0.0,6.103296279907227
12034,mixed,1,500,0.27119044494028083,7.91328765051655,10.496559587839382,2.13161010103795,3.92801908829279,0.10833333333333334,6.359884977340698
12034,mixed,2,600,0.29011625072656705,7.861605709680389,10.465625392092923,2.13161010103795,3.92801908829279,0.2,6.388366937637329
12034,mixed,3,700,0.29590497440609004,7.824557624272668,10.484913835281557,-1.79640898725484,0.0,0.3333333333333333,6.22018837928772
12034,mixed,4,800,0.26478202988768673,7.890300061472314,10.575721788973292,-1.79640898725484,0.0,0.44166666666666665,6.525156259536743
12034,mixed,5,900,0.2947074044212776,7.883058183617634,10.499855013322279,-1.79640898725484,0.0,0.55,5.719966888427734
12035,random,0,400,0.2333708960681004,7.626570461076155,9.417463882658058,,,0.0,6.130076885223389
12035,random,1,500,0.29085519284495526,7.328806897077402,9.167369592266443,2.78908783021689,8.73538783297045,0.1,6.28591251373291
12035,random,2,600,0.27330658316614476,7.341865062706774,9.154078335193493,1.31582066329793,7.26212066605149,0.16666666666666666,6.2376673221588135
12035,random,3,700,0.28943487146794666,7.346494592044451,9.121445347884832,1.31582066329793,7.26212066605149,0.2833333333333333,6.2109010219573975
12035,random,4,800,0.3424180151125944,7.156847393516461,8.990572749419488,1.31582066329793,7.26212066605149,0.36666666666666664,6.534343481063843
12035,random,5,900,0.3403399396246226,7.138583724303027,8.921980407456017,-2.72422035229465,3.2220796504589098,0.475,6.816243886947632
12035,greedy,0,400,0.2333708960681004,7.626570461076155,9.417463882658058,,,0.0,6.172363519668579
12035,greedy,1,500,0.2672531078319239,7.405591390444377,9.239574537648801,-5.94630000275356,0.0,0.19166666666666668,6.611612319946289
12035,greedy,2,600,0.29281326758292237,7.342282643543249,9.14282852971114,-5.94630000275356,0.0,0.4,6.203850746154785
12035,greedy,3,700,0.2978945493409334,7.2986775224166305,9.047768824304285,-5.94630000275356,0.0,0.5166666666666667,6.058991432189941
12035,greedy,4,800,0.29523615772598577,7.358577966998625,9.142188646174878,-5.94630000275356,0.0,0.6333333333333333,6.323541164398193
12035,greedy,5,900,0.2908086925543284,7.352775907197563,9.123383067654675,-5.94630000275356,0.0,0.7,6.4403979778289795
12035,uncertainty,0,400,0.2333708960681004,7.626570461076155,9.417463882658058,,,0.0,6.028442144393921
12035,uncertainty,1,500,0.27636153975962346,7.427636874340594,9.187216537407036,4.20880715476233,10.15510715751589,0.08333333333333333,6.185933351516724
12035,uncertainty,2,600,0.2656655354095963,7.4016082743972245,9.200598413257463,1.75952003577549,7.70582003852905,0.14166666666666666,6.204198360443115
12035,uncertainty,3,700,0.2761266007912549,7.339831994876229,9.138302484532737,1.75952003577549,7.70582003852905,0.225,6.075613260269165
12035,uncertainty,4,800,0.29831605197532485,7.315661276043393,9.14803068492706,1.75952003577549,7.70582003852905,0.24166666666666667,6.421206712722778
12035,uncertainty,5,900,0.2829188307426921,7.349498113748954,9.145226669851347,-5.94630000275356,0.0,0.3333333333333333,6.602736473083496
12035,mixed,0,400,0.2333708960681004,7.626570461076155,9.417463882658058,,,0.0,6.16285252571106
12035,mixed,1,500,0.2821380758629741,7.37940656987307,9.190769624992946,1.31582066329793,7.26212066605149,0.125,6.334318399429321
12035,mixed,2,600,0.26357733485834284,7.31658173495104,9.1946429867095,-5.94630000275356,0.0,0.20833333333333334,6.503457069396973
12035,mixed,3,700,0.25882268014175086,7.435064891389561,9.21698159840533,-5.94630000275356,0.0,0.30833333333333335,6.269518136978149
12035,mixed,4,800,0.334756154725967,7.175823431675679,9.00773385157398,-5.94630000275356,0.0,0.44166666666666665,6.417610168457031
12035,mixed,5,900,0.2648817805111282,7.378664714164834,9.206174169915021,-5.94630000275356,0.0,0.5083333333333333,5.0118043422698975
12036,random,0,400,0.4181746760917256,7.321527143204139,9.739180916015844,,,0.0,5.889883518218994
12036,random,1,500,0.3834848967806048,7.4355483209937505,9.80449310969045,4.54615422639108,10.49245422914464,0.058333333333333334,5.952286720275879
12036,random,2,600,0.3413149457184107,7.5728311738720695,9.99860539893289,-0.128988702253992,5.817311300499568,0.15833333333333333,5.841466188430786
12036,random,3,700,0.36560253501584383,7.483416453439697,9.848917411620905,-0.128988702253992,5.817311300499568,0.24166666666666667,6.050818920135498
12036,random,4,800,0.37627266420415123,7.439350302132709,9.87427593168008,-0.128988702253992,5.817311300499568,0.30833333333333335,6.140550851821899
12036,random,5,900,0.38177619860124123,7.412746273760053,9.834540373311343,-1.79640898725484,4.14989101549872,0.38333333333333336,6.742061614990234
12036,greedy,0,400,0.4181746760917256,7.321527143204139,9.739180916015844,,,0.0,6.02719259262085
12036,greedy,1,500,0.3917120732004575,7.363603119835139,9.779004480982026,-5.94630000275356,0.0,0.18333333333333332,6.370384931564331
12036,greedy,2,600,0.37741754635966474,7.464178751889683,9.844188828157316,-5.94630000275356,0.0,0.3333333333333333,6.160829067230225
12036,greedy,3,700,0.3675266720417002,7.551892806806664,9.872291846156761,-5.94630000275356,0.0,0.5166666666666667,6.067481517791748
12036,greedy,4,800,0.3712241951512196,7.454642924372538,9.92748239478784,-5.94630000275356,0.0,0.675,6.245218992233276
12036,greedy,5,900,0.39054187838673987,7.405169822460411,9.78587200083464,-5.94630000275356,0.0,0.7333333333333333,6.2748541831970215
12036,uncertainty,0,400,0.4181746760917256,7.321527143204139,9.739180916015844,,,0.0,5.909490585327148
12036,uncertainty,1,500,0.3837993362458515,7.410494100631966,9.801501352622417,4.07733535693114,10.0236353596847,0.1,5.964506387710571
12036,uncertainty,2,600,0.3344252151575947,7.560363123463851,9.968613580592308,4.07733535693114,10.0236353596847,0.14166666666666666,6.029635667800903
12036,uncertainty,3,700,0.38275645472784203,7.489292634457983,9.858265366292128,2.86005131311322,8.806351315866781,0.225,6.131734609603882
12036,uncertainty,4,800,0.3685121782011137,7.530676149216393,9.899879209885832,-0.128988702253992,5.817311300499568,0.3333333333333333,6.177929162979126
12036,uncertainty,5,900,0.3808206926293289,7.4734006894024825,9.846722576838859,-0.128988702253992,5.817311300499568,0.4166666666666667,6.189054012298584
12036,mixed,0,400,0.4181746760917256,7.321527143204139,9.739180916015844,,,0.0,5.819307088851929
12036,mixed,1,500,0.37662816642604013,7.41055654519047,9.780221517550128,-5.94630000275356,0.0,0.10833333333333334,5.957717657089233
12036,mixed,2,600,0.38803986274914215,7.346056400464904,9.713665299761923,-5.94630000275356,0.0,0.19166666666666668,6.449615240097046
12036,mixed,3,700,0.42740348377177356,7.249258863387635,9.633002897687948,-5.94630000275356,0.0,0.325,6.165765762329102
12036,mixed,4,800,0.3528685804286277,7.491960381269269,9.883846844921772,-5.94630000275356,0.0,0.4083333333333333,6.298540353775024
12036,mixed,5,900,0.35100988131175814,7.4843277001289925,9.865009707807994,-5.94630000275356,0.0,0.48333333333333334,6.571186065673828
12037,random,0,400,0.26811242570266064,7.842256231402375,9.644448410376699,,,0.0,6.096686124801636
12037,random,1,500,0.2892783079894249,7.76420802220718,9.659936241820757,3.41173968594012,6.135960038234771,0.09166666666666666,6.407009840011597
12037,random,2,600,0.2435415221345133,7.799053852129529,9.79782311674331,3.41173968594012,6.135960038234771,0.14166666666666666,6.23534083366394
12037,random,3,700,0.32032081450509065,7.509783393446716,9.510106540059653,3.41173968594012,6.135960038234771,0.23333333333333334,6.195741415023804
12037,random,4,800,0.3098113738210863,7.556998704733117,9.579894340834226,1.31582066329793,4.04004101559258,0.325,6.627908945083618
12037,random,5,900,0.32901955637222724,7.528274431032353,9.4930962918911,1.31582066329793,4.04004101559258,0.4,6.298563480377197
12037,greedy,0,400,0.26811242570266064,7.842256231402375,9.644448410376699,,,0.0,6.196374177932739
12037,greedy,1,500,0.2938842742767142,7.732792935021364,9.63019327514673,-2.72422035229465,0.0,0.15833333333333333,6.068096160888672
12037,greedy,2,600,0.31795286220538876,7.606388108654849,9.472397829942553,-2.72422035229465,0.0,0.3,6.170246124267578
12037,greedy,3,700,0.32955430971443567,7.601353296448938,9.459603260209647,-2.72422035229465,0.0,0.43333333333333335,6.225868225097656
12037,greedy,4,800,0.2869000431252695,7.646339910483672,9.579388051619533,-2.72422035229465,0.0,0.6166666666666667,6.36271858215332
12037,greedy,5,900,0.33666979168619804,7.559259839901926,9.416282791420963,-2.72422035229465,0.0,0.7333333333333333,6.364142894744873
12037,uncertainty,0,400,0.26811242570266064,7.842256231402375,9.644448410376699,,,0.0,6.599776983261108
12037,uncertainty,1,500,0.25254064087900546,7.828043700956801,9.68679890684329,1.75952003577549,4.4837403880701405,0.08333333333333333,6.400583267211914
12037,uncertainty,2,600,0.27574597341233376,7.791588122297551,9.623501103291426,1.75952003577549,4.4837403880701405,0.175,6.135376214981079
12037,uncertainty,3,700,0.2676489228057675,7.799650787807937,9.66247316678263,1.75952003577549,4.4837403880701405,0.3,6.190255880355835
12037,uncertainty,4,800,0.2715570097313108,7.711543674900241,9.62391028825598,1.75952003577549,4.4837403880701405,0.4,6.018516778945923
12037,uncertainty,5,900,0.2831265820411377,7.72374694922051,9.587330327911816,1.75952003577549,4.4837403880701405,0.475,6.284167766571045
12037,mixed,0,400,0.26811242570266064,7.842256231402375,9.644448410376699,,,0.0,6.007843017578125
12037,mixed,1,500,0.24932574578591116,7.8082400844956465,9.73870748647419,1.54152123986569,4.2657415921603405,0.10833333333333334,6.2698938846588135
12037,mixed,2,600,0.28109050681566755,7.760253024474298,9.593296086627564,1.54152123986569,4.2657415921603405,0.25,6.388867378234863
12037,mixed,3,700,0.3736187726173288,7.472599028742427,9.326394283799157,1.54152123986569,4.2657415921603405,0.325,6.0924766063690186
12037,mixed,4,800,0.327844111525697,7.55561678234249,9.424373510703056,1.54152123986569,4.2657415921603405,0.425,6.2830352783203125
12037,mixed,5,900,0.3628263926649541,7.470735321438571,9.333831526005005,1.54152123986569,4.2657415921603405,0.5,6.558320045471191
12038,random,0,400,0.24269795436221475,7.872319373668555,10.091074494220422,,,0.0,6.117435932159424
12038,random,1,500,0.32184294901843136,7.596991314068349,9.763921935065829,2.91626778182399,8.86256778457755,0.075,6.37566065788269
12038,random,2,600,0.30199669997937484,7.653588894022522,9.847596760568505,2.16613746399526,8.112437466748819,0.19166666666666668,6.261509895324707
12038,random,3,700,0.33010087563047263,7.605628489364545,9.766294778673009,1.06826830975842,7.0145683125119795,0.2833333333333333,6.208221435546875
12038,random,4,800,0.3267311045694035,7.601738598747285,9.734729409473376,-2.72422035229465,3.2220796504589098,0.35,6.5816521644592285
12038,random,5,900,0.3424183901149382,7.537760037241588,9.669884147069604,-2.72422035229465,3.2220796504589098,0.425,6.3945488929748535
12038,greedy,0,400,0.24269795436221475,7.872319373668555,10.091074494220422,,,0.0,6.215363025665283
12038,greedy,1,500,0.3274385464909155,7.592668773695563,9.74818092207587,-5.94630000275356,0.0,0.19166666666666668,6.095756769180298
12038,greedy,2,600,0.3034089588059925,7.679263738230984,9.813821900868824,-5.94630000275356,0.0,0.30833333333333335,6.173098564147949
12038,greedy,3,700,0.3253300958130988,7.565851261752202,9.736089179922498,-5.94630000275356,0.0,0.45,6.252355337142944
12038,greedy,4,800,0.3194742467140419,7.6540621252504275,9.736226308530544,-5.94630000275356,0.0,0.5083333333333333,6.370333194732666
12038,greedy,5,900,0.3579742373389833,7.516402404976227,9.607918768280186,-5.94630000275356,0.0,0.65,6.576138257980347
12038,uncertainty,0,400,0.24269795436221475,7.872319373668555,10.091074494220422,,,0.0,6.949063539505005
12038,uncertainty,1,500,0.35081563009768807,7.567511340339354,9.67041830069635,4.07733535693114,10.0236353596847,0.125,6.315783500671387
12038,uncertainty,2,600,0.3253334708341927,7.754379603947158,9.84021813152816,1.06826830975842,7.0145683125119795,0.21666666666666667,6.2931976318359375
12038,uncertainty,3,700,0.3417480734254589,7.589149060244658,9.747004751812975,-1.79640898725484,4.14989101549872,0.3333333333333333,6.0898966789245605
12038,uncertainty,4,800,0.3548047175294845,7.5684201380074265,9.657995453492454,-1.79640898725484,4.14989101549872,0.38333333333333336,6.469672679901123
12038,uncertainty,5,900,0.3506658166613541,7.6041156610804785,9.722300235371168,-1.79640898725484,4.14989101549872,0.4666666666666667,6.276268005371094
12038,mixed,0,400,0.24269795436221475,7.872319373668555,10.091074494220422,,,0.0,6.006666898727417
12038,mixed,1,500,0.32561809761311006,7.66587246228268,9.724864317171264,3.97923397722116,9.92553397997472,0.11666666666666667,6.0832908153533936
12038,mixed,2,600,0.299360996006225,7.691164356407432,9.822357198190376,1.06826830975842,7.0145683125119795,0.225,6.2082436084747314
12038,mixed,3,700,0.3726653291583072,7.503710020855529,9.630390045626777,1.06826830975842,7.0145683125119795,0.31666666666666665,6.3135902881622314
12038,mixed,4,800,0.34662516640728996,7.6020544754326895,9.720020416749737,1.06826830975842,7.0145683125119795,0.4,6.3661887645721436
12038,mixed,5,900,0.38302795642472764,7.482623434380284,9.579198081978575,-5.94630000275356,0.0,0.4583333333333333,6.183691024780273
12039,random,0,400,0.3006041287758048,7.343390244541443,9.252977985674317,,,0.0,6.086622953414917
12039,random,1,500,0.3240309001931262,7.252262954197689,9.110144448674207,3.031954188893,4.828363176147841,0.125,6.380335330963135
12039,random,2,600,0.3573211707573172,7.182947611260398,9.073015441382992,3.031954188893,4.828363176147841,0.24166666666666667,6.301470518112183
12039,random,3,700,0.33243807773798584,7.276689069079496,9.136102188389184,1.06826830975842,2.86467729701326,0.3,6.177260637283325
12039,random,4,800,0.3948259051619072,7.14175352650781,8.972116368406855,1.06826830975842,2.86467729701326,0.39166666666666666,6.6194047927856445
12039,random,5,900,0.35430240189001183,7.21388438295645,9.068737605001528,1.06826830975842,2.86467729701326,0.4583333333333333,6.291056394577026
12039,greedy,0,400,0.3006041287758048,7.343390244541443,9.252977985674317,,,0.0,6.194376707077026
12039,greedy,1,500,0.30888793054956587,7.355672566575634,9.220928383949145,-1.79640898725484,0.0,0.16666666666666666,6.115870714187622
12039,greedy,2,600,0.28909774436090224,7.369951713348512,9.3145546491831,-1.79640898725484,0.0,0.375,6.240249872207642
12039,greedy,3,700,0.30143457146607167,7.383803385260685,9.25560790450323,-1.79640898725484,0.0,0.48333333333333334,6.146625757217407
12039,greedy,4,800,0.38029268932930826,7.152179103265656,8.97249081758647,-1.79640898725484,0.0,0.6166666666666667,6.22881817817688
12039,greedy,5,900,0.36227326420790124,7.168225693497964,9.03243384454917,-1.79640898725484,0.0,0.7,6.3434131145477295
12039,uncertainty,0,400,0.3006041287758048,7.343390244541443,9.252977985674317,,,0.0,6.6984663009643555
12039,uncertainty,1,500,0.3188562428515178,7.328514003819603,9.211007440032347,2.13161010103795,3.92801908829279,0.1,6.458618402481079
12039,uncertainty,2,600,0.3640286501790636,7.157411152821911,9.055948983201166,1.82530723417949,3.62171622143433,0.19166666666666668,6.019684553146362
12039,uncertainty,3,700,0.33328258301614383,7.313258007233876,9.133076814600981,1.82530723417949,3.62171622143433,0.25,6.2033185958862305
12039,uncertainty,4,800,0.36930624566403536,7.1809825891131345,9.011527093276746,1.06826830975842,2.86467729701326,0.35,6.050412654876709
12039,uncertainty,5,900,0.36277707985674906,7.210242989915796,9.066341409149384,1.06826830975842,2.86467729701326,0.425,6.233621597290039
12039,mixed,0,400,0.3006041287758048,7.343390244541443,9.252977985674317,,,0.0,5.868851184844971
12039,mixed,1,500,0.2807383796148726,7.475763536804469,9.374936505947897,2.13161010103795,3.92801908829279,0.06666666666666667,6.147452354431152
12039,mixed,2,600,0.29826880168001046,7.323253945653798,9.227057888346925,1.06826830975842,2.86467729701326,0.16666666666666666,6.2879815101623535
12039,mixed,3,700,0.29137232107700667,7.451581235199483,9.300406533764185,1.06826830975842,2.86467729701326,0.23333333333333334,6.4612672328948975
12039,mixed,4,800,0.34258976618603865,7.286286411245692,9.091401349468624,1.06826830975842,2.86467729701326,0.36666666666666664,6.349314451217651
12039,mixed,5,900,0.3674634841467759,7.209907239409256,8.974662424816326,1.06826830975842,2.86467729701326,0.5083333333333333,6.490588903427124
12040,random,0,400,0.25552303451896574,7.446396495752021,9.411573700931395,,,0.0,6.080704927444458
12040,random,1,500,0.30413008831305194,7.296967623842124,9.16899018246784,-1.79640898725484,4.14989101549872,0.09166666666666666,6.392776966094971
12040,random,2,600,0.3289889936812105,7.279825487323064,9.15993770239053,-1.79640898725484,4.14989101549872,0.19166666666666668,6.308480739593506
12040,random,3,700,0.3501858136613354,7.234874649399153,9.07388054051554,-1.79640898725484,4.14989101549872,0.26666666666666666,6.19733738899231
12040,random,4,800,0.3563855399096244,7.236207186674699,9.063373546352398,-1.79640898725484,4.14989101549872,0.325,6.604897499084473
12040,random,5,900,0.3612995706223163,7.197672672888086,9.038473719663855,-1.79640898725484,4.14989101549872,0.4083333333333333,6.733909845352173
12040,greedy,0,400,0.25552303451896574,7.446396495752021,9.411573700931395,,,0.0,6.261613845825195
12040,greedy,1,500,0.2706093788086175,7.440579129602287,9.320004582705382,3.19723738387984,9.1435373866334,0.175,6.218708515167236
12040,greedy,2,600,0.23330433315208218,7.489364949052352,9.489904454629368,3.19723738387984,9.1435373866334,0.275,6.06614875793457
12040,greedy,3,700,0.2948988431177695,7.390380967344207,9.277390709022251,-5.94630000275356,0.0,0.4,6.473499059677124
12040,greedy,4,800,0.28882493015581345,7.403402592072773,9.247332681734854,-5.94630000275356,0.0,0.5916666666666667,6.590146541595459
12040,greedy,5,900,0.3386627416421352,7.278963073063355,9.146312306250872,-5.94630000275356,0.0,0.725,6.512901306152344
12040,uncertainty,0,400,0.25552303451896574,7.446396495752021,9.411573700931395,,,0.0,6.881502151489258
12040,uncertainty,1,500,0.24178969868561678,7.434613726037146,9.425417509362655,3.41173968594012,9.35803968869368,0.05,6.266516208648682
12040,uncertainty,2,600,0.31286389289933053,7.2891295463884,9.151957779899329,3.41173968594012,9.35803968869368,0.13333333333333333,6.3747382164001465
12040,uncertainty,3,700,0.3291116194476216,7.294542154269192,9.074470586856163,2.78908783021689,8.73538783297045,0.26666666666666666,6.1891889572143555
12040,uncertainty,4,800,0.3330776442352764,7.260389699985512,9.076060741846707,-1.79640898725484,4.14989101549872,0.36666666666666664,6.400963306427002
12040,uncertainty,5,900,0.3271496071850448,7.229096086124227,9.183957224280238,-1.79640898725484,4.14989101549872,0.43333333333333335,6.555060386657715
12040,mixed,0,400,0.25552303451896574,7.446396495752021,9.411573700931395,,,0.0,6.016381502151489
12040,mixed,1,500,0.26498696866855415,7.405783480045389,9.310277911931097,3.41173968594012,9.35803968869368,0.10833333333333334,6.269378185272217
12040,mixed,2,600,0.2590906193163707,7.457428864257913,9.296689985805818,3.41173968594012,9.35803968869368,0.24166666666666667,6.367613077163696
12040,mixed,3,700,0.29305364408527546,7.428650482303303,9.16623190435473,-5.94630000275356,0.0,0.31666666666666665,6.323523044586182
12040,mixed,4,800,0.3249879061744136,7.308798607315041,9.078121525016467,-5.94630000275356,0.0,0.44166666666666665,6.491735219955444
12040,mixed,5,900,0.3424722029512684,7.220008940575951,9.07046640630554,-5.94630000275356,0.0,0.5583333333333333,5.374764919281006
12041,random,0,400,0.24408321302008132,7.86490656372732,10.260114669098533,,,0.0,5.979506969451904
12041,random,1,500,0.20296026850167811,7.817567502375815,10.241707901127132,2.63410041427414,8.5804004170277,0.08333333333333333,6.079999685287476
12041,random,2,600,0.26543265895411844,7.634631267655031,10.038444581961182,1.75952003577549,7.70582003852905,0.19166666666666668,6.07442569732666
12041,random,3,700,0.25527028293926834,7.7050548641819345,10.117562301748878,1.75952003577549,7.70582003852905,0.325,6.080853462219238
12041,random,4,800,0.27793861211632576,7.602378813586995,10.056169743347809,1.75952003577549,7.70582003852905,0.4,6.240564346313477
12041,random,5,900,0.3487998049987812,7.475688696804997,9.842641949032457,1.75952003577549,7.70582003852905,0.475,6.655002117156982
12041,greedy,0,400,0.24408321302008132,7.86490656372732,10.260114669098533,,,0.0,6.117512464523315
12041,greedy,1,500,0.2207029418933868,7.755733700392514,10.178906956144933,-5.94630000275356,0.0,0.16666666666666666,6.256715536117554
12041,greedy,2,600,0.26266551665947907,7.711092397436865,10.098993479181843,-5.94630000275356,0.0,0.38333333333333336,7.133507490158081
12041,greedy,3,700,0.19161513509459432,7.873523426151985,10.388584216149239,-5.94630000275356,0.0,0.5,7.904032468795776
12041,greedy,4,800,0.2977777361108506,7.576352153030964,10.025032567641894,-5.94630000275356,0.0,0.575,7.13959527015686
12041,greedy,5,900,0.32867886674291713,7.505023004202328,9.8644006652487,-5.94630000275356,0.0,0.6916666666666667,7.220059394836426
12041,uncertainty,0,400,0.24408321302008132,7.86490656372732,10.260114669098533,,,0.0,6.691305637359619
12041,uncertainty,1,500,0.23224420152625952,7.8092239646562485,10.223844746231107,1.82530723417949,7.7716072369330504,0.125,6.200197219848633
12041,uncertainty,2,600,0.2521110756942231,7.740768103312122,10.175301868657689,-5.94630000275356,0.0,0.21666666666666667,6.21004581451416
12041,uncertainty,3,700,0.23563478521740758,7.739639076281257,10.279477822830446,-5.94630000275356,0.0,0.35833333333333334,6.282069683074951
12041,uncertainty,4,800,0.22645172782329887,7.729782495396473,10.266766645856425,-5.94630000275356,0.0,0.4666666666666667,6.199810981750488
12041,uncertainty,5,900,0.28132282076762977,7.690830730306232,10.093381022040173,-5.94630000275356,0.0,0.5333333333333333,6.596032381057739
12041,mixed,0,400,0.24408321302008132,7.86490656372732,10.260114669098533,,,0.0,6.185143709182739
12041,mixed,1,500,0.23081731760823498,7.797930911768458,10.16835423243945,1.82530723417949,7.7716072369330504,0.15833333333333333,6.372737646102905
12041,mixed,2,600,0.26557253482834264,7.719930471907812,10.143770639759284,-5.94630000275356,0.0,0.24166666666666667,6.114983081817627
12041,mixed,3,700,0.2715744473402958,7.541454474755679,9.990271861502352,-5.94630000275356,0.0,0.3333333333333333,6.267459869384766
12041,mixed,4,800,0.33002793767461047,7.429941368824404,9.84676341291639,-5.94630000275356,0.0,0.4583333333333333,6.775245904922485
12041,mixed,5,900,0.3287231170194813,7.47002667470967,9.91872881154961,-5.94630000275356,0.0,0.5916666666666667,6.140317678451538
12042,random,0,400,0.3193444959030994,7.446731161143187,9.528602009517291,,,0.0,6.180062770843506
12042,random,1,500,0.2622526390789942,7.688735709641203,9.794794749683756,7.04857466535032,8.84498365260516,0.09166666666666666,6.247889041900635
12042,random,2,600,0.30233757710985687,7.647298239158651,9.658019094518899,4.60837494907901,6.40478393633385,0.19166666666666668,6.042804956436157
12042,random,3,700,0.31178632366452286,7.53314658193052,9.586588020044925,4.07733535693114,5.8737443441859805,0.25,6.15369176864624
12042,random,4,800,0.31128794554965966,7.563352187778512,9.584163445463584,4.07733535693114,5.8737443441859805,0.3416666666666667,6.459655523300171
12042,random,5,900,0.3492863705398158,7.476137418624182,9.502875745209048,2.78908783021689,4.58549681747173,0.4,6.59937596321106
12042,greedy,0,400,0.3193444959030994,7.446731161143187,9.528602009517291,,,0.0,6.4082865715026855
12042,greedy,1,500,0.2447074044212776,7.793950576694804,9.935043033571251,2.13161010103795,3.92801908829279,0.175,6.387789249420166
12042,greedy,2,600,0.2935947724673279,7.631217193881514,9.755667469467491,-1.79640898725484,0.0,0.3416666666666667,7.144286394119263
12042,greedy,3,700,0.2727937674610466,7.689817646487129,9.757407354494548,-1.79640898725484,0.0,0.5,7.772379398345947
12042,greedy,4,800,0.28139557122232006,7.600825698046565,9.75900912996945,-1.79640898725484,0.0,0.5916666666666667,7.118107080459595
12042,greedy,5,900,0.3104794404965031,7.539236232316681,9.593010170848254,-1.79640898725484,0.0,0.6916666666666667,7.181568145751953
12042,uncertainty,0,400,0.3193444959030994,7.446731161143187,9.528602009517291,,,0.0,6.518106937408447
12042,uncertainty,1,500,0.26102469390433686,7.662587037455799,9.716192149417642,6.48926897501224,8.28567796226708,0.09166666666666666,6.114489793777466
12042,uncertainty,2,600,0.27112706954418464,7.688566827006871,9.68347477171571,1.75952003577549,3.5559290230303304,0.18333333333333332,5.887610912322998
12042,uncertainty,3,700,0.27606153788461174,7.670485402977911,9.6650681022563,1.75952003577549,3.5559290230303304,0.2916666666666667,6.07931923866272
12042,uncertainty,4,800,0.2855104719404496,7.668685965186894,9.616494618374938,-1.79640898725484,0.0,0.4166666666666667,6.160546779632568
12042,uncertainty,5,900,0.3351964074775467,7.466455115386336,9.395539977103173,-1.79640898725484,0.0,0.49166666666666664,6.374083995819092
12042,mixed,0,400,0.3193444959030994,7.446731161143187,9.528602009517291,,,0.0,6.062718868255615
12042,mixed,1,500,0.2517011981324883,7.698282750516694,9.803946358432906,1.54152123986569,3.33793022712053,0.11666666666666667,6.3366100788116455
12042,mixed,2,600,0.27773104831905193,7.682511331617114,9.6954446551115,1.54152123986569,3.33793022712053,0.19166666666666668,6.020264387130737
12042,mixed,3,700,0.27634578966118534,7.670612583703527,9.6609191797276,1.54152123986569,3.33793022712053,0.3333333333333333,6.145381450653076
12042,mixed,4,800,0.2899411246320289,7.612831475685682,9.641486302090646,1.54152123986569,3.33793022712053,0.4583333333333333,6.665054559707642
12042,mixed,5,900,0.3170312939455871,7.566484417514639,9.551328658527417,1.54152123986569,3.33793022712053,0.5416666666666666,6.340185880661011
12043,random,0,400,0.34892168076050467,7.032578282407151,9.226047119979066,,,0.0,5.957457780838013
12043,random,1,500,0.3034530215813848,7.047344194919389,9.338948914442405,4.05739550297221,10.00369550572577,0.11666666666666667,6.205564737319946
12043,random,2,600,0.3344462152888455,7.0036897979000035,9.244134214986849,-5.94630000275356,0.0,0.21666666666666667,5.990526914596558
12043,random,3,700,0.3272150450940318,7.096917302637187,9.325656318646347,-5.94630000275356,0.0,0.2833333333333333,6.104540109634399
12043,random,4,800,0.30895168094800585,7.159410663716162,9.353562375036422,-5.94630000275356,0.0,0.35,6.224886894226074
12043,random,5,900,0.3110826317664485,7.132862576358885,9.359657376716939,-5.94630000275356,0.0,0.43333333333333335,6.495983600616455
12043,greedy,0,400,0.34892168076050467,7.032578282407151,9.226047119979066,,,0.0,6.062227725982666
12043,greedy,1,500,0.3262991018693866,7.074781130598693,9.282671170369872,-5.94630000275356,0.0,0.175,6.303196430206299
12043,greedy,2,600,0.3384566778542365,6.981509041948248,9.238585827263238,-5.94630000275356,0.0,0.36666666666666664,6.831702470779419
12043,greedy,3,700,0.35087900549378437,7.0064790851119,9.202152626920803,-5.94630000275356,0.0,0.4666666666666667,7.664355278015137
12043,greedy,4,800,0.32417471359195993,7.138405207549877,9.323139235605378,-5.94630000275356,0.0,0.6083333333333333,7.0783491134643555
12043,greedy,5,900,0.316765417283858,7.11679037405397,9.336816894400588,-5.94630000275356,0.0,0.6833333333333333,7.110746145248413
12043,uncertainty,0,400,0.34892168076050467,7.032578282407151,9.226047119979066,,,0.0,6.825870990753174
12043,uncertainty,1,500,0.307856861605385,7.066773739901675,9.357462586464251,1.75952003577549,7.70582003852905,0.075,6.088406562805176
12043,uncertainty,2,600,0.34241126507040665,7.067963901135466,9.263765440693858,1.75952003577549,7.70582003852905,0.2,6.054424285888672
12043,uncertainty,3,700,0.2801593759960999,7.279456226365312,9.429241410862971,1.75952003577549,7.70582003852905,0.23333333333333334,6.384536027908325
12043,uncertainty,4,800,0.3229486434290214,7.15797819923661,9.342324925504702,-1.79640898725484,4.14989101549872,0.325,6.1750853061676025
12043,uncertainty,5,900,0.3226823917649485,7.0312673583346035,9.280517627010003,-1.79640898725484,4.14989101549872,0.4166666666666667,6.613628387451172
12043,mixed,0,400,0.34892168076050467,7.032578282407151,9.226047119979066,,,0.0,6.049819231033325
12043,mixed,1,500,0.2835049594059963,7.116483447288899,9.365880427353245,-5.94630000275356,0.0,0.1,6.4211671352386475
12043,mixed,2,600,0.35631766448540303,7.016826351314928,9.142848904826335,-5.94630000275356,0.0,0.19166666666666668,6.309008598327637
12043,mixed,3,700,0.2764869780436128,7.2720906946817605,9.464532882506992,-5.94630000275356,0.0,0.25833333333333336,6.2791643142700195
12043,mixed,4,800,0.3021150132188326,7.135456692641753,9.335115061405501,-5.94630000275356,0.0,0.35,6.575594186782837
12043,mixed,5,900,0.32724785779911125,7.074631511468079,9.251516881071367,-5.94630000275356,0.0,0.43333333333333335,6.7421715259552
12044,random,0,400,0.2977025481409259,7.568698796221627,9.814673617473472,,,0.0,5.962459564208984
12044,random,1,500,0.26375752348452175,7.753283748703011,9.853897393350392,2.86005131311322,8.806351315866781,0.058333333333333334,6.199035406112671
12044,random,2,600,0.28497609360058496,7.635415005149394,9.734045306708959,2.86005131311322,8.806351315866781,0.14166666666666666,6.270603179931641
12044,random,3,700,0.3190178688616804,7.654369795697087,9.731001390689629,2.78908783021689,8.73538783297045,0.25833333333333336,6.112951755523682
12044,random,4,800,0.34945943412146324,7.456966321846316,9.52425585779443,2.13161010103795,8.07791010379151,0.35,6.395380735397339
12044,random,5,900,0.35773798586241157,7.46575646876561,9.552922240629584,1.31582066329793,7.26212066605149,0.4583333333333333,6.650626182556152
12044,greedy,0,400,0.2977025481409259,7.568698796221627,9.814673617473472,,,0.0,6.149752616882324
12044,greedy,1,500,0.27807830048937804,7.683515782437996,9.896828091660272,-5.94630000275356,0.0,0.23333333333333334,6.50933837890625
12044,greedy,2,600,0.33687435546472166,7.608642085019831,9.700599716463792,-5.94630000275356,0.0,0.3416666666666667,7.242761850357056
12044,greedy,3,700,0.36606341289633054,7.427386118929053,9.506664731749959,-5.94630000275356,0.0,0.475,8.001063108444214
12044,greedy,4,800,0.38344383402396265,7.33599842761302,9.451921060446697,-5.94630000275356,0.0,0.55,6.974969148635864
12044,greedy,5,900,0.3717555734723342,7.417390949981766,9.516295606793223,-5.94630000275356,0.0,0.6583333333333333,7.277987957000732
12044,uncertainty,0,400,0.2977025481409259,7.568698796221627,9.814673617473472,,,0.0,6.449737787246704
12044,uncertainty,1,500,0.3227048919055744,7.559188038889274,9.663799789227468,-5.94630000275356,0.0,0.08333333333333333,6.164827108383179
12044,uncertainty,2,600,0.32415708848180297,7.562737022271128,9.62436197939648,-5.94630000275356,0.0,0.15,6.368487119674683
12044,uncertainty,3,700,0.31249432808955047,7.625276279629259,9.703052317293622,-5.94630000275356,0.0,0.30833333333333335,6.4675657749176025
12044,uncertainty,4,800,0.3630071437946487,7.428664438264848,9.546130841825232,-5.94630000275356,0.0,0.35833333333333334,6.346877336502075
12044,uncertainty,5,900,0.33961168507303163,7.460529675023131,9.609303893982714,-5.94630000275356,0.0,0.425,6.57924222946167
12044,mixed,0,400,0.2977025481409259,7.568698796221627,9.814673617473472,,,0.0,6.06635594367981
12044,mixed,1,500,0.32419383871149193,7.611055386195577,9.694379352412994,-5.94630000275356,0.0,0.125,6.435514211654663
12044,mixed,2,600,0.33394277464234146,7.573702182507194,9.693873888037256,-5.94630000275356,0.0,0.24166666666666667,6.122502326965332
12044,mixed,3,700,0.3693336208351302,7.393591342275835,9.52159211157743,-5.94630000275356,0.0,0.35833333333333334,6.117673635482788
12044,mixed,4,800,0.3784193651210319,7.353898925298043,9.452039177516196,-5.94630000275356,0.0,0.475,6.686359167098999
12044,mixed,5,900,0.40593103706898165,7.305998069328978,9.436483542066586,-5.94630000275356,0.0,0.5333333333333333,5.9361608028411865
12045,random,0,400,0.264682841767761,7.4530268712079355,9.818338187907107,,,0.0,5.996081352233887
12045,random,1,500,0.2544207151294695,7.398195525214487,9.752572805551395,3.73313455799507,2.66486624823665,0.11666666666666667,6.025030851364136
12045,random,2,600,0.30666472915455717,7.297764324566342,9.673725933870118,2.78908783021689,1.7208195204584702,0.175,6.7358903884887695
12045,random,3,700,0.2886409915061968,7.365330090606044,9.754795153580057,2.78908783021689,1.7208195204584702,0.25833333333333336,6.240841388702393
12045,random,4,800,0.28524890780567375,7.344586750616875,9.711546430038892,2.78908783021689,1.7208195204584702,0.35,6.25652289390564
12045,random,5,900,0.28915811973824834,7.34134960382223,9.648168072641418,1.96463543386199,0.89636712410357,0.4166666666666667,6.25770115852356
12045,greedy,0,400,0.264682841767761,7.4530268712079355,9.818338187907107,,,0.0,5.926906108856201
12045,greedy,1,500,0.2868376052350327,7.341494728752284,9.708802950235597,3.031954188893,1.9636858791345801,0.16666666666666666,5.85016655921936
12045,greedy,2,600,0.24187313670710436,7.547857119551192,9.979335208791223,1.54152123986569,0.4732529301072699,0.3333333333333333,5.909143686294556
12045,greedy,3,700,0.3016228226426415,7.374782656001819,9.716658775603676,1.54152123986569,0.4732529301072699,0.425,5.88413143157959
12045,greedy,4,800,0.28049387808673804,7.433978976508306,9.800450528517924,1.31582066329793,0.24755235353950988,0.5833333333333334,6.200872898101807
12045,greedy,5,900,0.3273474209213807,7.291278718714373,9.617334733341602,1.31582066329793,0.24755235353950988,0.6583333333333333,6.284186124801636
12045,uncertainty,0,400,0.264682841767761,7.4530268712079355,9.818338187907107,,,0.0,6.230727434158325
12045,uncertainty,1,500,0.25645079031743945,7.376827578970046,9.808225279421341,1.96463543386199,0.89636712410357,0.075,6.085893392562866
12045,uncertainty,2,600,0.29230551440946506,7.412985974566252,9.784435849408053,1.96463543386199,0.89636712410357,0.175,5.9915876388549805
12045,uncertainty,3,700,0.26810961318508236,7.459473143226194,9.831603994722986,1.54152123986569,0.4732529301072699,0.25,6.001288175582886
12045,uncertainty,4,800,0.29208107550672185,7.349346449806909,9.717464748199685,1.54152123986569,0.4732529301072699,0.325,6.122619152069092
12045,uncertainty,5,900,0.28779817373858585,7.374134733884416,9.76403456685835,1.54152123986569,0.4732529301072699,0.425,6.320685863494873
12045,mixed,0,400,0.264682841767761,7.4530268712079355,9.818338187907107,,,0.0,6.015258550643921
12045,mixed,1,500,0.24417433858961615,7.373145773841831,9.859090298662645,2.17004855394771,1.1017802441892899,0.11666666666666667,6.014202356338501
12045,mixed,2,600,0.3205746910918193,7.24146653779191,9.644232893678463,1.54152123986569,0.4732529301072699,0.20833333333333334,6.0259246826171875
12045,mixed,3,700,0.3168456677854236,7.2373972564319,9.663345767279989,1.54152123986569,0.4732529301072699,0.35,6.166112899780273
12045,mixed,4,800,0.33751673447959046,7.236810191495988,9.620840371255175,1.54152123986569,0.4732529301072699,0.425,6.271469354629517
12045,mixed,5,900,0.3575206720042,7.210347769227249,9.524223309911433,1.54152123986569,0.4732529301072699,0.5083333333333333,6.43699836730957
12046,random,0,400,0.2946273414208838,7.339720833920195,9.785779366208782,,,0.0,5.990401983261108
12046,random,1,500,0.30028237676485475,7.292709964929064,9.694066838219358,1.96463543386199,7.91093543661555,0.075,6.106851577758789
12046,random,2,600,0.3146425290158063,7.2986727089616235,9.682239827649747,1.96463543386199,7.91093543661555,0.2,6.758600234985352
12046,random,3,700,0.3025817036356477,7.318616673028579,9.663205989644638,-5.94630000275356,0.0,0.2916666666666667,6.3941810131073
12046,random,4,800,0.3125408283801773,7.278615344156554,9.595590737158922,-5.94630000275356,0.0,0.35833333333333334,6.360602140426636
12046,random,5,900,0.3503551272195451,7.184986789435618,9.49910713452183,-5.94630000275356,0.0,0.43333333333333335,6.309690713882446
12046,greedy,0,400,0.2946273414208838,7.339720833920195,9.785779366208782,,,0.0,5.759530544281006
12046,greedy,1,500,0.29025762661016624,7.4586385499424175,9.735430445435991,-5.94630000275356,0.0,0.2,6.110127925872803
12046,greedy,2,600,0.3076106725667035,7.322421102871992,9.671960871127974,-5.94630000275356,0.0,0.3416666666666667,6.261333227157593
12046,greedy,3,700,0.296429227682673,7.345897872910245,9.759960509694444,-5.94630000275356,0.0,0.45,6.289960145950317
12046,greedy,4,800,0.29797611235070215,7.3875159550271,9.637469309547638,-5.94630000275356,0.0,0.5666666666666667,6.419443368911743
12046,greedy,5,900,0.33088725554534715,7.290135544033241,9.60698600595005,-5.94630000275356,0.0,0.7,6.717529535293579
12046,uncertainty,0,400,0.2946273414208838,7.339720833920195,9.785779366208782,,,0.0,6.075900316238403
12046,uncertainty,1,500,0.28384002400014996,7.426998387314605,9.732025161206696,-2.72422035229465,3.2220796504589098,0.06666666666666667,6.0256266593933105
12046,uncertainty,2,600,0.3092027450171563,7.332049347820611,9.741161123329134,-5.94630000275356,0.0,0.175,6.18086576461792
12046,uncertainty,3,700,0.30026737667110415,7.423535930607293,9.726806575154411,-5.94630000275356,0.0,0.3333333333333333,6.215522527694702
12046,uncertainty,4,800,0.3380520503253145,7.316124176072599,9.522889816225575,-5.94630000275356,0.0,0.44166666666666665,6.148988723754883
12046,uncertainty,5,900,0.33478484240526496,7.321480406535302,9.582277642526567,-5.94630000275356,0.0,0.5333333333333333,6.691229343414307
12046,mixed,0,400,0.2946273414208838,7.339720833920195,9.785779366208782,,,0.0,5.939419269561768
12046,mixed,1,500,0.3206330039562747,7.315361676819518,9.608460709906332,3.97923397722116,9.92553397997472,0.125,6.108846664428711
12046,mixed,2,600,0.28419608872555446,7.4648603931872755,9.775616012460262,-5.94630000275356,0.0,0.23333333333333334,6.0683698654174805
12046,mixed,3,700,0.33349933437083973,7.284683183302599,9.611165411375607,-5.94630000275356,0.0,0.35,6.092238664627075
12046,mixed,4,800,0.3414385089906812,7.297551936192947,9.55086709727758,-5.94630000275356,0.0,0.475,6.376283168792725
12046,mixed,5,900,0.3370941068381677,7.347764029568939,9.597220706621062,-5.94630000275356,0.0,0.575,5.715062856674194
12047,random,0,400,0.30507246920293246,7.281860430875356,9.484634839955387,,,0.0,6.1258814334869385
12047,random,1,500,0.3412341327133294,7.1935447714428165,9.425070450365594,-0.128988702253992,5.817311300499568,0.08333333333333333,6.291513919830322
12047,random,2,600,0.362711829448934,7.184928525293989,9.296999143564507,-0.128988702253992,5.817311300499568,0.11666666666666667,6.920233964920044
12047,random,3,700,0.355117844486528,7.2091193605276205,9.34766491899196,-0.128988702253992,5.817311300499568,0.18333333333333332,6.52048397064209
12047,random,4,800,0.3298012487578047,7.293935148004603,9.372275524364573,-0.128988702253992,5.817311300499568,0.24166666666666667,6.34876823425293
12047,random,5,900,0.3742703391896199,7.1427696399884555,9.277543828222363,-0.128988702253992,5.817311300499568,0.3333333333333333,6.280878782272339
12047,greedy,0,400,0.30507246920293246,7.281860430875356,9.484634839955387,,,0.0,6.028223752975464
12047,greedy,1,500,0.35689423058894115,7.145147510631057,9.268730210160502,-5.94630000275356,0.0,0.19166666666666668,6.109944105148315
12047,greedy,2,600,0.3798205613785086,7.128548621248513,9.198584415929227,-5.94630000275356,0.0,0.35,5.981311321258545
12047,greedy,3,700,0.3832987081169257,7.141651318099091,9.15499736746108,-5.94630000275356,0.0,0.4666666666666667,6.119584560394287
12047,greedy,4,800,0.3606091913074456,7.230017463451798,9.210494762544402,-5.94630000275356,0.0,0.6166666666666667,6.289371013641357
12047,greedy,5,900,0.41589559934749587,7.0576149086193825,9.032887195701797,-5.94630000275356,0.0,0.7333333333333333,6.369688987731934
12047,uncertainty,0,400,0.30507246920293246,7.281860430875356,9.484634839955387,,,0.0,6.217805624008179
12047,uncertainty,1,500,0.3136720229501434,7.302097410038947,9.568535500886112,2.16613746399526,8.112437466748819,0.11666666666666667,5.9965760707855225
12047,uncertainty,2,600,0.3720308251926574,7.130455498688393,9.24934514385215,1.31582066329793,7.26212066605149,0.225,6.163304328918457
12047,uncertainty,3,700,0.3746140288376802,7.129097062485086,9.287061176669619,1.31582066329793,7.26212066605149,0.3,6.282630681991577
12047,uncertainty,4,800,0.35471884199276243,7.151405469405728,9.301449869834489,-5.94630000275356,0.0,0.43333333333333335,6.121007442474365
12047,uncertainty,5,900,0.35600266251664064,7.152417385437568,9.262583166249023,-5.94630000275356,0.0,0.5083333333333333,6.61057710647583
12047,mixed,0,400,0.30507246920293246,7.281860430875356,9.484634839955387,,,0.0,5.954906940460205
12047,mixed,1,500,0.31373746085913035,7.330612851241155,9.538498120279925,3.031954188893,8.97825419164656,0.08333333333333333,6.185988426208496
12047,mixed,2,600,0.3341392758704741,7.2302092700384035,9.367799257195236,1.06826830975842,7.0145683125119795,0.24166666666666667,6.2281129360198975
12047,mixed,3,700,0.3704899405621285,7.114300050978651,9.186646684793146,-5.94630000275356,0.0,0.36666666666666664,6.202004909515381
12047,mixed,4,800,0.3734134588341177,7.1455974665677084,9.215475196309916,-5.94630000275356,0.0,0.45,6.481677055358887
12047,mixed,5,900,0.3909586934918343,7.072968567376429,9.098269159359267,-5.94630000275356,0.0,0.5416666666666666,5.45966649055481
12048,random,0,400,0.25651435321470756,7.344178051189951,9.328389785516451,,,0.0,5.972884893417358
12048,random,1,500,0.32526447040294,7.1612874917708496,9.125515042898343,4.60837494907901,10.55467495183257,0.075,6.0314860343933105
12048,random,2,600,0.38217163857274106,6.950276111423878,8.87261371348461,-2.72422035229465,3.2220796504589098,0.16666666666666666,6.748890399932861
12048,random,3,700,0.357742110888193,7.045421351252253,9.04723798600164,-2.72422035229465,3.2220796504589098,0.26666666666666666,6.254279375076294
12048,random,4,800,0.3994148088425552,6.948152779341168,8.867494706785887,-5.94630000275356,0.0,0.375,6.274871110916138
12048,random,5,900,0.43694410590066185,6.736541696651244,8.618151122050259,-5.94630000275356,0.0,0.4583333333333333,6.319406986236572
12048,greedy,0,400,0.25651435321470756,7.344178051189951,9.328389785516451,,,0.0,5.967811584472656
12048,greedy,1,500,0.31214726342039634,7.141188455382876,9.185194201310708,1.54152123986569,7.487821242619249,0.16666666666666666,6.053129434585571
12048,greedy,2,600,0.3425432658954118,6.981848216428423,8.999746566691249,-5.94630000275356,0.0,0.35833333333333334,6.122782230377197
12048,greedy,3,700,0.2937830236438978,7.229707797975584,9.222931143016716,-5.94630000275356,0.0,0.43333333333333335,6.3177406787872314
12048,greedy,4,800,0.3289741810886318,7.085557325293921,9.12443446120198,-5.94630000275356,0.0,0.525,6.386250972747803
12048,greedy,5,900,0.35863049144057146,6.982394881529251,8.910210879324989,-5.94630000275356,0.0,0.6416666666666667,6.447596311569214
12048,uncertainty,0,400,0.25651435321470756,7.344178051189951,9.328389785516451,,,0.0,6.215174913406372
12048,uncertainty,1,500,0.3227120169501059,7.189322817793428,9.169249696205675,4.20880715476233,10.15510715751589,0.075,6.004067420959473
12048,uncertainty,2,600,0.35787692423077644,7.0771255320650015,8.993573357171734,-5.94630000275356,0.0,0.14166666666666666,5.937945365905762
12048,uncertainty,3,700,0.3346397164982281,7.031210813032158,9.096745347136379,-5.94630000275356,0.0,0.2,6.1185524463653564
12048,uncertainty,4,800,0.34098888118050735,7.030451187833586,9.095116418779385,-5.94630000275356,0.0,0.3,6.218932867050171
12048,uncertainty,5,900,0.38560422252639076,6.860373865396307,8.85925679228858,-5.94630000275356,0.0,0.4,6.68747878074646
12048,mixed,0,400,0.25651435321470756,7.344178051189951,9.328389785516451,,,0.0,6.0055835247039795
12048,mixed,1,500,0.2774891718073238,7.222039647000014,9.249138771136927,4.09983239788562,10.04613240063918,0.14166666666666666,6.272886514663696
12048,mixed,2,600,0.3497202482515515,6.964807090073696,8.952247187176713,-5.94630000275356,0.0,0.25833333333333336,6.206451654434204
12048,mixed,3,700,0.3878024862655391,6.863696085437022,8.818855424422528,-5.94630000275356,0.0,0.36666666666666664,6.263183832168579
12048,mixed,4,800,0.39251551572197324,6.801103724840471,8.856425900163034,-5.94630000275356,0.0,0.44166666666666665,6.399338006973267
12048,mixed,5,900,0.4251032193951212,6.7561798148610945,8.728633564008016,-5.94630000275356,0.0,0.5833333333333334,6.049804210662842
12049,random,0,400,0.20332045825286404,7.827925091743241,10.763923356106453,,,0.0,6.194057464599609
12049,random,1,500,0.24302345639660244,7.841780556695121,10.660770413989061,4.76361946380712,10.709919466560681,0.08333333333333333,6.345343828201294
12049,random,2,600,0.2741227757673485,7.7886071928339105,10.621986018273631,2.16613746399526,8.112437466748819,0.15,6.362128973007202
12049,random,3,700,0.29171807323795773,7.64724659023106,10.392727019315508,-2.72422035229465,3.2220796504589098,0.18333333333333332,6.206631183624268
12049,random,4,800,0.26143663397896233,7.69243058795608,10.480706657488671,-2.72422035229465,3.2220796504589098,0.26666666666666666,6.483753204345703
12049,random,5,900,0.3139080869255433,7.544879152312663,10.350821549702362,-2.72422035229465,3.2220796504589098,0.35,6.466569662094116
12049,greedy,0,400,0.20332045825286404,7.827925091743241,10.763923356106453,,,0.0,6.066312313079834
12049,greedy,1,500,0.2854937843361521,7.797780732900117,10.52391892545832,-5.94630000275356,0.0,0.20833333333333334,6.065084218978882
12049,greedy,2,600,0.28475259220370125,7.71502997929934,10.533395813332959,-5.94630000275356,0.0,0.35,6.254194259643555
12049,greedy,3,700,0.2948242176513603,7.614627172425801,10.51408169605246,-5.94630000275356,0.0,0.5333333333333333,6.179834365844727
12049,greedy,4,800,0.2696966231038944,7.6583766268764615,10.491836390773633,-5.94630000275356,0.0,0.6166666666666667,6.489859104156494
12049,greedy,5,900,0.32492903080644253,7.500876312310579,10.323983784295804,-5.94630000275356,0.0,0.7333333333333333,6.525049209594727
12049,uncertainty,0,400,0.20332045825286404,7.827925091743241,10.763923356106453,,,0.0,6.088111162185669
12049,uncertainty,1,500,0.30587647422796393,7.731068327973985,10.444175514740595,4.51400760590695,10.46030760866051,0.05,5.960384368896484
12049,uncertainty,2,600,0.27956893480584255,7.694493740914592,10.502116446953956,-2.72422035229465,3.2220796504589098,0.11666666666666667,6.22453236579895
12049,uncertainty,3,700,0.3013010706316914,7.579224918419079,10.421084439675564,-2.72422035229465,3.2220796504589098,0.23333333333333334,5.974184036254883
12049,uncertainty,4,800,0.2772793579959874,7.6686419635840615,10.440872274160617,-2.72422035229465,3.2220796504589098,0.3,6.0986340045928955
12049,uncertainty,5,900,0.3361311008193801,7.517337787358486,10.31305561589636,-2.72422035229465,3.2220796504589098,0.4166666666666667,6.656799554824829
12049,mixed,0,400,0.20332045825286404,7.827925091743241,10.763923356106453,,,0.0,6.425958633422852
12049,mixed,1,500,0.2726812667579172,7.803354041120226,10.538826068039088,-5.94630000275356,0.0,0.13333333333333333,6.050262928009033
12049,mixed,2,600,0.32811861324133273,7.546881495809143,10.327200995817774,-5.94630000275356,0.0,0.19166666666666668,6.169219732284546
12049,mixed,3,700,0.30097631860199126,7.6009857087341315,10.386469451349122,-5.94630000275356,0.0,0.3416666666666667,6.461211681365967
12049,mixed,4,800,0.3034987718673241,7.652765926746095,10.370719167067152,-5.94630000275356,0.0,0.425,6.414493799209595
12049,mixed,5,900,0.3406045037781486,7.490586193534779,10.290187513486423,-5.94630000275356,0.0,0.5333333333333333,6.395543098449707
12050,random,0,400,0.272464890405565,7.87077581563801,10.665086672344712,,,0.0,6.123722553253174
12050,random,1,500,0.24742260889130552,7.801168643918112,10.628281558546766,3.43182911266194,5.22823809991678,0.075,6.407571077346802
12050,random,2,600,0.2720182626141413,7.74253746180198,10.6252582097508,2.86005131311322,4.65646030036806,0.15833333333333333,6.3802735805511475
12050,random,3,700,0.3323677647985299,7.574515130475447,10.338790182122038,1.82530723417949,3.62171622143433,0.25,6.153200626373291
12050,random,4,800,0.30183319895749344,7.624960800698782,10.40032649353176,1.82530723417949,3.62171622143433,0.3333333333333333,6.447918653488159
12050,random,5,900,0.3138816492603078,7.63353336066841,10.408522070157984,1.82530723417949,3.62171622143433,0.39166666666666666,6.237805604934692
12050,greedy,0,400,0.272464890405565,7.87077581563801,10.665086672344712,,,0.0,6.209900140762329
12050,greedy,1,500,0.31269851686573036,7.659614557520564,10.420730977051907,-1.79640898725484,0.0,0.23333333333333334,6.1246678829193115
12050,greedy,2,600,0.3219194494965593,7.602941716244313,10.528847830690472,-1.79640898725484,0.0,0.38333333333333336,6.113386869430542
12050,greedy,3,700,0.30187932424577646,7.667767138468685,10.4735702242717,-1.79640898725484,0.0,0.5,6.306884765625
12050,greedy,4,800,0.2863216020100125,7.703945190505204,10.570165484144157,-1.79640898725484,0.0,0.6083333333333333,6.266438245773315
12050,greedy,5,900,0.2972257326608291,7.7402249213636685,10.544951354251326,-1.79640898725484,0.0,0.7,6.537993431091309
12050,uncertainty,0,400,0.272464890405565,7.87077581563801,10.665086672344712,,,0.0,6.285382986068726
12050,uncertainty,1,500,0.27165469784186147,7.763789526700586,10.547544056224293,2.78908783021689,4.58549681747173,0.10833333333333334,6.107699871063232
12050,uncertainty,2,600,0.2947910299439371,7.685517344879575,10.422335536302251,2.78908783021689,4.58549681747173,0.19166666666666668,6.153876066207886
12050,uncertainty,3,700,0.3007335045844036,7.708484746578643,10.473634319289964,1.82530723417949,3.62171622143433,0.225,6.055360555648804
12050,uncertainty,4,800,0.30770948568428547,7.633312184650971,10.394095006344534,1.82530723417949,3.62171622143433,0.30833333333333335,6.189813852310181
12050,uncertainty,5,900,0.3167603547522172,7.7228572933011765,10.41546567803096,1.75952003577549,3.5559290230303304,0.375,6.49921727180481
12050,mixed,0,400,0.272464890405565,7.87077581563801,10.665086672344712,,,0.0,6.478612184524536
12050,mixed,1,500,0.2835683348020925,7.815209125875165,10.53847919648308,3.031954188893,4.828363176147841,0.11666666666666667,6.120431661605835
12050,mixed,2,600,0.26750604691279317,7.851758430462423,10.550654225533794,-1.79640898725484,0.0,0.23333333333333334,6.155428171157837
12050,mixed,3,700,0.317783548647179,7.658238800856278,10.376674035367865,-1.79640898725484,0.0,0.3416666666666667,6.487735271453857
12050,mixed,4,800,0.3234616466352914,7.66397254460183,10.454618873750627,-1.79640898725484,0.0,0.475,6.272895574569702
12050,mixed,5,900,0.3203444396527477,7.647216257189112,10.446783059867691,-1.79640898725484,0.0,0.5583333333333333,6.323813438415527
12051,random,0,400,0.19775954849717808,8.021277888595288,10.02291693220379,,,0.0,6.095191240310669
12051,random,1,500,0.2470762942268389,7.793597354527024,9.84235068798874,3.47687136075183,6.20109171304648,0.058333333333333334,6.434577226638794
12051,random,2,600,0.30695479346745913,7.628646720041745,9.675496754076965,3.47687136075183,6.20109171304648,0.15,6.378816843032837
12051,random,3,700,0.38440552753454704,7.339537903956845,9.389794452354039,-1.79640898725484,0.9278113650398101,0.23333333333333334,6.148192882537842
12051,random,4,800,0.34032062700391874,7.502126181775343,9.56296452434683,-2.72422035229465,0.0,0.31666666666666665,6.647043228149414
12051,random,5,900,0.41448559053494083,7.27964306591364,9.273064576114086,-2.72422035229465,0.0,0.4166666666666667,6.280693292617798
12051,greedy,0,400,0.19775954849717808,8.021277888595288,10.02291693220379,,,0.0,6.214325189590454
12051,greedy,1,500,0.181386196163726,8.012322642015604,10.140363698074362,1.31582066329793,4.04004101559258,0.10833333333333334,6.022871255874634
12051,greedy,2,600,0.22980706129413306,7.862781650450282,9.853720525649322,1.31582066329793,4.04004101559258,0.30833333333333335,6.201590061187744
12051,greedy,3,700,0.29452477827986423,7.650049974905994,9.697829967713224,1.31582066329793,4.04004101559258,0.475,6.192349910736084
12051,greedy,4,800,0.28461477884236774,7.745233191536199,9.739134079908498,-1.79640898725484,0.9278113650398101,0.5833333333333334,6.413628101348877
12051,greedy,5,900,0.34291376821105124,7.545032037827285,9.485661292348682,-2.72422035229465,0.0,0.6916666666666667,6.527047157287598
12051,uncertainty,0,400,0.19775954849717808,8.021277888595288,10.02291693220379,,,0.0,6.051124334335327
12051,uncertainty,1,500,0.2606873792961206,7.866863738011835,9.852344602335005,-1.79640898725484,0.9278113650398101,0.09166666666666666,6.087679624557495
12051,uncertainty,2,600,0.2398925618285114,7.856349499556343,9.80384754079775,-1.79640898725484,0.9278113650398101,0.15833333333333333,6.56200647354126
12051,uncertainty,3,700,0.3398719366996043,7.568718684925442,9.52598870061756,-1.79640898725484,0.9278113650398101,0.23333333333333334,6.428029537200928
12051,uncertainty,4,800,0.28266776667354165,7.760302148149205,9.697204166469318,-1.79640898725484,0.9278113650398101,0.3416666666666667,6.467225790023804
12051,uncertainty,5,900,0.3382965518534491,7.567379148706809,9.477965348476731,-1.79640898725484,0.9278113650398101,0.4583333333333333,6.738837480545044
12051,mixed,0,400,0.19775954849717808,8.021277888595288,10.02291693220379,,,0.0,6.419475078582764
12051,mixed,1,500,0.2594704966906043,7.909581783712226,9.787693714635607,4.91456410378305,7.6387844560777,0.08333333333333333,6.312170743942261
12051,mixed,2,600,0.2560864755404721,7.886540890390272,9.85605130231975,1.75952003577549,4.4837403880701405,0.19166666666666668,6.319255828857422
12051,mixed,3,700,0.28807267545422155,7.838246661596091,9.692607161812186,1.75952003577549,4.4837403880701405,0.2916666666666667,6.074121713638306
12051,mixed,4,800,0.25843980274876716,7.898367100652905,9.82326699439308,1.75952003577549,4.4837403880701405,0.4083333333333333,6.367058038711548
12051,mixed,5,900,0.3247567172294826,7.62724057006832,9.548666146770595,1.75952003577549,4.4837403880701405,0.525,5.710229158401489
12052,random,0,400,0.15809198807492547,8.05739115504795,10.119822204657615,,,0.0,6.118188858032227
12052,random,1,500,0.21564903530647064,7.92027094178753,9.92138280374049,5.17458520972286,11.12088521247642,0.05,6.518469572067261
12052,random,2,600,0.20890743067144166,7.870946735478135,9.931021934691605,4.04922987856844,9.995529881322,0.16666666666666666,6.295337677001953
12052,random,3,700,0.17030543940899628,8.061753661077892,10.04661885155543,2.78908783021689,8.73538783297045,0.225,6.129438400268555
12052,random,4,800,0.2874070462940393,7.701025115355115,9.657055603853776,2.78908783021689,8.73538783297045,0.30833333333333335,6.45041036605835
12052,random,5,900,0.2771441696510603,7.736471987774218,9.742907459036529,2.63410041427414,8.5804004170277,0.4166666666666667,6.205733060836792
12052,greedy,0,400,0.15809198807492547,8.05739115504795,10.119822204657615,,,0.0,6.180230140686035
12052,greedy,1,500,0.27391258695366844,7.787159089562096,9.799320999526168,-5.94630000275356,0.0,0.21666666666666667,6.154032230377197
12052,greedy,2,600,0.2638388989931187,7.828409251739672,9.826906153742756,-5.94630000275356,0.0,0.39166666666666666,6.108443260192871
12052,greedy,3,700,0.23648360302251883,7.810141882682364,9.841600457257393,-5.94630000275356,0.0,0.475,6.381937265396118
12052,greedy,4,800,0.24888249301558132,7.7869248612504975,9.825168858691478,-5.94630000275356,0.0,0.5833333333333334,6.380129814147949
12052,greedy,5,900,0.29647197794986213,7.635228673238694,9.698481950403218,-5.94630000275356,0.0,0.6666666666666666,6.594654083251953
12052,uncertainty,0,400,0.15809198807492547,8.05739115504795,10.119822204657615,,,0.0,6.083693265914917
12052,uncertainty,1,500,0.2535855849099057,7.906919629097803,9.868040860254386,-5.94630000275356,0.0,0.13333333333333333,6.140302896499634
12052,uncertainty,2,600,0.2516089475559222,7.908685138937722,9.897731083288605,-5.94630000275356,0.0,0.25,6.144872188568115
12052,uncertainty,3,700,0.18240657754110962,8.000079445269412,9.977933204375333,-5.94630000275356,0.0,0.35,6.044292688369751
12052,uncertainty,4,800,0.26764629778936116,7.744434151036322,9.786571807814221,-5.94630000275356,0.0,0.4166666666666667,6.220921754837036
12052,uncertainty,5,900,0.2859989124932031,7.710008606924814,9.71411339423526,-5.94630000275356,0.0,0.49166666666666664,6.787083387374878
12052,mixed,0,400,0.15809198807492547,8.05739115504795,10.119822204657615,,,0.0,6.477247714996338
12052,mixed,1,500,0.2547574672341702,7.803670195458566,9.803747633948785,-5.94630000275356,0.0,0.11666666666666667,6.158076524734497
12052,mixed,2,600,0.23829542684641775,7.951734421296445,9.951813193668878,-5.94630000275356,0.0,0.25,6.15788197517395
12052,mixed,3,700,0.2058766617291358,7.913407387078296,9.919672436206223,-5.94630000275356,0.0,0.38333333333333336,6.57241678237915
12052,mixed,4,800,0.301222132638329,7.746825625614623,9.716290394289798,-5.94630000275356,0.0,0.525,6.449305534362793
12052,mixed,5,900,0.3012187576172351,7.718480755868842,9.684073404421618,-5.94630000275356,0.0,0.6,6.14832615852356
12053,random,0,400,0.22857536609603807,7.757876823511092,9.890004969670718,,,0.0,6.060427188873291
12053,random,1,500,0.27127800798754986,7.66251470648109,9.733503243374086,-2.72422035229465,3.2220796504589098,0.1,5.911998748779297
12053,random,2,600,0.30341364633528956,7.571546102038518,9.670883814425371,-2.72422035229465,3.2220796504589098,0.15833333333333333,5.981955051422119
12053,random,3,700,0.3211621322633266,7.54544084695903,9.599127199928969,-2.72422035229465,3.2220796504589098,0.20833333333333334,6.1568663120269775
12053,random,4,800,0.32718991993699953,7.571238700924782,9.53873244949954,-2.72422035229465,3.2220796504589098,0.2833333333333333,6.066883087158203
12053,random,5,900,0.3515290720567003,7.445383734738648,9.514152500225576,-2.72422035229465,3.2220796504589098,0.36666666666666664,6.617709636688232
12053,greedy,0,400,0.22857536609603807,7.757876823511092,9.890004969670718,,,0.0,6.005424737930298
12053,greedy,1,500,0.25334277089231805,7.661337907421614,9.854216005661666,-5.94630000275356,0.0,0.19166666666666668,6.085711717605591
12053,greedy,2,600,0.3137920237001481,7.494503509470942,9.560836845417219,-5.94630000275356,0.0,0.30833333333333335,6.232106685638428
12053,greedy,3,700,0.3476614853842836,7.441972865855279,9.46730461703235,-5.94630000275356,0.0,0.44166666666666665,6.20828104019165
12053,greedy,4,800,0.3373753585959912,7.438969690014221,9.488301828183175,-5.94630000275356,0.0,0.5666666666666667,6.309871435165405
12053,greedy,5,900,0.33778954868467925,7.487776272446881,9.524036388728986,-5.94630000275356,0.0,0.6916666666666667,6.310455083847046
12053,uncertainty,0,400,0.22857536609603807,7.757876823511092,9.890004969670718,,,0.0,6.137232780456543
12053,uncertainty,1,500,0.27266195413721334,7.557408500067968,9.704627013596824,1.06826830975842,7.0145683125119795,0.125,6.602500915527344
12053,uncertainty,2,600,0.33081563009768805,7.4957096509778305,9.575653473076379,1.06826830975842,7.0145683125119795,0.21666666666666667,6.166031360626221
12053,uncertainty,3,700,0.288631241445259,7.551669936124438,9.709791661912716,1.06826830975842,7.0145683125119795,0.325,6.158485651016235
12053,uncertainty,4,800,0.3276042975268595,7.522707893814343,9.545570406945277,1.06826830975842,7.0145683125119795,0.425,6.279400587081909
12053,uncertainty,5,900,0.3449879061744135,7.470435054476158,9.519188679702209,-2.72422035229465,3.2220796504589098,0.49166666666666664,6.447428464889526
12053,mixed,0,400,0.22857536609603807,7.757876823511092,9.890004969670718,,,0.0,5.957343578338623
12053,mixed,1,500,0.2640475877974237,7.703666151494974,9.838191053413059,-5.94630000275356,0.0,0.11666666666666667,6.452710390090942
12053,mixed,2,600,0.3387071794198714,7.421514583892258,9.556283055966615,-5.94630000275356,0.0,0.3,6.218211889266968
12053,mixed,3,700,0.2986044287776798,7.594001839657838,9.677158017935506,-5.94630000275356,0.0,0.39166666666666666,6.118114709854126
12053,mixed,4,800,0.3463649147807173,7.437180253680594,9.459212046083175,-5.94630000275356,0.0,0.475,6.756107568740845
12053,mixed,5,900,0.3644752779704873,7.391938635165814,9.459783692931676,-5.94630000275356,0.0,0.5416666666666666,6.201776742935181
12054,random,0,400,0.22392064950405938,8.048597233480193,10.790779152415853,,,0.0,6.059424877166748
12054,random,1,500,0.27617310108188176,7.808849197589338,10.540567871542791,3.73313455799507,5.5295435452499095,0.058333333333333334,5.9265289306640625
12054,random,2,600,0.2346324039525247,8.079299785959188,10.718369648865952,1.96463543386199,3.7610444211168303,0.16666666666666666,5.930150508880615
12054,random,3,700,0.29086869292933076,7.755540402509487,10.408706839611215,-0.128988702253992,1.6674202850008482,0.325,6.265068769454956
12054,random,4,800,0.28883543022143887,7.8600521843279125,10.473103597125908,-0.128988702253992,1.6674202850008482,0.4,6.3352508544921875
12054,random,5,900,0.3247265295408096,7.734353230857966,10.28515545824752,-1.79640898725484,0.0,0.44166666666666665,6.671307802200317
12054,greedy,0,400,0.22392064950405938,8.048597233480193,10.790779152415853,,,0.0,6.017994403839111
12054,greedy,1,500,0.27936080850505307,7.840587607261232,10.464134624962082,1.96463543386199,3.7610444211168303,0.175,6.031355142593384
12054,greedy,2,600,0.2607505671910449,7.998617186942851,10.73712386292969,1.96463543386199,3.7610444211168303,0.35833333333333334,6.452378511428833
12054,greedy,3,700,0.28130913318208234,7.87255953463887,10.453366894913595,-1.79640898725484,0.0,0.475,6.253594398498535
12054,greedy,4,800,0.22818817617610107,7.994561209961437,10.70242534462671,-1.79640898725484,0.0,0.625,6.399889945983887
12054,greedy,5,900,0.27772261076631727,7.752973553045262,10.40705324253145,-1.79640898725484,0.0,0.6833333333333333,6.452589988708496
12054,uncertainty,0,400,0.22392064950405938,8.048597233480193,10.790779152415853,,,0.0,6.117375612258911
12054,uncertainty,1,500,0.24094650591566194,7.896246284012634,10.580083108877794,-0.128988702253992,1.6674202850008482,0.11666666666666667,6.767636060714722
12054,uncertainty,2,600,0.19163257270357936,8.118619447207834,10.830156736436791,-0.128988702253992,1.6674202850008482,0.2,6.480938673019409
12054,uncertainty,3,700,0.3035793973712335,7.766400856810531,10.343556641615491,-0.128988702253992,1.6674202850008482,0.30833333333333335,6.204133987426758
12054,uncertainty,4,800,0.2506031912699454,7.853747458900616,10.525981368861764,-0.128988702253992,1.6674202850008482,0.4166666666666667,6.377113103866577
12054,uncertainty,5,900,0.2542514015712598,7.868490813413182,10.573479251307853,-0.128988702253992,1.6674202850008482,0.49166666666666664,6.461481332778931
12054,mixed,0,400,0.22392064950405938,8.048597233480193,10.790779152415853,,,0.0,6.2297914028167725
12054,mixed,1,500,0.25074287964299774,7.930714796680418,10.569930529345712,-0.128988702253992,1.6674202850008482,0.11666666666666667,6.177677869796753
12054,mixed,2,600,0.2465447284045525,8.014369116819092,10.657985837290607,-1.79640898725484,0.0,0.25833333333333336,6.285791397094727
12054,mixed,3,700,0.29090900568128547,7.791335612421901,10.469694437991457,-1.79640898725484,0.0,0.4,6.539844036102295
12054,mixed,4,800,0.24952730954568464,7.913378506265708,10.57418061985837,-1.79640898725484,0.0,0.5,6.9589033126831055
12054,mixed,5,900,0.2918611366321039,7.7755178262072775,10.44949629273923,-1.79640898725484,0.0,0.6,5.520937442779541
12055,random,0,400,0.293341270882943,8.087868349582621,11.102669059938721,,,0.0,6.176723003387451
12055,random,1,500,0.2984829280183001,8.032086485420768,11.120962392376716,2.17004855394771,8.11634855670127,0.09166666666666666,6.372766971588135
12055,random,2,600,0.34471096694354336,7.866761363943519,10.863186929758639,1.54152123986569,7.487821242619249,0.18333333333333332,6.257649660110474
12055,random,3,700,0.3515596347477171,7.8641968388849905,10.922623825022782,1.54152123986569,7.487821242619249,0.26666666666666666,6.232988595962524
12055,random,4,800,0.3462419140119625,7.8801997112641535,10.928543287887553,-2.72422035229465,3.2220796504589098,0.325,6.391260385513306
12055,random,5,900,0.3632128325802036,7.833795426572466,10.826244978463862,-2.72422035229465,3.2220796504589098,0.39166666666666666,6.727876663208008
12055,greedy,0,400,0.293341270882943,8.087868349582621,11.102669059938721,,,0.0,6.162567138671875
12055,greedy,1,500,0.31345433408958806,7.913558759837306,11.00612233484579,1.31582066329793,7.26212066605149,0.20833333333333334,6.3649208545684814
12055,greedy,2,600,0.3328749554684717,8.008884280588957,10.98896413486415,-5.94630000275356,0.0,0.3416666666666667,6.415102481842041
12055,greedy,3,700,0.3412645079031744,7.863597363073557,11.036462196816617,-5.94630000275356,0.0,0.4666666666666667,6.441037178039551
12055,greedy,4,800,0.3177284233026456,7.942767201285388,11.10944598104986,-5.94630000275356,0.0,0.65,6.279003858566284
12055,greedy,5,900,0.3807387546172163,7.793963784323328,10.845210127887372,-5.94630000275356,0.0,0.7166666666666667,6.445498466491699
12055,uncertainty,0,400,0.293341270882943,8.087868349582621,11.102669059938721,,,0.0,6.497170448303223
12055,uncertainty,1,500,0.2820660754129713,8.07489988616142,11.09632104963634,2.78908783021689,8.73538783297045,0.09166666666666666,6.576384782791138
12055,uncertainty,2,600,0.3234247089044306,8.005466994593483,10.97007230132745,-2.72422035229465,3.2220796504589098,0.19166666666666668,6.193015098571777
12055,uncertainty,3,700,0.3260236626478915,8.017292394626072,11.010806933601266,-2.72422035229465,3.2220796504589098,0.2916666666666667,6.19404149055481
12055,uncertainty,4,800,0.3429167682298014,7.938163443262162,10.933805379003388,-2.72422035229465,3.2220796504589098,0.39166666666666666,6.344403982162476
12055,uncertainty,5,900,0.3301425008906305,7.910462887467752,10.964256231121986,-2.72422035229465,3.2220796504589098,0.5,6.603479862213135
12055,mixed,0,400,0.293341270882943,8.087868349582621,11.102669059938721,,,0.0,6.246188163757324
12055,mixed,1,500,0.35836723979524865,7.843866969052616,10.856116069395975,4.04922987856844,9.995529881322,0.13333333333333333,6.42592716217041
12055,mixed,2,600,0.3607035043969024,7.935409027975947,10.836523661445645,3.97923397722116,9.92553397997472,0.21666666666666667,6.437778472900391
12055,mixed,3,700,0.3596345602160013,7.912755313593478,10.914587605994807,1.06826830975842,7.0145683125119795,0.35833333333333334,6.332070827484131
12055,mixed,4,800,0.3732184576153601,7.884888061797856,10.873642895754058,1.06826830975842,7.0145683125119795,0.475,6.6864330768585205
12055,mixed,5,900,0.3428908930680816,7.864122558973893,10.97614333506246,-2.72422035229465,3.2220796504589098,0.5583333333333333,4.7672882080078125
12056,random,0,400,0.35571859824123897,7.696523515299276,11.007076510882449,,,0.0,5.994705677032471
12056,random,1,500,0.37368346052162826,7.575793106315202,10.98591713450107,-1.79640898725484,4.14989101549872,0.08333333333333333,5.982624769210815
12056,random,2,600,0.3945217782611141,7.581036208582152,10.945101192657203,-1.79640898725484,4.14989101549872,0.15833333333333333,6.024317741394043
12056,random,3,700,0.35605478784242395,7.670038210179691,11.02619916980408,-2.72422035229465,3.2220796504589098,0.24166666666666667,6.157912969589233
12056,random,4,800,0.41051000318751985,7.500653303630804,10.869691932792604,-2.72422035229465,3.2220796504589098,0.25833333333333336,6.26362943649292
12056,random,5,900,0.4268932930830817,7.478707291825069,10.827698469046801,-2.72422035229465,3.2220796504589098,0.35,6.5684120655059814
12056,greedy,0,400,0.35571859824123897,7.696523515299276,11.007076510882449,,,0.0,5.857432126998901
12056,greedy,1,500,0.3434076462977893,7.703049298857013,11.019096518676891,-1.79640898725484,4.14989101549872,0.11666666666666667,6.124622821807861
12056,greedy,2,600,0.38093263082894263,7.571432919718966,10.994540028595623,-5.94630000275356,0.0,0.3333333333333333,6.06233549118042
12056,greedy,3,700,0.37874730467065415,7.6347522428536,10.997266819950182,-5.94630000275356,0.0,0.4666666666666667,6.158859014511108
12056,greedy,4,800,0.3852114075712973,7.621013006745418,10.949393196908455,-5.94630000275356,0.0,0.55,6.006287336349487
12056,greedy,5,900,0.41979187369921056,7.526277698094334,10.859503437035341,-5.94630000275356,0.0,0.65,6.301380157470703
12056,uncertainty,0,400,0.35571859824123897,7.696523515299276,11.007076510882449,,,0.0,5.916438102722168
12056,uncertainty,1,500,0.352471265445409,7.68058957019895,11.043009770253379,-1.79640898725484,4.14989101549872,0.14166666666666666,6.454572439193726
12056,uncertainty,2,600,0.3947608422552641,7.508597305823575,10.856522105352003,-1.79640898725484,4.14989101549872,0.2,6.325807094573975
12056,uncertainty,3,700,0.3705881911761948,7.676849580873448,11.01289465311463,-1.79640898725484,4.14989101549872,0.3333333333333333,6.195846796035767
12056,uncertainty,4,800,0.39423096394352464,7.543462243295157,10.88547290719194,-1.79640898725484,4.14989101549872,0.4083333333333333,6.496046781539917
12056,uncertainty,5,900,0.4151060319126994,7.533836659637221,10.751508040144282,-1.79640898725484,4.14989101549872,0.5,6.520307779312134
12056,mixed,0,400,0.35571859824123897,7.696523515299276,11.007076510882449,,,0.0,5.8585591316223145
12056,mixed,1,500,0.33315020718879484,7.771436177525789,11.120199534945879,5.43463994693957,11.38093994969313,0.09166666666666666,6.175086259841919
12056,mixed,2,600,0.38340727129544555,7.561710030874741,10.901366389535465,4.04922987856844,9.995529881322,0.2,6.287349700927734
12056,mixed,3,700,0.39050756567228545,7.530362163086773,10.96869154994149,2.13161010103795,8.07791010379151,0.30833333333333335,6.355668306350708
12056,mixed,4,800,0.3988410552565953,7.4996366904669545,10.918439226729786,2.13161010103795,8.07791010379151,0.4083333333333333,6.913495779037476
12056,mixed,5,900,0.40949899686873037,7.568115710143179,10.847081279582,-2.72422035229465,3.2220796504589098,0.5166666666666667,6.411914825439453
12057,random,0,400,0.20241689010556319,7.5125021402317405,9.353137135861637,,,0.0,5.923865556716919
12057,random,1,500,0.23826467665422904,7.391937388095369,9.173780123233657,4.69478829079162,10.641088293545181,0.08333333333333333,6.270312547683716
12057,random,2,600,0.30725273282958016,7.170870489227974,9.01473079768122,1.54152123986569,7.487821242619249,0.15833333333333333,6.3694939613342285
12057,random,3,700,0.3199306245664035,7.080134622027739,8.93818330805314,-0.128988702253992,5.817311300499568,0.25,6.16738486289978
12057,random,4,800,0.3313991337445859,7.095698539213563,8.901755501236854,-0.128988702253992,5.817311300499568,0.31666666666666665,6.277176380157471
12057,random,5,900,0.31254720342002135,7.113877664793002,8.988802830013373,-0.128988702253992,5.817311300499568,0.39166666666666666,6.4086995124816895
12057,greedy,0,400,0.20241689010556319,7.5125021402317405,9.353137135861637,,,0.0,6.00098443031311
12057,greedy,1,500,0.26078000487503045,7.356398752896308,9.159736277291206,2.18454132435727,8.13084132711083,0.175,6.4397172927856445
12057,greedy,2,600,0.32601260007875044,7.093737702744656,8.864051248207724,-5.94630000275356,0.0,0.31666666666666665,6.306448936462402
12057,greedy,3,700,0.2992513078206739,7.142418884387077,9.005268965866415,-5.94630000275356,0.0,0.5166666666666667,6.41824197769165
12057,greedy,4,800,0.30160557253482834,7.215966953226789,8.987670736007907,-5.94630000275356,0.0,0.625,6.128793001174927
12057,greedy,5,900,0.3409765061031631,7.088838654876128,8.859859368525735,-5.94630000275356,0.0,0.7166666666666667,6.240525960922241
12057,uncertainty,0,400,0.20241689010556319,7.5125021402317405,9.353137135861637,,,0.0,6.002357482910156
12057,uncertainty,1,500,0.26952824705154405,7.266767256771687,9.19084865644856,3.73313455799507,9.67943456074863,0.10833333333333334,6.390507459640503
12057,uncertainty,2,600,0.3010511315695723,7.209839631514964,9.005593076009331,2.63410041427414,8.5804004170277,0.175,6.074815511703491
12057,uncertainty,3,700,0.2967312920705754,7.113481436305656,9.002202049074711,1.82530723417949,7.7716072369330504,0.25,6.105269193649292
12057,uncertainty,4,800,0.28244295276845477,7.225776857619478,9.043597355832325,-0.128988702253992,5.817311300499568,0.325,6.29357385635376
12057,uncertainty,5,900,0.3090154313464459,7.144722002397816,8.993251486806793,-0.128988702253992,5.817311300499568,0.4166666666666667,6.400205373764038
12057,mixed,0,400,0.20241689010556319,7.5125021402317405,9.353137135861637,,,0.0,6.0826733112335205
12057,mixed,1,500,0.26175538597116227,7.295888945835872,9.21936871267465,2.18454132435727,8.13084132711083,0.11666666666666667,6.345583438873291
12057,mixed,2,600,0.31066169163557267,7.2066771203640245,9.025715675893458,-5.94630000275356,0.0,0.21666666666666667,6.192729234695435
12057,mixed,3,700,0.2955545347158419,7.283002875952311,9.070470035485997,-5.94630000275356,0.0,0.36666666666666664,6.491172790527344
12057,mixed,4,800,0.27292370577316105,7.300955725324327,9.117720488623199,-5.94630000275356,0.0,0.475,6.478572130203247
12057,mixed,5,900,0.29397296233101455,7.247723521125414,9.069372942382765,-5.94630000275356,0.0,0.55,5.509166479110718
12058,random,0,400,0.25252845330283313,7.7961081908151915,10.77197730059797,,,0.0,5.958638906478882
12058,random,1,500,0.26336152100950627,7.734678127059656,10.745453405186709,4.09983239788562,6.82405275018027,0.041666666666666664,6.046403169631958
12058,random,2,600,0.23091688073050454,7.928404907584334,10.86743135206062,4.09983239788562,6.82405275018027,0.125,6.133817911148071
12058,random,3,700,0.2666786042412765,7.745416264151504,10.771214737196011,2.17004855394771,4.89426890624236,0.19166666666666668,6.285194158554077
12058,random,4,800,0.2797438733992087,7.658354080843265,10.622280199159244,2.16613746399526,4.89035781628991,0.3,6.394817352294922
12058,random,5,900,0.292275326720792,7.6416131399041,10.599193208818598,1.06826830975842,3.7924886620530702,0.4166666666666667,6.36333441734314
12058,greedy,0,400,0.25252845330283313,7.7961081908151915,10.77197730059797,,,0.0,6.1238274574279785
12058,greedy,1,500,0.286011850074063,7.6901585987652945,10.683819056180813,2.91626778182399,5.64048813411864,0.18333333333333332,6.084156036376953
12058,greedy,2,600,0.28292576828605176,7.7555140492864085,10.681150313640716,-2.72422035229465,0.0,0.3416666666666667,6.5023791790008545
12058,greedy,3,700,0.3130077062981644,7.726602005523819,10.649832127081345,-2.72422035229465,0.0,0.5,6.305918216705322
12058,greedy,4,800,0.3192258076612978,7.555059084216493,10.589246395488388,-2.72422035229465,0.0,0.5833333333333334,6.489256381988525
12058,greedy,5,900,0.3049755310970693,7.695543867802896,10.652771045403782,-2.72422035229465,0.0,0.725,6.314096212387085
12058,uncertainty,0,400,0.25252845330283313,7.7961081908151915,10.77197730059797,,,0.0,6.213509798049927
12058,uncertainty,1,500,0.2229773311083194,7.855465647285724,10.862816875032234,-2.72422035229465,0.0,0.08333333333333333,6.248375415802002
12058,uncertainty,2,600,0.28167082294264334,7.818651281444669,10.62100968452764,-2.72422035229465,0.0,0.15,6.016060829162598
12058,uncertainty,3,700,0.3245692160576003,7.646014976522438,10.569209538123296,-2.72422035229465,0.0,0.20833333333333334,6.1446123123168945
12058,uncertainty,4,800,0.3296915605722535,7.5366485535400445,10.484274483344475,-2.72422035229465,0.0,0.30833333333333335,6.445249080657959
12058,uncertainty,5,900,0.2970384189901186,7.607005821584225,10.553144808463777,-2.72422035229465,0.0,0.39166666666666666,6.543720722198486
12058,mixed,0,400,0.25252845330283313,7.7961081908151915,10.77197730059797,,,0.0,6.1444714069366455
12058,mixed,1,500,0.2486303039393996,7.797768911480538,10.765811874655832,-2.72422035229465,0.0,0.1,6.052088499069214
12058,mixed,2,600,0.2818270114188213,7.73700748808832,10.687044729778433,-2.72422035229465,0.0,0.19166666666666668,6.2543768882751465
12058,mixed,3,700,0.265637222732642,7.733394333033267,10.768444074346858,-2.72422035229465,0.0,0.275,6.3481125831604
12058,mixed,4,800,0.3130918943243395,7.551393652329841,10.579293695694474,-2.72422035229465,0.0,0.36666666666666664,6.518531322479248
12058,mixed,5,900,0.3292231826448915,7.538998276219486,10.577705514752346,-2.72422035229465,0.0,0.43333333333333335,5.312218904495239
12059,random,0,400,0.347855174094838,7.313662047909287,9.265549792356387,,,0.0,6.026944875717163
12059,random,1,500,0.33691523072019197,7.349598240493376,9.377097836837175,4.20880715476233,10.15510715751589,0.041666666666666664,5.955723285675049
12059,random,2,600,0.3359902874392965,7.2307545318280315,9.325432214713027,1.75952003577549,7.70582003852905,0.10833333333333334,5.927785158157349
12059,random,3,700,0.4008700054375339,7.084572755875676,9.085568059829845,1.54152123986569,7.487821242619249,0.18333333333333332,6.070239782333374
12059,random,4,800,0.3712373202332514,7.189812618323931,9.21416191498831,1.54152123986569,7.487821242619249,0.25833333333333336,6.132114887237549
12059,random,5,900,0.3783642397764986,7.186336431527695,9.15061786538217,-1.79640898725484,4.14989101549872,0.35833333333333334,6.354959487915039
12059,greedy,0,400,0.347855174094838,7.313662047909287,9.265549792356387,,,0.0,5.964410305023193
12059,greedy,1,500,0.3193111206945043,7.382454802409828,9.407223845577443,2.86005131311322,8.806351315866781,0.15833333333333333,5.959178447723389
12059,greedy,2,600,0.28549078431740194,7.537095631186069,9.447436833667458,-5.94630000275356,0.0,0.31666666666666665,6.318973779678345
12059,greedy,3,700,0.34985018656366595,7.231674173491294,9.236558443629457,-5.94630000275356,0.0,0.45,6.216280937194824
12059,greedy,4,800,0.3690840567753548,7.251908895802245,9.169896762423193,-5.94630000275356,0.0,0.5833333333333334,6.292925596237183
12059,greedy,5,900,0.3590926818292614,7.276048123802479,9.221632652533144,-5.94630000275356,0.0,0.7583333333333333,6.452976942062378
12059,uncertainty,0,400,0.347855174094838,7.313662047909287,9.265549792356387,,,0.0,6.025209426879883
12059,uncertainty,1,500,0.31865524159525993,7.3904272668058955,9.411011509808608,4.05739550297221,10.00369550572577,0.058333333333333334,5.81956934928894
12059,uncertainty,2,600,0.29707666922918263,7.5029795964789585,9.483032120581449,1.75952003577549,7.70582003852905,0.18333333333333332,6.1167497634887695
12059,uncertainty,3,700,0.30342602141263375,7.4163260626027965,9.40713803811802,1.75952003577549,7.70582003852905,0.24166666666666667,6.038615942001343
12059,uncertainty,4,800,0.2791260570378564,7.497899570641059,9.474127338801448,1.75952003577549,7.70582003852905,0.3333333333333333,6.155972242355347
12059,uncertainty,5,900,0.32544503403146263,7.358598007444434,9.359052114530153,-1.79640898725484,4.14989101549872,0.4166666666666667,6.567071914672852
12059,mixed,0,400,0.347855174094838,7.313662047909287,9.265549792356387,,,0.0,5.923539638519287
12059,mixed,1,500,0.30442671516696973,7.474590355495838,9.430417960818588,3.97923397722116,9.92553397997472,0.08333333333333333,5.877053737640381
12059,mixed,2,600,0.2899255620347627,7.567463873062618,9.553372258999804,2.63410041427414,8.5804004170277,0.21666666666666667,6.152744770050049
12059,mixed,3,700,0.33387583672397947,7.36270484399682,9.33586076505523,2.63410041427414,8.5804004170277,0.3333333333333333,6.221909523010254
12059,mixed,4,800,0.32421146382164884,7.409993513530079,9.322590606062613,2.63410041427414,8.5804004170277,0.425,6.388153553009033
12059,mixed,5,900,0.3586904918155738,7.285173808316515,9.211347164240363,1.75952003577549,7.70582003852905,0.525,6.563071012496948
12060,random,0,400,0.22515121969512306,7.9235923790436935,10.106862866035064,,,0.0,5.898695945739746
12060,random,1,500,0.30282939268370423,7.688927525565628,9.777539346688133,3.43182911266194,9.3781291154155,0.05,6.0438032150268555
12060,random,2,600,0.3104693154332214,7.665381293707221,9.754693783812488,3.43182911266194,9.3781291154155,0.11666666666666667,5.848838806152344
12060,random,3,700,0.33228638928993304,7.594875125734533,9.643428272014127,3.41173968594012,9.35803968869368,0.18333333333333332,6.169129133224487
12060,random,4,800,0.3294545590909943,7.607509938128831,9.676930380992825,-0.128988702253992,5.817311300499568,0.26666666666666666,6.192389965057373
12060,random,5,900,0.3671820448877805,7.5373244053647905,9.588333788075586,-1.79640898725484,4.14989101549872,0.39166666666666666,6.368459224700928
12060,greedy,0,400,0.22515121969512306,7.9235923790436935,10.106862866035064,,,0.0,5.903088569641113
12060,greedy,1,500,0.2755112219451371,7.745842063149305,9.870570436209354,-5.94630000275356,0.0,0.11666666666666667,6.198045492172241
12060,greedy,2,600,0.279504434402715,7.671990591048797,9.864353808678322,-5.94630000275356,0.0,0.31666666666666665,6.39374852180481
12060,greedy,3,700,0.27877486734292084,7.654033663023149,9.85388358777395,-5.94630000275356,0.0,0.4666666666666667,6.2382588386535645
12060,greedy,4,800,0.31751879699248114,7.653732775429803,9.762031447997996,-5.94630000275356,0.0,0.5833333333333334,6.215301513671875
12060,greedy,5,900,0.3265331033318958,7.581462313637318,9.73308968040904,-5.94630000275356,0.0,0.6666666666666666,6.2173988819122314
12060,uncertainty,0,400,0.22515121969512306,7.9235923790436935,10.106862866035064,,,0.0,5.964180946350098
12060,uncertainty,1,500,0.2692243076519228,7.734946054081815,9.955300634925916,1.82530723417949,7.7716072369330504,0.125,6.1049511432647705
12060,uncertainty,2,600,0.27447115294470587,7.754968458651479,9.800305245885028,1.82530723417949,7.7716072369330504,0.19166666666666668,6.2370381355285645
12060,uncertainty,3,700,0.2816721354508465,7.729507454792482,9.8169039828705,1.82530723417949,7.7716072369330504,0.26666666666666666,6.154442548751831
12060,uncertainty,4,800,0.30267132919580747,7.73077683920304,9.746728132091109,1.82530723417949,7.7716072369330504,0.35833333333333334,6.366961479187012
12060,uncertainty,5,900,0.330924005775036,7.650087783176319,9.710509728393053,1.82530723417949,7.7716072369330504,0.43333333333333335,6.538463115692139
12060,mixed,0,400,0.22515121969512306,7.9235923790436935,10.106862866035064,,,0.0,5.88013219833374
12060,mixed,1,500,0.3015316970731067,7.694442099302529,9.814053025028228,-5.94630000275356,0.0,0.14166666666666666,5.945224046707153
12060,mixed,2,600,0.2938921493259332,7.6763918117659315,9.81494334105786,-5.94630000275356,0.0,0.26666666666666666,5.993026256561279
12060,mixed,3,700,0.3248026550165938,7.6582056490483845,9.690068450796243,-5.94630000275356,0.0,0.35833333333333334,6.2511467933654785
12060,mixed,4,800,0.3519393246207788,7.536419341165006,9.608686669386408,-5.94630000275356,0.0,0.5166666666666667,6.553377389907837
12060,mixed,5,900,0.33827405171282315,7.570785325622803,9.660942549095349,-5.94630000275356,0.0,0.5833333333333334,6.211020231246948
12061,random,0,400,0.18641479009243805,7.925148213468799,10.251323259343227,,,0.0,6.2405195236206055
12061,random,1,500,0.22225920162001006,7.77337312100607,10.176431782347992,2.16613746399526,8.112437466748819,0.10833333333333334,6.289153337478638
12061,random,2,600,0.24980837380233625,7.636434154959186,9.92362140721904,2.16613746399526,8.112437466748819,0.18333333333333332,6.546435117721558
12061,random,3,700,0.2509795061219132,7.695827939547655,10.02366078425251,2.16613746399526,8.112437466748819,0.24166666666666667,6.221235036849976
12061,random,4,800,0.25850542815892597,7.723409860640598,9.969053966867328,2.16613746399526,8.112437466748819,0.30833333333333335,6.4574408531188965
12061,random,5,900,0.28817186357414737,7.610578158596105,9.808948682119565,1.06826830975842,7.0145683125119795,0.4,6.345595836639404
12061,greedy,0,400,0.18641479009243805,7.925148213468799,10.251323259343227,,,0.0,5.935334920883179
12061,greedy,1,500,0.21337689610560062,7.759547613535237,10.142616023725555,3.031954188893,8.97825419164656,0.10833333333333334,6.107273817062378
12061,greedy,2,600,0.25471209195057465,7.674848867302307,9.930771519653943,-5.94630000275356,0.0,0.25833333333333336,6.143343687057495
12061,greedy,3,700,0.23457446609041305,7.763051822177497,10.016655800136059,-5.94630000275356,0.0,0.5083333333333333,6.065539360046387
12061,greedy,4,800,0.24442502765642282,7.804934878037727,10.046509802466021,-5.94630000275356,0.0,0.5833333333333334,6.327863454818726
12061,greedy,5,900,0.26674160463502894,7.725909458567779,9.885043586735543,-5.94630000275356,0.0,0.7333333333333333,6.747721195220947
12061,uncertainty,0,400,0.18641479009243805,7.925148213468799,10.251323259343227,,,0.0,6.042187929153442
12061,uncertainty,1,500,0.1851924699529372,7.909107987145087,10.273649534455377,4.91456410378305,10.86086410653661,0.125,6.142601251602173
12061,uncertainty,2,600,0.23735023343895897,7.7759999503705695,10.025823721298268,3.47687136075183,9.42317136350539,0.2,6.307422399520874
12061,uncertainty,3,700,0.2334239588997431,7.839677186402804,10.038331399941505,2.16613746399526,8.112437466748819,0.30833333333333335,6.15087890625
12061,uncertainty,4,800,0.2642515890724317,7.681894079206106,9.9524103015373,1.82530723417949,7.7716072369330504,0.36666666666666664,6.602953910827637
12061,uncertainty,5,900,0.308083175519847,7.58162007738893,9.751900373610043,1.82530723417949,7.7716072369330504,0.45,6.549238681793213
12061,mixed,0,400,0.18641479009243805,7.925148213468799,10.251323259343227,,,0.0,6.023684978485107
12061,mixed,1,500,0.2037485234282714,7.834729835975968,10.184268090509404,3.031954188893,8.97825419164656,0.1,8.148244619369507
12061,mixed,2,600,0.2552207826298914,7.681197686550513,9.92606032516327,3.031954188893,8.97825419164656,0.175,7.037543535232544
12061,mixed,3,700,0.26197944987156163,7.706721377524718,9.933575084468478,-5.94630000275356,0.0,0.325,7.218673467636108
12061,mixed,4,800,0.2751950949693435,7.6752167867615295,9.91832678754288,-5.94630000275356,0.0,0.45,6.859685897827148
12061,mixed,5,900,0.27165507284420526,7.684096394229434,9.878839218770915,-5.94630000275356,0.0,0.5916666666666667,6.535432577133179
12062,random,0,400,0.23802505015656344,7.896307784613893,10.627283846223254,,,0.0,6.303822755813599
12062,random,1,500,0.25831192694954336,7.7229657537545116,10.399676214526169,-5.94630000275356,0.0,0.10833333333333334,6.298683166503906
12062,random,2,600,0.2802613766336039,7.670688092501157,10.369919531538601,-5.94630000275356,0.0,0.16666666666666666,6.533291339874268
12062,random,3,700,0.28588828680179246,7.709926959197401,10.38988357164464,-5.94630000275356,0.0,0.23333333333333334,6.186026334762573
12062,random,4,800,0.27943487146794665,7.7267978348701885,10.274901395964145,-5.94630000275356,0.0,0.3416666666666667,6.414745092391968
12062,random,5,900,0.31132000825005146,7.635504384840131,10.204793287302671,-5.94630000275356,0.0,0.4,6.3341052532196045
12062,greedy,0,400,0.23802505015656344,7.896307784613893,10.627283846223254,,,0.0,6.0491063594818115
12062,greedy,1,500,0.22856261601635008,7.799772529740288,10.484798495071642,2.13161010103795,8.07791010379151,0.125,5.997430324554443
12062,greedy,2,600,0.29256970356064727,7.7070614081141136,10.384621098988726,-5.94630000275356,0.0,0.31666666666666665,6.100162029266357
12062,greedy,3,700,0.27576753604710025,7.681486829896065,10.424477811060015,-5.94630000275356,0.0,0.45,6.06772780418396
12062,greedy,4,800,0.3212748204676279,7.616067562702296,10.151333096257739,-5.94630000275356,0.0,0.5833333333333334,6.369529485702515
12062,greedy,5,900,0.30413496334352086,7.596453377378753,10.133997810502631,-5.94630000275356,0.0,0.6583333333333333,6.727200746536255
12062,uncertainty,0,400,0.23802505015656344,7.896307784613893,10.627283846223254,,,0.0,6.227610349655151
12062,uncertainty,1,500,0.21219845124032022,7.91544064674601,10.535019300693367,1.96463543386199,7.91093543661555,0.08333333333333333,6.209431171417236
12062,uncertainty,2,600,0.2797515609472559,7.769574766574054,10.370921811334481,1.96463543386199,7.91093543661555,0.14166666666666666,6.325336694717407
12062,uncertainty,3,700,0.23918024487653045,7.793575462093035,10.433987563388905,1.96463543386199,7.91093543661555,0.20833333333333334,6.39482569694519
12062,uncertainty,4,800,0.25437233982712393,7.795780834607729,10.36368050261545,-5.94630000275356,0.0,0.26666666666666666,6.281665325164795
12062,uncertainty,5,900,0.31877992987456166,7.696545927496809,10.201470437676196,-5.94630000275356,0.0,0.36666666666666664,6.691842555999756
12062,mixed,0,400,0.23802505015656344,7.896307784613893,10.627283846223254,,,0.0,6.41787576675415
12062,mixed,1,500,0.2496898730617066,7.744264490949479,10.432039931595924,1.96463543386199,7.91093543661555,0.14166666666666666,8.067107915878296
12062,mixed,2,600,0.27590666191663693,7.804451758886114,10.349301584005088,1.06826830975842,7.0145683125119795,0.30833333333333335,6.808150053024292
12062,mixed,3,700,0.27666416665104154,7.7748040812526495,10.385244032168302,1.06826830975842,7.0145683125119795,0.375,6.910503149032593
12062,mixed,4,800,0.3165994787467421,7.71834684326413,10.219645788331038,-5.94630000275356,0.0,0.4666666666666667,6.719638824462891
12062,mixed,5,900,0.3350484690529315,7.63840963789175,10.144237955947649,-5.94630000275356,0.0,0.525,6.450282335281372
12063,random,0,400,0.2543894024337652,7.301148424975193,9.897849509168985,,,0.0,6.312317132949829
12063,random,1,500,0.2505925037031481,7.213274173111257,9.74331028685823,1.75952003577549,4.4837403880701405,0.125,6.260462045669556
12063,random,2,600,0.2797890611816324,7.111658089682728,9.618124665218689,1.75952003577549,4.4837403880701405,0.2,6.500077486038208
12063,random,3,700,0.33004406277539233,7.034440992186768,9.48916898896043,1.75952003577549,4.4837403880701405,0.25833333333333336,6.384047031402588
12063,random,4,800,0.3473181707385671,6.986838371260626,9.452820523732711,1.75952003577549,4.4837403880701405,0.30833333333333335,6.402499198913574
12063,random,5,900,0.3365542909643185,7.027056195317105,9.47231897132113,1.75952003577549,4.4837403880701405,0.4083333333333333,6.607725381851196
12063,greedy,0,400,0.2543894024337652,7.301148424975193,9.897849509168985,,,0.0,6.201321125030518
12063,greedy,1,500,0.22931112069450432,7.271618644198606,9.917616507436982,3.41173968594012,6.135960038234771,0.175,6.153742074966431
12063,greedy,2,600,0.2786059287870549,7.221253310569145,9.762249568122865,1.54152123986569,4.2657415921603405,0.2833333333333333,6.392348289489746
12063,greedy,3,700,0.2595488721804511,7.254521053113556,9.814102719664248,-2.72422035229465,0.0,0.39166666666666666,6.276750564575195
12063,greedy,4,800,0.31568053550334685,7.0634292482959475,9.542387116803207,-2.72422035229465,0.0,0.5333333333333333,6.4808173179626465
12063,greedy,5,900,0.335189657435359,7.001414503671806,9.491199429456284,-2.72422035229465,0.0,0.6166666666666667,6.843838691711426
12063,uncertainty,0,400,0.2543894024337652,7.301148424975193,9.897849509168985,,,0.0,6.178852558135986
12063,uncertainty,1,500,0.25838242739017114,7.167768369359019,9.745899254847844,2.63410041427414,5.35832076656879,0.06666666666666667,6.1211254596710205
12063,uncertainty,2,600,0.308637616485103,7.10565678913125,9.597604648899315,1.96463543386199,4.6888557861566404,0.13333333333333333,6.063137769699097
12063,uncertainty,3,700,0.3155562222263889,7.058466482906474,9.53465941025778,-0.128988702253992,2.5952316500406583,0.25833333333333336,6.182989120483398
12063,uncertainty,4,800,0.33423171394821216,7.025760006765006,9.4836165019095,-0.128988702253992,2.5952316500406583,0.3416666666666667,6.293081998825073
12063,uncertainty,5,900,0.31272645454034087,7.113678820383463,9.533713113737958,-0.128988702253992,2.5952316500406583,0.49166666666666664,6.645247936248779
12063,mixed,0,400,0.2543894024337652,7.301148424975193,9.897849509168985,,,0.0,6.715011835098267
12063,mixed,1,500,0.27491646822792637,7.100644781840963,9.713021810788069,2.63410041427414,5.35832076656879,0.09166666666666666,7.524258613586426
12063,mixed,2,600,0.26269795436221477,7.1480981333338285,9.672092884001874,1.06826830975842,3.7924886620530702,0.18333333333333332,6.711765766143799
12063,mixed,3,700,0.30918755742223386,7.094908315080962,9.5401970402417,1.06826830975842,3.7924886620530702,0.36666666666666664,7.2063257694244385
12063,mixed,4,800,0.34704029400183745,6.998814746757144,9.424683034600498,1.06826830975842,3.7924886620530702,0.425,6.804602384567261
12063,mixed,5,900,0.31807905049406554,7.068887501416341,9.519329664676173,1.06826830975842,3.7924886620530702,0.475,6.037946939468384
12064,random,0,400,0.29667072919205745,7.513293902392388,9.576461420840266,,,0.0,6.214986562728882
12064,random,1,500,0.331320945755911,7.394009538644066,9.466464141544938,2.13161010103795,8.07791010379151,0.075,6.29567813873291
12064,random,2,600,0.3110162563516021,7.4391848710271224,9.494897079419541,1.06826830975842,7.0145683125119795,0.16666666666666666,6.563864231109619
12064,random,3,700,0.33122250764067274,7.387556010309351,9.457271261915876,1.06826830975842,7.0145683125119795,0.25,6.331184148788452
12064,random,4,800,0.352200326252039,7.304654872462804,9.371163269535012,-5.94630000275356,0.0,0.325,6.38381814956665
12064,random,5,900,0.3852050325314532,7.311887372765092,9.30839267685107,-5.94630000275356,0.0,0.4166666666666667,6.335314989089966
12064,greedy,0,400,0.29667072919205745,7.513293902392388,9.576461420840266,,,0.0,5.906644105911255
12064,greedy,1,500,0.35504134400840004,7.3674973005971625,9.381131661265297,-5.94630000275356,0.0,0.18333333333333332,6.115806579589844
12064,greedy,2,600,0.34336377102356885,7.465644987294247,9.512073552386736,-5.94630000275356,0.0,0.36666666666666664,6.132806777954102
12064,greedy,3,700,0.35610785067406664,7.327006995031154,9.427200103530396,-5.94630000275356,0.0,0.5,6.08362603187561
12064,greedy,4,800,0.34452777829861436,7.366473393171537,9.42120836665132,-5.94630000275356,0.0,0.5583333333333333,6.29771089553833
12064,greedy,5,900,0.34679166744792145,7.437248812844557,9.49278406082462,-5.94630000275356,0.0,0.6583333333333333,6.719679355621338
12064,uncertainty,0,400,0.29667072919205745,7.513293902392388,9.576461420840266,,,0.0,6.05924391746521
12064,uncertainty,1,500,0.2831935199594997,7.489281921527475,9.58450482748022,-5.94630000275356,0.0,0.075,6.246988534927368
12064,uncertainty,2,600,0.2687133669585435,7.681443687153781,9.704137974888782,-5.94630000275356,0.0,0.15,6.145106077194214
12064,uncertainty,3,700,0.33310108188176174,7.44749286290401,9.442018967392915,-5.94630000275356,0.0,0.24166666666666667,6.239868879318237
12064,uncertainty,4,800,0.3541949637185232,7.415381810834309,9.34608704901701,-5.94630000275356,0.0,0.36666666666666664,6.329352855682373
12064,uncertainty,5,900,0.39046481540509625,7.35322000441186,9.258288864868582,-5.94630000275356,0.0,0.49166666666666664,6.450633525848389
12064,mixed,0,400,0.29667072919205745,7.513293902392388,9.576461420840266,,,0.0,6.13571834564209
12064,mixed,1,500,0.2818026362664766,7.526659287529046,9.60430764468113,2.13161010103795,8.07791010379151,0.11666666666666667,8.186424016952515
12064,mixed,2,600,0.26145932162076013,7.653213098575215,9.709627109483622,-2.72422035229465,3.2220796504589098,0.25,7.237058162689209
12064,mixed,3,700,0.28138000862505386,7.594719521412353,9.618776582136697,-2.72422035229465,3.2220796504589098,0.36666666666666664,7.370498895645142
12064,mixed,4,800,0.3265211032568953,7.500061795479228,9.54044422988493,-2.72422035229465,3.2220796504589098,0.425,6.956948280334473
12064,mixed,5,900,0.3338312114450715,7.526125066313323,9.497209975715556,-2.72422035229465,3.2220796504589098,0.49166666666666664,6.490379571914673
12065,random,0,400,0.2898616241351508,7.801126898337222,10.088248408756426,,,0.0,6.142004013061523
12065,random,1,500,0.2843573397333733,7.796440301606092,10.084100036590213,-5.94630000275356,0.0,0.058333333333333334,6.130650520324707
12065,random,2,600,0.3108891305570659,7.707573079261922,9.97049903562536,-5.94630000275356,0.0,0.11666666666666667,5.974361181259155
12065,random,3,700,0.3296133725835786,7.668364702236451,9.924184035917605,-5.94630000275356,0.0,0.25,6.252373218536377
12065,random,4,800,0.34472052950330934,7.632672636508626,9.86253276485495,-5.94630000275356,0.0,0.39166666666666666,6.213303089141846
12065,random,5,900,0.35433971462321634,7.649136346509949,9.867557780889992,-5.94630000275356,0.0,0.4666666666666667,6.450759410858154
12065,greedy,0,400,0.2898616241351508,7.801126898337222,10.088248408756426,,,0.0,6.062379360198975
12065,greedy,1,500,0.2634053962837267,7.827919384864918,10.160084191537074,-5.94630000275356,0.0,0.225,6.108871698379517
12065,greedy,2,600,0.2948335927099544,7.767438054946682,10.082910342818424,-5.94630000275356,0.0,0.36666666666666664,6.143827676773071
12065,greedy,3,700,0.2940830255189094,7.8273856682278975,10.074344929858217,-5.94630000275356,0.0,0.4666666666666667,6.14171028137207
12065,greedy,4,800,0.3147615922599516,7.7039544065617065,9.995637339686793,-5.94630000275356,0.0,0.5833333333333334,6.248356819152832
12065,greedy,5,900,0.30668966681041754,7.802842855275316,10.084688139457008,-5.94630000275356,0.0,0.6833333333333333,6.646562576293945
12065,uncertainty,0,400,0.2898616241351508,7.801126898337222,10.088248408756426,,,0.0,6.217663288116455
12065,uncertainty,1,500,0.28035981474884214,7.809731275945238,10.081475550093744,1.06826830975842,7.0145683125119795,0.058333333333333334,6.108980894088745
12065,uncertainty,2,600,0.304080588003675,7.755843971762863,9.992384621744154,1.06826830975842,7.0145683125119795,0.14166666666666666,5.95741081237793
12065,uncertainty,3,700,0.3400510003187519,7.645790286041744,9.87658847382226,-1.79640898725484,4.14989101549872,0.21666666666666667,5.907765626907349
12065,uncertainty,4,800,0.31421015131344565,7.757664396388163,9.985296658750185,-1.79640898725484,4.14989101549872,0.30833333333333335,6.111788511276245
12065,uncertainty,5,900,0.3248026550165938,7.709385015224471,9.969220499603574,-1.79640898725484,4.14989101549872,0.375,6.226391792297363
12065,mixed,0,400,0.2898616241351508,7.801126898337222,10.088248408756426,,,0.0,5.990605115890503
12065,mixed,1,500,0.28367071044194025,7.830291361758469,10.084942339467128,1.06826830975842,7.0145683125119795,0.05,6.0436882972717285
12065,mixed,2,600,0.2806703166894793,7.828253755081762,10.095887529732039,1.06826830975842,7.0145683125119795,0.125,6.013659238815308
12065,mixed,3,700,0.2975396096225601,7.799929997942647,9.998772210958528,-2.72422035229465,3.2220796504589098,0.25,6.454430103302002
12065,mixed,4,800,0.32560309751935945,7.704216320795926,9.989886555649262,-5.94630000275356,0.0,0.3416666666666667,6.1235716342926025
12065,mixed,5,900,0.3359197869986687,7.703485145237844,9.930101336199684,-5.94630000275356,0.0,0.44166666666666665,6.15521764755249
12066,random,0,400,0.2341186507415671,8.055620080607678,10.333596132033124,,,0.0,5.982756614685059
12066,random,1,500,0.21313839461496634,8.17659598598307,10.468005086919518,1.75952003577549,3.5559290230303304,0.11666666666666667,6.172043800354004
12066,random,2,600,0.25633360208501305,8.12208327527803,10.306150841639619,-1.79640898725484,0.0,0.24166666666666667,6.1016716957092285
12066,random,3,700,0.2683138019612622,8.051372145350662,10.224300530960376,-1.79640898725484,0.0,0.2916666666666667,6.02643084526062
12066,random,4,800,0.27547672172951077,7.941137662433885,10.160938160193016,-1.79640898725484,0.0,0.35,6.193344354629517
12066,random,5,900,0.2697204357527234,7.898928364551242,10.143159254656679,-1.79640898725484,0.0,0.4666666666666667,6.264995813369751
12066,greedy,0,400,0.2341186507415671,8.055620080607678,10.333596132033124,,,0.0,5.882868766784668
12066,greedy,1,500,0.22500084375527346,8.130404218303283,10.444217000519615,2.13161010103795,3.92801908829279,0.15,5.933799743652344
12066,greedy,2,600,0.26591734948343426,8.033561245070969,10.33306204997041,1.96463543386199,3.7610444211168303,0.2916666666666667,6.043409585952759
12066,greedy,3,700,0.22829523934524587,8.14388956458883,10.371245152277938,1.75952003577549,3.5559290230303304,0.43333333333333335,6.110127210617065
12066,greedy,4,800,0.26976093600585005,7.995087918047801,10.249024895637099,-0.128988702253992,1.6674202850008482,0.5416666666666666,6.233249664306641
12066,greedy,5,900,0.2601505634410215,7.982707594589374,10.252996925796923,-1.79640898725484,0.0,0.65,6.5934765338897705
12066,uncertainty,0,400,0.2341186507415671,8.055620080607678,10.333596132033124,,,0.0,5.996371746063232
12066,uncertainty,1,500,0.24897868111675694,8.087619419190732,10.395389078656669,1.82530723417949,3.62171622143433,0.125,6.10271430015564
12066,uncertainty,2,600,0.24365721035756474,8.060708249089664,10.397996038420228,1.82530723417949,3.62171622143433,0.18333333333333332,5.94399094581604
12066,uncertainty,3,700,0.2561875386721167,8.020954432937636,10.320785008165227,-1.79640898725484,0.0,0.2916666666666667,6.1025049686431885
12066,uncertainty,4,800,0.2765872911705698,7.915223981937308,10.188271282141196,-1.79640898725484,0.0,0.36666666666666664,6.466856241226196
12066,uncertainty,5,900,0.27984887405546277,7.945978927931578,10.219567687163456,-1.79640898725484,0.0,0.425,6.356518745422363
12066,mixed,0,400,0.2341186507415671,8.055620080607678,10.333596132033124,,,0.0,5.906978368759155
12066,mixed,1,500,0.24221532634578963,8.131455570388667,10.40267927898067,1.82530723417949,3.62171622143433,0.11666666666666667,6.08735203742981
12066,mixed,2,600,0.22831080194251213,8.212612686908331,10.494406579129292,1.82530723417949,3.62171622143433,0.23333333333333334,6.303673028945923
12066,mixed,3,700,0.26326252039075243,8.009212333691757,10.30178372418672,1.75952003577549,3.5559290230303304,0.2916666666666667,6.6193764209747314
12066,mixed,4,800,0.2488506178163613,8.03233828809053,10.297506602638615,1.75952003577549,3.5559290230303304,0.35833333333333334,6.2379443645477295
12066,mixed,5,900,0.24726285789286181,7.930477580092256,10.287132025472662,-0.128988702253992,1.6674202850008482,0.4666666666666667,6.249568462371826
12067,random,0,400,0.3209110681941762,7.179274824141066,9.335218286485023,,,0.0,6.05011510848999
12067,random,1,500,0.2938422740142126,7.276344345680903,9.38972709518163,4.07733535693114,10.0236353596847,0.06666666666666667,6.107690334320068
12067,random,2,600,0.32474152963456016,7.12942493676182,9.24161571066744,4.07733535693114,10.0236353596847,0.10833333333333334,6.141432046890259
12067,random,3,700,0.33617478859242866,7.142170900984106,9.257298857597055,1.54152123986569,7.487821242619249,0.175,6.001873970031738
12067,random,4,800,0.3501325633285208,7.0466394705947435,9.116050390667612,1.54152123986569,7.487821242619249,0.275,6.2364537715911865
12067,random,5,900,0.37085931787073667,6.99213277605513,9.09604714126536,1.54152123986569,7.487821242619249,0.35,6.163859605789185
12067,greedy,0,400,0.3209110681941762,7.179274824141066,9.335218286485023,,,0.0,5.965111017227173
12067,greedy,1,500,0.31368196051225317,7.277227291544821,9.319058112386426,2.18454132435727,8.13084132711083,0.15,5.857836961746216
12067,greedy,2,600,0.3435702098138113,7.061670742764993,9.253837145319421,-5.94630000275356,0.0,0.3,6.111339569091797
12067,greedy,3,700,0.3635280220501378,7.017127389608263,9.15857190268297,-5.94630000275356,0.0,0.425,6.322047233581543
12067,greedy,4,800,0.33093488084300526,7.071826962414771,9.195950525427506,-5.94630000275356,0.0,0.5666666666666667,6.213354587554932
12067,greedy,5,900,0.30879680498003115,7.158786735773884,9.320170850116448,-5.94630000275356,0.0,0.6833333333333333,6.771059513092041
12067,uncertainty,0,400,0.3209110681941762,7.179274824141066,9.335218286485023,,,0.0,6.400539398193359
12067,uncertainty,1,500,0.3066178538615866,7.3133633594865275,9.403542296153093,3.97923397722116,9.92553397997472,0.09166666666666666,6.023742198944092
12067,uncertainty,2,600,0.35062719141994636,7.084311575155601,9.145607300996458,3.97923397722116,9.92553397997472,0.15833333333333333,6.268659830093384
12067,uncertainty,3,700,0.34460409127557046,7.068146815017451,9.213816509619855,2.86005131311322,8.806351315866781,0.225,6.0582005977630615
12067,uncertainty,4,800,0.3843425271407946,7.009719359373361,9.06652902174717,2.86005131311322,8.806351315866781,0.30833333333333335,6.142449378967285
12067,uncertainty,5,900,0.3836182101138132,6.954595208644184,9.13887314049609,-1.79640898725484,4.14989101549872,0.39166666666666666,6.243894338607788
12067,mixed,0,400,0.3209110681941762,7.179274824141066,9.335218286485023,,,0.0,5.990141153335571
12067,mixed,1,500,0.30954718466990416,7.294491397976915,9.34049464157333,3.47687136075183,9.42317136350539,0.09166666666666666,5.980425596237183
12067,mixed,2,600,0.28470684191776197,7.2618692427492,9.394693106524251,3.47687136075183,9.42317136350539,0.14166666666666666,6.268541097640991
12067,mixed,3,700,0.3616224476402977,7.070512391798379,9.165827485826448,2.18454132435727,8.13084132711083,0.26666666666666666,6.523268938064575
12067,mixed,4,800,0.3462595391221195,7.12672781405631,9.202637866101119,-5.94630000275356,0.0,0.35,6.432774305343628
12067,mixed,5,900,0.3234697091856824,7.167776087610946,9.315184623513757,-5.94630000275356,0.0,0.4666666666666667,6.067406177520752
12068,random,0,400,0.3421107006918793,7.488593727091698,9.989495254361646,,,0.0,6.150944232940674
12068,random,1,500,0.3361142257139107,7.582792451488911,9.999585806386357,4.60837494907901,7.33259530137366,0.058333333333333334,6.220579385757446
12068,random,2,600,0.34415727598297485,7.555558978109518,9.940019134446437,-1.79640898725484,0.9278113650398101,0.15,6.1959686279296875
12068,random,3,700,0.30585003656272847,7.602922780116271,10.066866540144812,-1.79640898725484,0.9278113650398101,0.275,6.15881872177124
12068,random,4,800,0.3481193632460202,7.547839947873135,9.930417103189898,-1.79640898725484,0.9278113650398101,0.39166666666666666,5.977901935577393
12068,random,5,900,0.3680175501096881,7.451485057400459,9.878748223083733,-1.79640898725484,0.9278113650398101,0.475,6.204351186752319
12068,greedy,0,400,0.3421107006918793,7.488593727091698,9.989495254361646,,,0.0,6.0471320152282715
12068,greedy,1,500,0.35953274707966926,7.471036343879288,9.898177224227503,-1.79640898725484,0.9278113650398101,0.20833333333333334,6.119327545166016
12068,greedy,2,600,0.32890274314214457,7.597677672697996,9.962216798553358,-1.79640898725484,0.9278113650398101,0.35,6.236486196517944
12068,greedy,3,700,0.36929049556559723,7.476427405766742,9.891218693552005,-1.79640898725484,0.9278113650398101,0.4666666666666667,6.319827318191528
12068,greedy,4,800,0.35675979224870147,7.455606256652398,9.91640350072511,-1.79640898725484,0.9278113650398101,0.6,6.438871145248413
12068,greedy,5,900,0.38033262707891924,7.46274447960106,9.840567943610333,-1.79640898725484,0.9278113650398101,0.725,6.556004524230957
12068,uncertainty,0,400,0.3421107006918793,7.488593727091698,9.989495254361646,,,0.0,6.332151174545288
12068,uncertainty,1,500,0.34356308476927977,7.502991338248524,9.998815459158333,2.18454132435727,4.90876167665192,0.09166666666666666,6.264225959777832
12068,uncertainty,2,600,0.33002793767461047,7.597947682620276,10.044805206732605,2.18454132435727,4.90876167665192,0.16666666666666666,6.2934958934783936
12068,uncertainty,3,700,0.3404726904543153,7.538898533535951,9.978795453428928,2.18454132435727,4.90876167665192,0.25,6.362497568130493
12068,uncertainty,4,800,0.31295858099113116,7.660227807974079,10.028520516369621,2.18454132435727,4.90876167665192,0.3333333333333333,6.194054126739502
12068,uncertainty,5,900,0.3204916280726754,7.650953868679869,10.010045263086814,1.06826830975842,3.7924886620530702,0.425,6.374361515045166
12068,mixed,0,400,0.3421107006918793,7.488593727091698,9.989495254361646,,,0.0,6.156098127365112
12068,mixed,1,500,0.32348339677122984,7.5367491726669344,10.009762648116855,2.18454132435727,4.90876167665192,0.125,6.455524206161499
12068,mixed,2,600,0.29802805017531353,7.616445401201317,10.040320093993607,-1.79640898725484,0.9278113650398101,0.225,6.5668580532073975
12068,mixed,3,700,0.3303215645097781,7.544160517274487,10.023996483785387,-1.79640898725484,0.9278113650398101,0.3333333333333333,6.371786594390869
12068,mixed,4,800,0.30980181126132034,7.667189874406636,10.059541097168863,-1.79640898725484,0.9278113650398101,0.48333333333333334,6.411780595779419
12068,mixed,5,900,0.3279039243995274,7.710513469530212,9.946412470074222,-1.79640898725484,0.9278113650398101,0.575,4.961827278137207
12069,random,0,400,0.3453623460146626,7.9150679385419584,10.303594083524226,,,0.0,6.106886863708496
12069,random,1,500,0.342480828005175,7.886033023599967,10.276651909620822,4.20880715476233,10.15510715751589,0.075,6.054884910583496
12069,random,2,600,0.3407897549359683,7.800744083772907,10.222855229669415,4.20880715476233,10.15510715751589,0.16666666666666666,6.0709404945373535
12069,random,3,700,0.3646631541447134,7.793686829903436,10.115428344101048,-5.94630000275356,0.0,0.25,6.073680639266968
12069,random,4,800,0.37006881293008076,7.827485464035692,10.118118580723637,-5.94630000275356,0.0,0.325,6.15185546875
12069,random,5,900,0.38098869367933547,7.753050336650663,10.098287670153626,-5.94630000275356,0.0,0.375,6.661653280258179
12069,greedy,0,400,0.3453623460146626,7.9150679385419584,10.303594083524226,,,0.0,6.170841932296753
12069,greedy,1,500,0.3269257307858174,7.981769086775043,10.356364602045876,-5.94630000275356,0.0,0.18333333333333332,6.0887675285339355
12069,greedy,2,600,0.34319970749817186,7.906005174347228,10.3084926050387,-5.94630000275356,0.0,0.39166666666666666,6.218102931976318
12069,greedy,3,700,0.3378566741042131,7.874672496530195,10.251350466754007,-5.94630000275356,0.0,0.5333333333333333,6.188086748123169
12069,greedy,4,800,0.3775546097163107,7.8340421435104615,10.188952241150119,-5.94630000275356,0.0,0.6333333333333333,6.3068084716796875
12069,greedy,5,900,0.37651060319126994,7.829543121805168,10.11904032143301,-5.94630000275356,0.0,0.7166666666666667,6.3605194091796875
12069,uncertainty,0,400,0.3453623460146626,7.9150679385419584,10.303594083524226,,,0.0,5.994156360626221
12069,uncertainty,1,500,0.36139800873755457,7.879828131248757,10.138079488436196,1.06826830975842,7.0145683125119795,0.1,5.946012258529663
12069,uncertainty,2,600,0.3848097800611253,7.838536082056835,10.05928074831782,1.06826830975842,7.0145683125119795,0.19166666666666668,6.21303391456604
12069,uncertainty,3,700,0.3746520915755723,7.858785736923708,10.115140409606374,1.06826830975842,7.0145683125119795,0.225,6.192486763000488
12069,uncertainty,4,800,0.4220073875461721,7.6848917993278585,9.955553168451223,1.06826830975842,7.0145683125119795,0.2833333333333333,6.331362247467041
12069,uncertainty,5,900,0.39129694560591,7.771827701644934,10.008086613112688,1.06826830975842,7.0145683125119795,0.35,6.694619417190552
12069,mixed,0,400,0.3453623460146626,7.9150679385419584,10.303594083524226,,,0.0,5.863792896270752
12069,mixed,1,500,0.32653366583541144,7.925203304211764,10.269105149361646,3.47687136075183,9.42317136350539,0.09166666666666666,6.312981605529785
12069,mixed,2,600,0.37555528472052946,7.796582779847097,10.11241897210071,1.06826830975842,7.0145683125119795,0.19166666666666668,6.391129970550537
12069,mixed,3,700,0.39104025650160307,7.599844497237741,10.046720296550133,-5.94630000275356,0.0,0.3,6.560404300689697
12069,mixed,4,800,0.3911947574672341,7.653074632347555,10.079926781465142,-5.94630000275356,0.0,0.425,6.581750154495239
12069,mixed,5,900,0.3608968181051131,7.7595824842756835,10.16369707106173,-5.94630000275356,0.0,0.5166666666666667,6.152690172195435
12070,random,0,400,0.3132199576247351,7.729394883502005,9.532051380994671,,,0.0,6.131332874298096
12070,random,1,500,0.3129638310239439,7.627479101510328,9.46205606688028,-0.128988702253992,5.817311300499568,0.1,6.064836263656616
12070,random,2,600,0.3192196201226258,7.588372352488091,9.422336761601256,-0.128988702253992,5.817311300499568,0.16666666666666666,6.019934177398682
12070,random,3,700,0.3649959687248045,7.445150647391854,9.289422838569626,-5.94630000275356,0.0,0.21666666666666667,6.1834938526153564
12070,random,4,800,0.3628809555059719,7.521962487707197,9.318921519015754,-5.94630000275356,0.0,0.2916666666666667,6.230966329574585
12070,random,5,900,0.3718883243020269,7.511544641258504,9.320138161659772,-5.94630000275356,0.0,0.38333333333333336,6.632347106933594
12070,greedy,0,400,0.3132199576247351,7.729394883502005,9.532051380994671,,,0.0,6.177563190460205
12070,greedy,1,500,0.26768604803780016,7.652737101832953,9.61345880142446,-5.94630000275356,0.0,0.18333333333333332,6.1495184898376465
12070,greedy,2,600,0.26969681060506623,7.7770798233153835,9.62522049047099,-5.94630000275356,0.0,0.31666666666666665,6.211355924606323
12070,greedy,3,700,0.29695216845105277,7.7139903619197385,9.585119323751886,-5.94630000275356,0.0,0.48333333333333334,6.3468711376190186
12070,greedy,4,800,0.31750642191513695,7.624771810217744,9.533533091065399,-5.94630000275356,0.0,0.5916666666666667,6.387836933135986
12070,greedy,5,900,0.3156587853674085,7.64663520068362,9.550221862083939,-5.94630000275356,0.0,0.675,6.2743000984191895
12070,uncertainty,0,400,0.3132199576247351,7.729394883502005,9.532051380994671,,,0.0,5.9891557693481445
12070,uncertainty,1,500,0.27415615097594354,7.790092399519365,9.654561386826302,1.82530723417949,7.7716072369330504,0.11666666666666667,6.144420146942139
12070,uncertainty,2,600,0.33446159038493983,7.723677613897187,9.44815361077179,1.82530723417949,7.7716072369330504,0.19166666666666668,6.097167491912842
12070,uncertainty,3,700,0.34158588491178066,7.603574320871503,9.494021030281013,-0.128988702253992,5.817311300499568,0.25,5.981832027435303
12070,uncertainty,4,800,0.3653175332345827,7.5941204944462655,9.398044878384068,-0.128988702253992,5.817311300499568,0.3416666666666667,6.298525094985962
12070,uncertainty,5,900,0.36750642191513694,7.546431389390052,9.336030034010957,-0.128988702253992,5.817311300499568,0.4,6.77801775932312
12070,mixed,0,400,0.3132199576247351,7.729394883502005,9.532051380994671,,,0.0,6.121383190155029
12070,mixed,1,500,0.29825080156750977,7.692235130930433,9.54529443075463,4.20880715476233,10.15510715751589,0.125,6.221965789794922
12070,mixed,2,600,0.31348714679466744,7.772489230019005,9.567176720278836,-5.94630000275356,0.0,0.24166666666666667,5.990040302276611
12070,mixed,3,700,0.3062081638010237,7.746166504217897,9.634457909145196,-5.94630000275356,0.0,0.31666666666666665,6.399995565414429
12070,mixed,4,800,0.32643504021900127,7.637849676339088,9.503472600130612,-5.94630000275356,0.0,0.425,6.695233345031738
12070,mixed,5,900,0.3385380533628335,7.6304165824403505,9.443237933117507,-5.94630000275356,0.0,0.525,6.107310056686401
12071,random,0,400,0.23519640747754672,7.940283036999289,10.520912737374704,,,0.0,6.127704381942749
12071,random,1,500,0.23771961074756712,7.9608320698608415,10.526695998640298,2.16613746399526,4.89035781628991,0.09166666666666666,6.270252227783203
12071,random,2,600,0.3053407833798961,7.711550106417774,10.333678718458403,2.16613746399526,4.89035781628991,0.175,6.0660200119018555
12071,random,3,700,0.31086775542347134,7.6935528707018825,10.323778624742983,2.16613746399526,4.89035781628991,0.20833333333333334,6.182112693786621
12071,random,4,800,0.3218030112688204,7.624866142391374,10.199402041083333,1.54152123986569,4.2657415921603405,0.31666666666666665,6.224887847900391
12071,random,5,900,0.34324958280989254,7.589633496090594,10.040269126964079,-2.72422035229465,0.0,0.4083333333333333,6.342625856399536
12071,greedy,0,400,0.23519640747754672,7.940283036999289,10.520912737374704,,,0.0,6.2617645263671875
12071,greedy,1,500,0.22872817955112218,7.89690148947232,10.566640750761982,1.31582066329793,4.04004101559258,0.125,6.036405324935913
12071,greedy,2,600,0.2892301201882511,7.690200889123166,10.322320655658244,1.06826830975842,3.7924886620530702,0.3416666666666667,6.177819013595581
12071,greedy,3,700,0.2964511653197832,7.747502399276819,10.299276404968746,1.06826830975842,3.7924886620530702,0.44166666666666665,6.196846008300781
12071,greedy,4,800,0.2980351752198451,7.685234211684983,10.257861144717273,1.06826830975842,3.7924886620530702,0.5666666666666667,6.179227352142334
12071,greedy,5,900,0.31154669716685723,7.634169948746217,10.184598384386808,-2.72422035229465,0.0,0.65,6.141331911087036
12071,uncertainty,0,400,0.23519640747754672,7.940283036999289,10.520912737374704,,,0.0,6.01087498664856
12071,uncertainty,1,500,0.244839030243939,7.916249648001494,10.420353405700482,4.04922987856844,6.77345023086309,0.19166666666666668,5.912859916687012
12071,uncertainty,2,600,0.29725348283426767,7.691044018773268,10.190462396988647,4.04922987856844,6.77345023086309,0.3,6.0837180614471436
12071,uncertainty,3,700,0.3152685954287214,7.640350620071616,10.199443188814342,-2.72422035229465,0.0,0.35,6.255559682846069
12071,uncertainty,4,800,0.29107250670316687,7.72405067619915,10.257127971419589,-2.72422035229465,0.0,0.4166666666666667,6.014379978179932
12071,uncertainty,5,900,0.32629178932368325,7.576490276019338,10.129759446120604,-2.72422035229465,0.0,0.5083333333333333,6.234536170959473
12071,mixed,0,400,0.23519640747754672,7.940283036999289,10.520912737374704,,,0.0,6.056781053543091
12071,mixed,1,500,0.20744998406240034,8.031359327717308,10.569846875370454,4.04922987856844,6.77345023086309,0.15,6.164138317108154
12071,mixed,2,600,0.25249451559072245,7.865914222644915,10.358575653516278,1.06826830975842,3.7924886620530702,0.25,6.323325872421265
12071,mixed,3,700,0.25737554609716307,7.851635895837269,10.35331850394887,1.06826830975842,3.7924886620530702,0.31666666666666665,6.496856689453125
12071,mixed,4,800,0.2789316183226145,7.649689712561204,10.212678256332264,1.06826830975842,3.7924886620530702,0.425,6.419341325759888
12071,mixed,5,900,0.32123600772504823,7.604655928336924,10.082954201677847,1.06826830975842,3.7924886620530702,0.5583333333333333,6.445991516113281
12072,random,0,400,0.29505015656347844,7.704279840266654,10.416322107099875,,,0.0,6.1001622676849365
12072,random,1,500,0.2604571278570491,7.70720288671458,10.533072961295456,3.031954188893,5.756174541187651,0.06666666666666667,6.276493549346924
12072,random,2,600,0.30141357133482083,7.544008803818001,10.428268281064469,1.82530723417949,4.54952758647414,0.15,6.291762351989746
12072,random,3,700,0.3526028912680704,7.394739688937857,10.359507464995756,-1.79640898725484,0.9278113650398101,0.225,6.3922998905181885
12072,random,4,800,0.31632422702641894,7.584363106074626,10.438540122982287,-1.79640898725484,0.9278113650398101,0.3333333333333333,6.469954013824463
12072,random,5,900,0.33223595147469664,7.572158351407269,10.438121864003612,-1.79640898725484,0.9278113650398101,0.4166666666666667,6.588444948196411
12072,greedy,0,400,0.29505015656347844,7.704279840266654,10.416322107099875,,,0.0,6.353083372116089
12072,greedy,1,500,0.27517146982168633,7.688619874124519,10.484029958702308,2.13161010103795,4.8558304533326,0.18333333333333332,6.173036813735962
12072,greedy,2,600,0.3157817861361633,7.546393795468598,10.348014817415956,-2.72422035229465,0.0,0.3333333333333333,6.201417446136475
12072,greedy,3,700,0.34657566609791307,7.4638001387967385,10.261812205935541,-2.72422035229465,0.0,0.425,6.224106311798096
12072,greedy,4,800,0.32951343445896536,7.521774657909424,10.325102376820851,-2.72422035229465,0.0,0.5416666666666666,6.218659162521362
12072,greedy,5,900,0.35022275139219616,7.479160008156298,10.304357471192398,-2.72422035229465,0.0,0.65,6.53046178817749
12072,uncertainty,0,400,0.29505015656347844,7.704279840266654,10.416322107099875,,,0.0,5.910519361495972
12072,uncertainty,1,500,0.26954812217576357,7.692780691531254,10.538571637181875,2.91626778182399,5.64048813411864,0.09166666666666666,6.14420485496521
12072,uncertainty,2,600,0.34292051825323905,7.457954606833733,10.335963631239672,1.96463543386199,4.6888557861566404,0.175,6.18267035484314
12072,uncertainty,3,700,0.31571784823655147,7.51708888099357,10.352226438870854,1.96463543386199,4.6888557861566404,0.24166666666666667,6.244043827056885
12072,uncertainty,4,800,0.2965871036693979,7.692214556051999,10.448331339434452,1.82530723417949,4.54952758647414,0.30833333333333335,6.204929828643799
12072,uncertainty,5,900,0.2963216020100125,7.625062728918742,10.49453504473658,-0.128988702253992,2.5952316500406583,0.38333333333333336,6.694819688796997
12072,mixed,0,400,0.29505015656347844,7.704279840266654,10.416322107099875,,,0.0,6.192093849182129
12072,mixed,1,500,0.298604241276508,7.570423563755972,10.415358472496484,3.031954188893,5.756174541187651,0.08333333333333333,6.155172109603882
12072,mixed,2,600,0.301123319520747,7.6039539908620295,10.409837661101143,2.13161010103795,4.8558304533326,0.225,6.367205858230591
12072,mixed,3,700,0.35325877036731473,7.420312300886954,10.235029396573337,-1.79640898725484,0.9278113650398101,0.30833333333333335,6.555753231048584
12072,mixed,4,800,0.3147803423771398,7.5557031555037035,10.417549076072472,-2.72422035229465,0.0,0.38333333333333336,6.503336191177368
12072,mixed,5,900,0.3352526578291114,7.519626279561136,10.336179576814672,-2.72422035229465,0.0,0.48333333333333334,5.4531989097595215
12073,random,0,400,0.2749749685935537,7.634778578170617,9.636128227744326,,,0.0,6.044162034988403
12073,random,1,500,0.2508576303601897,7.715358848679292,9.745095741149216,3.43182911266194,9.3781291154155,0.075,6.110350131988525
12073,random,2,600,0.28387921174507336,7.641263627977656,9.660813878017553,3.43182911266194,9.3781291154155,0.18333333333333332,6.346119403839111
12073,random,3,700,0.2675019218870117,7.580901956262295,9.684940921870359,3.43182911266194,9.3781291154155,0.275,6.341695785522461
12073,random,4,800,0.2711338195863724,7.605126163573261,9.65932581327188,-0.128988702253992,5.817311300499568,0.35,6.404792547225952
12073,random,5,900,0.3011666322914518,7.422220071374386,9.46446539476666,-1.79640898725484,4.14989101549872,0.425,6.343565225601196
12073,greedy,0,400,0.2749749685935537,7.634778578170617,9.636128227744326,,,0.0,6.397695064544678
12073,greedy,1,500,0.2448270301689385,7.682371054901613,9.690899684272479,-5.94630000275356,0.0,0.175,5.909713983535767
12073,greedy,2,600,0.2782571766073538,7.544755251576163,9.595538518463782,-5.94630000275356,0.0,0.31666666666666665,6.086825370788574
12073,greedy,3,700,0.309716310726942,7.422202925529716,9.491791426083338,-5.94630000275356,0.0,0.45,6.168572187423706
12073,greedy,4,800,0.3312015075094219,7.437522160528966,9.45946374753096,-5.94630000275356,0.0,0.5666666666666667,6.247526168823242
12073,greedy,5,900,0.34704329402058764,7.303807436838579,9.287907363429749,-5.94630000275356,0.0,0.6833333333333333,6.34393572807312
12073,uncertainty,0,400,0.2749749685935537,7.634778578170617,9.636128227744326,,,0.0,6.002089738845825
12073,uncertainty,1,500,0.25314589466184156,7.634837035902747,9.663928334987183,3.43182911266194,9.3781291154155,0.10833333333333334,5.934638261795044
12073,uncertainty,2,600,0.243975399846249,7.767651572763273,9.734816687420134,3.43182911266194,9.3781291154155,0.175,6.235947847366333
12073,uncertainty,3,700,0.2960199126244539,7.5848898752723315,9.510934148383734,1.82530723417949,7.7716072369330504,0.26666666666666666,6.191568851470947
12073,uncertainty,4,800,0.2937940862130388,7.560389647512252,9.5414445365656,1.82530723417949,7.7716072369330504,0.35,6.385416507720947
12073,uncertainty,5,900,0.3318403240020249,7.39635432565231,9.3854379140623,-1.79640898725484,4.14989101549872,0.425,6.263643980026245
12073,mixed,0,400,0.2749749685935537,7.634778578170617,9.636128227744326,,,0.0,6.0724499225616455
12073,mixed,1,500,0.25198076237976486,7.715211129832665,9.69617541862885,5.17458520972286,11.12088521247642,0.15833333333333333,6.15228796005249
12073,mixed,2,600,0.24870080438002737,7.737911473808055,9.735853174416485,-5.94630000275356,0.0,0.26666666666666666,6.231570720672607
12073,mixed,3,700,0.3062531640822755,7.486481039426137,9.49878006301139,-5.94630000275356,0.0,0.3416666666666667,6.235341548919678
12073,mixed,4,800,0.33044156525978285,7.288667452193488,9.418216735352473,-5.94630000275356,0.0,0.4083333333333333,6.380167484283447
12073,mixed,5,900,0.35065475409221303,7.2841082751991095,9.34492604897536,-5.94630000275356,0.0,0.49166666666666664,6.441730260848999
12074,random,0,400,0.19145594659966622,7.7754407815151545,10.040090814648545,,,0.0,6.061737060546875
12074,random,1,500,0.2628415802598766,7.55082445283786,9.816721469141726,-1.79640898725484,0.9278113650398101,0.06666666666666667,6.114518642425537
12074,random,2,600,0.27057000356252225,7.544657706716446,9.780642338515678,-1.79640898725484,0.9278113650398101,0.14166666666666666,6.1319427490234375
12074,random,3,700,0.2873177957362233,7.552109509999846,9.735461539210398,-1.79640898725484,0.9278113650398101,0.25,6.187173128128052
12074,random,4,800,0.2507325670785442,7.598694313901369,9.804353485760853,-1.79640898725484,0.9278113650398101,0.30833333333333335,6.172753810882568
12074,random,5,900,0.2929465809161307,7.4909420962605155,9.64316232905225,-1.79640898725484,0.9278113650398101,0.35833333333333334,6.259904861450195
12074,greedy,0,400,0.19145594659966622,7.7754407815151545,10.040090814648545,,,0.0,6.446630001068115
12074,greedy,1,500,0.22795304970656066,7.693951660331843,9.870871277280525,2.17004855394771,4.89426890624236,0.15833333333333333,6.072816610336304
12074,greedy,2,600,0.23674891718073235,7.632353016841993,9.875420142828949,-2.72422035229465,0.0,0.31666666666666665,5.854278564453125
12074,greedy,3,700,0.28165507284420527,7.518102531016573,9.693325682578555,-2.72422035229465,0.0,0.43333333333333335,6.278831243515015
12074,greedy,4,800,0.28881030506440664,7.523451775430641,9.66728072272342,-2.72422035229465,0.0,0.575,6.338139057159424
12074,greedy,5,900,0.37419608872555454,7.38864251111839,9.38787529415894,-2.72422035229465,0.0,0.725,6.389612197875977
12074,uncertainty,0,400,0.19145594659966622,7.7754407815151545,10.040090814648545,,,0.0,6.049294710159302
12074,uncertainty,1,500,0.26286576791104943,7.5778216736991455,9.796648455538417,4.74393837252501,7.46815872481966,0.08333333333333333,6.062708139419556
12074,uncertainty,2,600,0.23573697335608346,7.5907552975583235,9.851035450891285,2.78908783021689,5.51330818251154,0.175,6.215881824493408
12074,uncertainty,3,700,0.30092213076331725,7.4739805917474165,9.628380062604288,-1.79640898725484,0.9278113650398101,0.2833333333333333,6.422289848327637
12074,uncertainty,4,800,0.3184302401890011,7.411322466788744,9.536204975476716,-1.79640898725484,0.9278113650398101,0.38333333333333336,6.375707626342773
12074,uncertainty,5,900,0.3217540734629591,7.460477535424388,9.535751649130619,-1.79640898725484,0.9278113650398101,0.49166666666666664,6.346905946731567
12074,mixed,0,400,0.19145594659966622,7.7754407815151545,10.040090814648545,,,0.0,6.0420637130737305
12074,mixed,1,500,0.2462147263420396,7.649142654861639,9.826216804529034,4.74393837252501,7.46815872481966,0.125,6.171815633773804
12074,mixed,2,600,0.2856878480490503,7.60865480358628,9.638552373158928,1.06826830975842,3.7924886620530702,0.23333333333333334,6.2777183055877686
12074,mixed,3,700,0.2885305533159582,7.609376682097867,9.735959371039831,-1.79640898725484,0.9278113650398101,0.35,6.3091278076171875
12074,mixed,4,800,0.3169904186901168,7.510333278102828,9.576232789448644,-1.79640898725484,0.9278113650398101,0.5,6.256893157958984
12074,mixed,5,900,0.3512774454840342,7.4157738410481535,9.49396483518187,-1.79640898725484,0.9278113650398101,0.6083333333333333,6.447523355484009
12075,random,0,400,0.21934899593122453,7.776081573900834,11.049428658521395,,,0.0,6.009627103805542
12075,random,1,500,0.2236639603997525,7.7452387908872335,10.969832277958162,6.89403373511232,12.84033373786588,0.041666666666666664,6.126243829727173
12075,random,2,600,0.2964269776686104,7.599290807189966,10.791112234951134,4.04922987856844,9.995529881322,0.125,6.16399621963501
12075,random,3,700,0.270224626403915,7.634825636407711,10.808889928275596,3.031954188893,8.97825419164656,0.21666666666666667,6.152093887329102
12075,random,4,800,0.28124125775786096,7.623684950456078,10.789884079688449,3.031954188893,8.97825419164656,0.275,6.240002393722534
12075,random,5,900,0.3383709898186863,7.497595183975759,10.535297290510043,2.86005131311322,8.806351315866781,0.3333333333333333,6.340722322463989
12075,greedy,0,400,0.21934899593122453,7.776081573900834,11.049428658521395,,,0.0,6.422000169754028
12075,greedy,1,500,0.16365927287045542,7.9514295121864835,11.115019268575624,-5.94630000275356,0.0,0.18333333333333332,6.190967559814453
12075,greedy,2,600,0.26768023550147185,7.668605169890544,10.861369148167887,-5.94630000275356,0.0,0.3333333333333333,6.176009654998779
12075,greedy,3,700,0.2002521890761817,7.894530054616757,11.064348691015704,-5.94630000275356,0.0,0.475,6.3114941120147705
12075,greedy,4,800,0.2786443665272908,7.589716955868879,10.78352260699381,-5.94630000275356,0.0,0.5666666666666667,6.272916793823242
12075,greedy,5,900,0.25756248476552973,7.629690646844044,10.81298332705875,-5.94630000275356,0.0,0.6916666666666667,6.300851106643677
12075,uncertainty,0,400,0.21934899593122453,7.776081573900834,11.049428658521395,,,0.0,5.999196290969849
12075,uncertainty,1,500,0.21743048394052464,7.823139287407201,11.079441442050722,1.82530723417949,7.7716072369330504,0.11666666666666667,5.920756816864014
12075,uncertainty,2,600,0.2724660154125963,7.7144283686798465,10.920896579986541,1.82530723417949,7.7716072369330504,0.15833333333333333,6.16628098487854
12075,uncertainty,3,700,0.2128318301989387,7.8666199414868245,11.120697816429422,1.06826830975842,7.0145683125119795,0.25,6.2873215675354
12075,uncertainty,4,800,0.2118825117656985,7.887030352080202,10.996571868186848,1.06826830975842,7.0145683125119795,0.35,6.381971120834351
12075,uncertainty,5,900,0.27997974987343666,7.694917011593784,10.75945703784639,1.06826830975842,7.0145683125119795,0.425,6.326058387756348
12075,mixed,0,400,0.21934899593122453,7.776081573900834,11.049428658521395,,,0.0,6.069863319396973
12075,mixed,1,500,0.24526259539122117,7.784080842673925,10.860444324789235,-5.94630000275356,0.0,0.14166666666666666,6.12668251991272
12075,mixed,2,600,0.2587171169819811,7.729772450723758,10.903096069587129,-5.94630000275356,0.0,0.24166666666666667,6.226001501083374
12075,mixed,3,700,0.2215112594453715,7.8437328202922565,10.872482760685006,-5.94630000275356,0.0,0.38333333333333336,6.262407302856445
12075,mixed,4,800,0.2587439296495603,7.74451867985941,10.836880854268104,-5.94630000275356,0.0,0.49166666666666664,6.296448469161987
12075,mixed,5,900,0.2936815855099094,7.6472025438273485,10.813047762333102,-5.94630000275356,0.0,0.5583333333333333,6.484366416931152
12076,random,0,400,0.23311476946730914,7.841459109156902,10.411817484021862,,,0.0,6.030643939971924
12076,random,1,500,0.2732362702266889,7.619394998255372,10.228536616688384,6.40632700059723,12.35262700335079,0.041666666666666664,6.132107257843018
12076,random,2,600,0.29955055969099803,7.488248456050078,10.143012240608133,2.13161010103795,8.07791010379151,0.15,6.176112651824951
12076,random,3,700,0.2579018618866368,7.690532654846495,10.223845069346794,2.13161010103795,8.07791010379151,0.23333333333333334,6.141460180282593
12076,random,4,800,0.29299364371027314,7.565697544764685,10.098456907249478,1.06826830975842,7.0145683125119795,0.31666666666666665,6.375368118286133
12076,random,5,900,0.30545497159357243,7.565499575914009,10.119008541103096,-5.94630000275356,0.0,0.4,6.553256511688232
12076,greedy,0,400,0.23311476946730914,7.841459109156902,10.411817484021862,,,0.0,6.477213621139526
12076,greedy,1,500,0.23268932930830813,7.775399819450379,10.405989445659028,-5.94630000275356,0.0,0.21666666666666667,6.052021026611328
12076,greedy,2,600,0.26927343295895595,7.652667966362308,10.298119623958675,-5.94630000275356,0.0,0.4166666666666667,6.254544496536255
12076,greedy,3,700,0.2652468452927831,7.6039759793272355,10.226018327759238,-5.94630000275356,0.0,0.5583333333333333,6.21955943107605
12076,greedy,4,800,0.2566589166182288,7.585130408961104,10.254759348725077,-5.94630000275356,0.0,0.675,6.281681537628174
12076,greedy,5,900,0.2618528865805411,7.6861120283603555,10.240255358893792,-5.94630000275356,0.0,0.75,6.408290386199951
12076,uncertainty,0,400,0.23311476946730914,7.841459109156902,10.411817484021862,,,0.0,6.030702590942383
12076,uncertainty,1,500,0.2549779686123038,7.79605832640231,10.375157283484759,4.05739550297221,10.00369550572577,0.11666666666666667,6.111026763916016
12076,uncertainty,2,600,0.2702694391839948,7.725526918549909,10.265493910829942,2.91626778182399,8.86256778457755,0.2,6.29164981842041
12076,uncertainty,3,700,0.2798678116738229,7.649377427338208,10.23572536585209,1.06826830975842,7.0145683125119795,0.2916666666666667,6.325605154037476
12076,uncertainty,4,800,0.2834552715954475,7.631855515762521,10.206915087020906,1.06826830975842,7.0145683125119795,0.375,6.724923372268677
12076,uncertainty,5,900,0.2900198751242195,7.672111657507482,10.196905811463878,1.06826830975842,7.0145683125119795,0.45,6.436166286468506
12076,mixed,0,400,0.23311476946730914,7.841459109156902,10.411817484021862,,,0.0,6.274142026901245
12076,mixed,1,500,0.2576511728198301,7.808032453831758,10.39740653544617,3.97923397722116,9.92553397997472,0.13333333333333333,6.338375568389893
12076,mixed,2,600,0.3040271501696885,7.6579528304451685,10.21269519573025,2.13161010103795,8.07791010379151,0.25,6.34259819984436
12076,mixed,3,700,0.27278232988956175,7.619790695887669,10.238194557539869,2.13161010103795,8.07791010379151,0.35833333333333334,6.431180953979492
12076,mixed,4,800,0.27411958824742655,7.638439822047154,10.243638703686694,-5.94630000275356,0.0,0.45,6.572004556655884
12076,mixed,5,900,0.27792642454015337,7.6577943881881705,10.243662551557296,-5.94630000275356,0.0,0.525,5.582648992538452
12077,random,0,400,0.1251002193763711,7.634273618319798,9.907435618272132,,,0.0,5.88606595993042
12077,random,1,500,0.24898861867886668,7.305847203387023,9.53540853759181,1.31582066329793,7.26212066605149,0.09166666666666666,6.3872904777526855
12077,random,2,600,0.31230213938837115,7.152698711212061,9.347034949825886,1.31582066329793,7.26212066605149,0.14166666666666666,6.756932735443115
12077,random,3,700,0.293374646091538,7.20486327377149,9.419687631910529,1.31582066329793,7.26212066605149,0.225,6.349127292633057
12077,random,4,800,0.32037518984493646,7.10827821833277,9.32171956922668,1.31582066329793,7.26212066605149,0.325,6.223262071609497
12077,random,5,900,0.33460409127557045,7.133432334067567,9.327889624140058,-0.128988702253992,5.817311300499568,0.39166666666666666,6.31292724609375
12077,greedy,0,400,0.1251002193763711,7.634273618319798,9.907435618272132,,,0.0,5.72069525718689
12077,greedy,1,500,0.24449646560291,7.3015745337734685,9.523434781218887,-5.94630000275356,0.0,0.2,6.184676647186279
12077,greedy,2,600,0.2524065775411096,7.322629970039119,9.578418534653101,-5.94630000275356,0.0,0.36666666666666664,6.035686016082764
12077,greedy,3,700,0.2706350664691654,7.27422772729847,9.518200962936593,-5.94630000275356,0.0,0.49166666666666664,6.114032506942749
12077,greedy,4,800,0.3039521497009356,7.234723694136362,9.379147873551398,-5.94630000275356,0.0,0.6416666666666667,6.239694833755493
12077,greedy,5,900,0.3357581609885061,7.123752890148054,9.326191270478146,-5.94630000275356,0.0,0.7333333333333333,6.409643888473511
12077,uncertainty,0,400,0.1251002193763711,7.634273618319798,9.907435618272132,,,0.0,5.627936124801636
12077,uncertainty,1,500,0.24876774229838938,7.394724973621323,9.541759350747705,4.69478829079162,10.641088293545181,0.058333333333333334,6.272444009780884
12077,uncertainty,2,600,0.28143738398364987,7.3628307695482045,9.467802190667772,3.47687136075183,9.42317136350539,0.125,6.23112416267395
12077,uncertainty,3,700,0.2787814298839367,7.298933505629205,9.439528923737624,1.06826830975842,7.0145683125119795,0.21666666666666667,6.131668567657471
12077,uncertainty,4,800,0.3044814655091594,7.270622954025023,9.379717394655906,-5.94630000275356,0.0,0.325,6.560474634170532
12077,uncertainty,5,900,0.3070297939362121,7.2320610714962665,9.399925827942655,-5.94630000275356,0.0,0.45,6.628445625305176
12077,mixed,0,400,0.1251002193763711,7.634273618319798,9.907435618272132,,,0.0,5.932237386703491
12077,mixed,1,500,0.24026400165001027,7.400330910467176,9.59797892853207,3.97923397722116,9.92553397997472,0.13333333333333333,6.19583535194397
12077,mixed,2,600,0.24643354020962627,7.431255779022618,9.625290767402563,-5.94630000275356,0.0,0.20833333333333334,6.193836450576782
12077,mixed,3,700,0.2599949374683591,7.320028127839826,9.604630650362056,-5.94630000275356,0.0,0.35,6.150805473327637
12077,mixed,4,800,0.29662891643072764,7.248943997303815,9.465512316759156,-5.94630000275356,0.0,0.425,6.4653589725494385
12077,mixed,5,900,0.24935555847224042,7.398896523506513,9.593718732298006,-5.94630000275356,0.0,0.5083333333333333,6.480918884277344
12078,random,0,400,0.34674610466315414,7.914721737726673,10.872898880246126,,,0.0,5.9351983070373535
12078,random,1,500,0.3464740404627528,7.947057651198572,10.820760511688446,-2.72422035229465,0.0,0.075,6.364872217178345
12078,random,2,600,0.33962312264451655,7.946591923985669,10.94671056305602,-2.72422035229465,0.0,0.175,6.656611442565918
12078,random,3,700,0.37607222545140906,7.885867288060658,10.875063644712824,-2.72422035229465,0.0,0.26666666666666666,6.178425312042236
12078,random,4,800,0.3844053400333752,7.813160268913545,10.858839361124943,-2.72422035229465,0.0,0.325,6.344660520553589
12078,random,5,900,0.4086156788479927,7.731395230525647,10.7886490329043,-2.72422035229465,0.0,0.39166666666666666,6.366432189941406
12078,greedy,0,400,0.34674610466315414,7.914721737726673,10.872898880246126,,,0.0,5.986831426620483
12078,greedy,1,500,0.31521272007950046,8.016084949719884,10.966628711950811,2.13161010103795,4.8558304533326,0.13333333333333333,6.0727362632751465
12078,greedy,2,600,0.3510228188926181,7.902951886411532,10.887750269907547,-2.72422035229465,0.0,0.24166666666666667,6.042600870132446
12078,greedy,3,700,0.3983162394764967,7.663392541691957,10.748388392935556,-2.72422035229465,0.0,0.39166666666666666,5.981761932373047
12078,greedy,4,800,0.40146157163482266,7.74704140379406,10.777544481528947,-2.72422035229465,0.0,0.5666666666666667,6.211192607879639
12078,greedy,5,900,0.38527047044044016,7.7834677736582805,10.828672814489783,-2.72422035229465,0.0,0.65,6.146888732910156
12078,uncertainty,0,400,0.34674610466315414,7.914721737726673,10.872898880246126,,,0.0,5.96010947227478
12078,uncertainty,1,500,0.33578216113850706,7.874906550380526,10.789654206901213,-1.79640898725484,0.9278113650398101,0.09166666666666666,6.260181427001953
12078,uncertainty,2,600,0.36002737517109484,7.912506263806105,10.6902501710082,-1.79640898725484,0.9278113650398101,0.19166666666666668,6.211631774902344
12078,uncertainty,3,700,0.31973599834998967,8.007900942753738,10.981193475251908,-1.79640898725484,0.9278113650398101,0.3416666666666667,6.17519998550415
12078,uncertainty,4,800,0.37028143925899537,7.8862844273234085,10.76257460630936,-1.79640898725484,0.9278113650398101,0.39166666666666666,6.310878753662109
12078,uncertainty,5,900,0.3795096844355277,7.81790114748137,10.823022568946149,-1.79640898725484,0.9278113650398101,0.5,6.710481405258179
12078,mixed,0,400,0.34674610466315414,7.914721737726673,10.872898880246126,,,0.0,6.1490418910980225
12078,mixed,1,500,0.30030243939024615,8.005616982056416,10.916083072281468,-1.79640898725484,0.9278113650398101,0.18333333333333332,6.1655402183532715
12078,mixed,2,600,0.3797618735117094,7.921357432227731,10.801590116700948,-1.79640898725484,0.9278113650398101,0.26666666666666666,6.255613327026367
12078,mixed,3,700,0.37542065887911796,7.925032648472714,10.785702027840506,-1.79640898725484,0.9278113650398101,0.3416666666666667,6.043108224868774
12078,mixed,4,800,0.4007211295070594,7.8210264285981115,10.684732712210453,-1.79640898725484,0.9278113650398101,0.44166666666666665,6.418349981307983
12078,mixed,5,900,0.41897661860386626,7.778556734154128,10.63746262514225,-1.79640898725484,0.9278113650398101,0.5416666666666666,6.4455320835113525
12079,random,0,400,0.17460877880486753,7.801911018954334,9.99978377971407,,,0.0,5.987021207809448
12079,random,1,500,0.2097491234320214,7.594393381407592,9.804356213495051,5.36710108139232,11.31340108414588,0.05,6.5252978801727295
12079,random,2,600,0.2542071512946955,7.582533366130963,9.7052761357252,-5.94630000275356,0.0,0.15833333333333333,6.948038101196289
12079,random,3,700,0.263626460165376,7.538787929595182,9.595524365668958,-5.94630000275356,0.0,0.26666666666666666,6.5084497928619385
12079,random,4,800,0.30682335514596965,7.38716321231061,9.380131357492493,-5.94630000275356,0.0,0.4,6.378751516342163
12079,random,5,900,0.2953818461365383,7.402704462862268,9.399526142902962,-5.94630000275356,0.0,0.475,6.4981982707977295
12079,greedy,0,400,0.17460877880486753,7.801911018954334,9.99978377971407,,,0.0,6.076210260391235
12079,greedy,1,500,0.1982866142913393,7.688778733438469,9.86775830881915,-5.94630000275356,0.0,0.2,6.212093114852905
12079,greedy,2,600,0.21683460521628256,7.696695216552432,9.903720280580087,-5.94630000275356,0.0,0.325,6.273779630661011
12079,greedy,3,700,0.25515065719160746,7.50332931399764,9.596886970516659,-5.94630000275356,0.0,0.5,6.379154682159424
12079,greedy,4,800,0.32440084000525,7.293330968429257,9.293130268259278,-5.94630000275356,0.0,0.6166666666666667,6.497456789016724
12079,greedy,5,900,0.2916644479027994,7.358077508637091,9.40211632675545,-5.94630000275356,0.0,0.7083333333333334,6.521814823150635
12079,uncertainty,0,400,0.17460877880486753,7.801911018954334,9.99978377971407,,,0.0,6.15911602973938
12079,uncertainty,1,500,0.23594603716273227,7.515191595736619,9.680494109457596,4.20880715476233,10.15510715751589,0.11666666666666667,6.2151570320129395
12079,uncertainty,2,600,0.22208445052781578,7.662106640864943,9.773261134721379,1.96463543386199,7.91093543661555,0.18333333333333332,6.122954845428467
12079,uncertainty,3,700,0.29875480471752947,7.412435558950783,9.438858310727595,1.96463543386199,7.91093543661555,0.275,6.302946090698242
12079,uncertainty,4,800,0.3281624885155532,7.306925048595664,9.250067677092423,1.96463543386199,7.91093543661555,0.325,6.494816780090332
12079,uncertainty,5,900,0.2926780792379952,7.38911160069957,9.375796177912665,1.96463543386199,7.91093543661555,0.4,6.861073732376099
12079,mixed,0,400,0.17460877880486753,7.801911018954334,9.99978377971407,,,0.0,6.111726760864258
12079,mixed,1,500,0.21620722629516434,7.676878868857602,9.722571353624144,-5.94630000275356,0.0,0.125,6.310982942581177
12079,mixed,2,600,0.22935330845817786,7.6062363577116905,9.678873787248238,-5.94630000275356,0.0,0.23333333333333334,6.324531316757202
12079,mixed,3,700,0.27794292464327897,7.428624417852486,9.467635788602104,-5.94630000275356,0.0,0.35,6.212761163711548
12079,mixed,4,800,0.3009840061500384,7.311440294413221,9.302240094691033,-5.94630000275356,0.0,0.4583333333333333,6.243207931518555
12079,mixed,5,900,0.28663960399752497,7.3209631358289435,9.367767817318121,-5.94630000275356,0.0,0.525,5.0046093463897705
12080,random,0,400,0.2878896743104644,7.724450943792422,9.936246403534664,,,0.0,5.907454967498779
12080,random,1,500,0.2982112388202426,7.672541760302509,9.920359432595687,5.43463994693957,8.15886029923422,0.08333333333333333,6.320327997207642
12080,random,2,600,0.29232726454540336,7.669018208348929,9.950430331755951,4.76361946380712,7.48783981610177,0.175,6.7218852043151855
12080,random,3,700,0.31096394352464696,7.6132949310465134,9.836053995012032,2.13161010103795,4.8558304533326,0.275,6.228604078292847
12080,random,4,800,0.30978906118163235,7.628424319867363,9.836037980335654,1.82530723417949,4.54952758647414,0.35833333333333334,6.270237922668457
12080,random,5,900,0.29264995406221284,7.584403890413516,9.878913580637063,1.82530723417949,4.54952758647414,0.4166666666666667,6.387857675552368
12080,greedy,0,400,0.2878896743104644,7.724450943792422,9.936246403534664,,,0.0,5.855268716812134
12080,greedy,1,500,0.3088521178257364,7.637219095529429,9.875823458978457,2.13161010103795,4.8558304533326,0.20833333333333334,6.212841749191284
12080,greedy,2,600,0.2997809986312414,7.6084686849397,9.949711326135702,2.13161010103795,4.8558304533326,0.35,6.175609827041626
12080,greedy,3,700,0.30735548347177166,7.578539178553078,9.85114013708731,1.75952003577549,4.4837403880701405,0.475,6.220425367355347
12080,greedy,4,800,0.31813905086906785,7.558973066524505,9.860154952748758,1.75952003577549,4.4837403880701405,0.5666666666666667,6.269404172897339
12080,greedy,5,900,0.3151000318751992,7.504773966536196,9.757349681163351,-0.128988702253992,2.5952316500406583,0.6833333333333333,6.460063457489014
12080,uncertainty,0,400,0.2878896743104644,7.724450943792422,9.936246403534664,,,0.0,5.837276935577393
12080,uncertainty,1,500,0.26484953030956443,7.733557995759809,10.027021903671718,1.82530723417949,4.54952758647414,0.1,6.204283952713013
12080,uncertainty,2,600,0.2678482365514784,7.8089047851809275,10.104632687187221,1.82530723417949,4.54952758647414,0.19166666666666668,6.291832208633423
12080,uncertainty,3,700,0.24281308008175048,7.81004894545269,10.108024325836547,1.82530723417949,4.54952758647414,0.325,6.291364908218384
12080,uncertainty,4,800,0.2531944574653591,7.760951616564018,10.060000591518339,-2.72422035229465,0.0,0.375,6.611815452575684
12080,uncertainty,5,900,0.30719366996043723,7.568996543902294,9.781919525275722,-2.72422035229465,0.0,0.4583333333333333,6.832556962966919
12080,mixed,0,400,0.2878896743104644,7.724450943792422,9.936246403534664,,,0.0,5.977685928344727
12080,mixed,1,500,0.3058144113400708,7.633927661392212,9.898482465743315,1.82530723417949,4.54952758647414,0.125,6.270534515380859
12080,mixed,2,600,0.2724322652016575,7.728774536967944,10.054622235111822,1.82530723417949,4.54952758647414,0.225,6.380225419998169
12080,mixed,3,700,0.3013524459527871,7.663253733645544,9.905505842898306,1.82530723417949,4.54952758647414,0.35,6.367021322250366
12080,mixed,4,800,0.2738045862786642,7.747880499266822,10.015741747330129,1.82530723417949,4.54952758647414,0.425,6.701225280761719
12080,mixed,5,900,0.30889074306714415,7.630216888435201,9.843616242348968,1.75952003577549,4.4837403880701405,0.5166666666666667,5.828807592391968
12081,random,0,400,0.19645097781861132,7.890835237470842,10.202648841911628,,,0.0,5.891767263412476
12081,random,1,500,0.24118144488403048,7.729859045362693,10.003359542808541,1.82530723417949,7.7716072369330504,0.075,5.932695150375366
12081,random,2,600,0.29081769261057877,7.553470633125762,9.85389689997635,1.82530723417949,7.7716072369330504,0.125,6.347336053848267
12081,random,3,700,0.3041428383927399,7.518532298504909,9.788592823778888,1.82530723417949,7.7716072369330504,0.175,5.992587089538574
12081,random,4,800,0.30103013143832147,7.5462984771957755,9.818847570536532,-1.79640898725484,4.14989101549872,0.2833333333333333,6.2394092082977295
12081,random,5,900,0.31239232745204654,7.477951301947342,9.747701607302238,-1.79640898725484,4.14989101549872,0.3333333333333333,6.242456912994385
12081,greedy,0,400,0.19645097781861132,7.890835237470842,10.202648841911628,,,0.0,5.716630458831787
12081,greedy,1,500,0.26848630303939397,7.626864484365797,9.907357634212739,-5.94630000275356,0.0,0.18333333333333332,6.075709581375122
12081,greedy,2,600,0.2571736073350458,7.563867127155635,9.951187813228474,-5.94630000275356,0.0,0.35833333333333334,6.238098382949829
12081,greedy,3,700,0.2659657247857799,7.606069252382557,9.877712393292637,-5.94630000275356,0.0,0.4583333333333333,6.061749696731567
12081,greedy,4,800,0.2818442615266345,7.580441094382793,9.864242367983168,-5.94630000275356,0.0,0.5833333333333334,6.47789192199707
12081,greedy,5,900,0.3314870717941987,7.454538443012227,9.674208015804403,-5.94630000275356,0.0,0.675,6.268009662628174
12081,uncertainty,0,400,0.19645097781861132,7.890835237470842,10.202648841911628,,,0.0,5.913226366043091
12081,uncertainty,1,500,0.26801136257101604,7.608495298044009,9.901286773150847,3.43182911266194,9.3781291154155,0.075,6.132052898406982
12081,uncertainty,2,600,0.24879192994956215,7.653396430287971,10.015779719172606,2.63410041427414,8.5804004170277,0.15833333333333333,6.073129177093506
12081,uncertainty,3,700,0.29290176813605084,7.57560619841491,9.803279539489074,2.18454132435727,8.13084132711083,0.25833333333333336,6.076229095458984
12081,uncertainty,4,800,0.3219777623610147,7.454316159377438,9.74199421712833,2.18454132435727,8.13084132711083,0.325,6.2846667766571045
12081,uncertainty,5,900,0.2657484109275683,7.588505771106255,9.927074861706899,-1.79640898725484,4.14989101549872,0.4083333333333333,6.4996562004089355
12081,mixed,0,400,0.19645097781861132,7.890835237470842,10.202648841911628,,,0.0,5.839601278305054
12081,mixed,1,500,0.22266439165244778,7.685160268884609,10.04341515735384,-5.94630000275356,0.0,0.06666666666666667,5.860397577285767
12081,mixed,2,600,0.22775673597959983,7.727389877394939,10.016459762954396,-5.94630000275356,0.0,0.125,6.30823278427124
12081,mixed,3,700,0.2630536440852755,7.651358645153023,9.877012425703944,-5.94630000275356,0.0,0.26666666666666666,6.464660882949829
12081,mixed,4,800,0.2673318583241145,7.669487342799985,9.994759485534505,-5.94630000275356,0.0,0.36666666666666664,6.424588203430176
12081,mixed,5,900,0.27185213657585355,7.605908433930986,9.904126466971078,-5.94630000275356,0.0,0.4666666666666667,6.424616813659668
12082,random,0,400,0.2997500609378808,8.331397378906509,11.374970238246927,,,0.0,6.02881646156311
12082,random,1,500,0.3075707348170925,8.229458463868902,11.415112665511874,5.89735427590858,8.62157462820323,0.058333333333333334,6.265887022018433
12082,random,2,600,0.32989256182851145,8.040316651692427,11.239533194719074,-1.79640898725484,0.9278113650398101,0.13333333333333333,6.688535451889038
12082,random,3,700,0.38055687848049047,7.928204146421885,11.092234494650008,-1.79640898725484,0.9278113650398101,0.24166666666666667,6.268219232559204
12082,random,4,800,0.3888307426921418,7.928699378797778,11.191883714738417,-1.79640898725484,0.9278113650398101,0.325,6.448719263076782
12082,random,5,900,0.3600176251101569,7.950488225949608,11.173640341539926,-1.79640898725484,0.9278113650398101,0.39166666666666666,6.357563495635986
12082,greedy,0,400,0.2997500609378808,8.331397378906509,11.374970238246927,,,0.0,6.001551628112793
12082,greedy,1,500,0.29249076556728476,8.27436150271505,11.41262907551642,1.96463543386199,4.6888557861566404,0.20833333333333334,6.123272180557251
12082,greedy,2,600,0.2983529897061856,8.155864848212293,11.219925346446995,1.54152123986569,4.2657415921603405,0.36666666666666664,6.102049112319946
12082,greedy,3,700,0.3268460427877674,8.126807838033839,11.255649377512617,1.54152123986569,4.2657415921603405,0.4166666666666667,6.130856513977051
12082,greedy,4,800,0.32161382258639115,8.09870042460227,11.303906417521263,-2.72422035229465,0.0,0.5166666666666667,6.721421957015991
12082,greedy,5,900,0.35434721467009167,8.07614308581249,11.161326294744086,-2.72422035229465,0.0,0.6333333333333333,6.558366775512695
12082,uncertainty,0,400,0.2997500609378808,8.331397378906509,11.374970238246927,,,0.0,6.192166328430176
12082,uncertainty,1,500,0.2866795417471359,8.263723995058509,11.44195887376654,1.54152123986569,4.2657415921603405,0.09166666666666666,6.250577926635742
12082,uncertainty,2,600,0.3463497271857949,8.09965193154109,11.129694835608058,1.54152123986569,4.2657415921603405,0.175,6.144528150558472
12082,uncertainty,3,700,0.34820673879211744,8.086901898823163,11.181614135657277,1.54152123986569,4.2657415921603405,0.2833333333333333,6.223341941833496
12082,uncertainty,4,800,0.3504402527515797,8.045293192922392,11.269863941041603,1.54152123986569,4.2657415921603405,0.39166666666666666,6.364080905914307
12082,uncertainty,5,900,0.38702979393621206,7.978562508179464,11.208233515811692,1.54152123986569,4.2657415921603405,0.48333333333333334,6.510029554367065
12082,mixed,0,400,0.2997500609378808,8.331397378906509,11.374970238246927,,,0.0,6.173084259033203
12082,mixed,1,500,0.29519959499746873,8.192516371832545,11.409326518656483,1.54152123986569,4.2657415921603405,0.125,6.079973220825195
12082,mixed,2,600,0.3021995762473515,8.143478924079199,11.220704304500698,1.54152123986569,4.2657415921603405,0.19166666666666668,6.351990222930908
12082,mixed,3,700,0.32012225076406725,8.105890799124822,11.161194720188488,1.54152123986569,4.2657415921603405,0.275,6.132954835891724
12082,mixed,4,800,0.35592784954905965,8.039513907700934,11.151380036864369,1.54152123986569,4.2657415921603405,0.39166666666666666,6.170001029968262
12082,mixed,5,900,0.3748073425458909,7.996423462752327,11.079546279867733,1.54152123986569,4.2657415921603405,0.5,5.191166877746582
12083,random,0,400,0.2964672904205651,7.82779029513689,9.941110911524612,,,0.0,6.071886301040649
12083,random,1,500,0.307009168807305,7.690394451694451,9.764265546158155,3.19723738387984,9.1435373866334,0.075,5.9973156452178955
12083,random,2,600,0.27046162788517425,7.793318533714555,9.90554563902421,2.17004855394771,8.11634855670127,0.175,6.515174388885498
12083,random,3,700,0.2829418933868336,7.725731776034336,9.702649515630464,1.75952003577549,7.70582003852905,0.25,6.107370376586914
12083,random,4,800,0.33093056831605194,7.557328084602968,9.57300945881422,1.75952003577549,7.70582003852905,0.325,6.345069408416748
12083,random,5,900,0.29110981943637143,7.662398057728951,9.692065271141896,-1.79640898725484,4.14989101549872,0.4083333333333333,6.323689222335815
12083,greedy,0,400,0.2964672904205651,7.82779029513689,9.941110911524612,,,0.0,5.989948987960815
12083,greedy,1,500,0.3262929143307145,7.5248435037228365,9.69209787642423,-5.94630000275356,0.0,0.16666666666666666,6.116689443588257
12083,greedy,2,600,0.30352595953724704,7.664931303811468,9.732944956193279,-5.94630000275356,0.0,0.3,6.226994514465332
12083,greedy,3,700,0.33761292258076614,7.550385018749519,9.639504001670101,-5.94630000275356,0.0,0.44166666666666665,6.27390718460083
12083,greedy,4,800,0.313892524328277,7.615585715651564,9.678346822532705,-5.94630000275356,0.0,0.5416666666666666,6.6934192180633545
12083,greedy,5,900,0.2993381208632554,7.6171906119132196,9.725062721858844,-5.94630000275356,0.0,0.7083333333333334,6.404720067977905
12083,uncertainty,0,400,0.2964672904205651,7.82779029513689,9.941110911524612,,,0.0,6.0512237548828125
12083,uncertainty,1,500,0.3186291789323683,7.653333458090358,9.719529264887614,5.28029423850603,11.22659424125959,0.1,6.242858409881592
12083,uncertainty,2,600,0.3462518515740723,7.552058472339491,9.60705796256864,2.18454132435727,8.13084132711083,0.175,6.0938615798950195
12083,uncertainty,3,700,0.34328220801380005,7.5416023998402775,9.565434896828677,2.18454132435727,8.13084132711083,0.24166666666666667,6.069621801376343
12083,uncertainty,4,800,0.3613456959105994,7.487756830438038,9.515167600780776,1.75952003577549,7.70582003852905,0.3,6.223546266555786
12083,uncertainty,5,900,0.30650422815142586,7.621710764605585,9.691555177043696,1.31582066329793,7.26212066605149,0.39166666666666666,6.308289051055908
12083,mixed,0,400,0.2964672904205651,7.82779029513689,9.941110911524612,,,0.0,6.074671268463135
12083,mixed,1,500,0.2979281120507003,7.714518908632892,9.818535188373964,2.63410041427414,8.5804004170277,0.14166666666666666,6.1096343994140625
12083,mixed,2,600,0.30440740254626586,7.654535148621949,9.738879086147504,1.54152123986569,7.487821242619249,0.26666666666666666,6.114251375198364
12083,mixed,3,700,0.33111000693754333,7.62279729391126,9.645399010815177,-5.94630000275356,0.0,0.3333333333333333,6.259221792221069
12083,mixed,4,800,0.3162201638760242,7.665838836649182,9.678683629697902,-5.94630000275356,0.0,0.425,6.298740863800049
12083,mixed,5,900,0.3157500984381152,7.618132896288408,9.675795772982312,-5.94630000275356,0.0,0.5083333333333333,5.767173767089844
12084,random,0,400,0.2800768754804718,7.909942315337889,10.610887849920333,,,0.0,5.853460788726807
12084,random,1,500,0.28853017831361444,7.879415856218693,10.58954228318403,1.06826830975842,7.0145683125119795,0.14166666666666666,5.994898319244385
12084,random,2,600,0.31572009825061403,7.819711802711468,10.45085125337466,1.06826830975842,7.0145683125119795,0.24166666666666667,6.29473352432251
12084,random,3,700,0.32261995387471165,7.7023666701434585,10.38123336285231,1.06826830975842,7.0145683125119795,0.3,6.2638280391693115
12084,random,4,800,0.3104698779367371,7.777773134465149,10.458702168287843,1.06826830975842,7.0145683125119795,0.36666666666666664,6.576087236404419
12084,random,5,900,0.32416158850992816,7.683037572957582,10.435525454910206,-1.79640898725484,4.14989101549872,0.4583333333333333,6.340688705444336
12084,greedy,0,400,0.2800768754804718,7.909942315337889,10.610887849920333,,,0.0,5.850996494293213
12084,greedy,1,500,0.29450734067087914,7.8063623413929735,10.521035513158935,-5.94630000275356,0.0,0.225,5.955007314682007
12084,greedy,2,600,0.31503909399433744,7.820678090563246,10.50506459694599,-5.94630000275356,0.0,0.38333333333333336,5.8935441970825195
12084,greedy,3,700,0.3506450040312752,7.68312974527186,10.288752196901852,-5.94630000275356,0.0,0.5166666666666667,6.116308689117432
12084,greedy,4,800,0.29492996831230195,7.906697766509999,10.478104247392212,-5.94630000275356,0.0,0.6,6.728642463684082
12084,greedy,5,900,0.3276779854874093,7.790137657906024,10.363430084260164,-5.94630000275356,0.0,0.65,6.4211742877960205
12084,uncertainty,0,400,0.2800768754804718,7.909942315337889,10.610887849920333,,,0.0,5.974038362503052
12084,uncertainty,1,500,0.2723197644985281,7.8790295411358535,10.629939535468193,1.06826830975842,7.0145683125119795,0.06666666666666667,6.107261419296265
12084,uncertainty,2,600,0.3074964843530272,7.855434518809526,10.50775830050963,-5.94630000275356,0.0,0.13333333333333333,5.934322118759155
12084,uncertainty,3,700,0.31408096300601873,7.801678408982414,10.483667371651102,-5.94630000275356,0.0,0.275,6.037208318710327
12084,uncertainty,4,800,0.33720642004012524,7.791726558749869,10.41260621203955,-5.94630000275356,0.0,0.30833333333333335,6.207282304763794
12084,uncertainty,5,900,0.30144675904224394,7.839598137197607,10.452381570693115,-5.94630000275356,0.0,0.45,6.542107820510864
12084,mixed,0,400,0.2800768754804718,7.909942315337889,10.610887849920333,,,0.0,5.78242039680481
12084,mixed,1,500,0.3079102994393715,7.812541166256699,10.518128720467772,2.13161010103795,8.07791010379151,0.09166666666666666,6.092211961746216
12084,mixed,2,600,0.3160917255732848,7.849467097415908,10.475566836605438,-5.94630000275356,0.0,0.15833333333333333,6.109589338302612
12084,mixed,3,700,0.3045275907974425,7.823420425093975,10.514147776585748,-5.94630000275356,0.0,0.2833333333333333,6.413045644760132
12084,mixed,4,800,0.29440946505915655,7.843645016589217,10.489348744256818,-5.94630000275356,0.0,0.43333333333333335,6.182363510131836
12084,mixed,5,900,0.3635732098325614,7.6203092035908195,10.327299776099032,-5.94630000275356,0.0,0.5583333333333333,6.152501821517944
12085,random,0,400,0.26314233213957583,7.664495979493734,9.469442008609578,,,0.0,5.83937931060791
12085,random,1,500,0.24024768904805655,7.634977792145464,9.464352477355856,-0.128988702253992,5.817311300499568,0.1,5.9459264278411865
12085,random,2,600,0.3147000918755742,7.443802928975792,9.20520684465409,-0.128988702253992,5.817311300499568,0.18333333333333332,5.9684364795684814
12085,random,3,700,0.32089269307933177,7.485823110457323,9.202824120304351,-0.128988702253992,5.817311300499568,0.275,5.98170280456543
12085,random,4,800,0.3119747623422646,7.494812149537859,9.26297661451902,-0.128988702253992,5.817311300499568,0.3416666666666667,6.097923278808594
12085,random,5,900,0.2994721842011512,7.564371870916491,9.318478066208359,-0.128988702253992,5.817311300499568,0.44166666666666665,6.293755531311035
12085,greedy,0,400,0.26314233213957583,7.664495979493734,9.469442008609578,,,0.0,5.878008842468262
12085,greedy,1,500,0.24886111788198673,7.61306225876402,9.52795915782394,-5.94630000275356,0.0,0.16666666666666666,6.363652467727661
12085,greedy,2,600,0.3040715879474246,7.489858461924972,9.315285164359077,-5.94630000275356,0.0,0.2833333333333333,6.065953016281128
12085,greedy,3,700,0.3068366677291733,7.597020470803141,9.36859624781575,-5.94630000275356,0.0,0.43333333333333335,6.021864175796509
12085,greedy,4,800,0.31775954849717813,7.489404380767096,9.297594292842335,-5.94630000275356,0.0,0.55,6.461879014968872
12085,greedy,5,900,0.3625442034012712,7.382257964705875,9.098432743694278,-5.94630000275356,0.0,0.65,6.399351596832275
12085,uncertainty,0,400,0.26314233213957583,7.664495979493734,9.469442008609578,,,0.0,6.009783029556274
12085,uncertainty,1,500,0.27255320345752154,7.614886752547359,9.373827014824139,6.88661601201238,12.832916014765939,0.09166666666666666,6.055730581283569
12085,uncertainty,2,600,0.2973468584178651,7.564535794894416,9.281403481999783,-1.79640898725484,4.14989101549872,0.2,6.064535140991211
12085,uncertainty,3,700,0.30316164476027974,7.642663696909983,9.349117279946581,-1.79640898725484,4.14989101549872,0.2916666666666667,6.0584001541137695
12085,uncertainty,4,800,0.3127048919055744,7.566460566930147,9.287206922059454,-1.79640898725484,4.14989101549872,0.39166666666666666,6.139023065567017
12085,uncertainty,5,900,0.3415281345508409,7.509150685768279,9.23355162254156,-2.72422035229465,3.2220796504589098,0.4583333333333333,6.241797924041748
12085,mixed,0,400,0.26314233213957583,7.664495979493734,9.469442008609578,,,0.0,5.909547805786133
12085,mixed,1,500,0.2455819098869368,7.7138272141863276,9.52141247712807,-5.94630000275356,0.0,0.10833333333333334,6.726410627365112
12085,mixed,2,600,0.29676335477096727,7.590962120545107,9.301577064711436,-5.94630000275356,0.0,0.20833333333333334,6.112909555435181
12085,mixed,3,700,0.29294058087863045,7.605131306020642,9.36050304606661,-5.94630000275356,0.0,0.325,6.328099250793457
12085,mixed,4,800,0.2672043575272345,7.598521686514252,9.436397352283773,-5.94630000275356,0.0,0.4083333333333333,6.414395809173584
12085,mixed,5,900,0.3445549659685373,7.479101472118568,9.18933615381503,-5.94630000275356,0.0,0.5083333333333333,6.4122185707092285
12086,random,0,400,0.3561479759248495,7.009365311761912,9.033204811660774,,,0.0,5.8519041538238525
12086,random,1,500,0.388734742092138,7.059473379338815,8.891828100298156,2.13161010103795,8.07791010379151,0.09166666666666666,5.93640398979187
12086,random,2,600,0.3471700448127801,7.148964861681293,9.08550871444662,2.13161010103795,8.07791010379151,0.15833333333333333,6.149683237075806
12086,random,3,700,0.3250454690341814,7.252031328021856,9.140001795432342,1.54152123986569,7.487821242619249,0.225,6.079516172409058
12086,random,4,800,0.3549777811111319,7.1563155641456,9.05907079864353,1.54152123986569,7.487821242619249,0.2833333333333333,6.322744369506836
12086,random,5,900,0.4167041044006525,6.899991903311742,8.841404166937062,-5.94630000275356,0.0,0.36666666666666664,6.393264532089233
12086,greedy,0,400,0.3561479759248495,7.009365311761912,9.033204811660774,,,0.0,6.026580333709717
12086,greedy,1,500,0.3975709223182644,6.8910817516498515,8.89859370526805,-5.94630000275356,0.0,0.225,6.2135608196258545
12086,greedy,2,600,0.35424277651735314,7.019979244301535,9.122850489547313,-5.94630000275356,0.0,0.36666666666666664,5.980833530426025
12086,greedy,3,700,0.3719738248364052,7.009183579095523,9.049898411511544,-5.94630000275356,0.0,0.5416666666666666,6.103829860687256
12086,greedy,4,800,0.37831830198938743,6.995679439579386,8.985279835104738,-5.94630000275356,0.0,0.65,6.212180137634277
12086,greedy,5,900,0.34763786023662646,7.119822010255562,9.12589062898571,-5.94630000275356,0.0,0.7416666666666667,6.3130083084106445
12086,uncertainty,0,400,0.3561479759248495,7.009365311761912,9.033204811660774,,,0.0,6.107301712036133
12086,uncertainty,1,500,0.3638675866724167,7.041638013665894,9.04117202116793,1.06826830975842,7.0145683125119795,0.08333333333333333,6.114244222640991
12086,uncertainty,2,600,0.3277439858999118,7.081251283754147,9.112922434078254,-1.79640898725484,4.14989101549872,0.13333333333333333,6.235973358154297
12086,uncertainty,3,700,0.2887623047644048,7.217796980158408,9.235274065042747,-1.79640898725484,4.14989101549872,0.21666666666666667,6.174322128295898
12086,uncertainty,4,800,0.3329072056700354,7.134948689713728,9.106334939673483,-5.94630000275356,0.0,0.2916666666666667,6.29593825340271
12086,uncertainty,5,900,0.3305844411527572,7.183766764824006,9.117112236197359,-5.94630000275356,0.0,0.44166666666666665,6.426878929138184
12086,mixed,0,400,0.3561479759248495,7.009365311761912,9.033204811660774,,,0.0,6.405390977859497
12086,mixed,1,500,0.3629932687079294,7.076259735333443,9.028519578619512,1.06826830975842,7.0145683125119795,0.08333333333333333,6.6270434856414795
12086,mixed,2,600,0.3662786642416515,6.992927252610278,9.02645289843853,1.06826830975842,7.0145683125119795,0.2,6.319688081741333
12086,mixed,3,700,0.34347739673372957,7.095339595396915,9.13288175019736,-5.94630000275356,0.0,0.3333333333333333,6.331154108047485
12086,mixed,4,800,0.379389683685523,7.063231763612707,9.004765075923967,-5.94630000275356,0.0,0.425,6.3891918659210205
12086,mixed,5,900,0.3373956087225545,7.162787860964531,9.121604488617905,-5.94630000275356,0.0,0.5416666666666666,6.010680437088013
12087,random,0,400,0.25038737742110884,7.568123111956785,9.572534990186615,,,0.0,5.997805595397949
12087,random,1,500,0.2633528959555997,7.5223146552643865,9.473476427066844,2.17004855394771,4.89426890624236,0.09166666666666666,6.207603693008423
12087,random,2,600,0.2846609041306507,7.451891484757007,9.39368316115121,2.17004855394771,4.89426890624236,0.175,6.14788818359375
12087,random,3,700,0.2557911611947574,7.548580898783627,9.506443453028849,2.17004855394771,4.89426890624236,0.24166666666666667,6.343607187271118
12087,random,4,800,0.2592689329308308,7.488611952793876,9.434647315748343,1.54152123986569,4.2657415921603405,0.3333333333333333,6.144270658493042
12087,random,5,900,0.31602328764554777,7.380966058878042,9.294948970719904,-2.72422035229465,0.0,0.44166666666666665,6.499140739440918
12087,greedy,0,400,0.25038737742110884,7.568123111956785,9.572534990186615,,,0.0,6.236018896102905
12087,greedy,1,500,0.28576116100725624,7.455949447661146,9.465542864992747,2.16613746399526,4.89035781628991,0.18333333333333332,6.316001653671265
12087,greedy,2,600,0.28173269832936454,7.424719770085344,9.454732526208456,1.06826830975842,3.7924886620530702,0.3333333333333333,6.075100421905518
12087,greedy,3,700,0.3167907299420621,7.390930726544164,9.310609036020445,1.06826830975842,3.7924886620530702,0.4666666666666667,6.376859664916992
12087,greedy,4,800,0.31927549547184664,7.374627169649107,9.292882407741667,1.06826830975842,3.7924886620530702,0.5833333333333334,6.348621368408203
12087,greedy,5,900,0.356892918080738,7.266334669457982,9.1402137185239,-2.72422035229465,0.0,0.6833333333333333,6.623849868774414
12087,uncertainty,0,400,0.25038737742110884,7.568123111956785,9.572534990186615,,,0.0,6.088351726531982
12087,uncertainty,1,500,0.27944649654060333,7.505287645358726,9.468964979189503,2.86005131311322,5.58427166540787,0.11666666666666667,6.261800050735474
12087,uncertainty,2,600,0.27912718204488773,7.591986403596511,9.466397615326256,2.86005131311322,5.58427166540787,0.19166666666666668,6.191007614135742
12087,uncertainty,3,700,0.3183871149194682,7.421093217869476,9.301136864214856,2.86005131311322,5.58427166540787,0.2916666666666667,6.265042543411255
12087,uncertainty,4,800,0.27596647479046743,7.5551054145546415,9.454608303364706,-2.72422035229465,0.0,0.36666666666666664,6.309176206588745
12087,uncertainty,5,900,0.31885493034331464,7.4362292080247565,9.35129226389063,-2.72422035229465,0.0,0.475,6.606757640838623
12087,mixed,0,400,0.25038737742110884,7.568123111956785,9.572534990186615,,,0.0,6.741424322128296
12087,mixed,1,500,0.26173701085631784,7.5182224095640455,9.49873795926312,3.43182911266194,6.15604946495659,0.09166666666666666,6.298609495162964
12087,mixed,2,600,0.30627041419008866,7.4524257039295545,9.368640659383498,3.43182911266194,6.15604946495659,0.21666666666666667,6.07192325592041
12087,mixed,3,700,0.34699885624285143,7.310460949491101,9.151215398757511,1.31582066329793,4.04004101559258,0.3,6.331145286560059
12087,mixed,4,800,0.34932199576247347,7.278793032558151,9.215306324511202,-2.72422035229465,0.0,0.4083333333333333,6.476446151733398
12087,mixed,5,900,0.35447752798454985,7.329988162431656,9.169087031692213,-2.72422035229465,0.0,0.49166666666666664,4.838794469833374
12088,random,0,400,0.2643464646654041,7.93701694050969,10.788955728802792,,,0.0,5.840386867523193
12088,random,1,500,0.3442628391427446,7.767640619128892,10.576986537387905,-0.128988702253992,5.817311300499568,0.075,6.049891233444214
12088,random,2,600,0.32949505934412093,7.851153286303953,10.543346751143842,-0.128988702253992,5.817311300499568,0.175,6.205932140350342
12088,random,3,700,0.31455384096150596,7.8387131529849015,10.590524669802635,-5.94630000275356,0.0,0.20833333333333334,6.34293270111084
12088,random,4,800,0.3282594266214164,7.842853769554231,10.561170680837664,-5.94630000275356,0.0,0.26666666666666666,6.044490814208984
12088,random,5,900,0.33126075787973674,7.854380804592122,10.55197606661764,-5.94630000275356,0.0,0.39166666666666666,6.45410680770874
12088,greedy,0,400,0.2643464646654041,7.93701694050969,10.788955728802792,,,0.0,5.795902967453003
12088,greedy,1,500,0.3385389908686929,7.72825711317422,10.498938536575922,4.07733535693114,10.0236353596847,0.20833333333333334,6.258335828781128
12088,greedy,2,600,0.31374027337670857,7.868022136266241,10.5641607554247,-5.94630000275356,0.0,0.3,6.213708400726318
12088,greedy,3,700,0.3267624172651079,7.753569237622628,10.536403134767463,-5.94630000275356,0.0,0.49166666666666664,6.286346435546875
12088,greedy,4,800,0.36366489790561185,7.66054915449985,10.397852600114353,-5.94630000275356,0.0,0.5833333333333334,6.303531646728516
12088,greedy,5,900,0.34679560497253104,7.787013338766224,10.47586325858699,-5.94630000275356,0.0,0.7,6.475022077560425
12088,uncertainty,0,400,0.2643464646654041,7.93701694050969,10.788955728802792,,,0.0,5.841246604919434
12088,uncertainty,1,500,0.3140190876192976,7.787745077622442,10.59105580146079,1.82530723417949,7.7716072369330504,0.06666666666666667,6.178842544555664
12088,uncertainty,2,600,0.2922929518309489,7.961795849590423,10.707910647908212,1.31582066329793,7.26212066605149,0.19166666666666668,6.235420227050781
12088,uncertainty,3,700,0.2971351695948099,7.919521886783043,10.696516777166455,1.31582066329793,7.26212066605149,0.2833333333333333,6.113749265670776
12088,uncertainty,4,800,0.31126000787504915,7.897072031609756,10.672389862845268,1.31582066329793,7.26212066605149,0.3416666666666667,6.043567419052124
12088,uncertainty,5,900,0.38632347702173137,7.576343949277075,10.323553434229087,1.31582066329793,7.26212066605149,0.45,6.220638990402222
12088,mixed,0,400,0.2643464646654041,7.93701694050969,10.788955728802792,,,0.0,6.170067548751831
12088,mixed,1,500,0.33163482271764194,7.730139154822939,10.54499230786305,1.82530723417949,7.7716072369330504,0.13333333333333333,6.6947715282440186
12088,mixed,2,600,0.34173438583991145,7.742402053402259,10.484338668342811,1.31582066329793,7.26212066605149,0.26666666666666666,6.137984037399292
12088,mixed,3,700,0.3388641179007368,7.665723882531537,10.421737259181514,1.31582066329793,7.26212066605149,0.35,6.532597780227661
12088,mixed,4,800,0.33689423058894113,7.821141528386203,10.477092754591439,-5.94630000275356,0.0,0.44166666666666665,6.312962532043457
12088,mixed,5,900,0.33448352802205006,7.803312240541982,10.454572122897186,-5.94630000275356,0.0,0.4666666666666667,5.948936462402344
12089,random,0,400,0.2597643110269439,7.98894371497603,10.144220480129597,,,0.0,5.831049919128418
12089,random,1,500,0.2861847261545385,7.955100058638135,10.097692340415813,2.91626778182399,8.86256778457755,0.08333333333333333,5.898376703262329
12089,random,2,600,0.29484390527440796,7.935645937099959,10.070294960878812,1.54152123986569,7.487821242619249,0.15833333333333333,6.321335077285767
12089,random,3,700,0.3724459527872048,7.786206061998715,9.822277376963562,1.54152123986569,7.487821242619249,0.25,6.119917392730713
12089,random,4,800,0.34237657735360844,7.855829144997109,9.873735496638263,-2.72422035229465,3.2220796504589098,0.3333333333333333,6.0970635414123535
12089,random,5,900,0.33882436765229784,7.835307844787272,9.931545164515018,-2.72422035229465,3.2220796504589098,0.425,6.085588455200195
12089,greedy,0,400,0.2597643110269439,7.98894371497603,10.144220480129597,,,0.0,6.191834211349487
12089,greedy,1,500,0.26046200288751803,8.028074570881625,10.136102872934131,-5.94630000275356,0.0,0.175,6.04715371131897
12089,greedy,2,600,0.24927174544840902,7.975596026010769,10.15993901977418,-5.94630000275356,0.0,0.30833333333333335,5.998555421829224
12089,greedy,3,700,0.3029402058762867,7.823574766476882,10.008841356315212,-5.94630000275356,0.0,0.43333333333333335,6.13329815864563
12089,greedy,4,800,0.29943730898318116,7.87731533617532,10.0158086138483,-5.94630000275356,0.0,0.55,6.027460813522339
12089,greedy,5,900,0.361427633922712,7.682797017073422,9.905297737409906,-5.94630000275356,0.0,0.6833333333333333,6.284778118133545
12089,uncertainty,0,400,0.2597643110269439,7.98894371497603,10.144220480129597,,,0.0,5.823077917098999
12089,uncertainty,1,500,0.2690773067331671,7.973561753356621,10.166085503010859,1.75952003577549,7.70582003852905,0.09166666666666666,6.103730201721191
12089,uncertainty,2,600,0.26898336864605404,8.03379159661693,10.129212423992948,1.75952003577549,7.70582003852905,0.19166666666666668,6.203434705734253
12089,uncertainty,3,700,0.31354864717904485,7.8148824809294615,9.978109712847054,1.75952003577549,7.70582003852905,0.25833333333333336,6.27528190612793
12089,uncertainty,4,800,0.3528623928899555,7.789812544487599,9.863048413097074,1.75952003577549,7.70582003852905,0.35,6.610535383224487
12089,uncertainty,5,900,0.32486096788104923,7.810570410089324,9.980850884146257,1.75952003577549,7.70582003852905,0.39166666666666666,6.5184783935546875
12089,mixed,0,400,0.2597643110269439,7.98894371497603,10.144220480129597,,,0.0,5.871479272842407
12089,mixed,1,500,0.3109095681848011,7.883700480779606,10.01254748886815,-5.94630000275356,0.0,0.15833333333333333,5.955790042877197
12089,mixed,2,600,0.27331427071419195,7.975063494003439,10.156156687297228,-5.94630000275356,0.0,0.2833333333333333,6.117395401000977
12089,mixed,3,700,0.3353542834642716,7.824832639827246,9.984442656896539,-5.94630000275356,0.0,0.375,6.106348514556885
12089,mixed,4,800,0.34240057750360936,7.852011293952528,9.94261959719389,-5.94630000275356,0.0,0.44166666666666665,6.134824991226196
12089,mixed,5,900,0.3394686216788855,7.898721350822343,10.026759274701073,-5.94630000275356,0.0,0.5166666666666667,6.516589641571045
12090,random,0,400,0.2990808692554328,7.2192783340128495,9.30000803576142,,,0.0,5.804516553878784
12090,random,1,500,0.3534260214126338,7.142948205972255,9.157117366109546,1.31582066329793,4.04004101559258,0.06666666666666667,5.90337061882019
12090,random,2,600,0.33505184407402544,7.21655305608304,9.22729903376575,1.31582066329793,4.04004101559258,0.10833333333333334,6.460370063781738
12090,random,3,700,0.3485650535315845,7.104105314995695,9.159724942875489,1.31582066329793,4.04004101559258,0.225,6.20572304725647
12090,random,4,800,0.366359102244389,7.139854004151842,9.116531826852952,1.31582066329793,4.04004101559258,0.2833333333333333,6.246455669403076
12090,random,5,900,0.3538488365552285,7.161508418703608,9.122874593327236,1.06826830975842,3.7924886620530702,0.35,6.277031660079956
12090,greedy,0,400,0.2990808692554328,7.2192783340128495,9.30000803576142,,,0.0,6.040511846542358
12090,greedy,1,500,0.32858005362533516,7.211061503905719,9.240181463728478,-1.79640898725484,0.9278113650398101,0.15833333333333333,6.179385423660278
12090,greedy,2,600,0.3288324302026887,7.213980135515892,9.268935536572037,-1.79640898725484,0.9278113650398101,0.3333333333333333,6.085523366928101
12090,greedy,3,700,0.34921155757223477,7.256808755032405,9.207099634074941,-1.79640898725484,0.9278113650398101,0.5166666666666667,6.123840093612671
12090,greedy,4,800,0.35157950987193665,7.219887195660155,9.196198296632993,-2.72422035229465,0.0,0.5916666666666667,6.090856075286865
12090,greedy,5,900,0.3711422571391071,7.154653170968102,9.084668576423134,-2.72422035229465,0.0,0.6666666666666666,6.395319700241089
12090,uncertainty,0,400,0.2990808692554328,7.2192783340128495,9.30000803576142,,,0.0,5.750099420547485
12090,uncertainty,1,500,0.32701873136707105,7.211873768012119,9.355467159305263,1.96463543386199,4.6888557861566404,0.08333333333333333,6.014679908752441
12090,uncertainty,2,600,0.3332499578122363,7.204011233290348,9.265179840754719,1.96463543386199,4.6888557861566404,0.13333333333333333,5.992591381072998
12090,uncertainty,3,700,0.33189844936530855,7.173528220669149,9.292222425561393,1.75952003577549,4.4837403880701405,0.19166666666666668,6.110828876495361
12090,uncertainty,4,800,0.3535283970524815,7.232893965903527,9.22340255234633,1.75952003577549,4.4837403880701405,0.275,6.495611906051636
12090,uncertainty,5,900,0.3247441546509665,7.1973468873218716,9.227646897122773,-0.128988702253992,2.5952316500406583,0.38333333333333336,6.715447664260864
12090,mixed,0,400,0.2990808692554328,7.2192783340128495,9.30000803576142,,,0.0,5.706008672714233
12090,mixed,1,500,0.3469643560272251,7.2107131679754035,9.243166696422291,-1.79640898725484,0.9278113650398101,0.125,6.146117210388184
12090,mixed,2,600,0.3131207695048094,7.239657244255409,9.309308056881086,-1.79640898725484,0.9278113650398101,0.21666666666666667,6.1749444007873535
12090,mixed,3,700,0.3616153225957662,7.1124146781202535,9.155380249691898,-1.79640898725484,0.9278113650398101,0.35,6.349354028701782
12090,mixed,4,800,0.3662424765154782,7.2087389322877575,9.135401555403451,-1.79640898725484,0.9278113650398101,0.4166666666666667,6.507552146911621
12090,mixed,5,900,0.38455384096150597,7.078888205437346,9.05670398097349,-1.79640898725484,0.9278113650398101,0.5083333333333333,6.137709140777588
12091,random,0,400,0.2736787729923311,7.464491452037664,9.571777053327876,,,0.0,6.033850193023682
12091,random,1,500,0.2847959049744061,7.373439685675253,9.390492196133854,1.06826830975842,7.0145683125119795,0.058333333333333334,6.158353328704834
12091,random,2,600,0.28293083081769255,7.317009928015509,9.336274689483156,1.06826830975842,7.0145683125119795,0.13333333333333333,6.258009910583496
12091,random,3,700,0.26917761986012406,7.424310880653919,9.401152800806049,1.06826830975842,7.0145683125119795,0.24166666666666667,6.225278854370117
12091,random,4,800,0.32148819680123,7.154020227826516,9.158979446636655,1.06826830975842,7.0145683125119795,0.3,6.1210832595825195
12091,random,5,900,0.3589619935124594,7.094139363175254,9.130806146239712,-5.94630000275356,0.0,0.38333333333333336,6.441018342971802
12091,greedy,0,400,0.2736787729923311,7.464491452037664,9.571777053327876,,,0.0,6.501604795455933
12091,greedy,1,500,0.25792004950030933,7.472543496732848,9.526845731182096,-5.94630000275356,0.0,0.15833333333333333,6.0600879192352295
12091,greedy,2,600,0.27267695423096394,7.36114689981762,9.399841065764916,-5.94630000275356,0.0,0.3416666666666667,6.147547483444214
12091,greedy,3,700,0.21170982318639486,7.580362080110775,9.712472005123058,-5.94630000275356,0.0,0.44166666666666665,6.158416271209717
12091,greedy,4,800,0.2952560328502053,7.270095247648444,9.276154052706183,-5.94630000275356,0.0,0.55,6.2481348514556885
12091,greedy,5,900,0.2661922262014137,7.423911299196444,9.479776096048381,-5.94630000275356,0.0,0.675,6.381205081939697
12091,uncertainty,0,400,0.2736787729923311,7.464491452037664,9.571777053327876,,,0.0,5.9835755825042725
12091,uncertainty,1,500,0.2905146907168169,7.395598592843738,9.36204565865158,-0.128988702253992,5.817311300499568,0.08333333333333333,5.982375621795654
12091,uncertainty,2,600,0.3456705979412371,7.248189483849894,9.166792360767479,-0.128988702253992,5.817311300499568,0.20833333333333334,6.19393515586853
12091,uncertainty,3,700,0.3058605366283539,7.394681426286013,9.284394620078295,-0.128988702253992,5.817311300499568,0.2833333333333333,6.135549783706665
12091,uncertainty,4,800,0.3649427183919899,7.138937341836506,9.044901770628432,-0.128988702253992,5.817311300499568,0.4166666666666667,6.480810880661011
12091,uncertainty,5,900,0.35126750792192446,7.185729371530104,9.104490222446803,-0.128988702253992,5.817311300499568,0.49166666666666664,6.7596142292022705
12091,mixed,0,400,0.2736787729923311,7.464491452037664,9.571777053327876,,,0.0,6.126822233200073
12091,mixed,1,500,0.30568166051037815,7.371108356133955,9.324673507072056,-5.94630000275356,0.0,0.1,6.232162714004517
12091,mixed,2,600,0.31774342339639616,7.256264921354439,9.223209572193436,-5.94630000275356,0.0,0.2,6.307083368301392
12091,mixed,3,700,0.2988616803855024,7.347999229470155,9.361303212402456,-5.94630000275356,0.0,0.3,6.213897705078125
12091,mixed,4,800,0.3323289520559503,7.197863004615135,9.165226725890493,-5.94630000275356,0.0,0.425,6.235463857650757
12091,mixed,5,900,0.3247750923443271,7.275421819241967,9.246974760559276,-5.94630000275356,0.0,0.5,5.573730707168579
12092,random,0,400,0.3040106500665629,7.5262175311523105,9.541686314936213,,,0.0,5.838054418563843
12092,random,1,500,0.3150930943318395,7.50018961630636,9.570087389010991,-2.72422035229465,3.2220796504589098,0.11666666666666667,6.212515830993652
12092,random,2,600,0.3366032287701798,7.412210768164592,9.44633794070161,-2.72422035229465,3.2220796504589098,0.20833333333333334,6.4406890869140625
12092,random,3,700,0.31161607260045376,7.463367365198588,9.492603824008379,-2.72422035229465,3.2220796504589098,0.25833333333333336,6.178210258483887
12092,random,4,800,0.35701235632722705,7.385720175402059,9.35196658914185,-2.72422035229465,3.2220796504589098,0.30833333333333335,6.261182546615601
12092,random,5,900,0.37864455402846264,7.315441691149558,9.30607659704642,-5.94630000275356,0.0,0.425,6.520236968994141
12092,greedy,0,400,0.3040106500665629,7.5262175311523105,9.541686314936213,,,0.0,6.345292568206787
12092,greedy,1,500,0.28302158138488365,7.612326493950958,9.665458662638448,-5.94630000275356,0.0,0.125,6.022408723831177
12092,greedy,2,600,0.3229870811692573,7.46785091242031,9.455860819170708,-5.94630000275356,0.0,0.26666666666666666,6.1970741748809814
12092,greedy,3,700,0.3150147188419927,7.4830964810756,9.488559611356328,-5.94630000275356,0.0,0.4,6.116117238998413
12092,greedy,4,800,0.3768229801436258,7.287130750165589,9.265190420175555,-5.94630000275356,0.0,0.49166666666666664,6.378722906112671
12092,greedy,5,900,0.3773704835655223,7.3098015772792335,9.281714768928941,-5.94630000275356,0.0,0.6333333333333333,6.376018047332764
12092,uncertainty,0,400,0.3040106500665629,7.5262175311523105,9.541686314936213,,,0.0,5.820612668991089
12092,uncertainty,1,500,0.2716663229145182,7.595692715802389,9.664789376784434,4.51400760590695,10.46030760866051,0.08333333333333333,5.9923694133758545
12092,uncertainty,2,600,0.3324594528715804,7.383235592033207,9.364627979211702,1.82530723417949,7.7716072369330504,0.2,6.1633570194244385
12092,uncertainty,3,700,0.3526902668141675,7.356388608999713,9.322884488246384,1.82530723417949,7.7716072369330504,0.275,6.2568886280059814
12092,uncertainty,4,800,0.37149569684810524,7.2853923231037845,9.189799641285575,-1.79640898725484,4.14989101549872,0.31666666666666665,6.982872009277344
12092,uncertainty,5,900,0.3888658054112838,7.257754659776308,9.182065292446865,-2.72422035229465,3.2220796504589098,0.4666666666666667,6.586537837982178
12092,mixed,0,400,0.3040106500665629,7.5262175311523105,9.541686314936213,,,0.0,5.93940281867981
12092,mixed,1,500,0.30381902386889914,7.497425101737199,9.556769086265552,4.51400760590695,10.46030760866051,0.11666666666666667,6.244586944580078
12092,mixed,2,600,0.2753321583259895,7.574177515769387,9.562960664074012,1.06826830975842,7.0145683125119795,0.24166666666666667,6.223662376403809
12092,mixed,3,700,0.3226045787786173,7.4485165786705485,9.439086619138914,-5.94630000275356,0.0,0.30833333333333335,6.323981523513794
12092,mixed,4,800,0.3367821048881555,7.466910106844593,9.370133034829317,-5.94630000275356,0.0,0.4,6.526428699493408
12092,mixed,5,900,0.36330770817317604,7.3717137613299135,9.33679176916028,-5.94630000275356,0.0,0.475,5.270449638366699
12093,random,0,400,0.2559799748748429,7.18521907673381,9.552079334214108,,,0.0,5.95184063911438
12093,random,1,500,0.28374702341889635,7.087419160424165,9.453234732432623,2.63410041427414,8.5804004170277,0.05,6.14116907119751
12093,random,2,600,0.2154275964224776,7.278646935675014,9.619367406469324,1.96463543386199,7.91093543661555,0.18333333333333332,5.993319034576416
12093,random,3,700,0.2638754617216358,7.145784739582442,9.547573839022654,1.31582066329793,7.26212066605149,0.23333333333333334,6.038597345352173
12093,random,4,800,0.2889034931468321,7.045227777819214,9.438612184477918,-5.94630000275356,0.0,0.31666666666666665,6.051100730895996
12093,random,5,900,0.24164794779967372,7.2230643131765335,9.584141805993902,-5.94630000275356,0.0,0.39166666666666666,6.237165451049805
12093,greedy,0,400,0.2559799748748429,7.18521907673381,9.552079334214108,,,0.0,5.91007399559021
12093,greedy,1,500,0.25972268576678603,7.170304055330888,9.5544145688859,2.16613746399526,8.112437466748819,0.15,5.83786940574646
12093,greedy,2,600,0.28394221213882587,7.084083477659708,9.45058910590774,-5.94630000275356,0.0,0.3333333333333333,6.090037822723389
12093,greedy,3,700,0.3304329402058762,7.000022410668391,9.378354742045556,-5.94630000275356,0.0,0.4666666666666667,6.025684595108032
12093,greedy,4,800,0.32244145275907965,6.984757990249998,9.370269268174006,-5.94630000275356,0.0,0.6,6.2686073780059814
12093,greedy,5,900,0.3078232988956181,7.01740123511496,9.42631777049885,-5.94630000275356,0.0,0.725,6.293490886688232
12093,uncertainty,0,400,0.2559799748748429,7.18521907673381,9.552079334214108,,,0.0,6.354716777801514
12093,uncertainty,1,500,0.27833273957962235,7.016592048285549,9.460518578286305,6.09064042745013,12.036940430203689,0.10833333333333334,5.94481897354126
12093,uncertainty,2,600,0.2830980818630116,7.0423596044636865,9.43993450824505,3.031954188893,8.97825419164656,0.16666666666666666,6.115210294723511
12093,uncertainty,3,700,0.295377533609585,7.078142038717114,9.425113058900019,-1.79640898725484,4.14989101549872,0.275,5.932667255401611
12093,uncertainty,4,800,0.3067089794311214,6.927251707330144,9.389885964919383,-1.79640898725484,4.14989101549872,0.35,6.1709229946136475
12093,uncertainty,5,900,0.28566591041194006,7.034920876725546,9.400690096965608,-1.79640898725484,4.14989101549872,0.4166666666666667,6.186736345291138
12093,mixed,0,400,0.2559799748748429,7.18521907673381,9.552079334214108,,,0.0,6.0206217765808105
12093,mixed,1,500,0.2802763767273545,7.070866744857908,9.466005441417796,4.69478829079162,10.641088293545181,0.15,7.184389114379883
12093,mixed,2,600,0.3096218101363133,7.004007679491243,9.380624328425194,3.031954188893,8.97825419164656,0.23333333333333334,6.396840333938599
12093,mixed,3,700,0.29395664972906077,7.079524574750244,9.416403147295265,-5.94630000275356,0.0,0.3333333333333333,5.893898963928223
12093,mixed,4,800,0.3419453246582791,6.968184261496095,9.304724967070781,-5.94630000275356,0.0,0.4666666666666667,6.29301643371582
12093,mixed,5,900,0.29709579434871464,7.1004267298210655,9.466276958438842,-5.94630000275356,0.0,0.5583333333333333,6.451414346694946
12094,random,0,400,0.25603735023343893,7.858064859033577,10.111621865266297,,,0.0,5.96910285949707
12094,random,1,500,0.25157969737310854,7.8848375493102285,10.159676838617045,4.07733535693114,10.0236353596847,0.05,6.159087896347046
12094,random,2,600,0.2787660547878424,7.786220097282126,10.054781645787001,2.78908783021689,8.73538783297045,0.11666666666666667,6.205535411834717
12094,random,3,700,0.2409279432996456,7.861756689472474,10.104153200139654,2.78908783021689,8.73538783297045,0.25,6.133898973464966
12094,random,4,800,0.21645379033618958,7.929227113716316,10.186626098789786,1.75952003577549,7.70582003852905,0.31666666666666665,6.2088024616241455
12094,random,5,900,0.21495715598222487,7.87833417955826,10.166299428732188,1.06826830975842,7.0145683125119795,0.4,6.323896169662476
12094,greedy,0,400,0.25603735023343893,7.858064859033577,10.111621865266297,,,0.0,5.837687015533447
12094,greedy,1,500,0.28807061294133085,7.809095081475776,9.984703856698477,-5.94630000275356,0.0,0.20833333333333334,5.946052074432373
12094,greedy,2,600,0.25394014962593514,7.846975843987706,10.154965798769902,-5.94630000275356,0.0,0.325,6.081017255783081
12094,greedy,3,700,0.3069891061819136,7.695470182545532,9.947755893447003,-5.94630000275356,0.0,0.4666666666666667,6.193479299545288
12094,greedy,4,800,0.31069844186526163,7.667130505188482,9.91535959354877,-5.94630000275356,0.0,0.5583333333333333,6.3322227001190186
12094,greedy,5,900,0.29837998987493664,7.756062732066892,9.951517580736105,-5.94630000275356,0.0,0.65,6.479226112365723
12094,uncertainty,0,400,0.25603735023343893,7.858064859033577,10.111621865266297,,,0.0,6.427466154098511
12094,uncertainty,1,500,0.2588764929780811,7.907536758142449,10.053088228146905,1.82530723417949,7.7716072369330504,0.15,6.112629652023315
12094,uncertainty,2,600,0.2187338045862786,7.97865504973453,10.160247448035602,1.82530723417949,7.7716072369330504,0.225,6.075144290924072
12094,uncertainty,3,700,0.2632053325333283,7.85515494941116,10.05678248658422,1.82530723417949,7.7716072369330504,0.2833333333333333,6.024077415466309
12094,uncertainty,4,800,0.2530538315864474,7.928769445977523,10.079993933795148,1.82530723417949,7.7716072369330504,0.38333333333333336,6.195885181427002
12094,uncertainty,5,900,0.25812948830930194,7.905969427449495,10.019194931618735,1.82530723417949,7.7716072369330504,0.4583333333333333,6.312159538269043
12094,mixed,0,400,0.25603735023343893,7.858064859033577,10.111621865266297,,,0.0,6.169191837310791
12094,mixed,1,500,0.23455646597791235,7.985365780016062,10.156315551072327,-5.94630000275356,0.0,0.175,7.013653755187988
12094,mixed,2,600,0.22080006750042186,8.049696387245625,10.165830827385477,-5.94630000275356,0.0,0.24166666666666667,6.396648406982422
12094,mixed,3,700,0.254196838730242,7.865537220321405,10.107434542019835,-5.94630000275356,0.0,0.36666666666666664,6.218835830688477
12094,mixed,4,800,0.2709183807398796,7.849865114644395,10.072893273101323,-5.94630000275356,0.0,0.475,6.341230154037476
12094,mixed,5,900,0.27543678397989985,7.844381001703482,10.040162084891765,-5.94630000275356,0.0,0.55,5.8472442626953125
12095,random,0,400,0.26269176682354267,7.4659349859973565,9.661064550839438,,,0.0,6.034139633178711
12095,random,1,500,0.25025350158438486,7.499366443134279,9.680303771852492,4.74393837252501,6.54034735977985,0.08333333333333333,6.109617471694946
12095,random,2,600,0.29822548890930567,7.346762189276419,9.502062741618026,3.47687136075183,5.27328034800667,0.16666666666666666,5.894427299499512
12095,random,3,700,0.31662779142369635,7.295817635841652,9.399338529334068,-0.128988702253992,1.6674202850008482,0.25833333333333336,6.151005506515503
12095,random,4,800,0.3143265895411846,7.2384949606432505,9.412131771695325,-1.79640898725484,0.0,0.325,6.069071292877197
12095,random,5,900,0.33061912886955536,7.263637783940209,9.347786297162708,-1.79640898725484,0.0,0.4083333333333333,6.252022981643677
12095,greedy,0,400,0.26269176682354267,7.4659349859973565,9.661064550839438,,,0.0,6.042917966842651
12095,greedy,1,500,0.1929688935555847,7.643075956599066,9.877300469998325,-1.79640898725484,0.0,0.15,5.893980503082275
12095,greedy,2,600,0.2586151163444771,7.451010855250018,9.647176798004203,-1.79640898725484,0.0,0.3,5.899570941925049
12095,greedy,3,700,0.25596909980687377,7.464027477344541,9.72152724778859,-1.79640898725484,0.0,0.5166666666666667,6.158357381820679
12095,greedy,4,800,0.32427727673297957,7.268073925788269,9.404625157188027,-1.79640898725484,0.0,0.5916666666666667,6.227605104446411
12095,greedy,5,900,0.3273286708041925,7.2415488016806515,9.427599927815695,-1.79640898725484,0.0,0.6916666666666667,6.387292861938477
12095,uncertainty,0,400,0.26269176682354267,7.4659349859973565,9.661064550839438,,,0.0,6.597368001937866
12095,uncertainty,1,500,0.23759135994599964,7.539953498179614,9.697961059307092,-1.79640898725484,0.0,0.09166666666666666,6.075531959533691
12095,uncertainty,2,600,0.2985251157819736,7.259793928951228,9.386448173540638,-1.79640898725484,0.0,0.15833333333333333,6.187046527862549
12095,uncertainty,3,700,0.31890236813980083,7.310222995179235,9.405981515178697,-1.79640898725484,0.0,0.225,6.191424369812012
12095,uncertainty,4,800,0.2835248345302158,7.416511367878948,9.485207771158619,-1.79640898725484,0.0,0.2833333333333333,6.376526594161987
12095,uncertainty,5,900,0.3494823092644329,7.2158302303466835,9.268980100577567,-1.79640898725484,0.0,0.375,6.280819892883301
12095,mixed,0,400,0.26269176682354267,7.4659349859973565,9.661064550839438,,,0.0,6.226582050323486
12095,mixed,1,500,0.19110250689066804,7.710177921074105,9.89862105624798,-1.79640898725484,0.0,0.13333333333333333,6.725840330123901
12095,mixed,2,600,0.2688073050456565,7.414721245288144,9.638516604793871,-1.79640898725484,0.0,0.21666666666666667,6.3450188636779785
12095,mixed,3,700,0.2775002343764648,7.341761677800939,9.631080310826247,-1.79640898725484,0.0,0.325,6.291903257369995
12095,mixed,4,800,0.2937800236251476,7.310738664862079,9.557319310544434,-1.79640898725484,0.0,0.39166666666666666,6.444506883621216
12095,mixed,5,900,0.3071173569834812,7.3259834724409165,9.539804981260593,-1.79640898725484,0.0,0.5,6.101654291152954
12096,random,0,400,0.22927455796598728,8.031352703390583,10.962784322122003,,,0.0,6.008095979690552
12096,random,1,500,0.2396739354620966,7.999498321422213,11.018775245448708,3.19723738387984,9.1435373866334,0.06666666666666667,6.31373143196106
12096,random,2,600,0.23967731048319046,7.9245926761707395,10.891171808050354,-0.128988702253992,5.817311300499568,0.15,6.057892560958862
12096,random,3,700,0.23577428608928802,7.953762669338503,10.937408935575966,-0.128988702253992,5.817311300499568,0.25,6.087035655975342
12096,random,4,800,0.30324770779817367,7.756064644332035,10.663381132903552,-0.128988702253992,5.817311300499568,0.3333333333333333,6.136841773986816
12096,random,5,900,0.28770329814561335,7.778446362476664,10.747167523442602,-0.128988702253992,5.817311300499568,0.4083333333333333,6.358739137649536
12096,greedy,0,400,0.22927455796598728,8.031352703390583,10.962784322122003,,,0.0,6.037468671798706
12096,greedy,1,500,0.24709073181707383,8.050249573121993,10.970522151958397,-5.94630000275356,0.0,0.175,5.841433763504028
12096,greedy,2,600,0.2541719010743817,7.990839760145886,10.998872546165032,-5.94630000275356,0.0,0.4,6.034317970275879
12096,greedy,3,700,0.24512796954980967,8.056168762709339,10.935879610067774,-5.94630000275356,0.0,0.5,6.133827209472656
12096,greedy,4,800,0.26380496128100794,7.919036123752167,10.793971751405609,-5.94630000275356,0.0,0.5833333333333334,6.354672908782959
12096,greedy,5,900,0.28984024900155625,7.817178131620064,10.795759342897195,-5.94630000275356,0.0,0.7416666666666667,6.402505159378052
12096,uncertainty,0,400,0.22927455796598728,8.031352703390583,10.962784322122003,,,0.0,6.514194488525391
12096,uncertainty,1,500,0.23916168226051412,8.07573286003535,11.090096005448693,1.75952003577549,7.70582003852905,0.06666666666666667,6.113126039505005
12096,uncertainty,2,600,0.23598766242289015,7.950370804803997,10.941824842322076,1.75952003577549,7.70582003852905,0.14166666666666666,6.116443634033203
12096,uncertainty,3,700,0.2577280483003019,7.893443086482206,10.914685425210527,1.75952003577549,7.70582003852905,0.24166666666666667,6.147687673568726
12096,uncertainty,4,800,0.29441940262126637,7.7423911154344704,10.760022118663255,1.75952003577549,7.70582003852905,0.35,6.339692115783691
12096,uncertainty,5,900,0.28452384077400483,7.739262970112898,10.874858460692685,1.75952003577549,7.70582003852905,0.4083333333333333,6.392364978790283
12096,mixed,0,400,0.22927455796598728,8.031352703390583,10.962784322122003,,,0.0,6.357635021209717
12096,mixed,1,500,0.24013631335195842,8.054435384681977,10.9805521756326,6.40632700059723,12.35262700335079,0.058333333333333334,6.636260509490967
12096,mixed,2,600,0.2510822567641048,7.929656066317534,10.910651127016532,-5.94630000275356,0.0,0.15,6.261104583740234
12096,mixed,3,700,0.23741285883036764,7.999985446338179,10.813773930233548,-5.94630000275356,0.0,0.26666666666666666,6.227447271347046
12096,mixed,4,800,0.29607953799711245,7.814084322330998,10.640700910126228,-5.94630000275356,0.0,0.375,6.302090167999268
12096,mixed,5,900,0.2900080625503909,7.771021919264177,10.701575014454177,-5.94630000275356,0.0,0.4583333333333333,5.640139579772949
12097,random,0,400,0.30412277576734853,7.871624949053742,9.904397156346208,,,0.0,5.953434944152832
12097,random,1,500,0.3521830761442259,7.707089378114001,9.700569534479088,1.82530723417949,3.62171622143433,0.041666666666666664,5.970459938049316
12097,random,2,600,0.3647224045150282,7.766583946078701,9.675892041877738,1.82530723417949,3.62171622143433,0.1,5.9947733879089355
12097,random,3,700,0.35546209663810396,7.705592268739681,9.619103350481078,1.82530723417949,3.62171622143433,0.19166666666666668,6.226609706878662
12097,random,4,800,0.3610631316445727,7.681328981090825,9.601824157878516,-0.128988702253992,1.6674202850008482,0.31666666666666665,6.239842414855957
12097,random,5,900,0.3871392946205913,7.578426254306988,9.602479427542644,-0.128988702253992,1.6674202850008482,0.35833333333333334,6.394609689712524
12097,greedy,0,400,0.30412277576734853,7.871624949053742,9.904397156346208,,,0.0,5.958059072494507
12097,greedy,1,500,0.34060956630978945,7.713119505074255,9.695168756583339,2.16613746399526,3.9625464512501,0.16666666666666666,5.9356770515441895
12097,greedy,2,600,0.35003806273789206,7.646255453948386,9.684806691414085,2.13161010103795,3.92801908829279,0.26666666666666666,6.085114240646362
12097,greedy,3,700,0.3682511765698535,7.562464846570724,9.575740947385462,-1.79640898725484,0.0,0.4083333333333333,6.231347560882568
12097,greedy,4,800,0.3502681266757917,7.648437864332833,9.618821681621027,-1.79640898725484,0.0,0.5583333333333333,6.211446046829224
12097,greedy,5,900,0.37151013443834013,7.6411392308969255,9.591294040733965,-1.79640898725484,0.0,0.65,6.264338970184326
12097,uncertainty,0,400,0.30412277576734853,7.871624949053742,9.904397156346208,,,0.0,5.975090265274048
12097,uncertainty,1,500,0.36183526147038414,7.7060052791796325,9.646931558104464,4.74393837252501,6.54034735977985,0.125,6.078052043914795
12097,uncertainty,2,600,0.36921980762379764,7.61679101116608,9.542235567546179,1.06826830975842,2.86467729701326,0.18333333333333332,6.568380355834961
12097,uncertainty,3,700,0.40530722067012914,7.522476771261414,9.45252918932759,1.06826830975842,2.86467729701326,0.24166666666666667,6.785609483718872
12097,uncertainty,4,800,0.39359645997787485,7.627958039388075,9.54532276847909,1.06826830975842,2.86467729701326,0.3,6.275702476501465
12097,uncertainty,5,900,0.38885980537378356,7.5966305544283435,9.525233607447294,1.06826830975842,2.86467729701326,0.4083333333333333,6.541120767593384
12097,mixed,0,400,0.30412277576734853,7.871624949053742,9.904397156346208,,,0.0,5.970439910888672
12097,mixed,1,500,0.31474584216151347,7.825675622078907,9.822447425181105,2.16613746399526,3.9625464512501,0.14166666666666666,6.252073287963867
12097,mixed,2,600,0.31107363171019814,7.809414125571775,9.765044223404173,2.13161010103795,3.92801908829279,0.275,6.387789011001587
12097,mixed,3,700,0.3942577766111038,7.6015680332109925,9.53236012219917,1.06826830975842,2.86467729701326,0.38333333333333336,6.347956418991089
12097,mixed,4,800,0.3844060900380627,7.646356132517809,9.5816372653485,1.06826830975842,2.86467729701326,0.4583333333333333,6.289908409118652
12097,mixed,5,900,0.3702456265351658,7.771794963170652,9.675884902334394,1.06826830975842,2.86467729701326,0.55,5.792768716812134
12098,random,0,400,0.29742260889130556,7.621330554622543,9.903223972914333,,,0.0,5.921162128448486
12098,random,1,500,0.26235613972587324,7.734256684623321,9.924474285682185,4.74393837252501,10.69023837527857,0.06666666666666667,5.889693260192871
12098,random,2,600,0.3129111431946449,7.67764801668395,9.800628378856059,1.75952003577549,7.70582003852905,0.2,5.983651399612427
12098,random,3,700,0.303532522078263,7.6731057914360425,9.844578949952892,1.75952003577549,7.70582003852905,0.3,6.057169675827026
12098,random,4,800,0.34806648791554945,7.530067840524862,9.683501103969954,1.75952003577549,7.70582003852905,0.375,6.3194334506988525
12098,random,5,900,0.3464236026475165,7.595615190641181,9.735640936964433,1.75952003577549,7.70582003852905,0.4666666666666667,6.354947566986084
12098,greedy,0,400,0.29742260889130556,7.621330554622543,9.903223972914333,,,0.0,5.9385600090026855
12098,greedy,1,500,0.27941574634841465,7.661173895846838,9.847019464870685,1.96463543386199,7.91093543661555,0.16666666666666666,6.2041778564453125
12098,greedy,2,600,0.3453469709185682,7.533125167281112,9.622008313459487,1.54152123986569,7.487821242619249,0.3,6.006770372390747
12098,greedy,3,700,0.3547327170794817,7.540241311791701,9.666896160604917,1.54152123986569,7.487821242619249,0.425,6.249456882476807
12098,greedy,4,800,0.39065250407815044,7.452966332248533,9.495131686702486,-5.94630000275356,0.0,0.5583333333333333,6.24324893951416
12098,greedy,5,900,0.36565916036975227,7.517205301714271,9.564204804676866,-5.94630000275356,0.0,0.6666666666666666,6.328710079193115
12098,uncertainty,0,400,0.29742260889130556,7.621330554622543,9.903223972914333,,,0.0,5.790676593780518
12098,uncertainty,1,500,0.2537325858286614,7.772694855585351,9.913521610806244,4.51400760590695,10.46030760866051,0.06666666666666667,6.018957614898682
12098,uncertainty,2,600,0.3002731892074325,7.6861313410732865,9.822311667697026,4.05739550297221,10.00369550572577,0.15833333333333333,6.348732948303223
12098,uncertainty,3,700,0.2781446759042244,7.73869627387626,9.889245075048848,-5.94630000275356,0.0,0.225,6.472839117050171
12098,uncertainty,4,800,0.32495434346464663,7.718464844896375,9.774079962435527,-5.94630000275356,0.0,0.3333333333333333,6.14278769493103
12098,uncertainty,5,900,0.3425762661016631,7.612005216191125,9.698171267615637,-5.94630000275356,0.0,0.425,6.320608139038086
12098,mixed,0,400,0.29742260889130556,7.621330554622543,9.903223972914333,,,0.0,5.814623832702637
12098,mixed,1,500,0.29036562728517046,7.697429522217167,9.842627840822725,3.97923397722116,9.92553397997472,0.11666666666666667,6.129547595977783
12098,mixed,2,600,0.33513265707910667,7.631411722131109,9.697833423569513,1.54152123986569,7.487821242619249,0.20833333333333334,6.438156366348267
12098,mixed,3,700,0.3061389758685992,7.665641810601076,9.772607201345775,1.54152123986569,7.487821242619249,0.3333333333333333,5.980893135070801
12098,mixed,4,800,0.3185721785761161,7.739827178083417,9.766580322567075,1.54152123986569,7.487821242619249,0.425,6.30579948425293
12098,mixed,5,900,0.3584531153319708,7.619891546963663,9.595898680430043,-5.94630000275356,0.0,0.5333333333333333,6.56807017326355
12099,random,0,400,0.3040070875442971,7.64266160370637,10.019127868930273,,,0.0,5.951368093490601
12099,random,1,500,0.32877186732417074,7.622424085455848,9.975433841632677,3.19723738387984,9.1435373866334,0.08333333333333333,5.9900829792022705
12099,random,2,600,0.31565822286389283,7.647072754214967,10.027934101038992,1.54152123986569,7.487821242619249,0.2,6.042390584945679
12099,random,3,700,0.31968649804061267,7.615332855394384,10.034679682803972,1.54152123986569,7.487821242619249,0.26666666666666666,6.15586256980896
12099,random,4,800,0.32909099431871447,7.653360841422669,10.079462978146532,1.06826830975842,7.0145683125119795,0.3416666666666667,6.232825756072998
12099,random,5,900,0.3761954137213357,7.500792454957052,9.82881832041893,-0.128988702253992,5.817311300499568,0.4083333333333333,6.48396110534668
12099,greedy,0,400,0.3040070875442971,7.64266160370637,10.019127868930273,,,0.0,5.867141246795654
12099,greedy,1,500,0.32877786736167103,7.622941807725934,10.004799489567224,-5.94630000275356,0.0,0.15,6.020002365112305
12099,greedy,2,600,0.33444659029118934,7.726313042600907,9.982741943718183,-5.94630000275356,0.0,0.36666666666666664,6.038616418838501
12099,greedy,3,700,0.3622805767536047,7.622958348615191,9.947043505817277,-5.94630000275356,0.0,0.5083333333333333,6.19504451751709
12099,greedy,4,800,0.37262257889111805,7.486000534331123,9.83159205371652,-5.94630000275356,0.0,0.6,6.350093126296997
12099,greedy,5,900,0.3515845724035775,7.525760287230387,9.90395226991331,-5.94630000275356,0.0,0.7,6.68138575553894
12099,uncertainty,0,400,0.3040070875442971,7.64266160370637,10.019127868930273,,,0.0,6.207758188247681
12099,uncertainty,1,500,0.29314026962668516,7.7329398720188145,10.183918580689165,1.06826830975842,7.0145683125119795,0.058333333333333334,6.141521215438843
12099,uncertainty,2,600,0.28801286258039105,7.663995382254216,10.10458422540774,1.06826830975842,7.0145683125119795,0.15833333333333333,6.538782358169556
12099,uncertainty,3,700,0.30116925730785815,7.70219713162061,10.122427836994044,1.06826830975842,7.0145683125119795,0.2,6.384241580963135
12099,uncertainty,4,800,0.34098981868636674,7.625124331911818,9.9488393050847,1.06826830975842,7.0145683125119795,0.2916666666666667,6.254406929016113
12099,uncertainty,5,900,0.3407216920105751,7.55297363448725,9.874989882565128,-0.128988702253992,5.817311300499568,0.39166666666666666,6.3831846714019775
12099,mixed,0,400,0.3040070875442971,7.64266160370637,10.019127868930273,,,0.0,6.075615882873535
12099,mixed,1,500,0.3203491271820449,7.695456312048393,10.11526798497004,-5.94630000275356,0.0,0.09166666666666666,6.464659214019775
12099,mixed,2,600,0.3306671291695573,7.644289511151839,9.992693044564701,-5.94630000275356,0.0,0.225,6.045549392700195
12099,mixed,3,700,0.3332220201376258,7.660647192784004,9.9556867190451,-5.94630000275356,0.0,0.31666666666666665,6.299837350845337
12099,mixed,4,800,0.3505851911574447,7.660163165287049,9.950795644048373,-5.94630000275356,0.0,0.425,6.337830305099487
12099,mixed,5,900,0.3376519228245176,7.679575772706066,9.885817911069545,-5.94630000275356,0.0,0.5333333333333333,5.716815948486328
12100,random,0,400,0.3204940655879099,7.040317691294835,8.996168508811689,,,0.0,5.886294603347778
12100,random,1,500,0.3861314758217238,6.949847411867839,8.813305734293774,1.82530723417949,7.7716072369330504,0.10833333333333334,6.0492494106292725
12100,random,2,600,0.3822925768286051,6.9069915752683935,8.795308068144909,1.82530723417949,7.7716072369330504,0.175,6.005137920379639
12100,random,3,700,0.4221963887274295,6.767302558667176,8.6587876035792,1.75952003577549,7.70582003852905,0.275,6.214657306671143
12100,random,4,800,0.4204256276601728,6.829997924112816,8.670609032064286,1.75952003577549,7.70582003852905,0.325,6.197089433670044
12100,random,5,900,0.44477884236776477,6.7873382409705005,8.644532438091511,1.75952003577549,7.70582003852905,0.4166666666666667,6.471145153045654
12100,greedy,0,400,0.3204940655879099,7.040317691294835,8.996168508811689,,,0.0,5.904194355010986
12100,greedy,1,500,0.3748491553072206,6.961291166151809,8.820124913986218,-5.94630000275356,0.0,0.175,5.968927621841431
12100,greedy,2,600,0.3609380683629272,6.993168474846561,8.846385510656786,-5.94630000275356,0.0,0.275,5.9966676235198975
12100,greedy,3,700,0.36904711904449394,6.965894944613348,8.871560752758862,-5.94630000275356,0.0,0.43333333333333335,6.256979703903198
12100,greedy,4,800,0.38921268257926606,7.002489148820458,8.785077276581452,-5.94630000275356,0.0,0.5666666666666667,6.21208643913269
12100,greedy,5,900,0.3854054712841955,6.999556664224006,8.797144851061466,-5.94630000275356,0.0,0.6583333333333333,6.284411191940308
12100,uncertainty,0,400,0.3204940655879099,7.040317691294835,8.996168508811689,,,0.0,5.868870973587036
12100,uncertainty,1,500,0.3226666416665104,7.118931271138065,8.955171761782536,11.4731468791033,17.41944688185686,0.016666666666666666,6.028460502624512
12100,uncertainty,2,600,0.385197532484578,6.967579759536722,8.767971142914142,1.54152123986569,7.487821242619249,0.2,6.3776092529296875
12100,uncertainty,3,700,0.3935557722235763,6.92519668495011,8.735045968807118,1.31582066329793,7.26212066605149,0.2833333333333333,6.673077821731567
12100,uncertainty,4,800,0.43820580128625797,6.803653310779182,8.580578539543701,1.31582066329793,7.26212066605149,0.375,6.482497930526733
12100,uncertainty,5,900,0.4478984868655429,6.810444259946512,8.581114425073338,1.31582066329793,7.26212066605149,0.44166666666666665,6.382872819900513
12100,mixed,0,400,0.3204940655879099,7.040317691294835,8.996168508811689,,,0.0,5.837101459503174
12100,mixed,1,500,0.3829658935368345,7.002173265036765,8.790906006154376,-5.94630000275356,0.0,0.1,5.959003686904907
12100,mixed,2,600,0.3676256726604541,6.997245599709206,8.833720136391307,-5.94630000275356,0.0,0.21666666666666667,6.179762125015259
12100,mixed,3,700,0.3826237038981493,6.970471627455111,8.798587077306966,-5.94630000275356,0.0,0.275,6.1933465003967285
12100,mixed,4,800,0.4164376652354077,6.882757650586027,8.73243981829221,-5.94630000275356,0.0,0.38333333333333336,5.9949400424957275
12100,mixed,5,900,0.4375776723604522,6.850852325035107,8.653732702432551,-5.94630000275356,0.0,0.475,6.225634574890137
