seed,policy,arm,model_seed,n_unique_predicted,stop_reason,best_pred_gbsa,best_candidate_id,n_candidates,n_groups,seconds_total,model_id,feas_rate,rejection_rate,diversity_top50,ood_fraction_top50,mean_min_train_hamming_top50,top50_ids
301,matched_seed_random_walk,A,301,1024,budget_exhausted,7.215392140200535,13de390c8253827a,1016,2,5.321,xgb_boot5_sklearn_gbm,1.0158730158730158,0.0,6.67265306122449,0.0,2.16,"('08c46146307327c7', '0d435ca73c275eb1', '0df675ed30b654e7', '11c06d5117126750', '1280f93e2bcd6e46', '13de390c8253827a', '14da157dc0c50edf', '2660552b4a288273', '26dd87e7864e8b0f', '282420aa1c8d33f0', '2c130ae15aa41aca', '2cb45ac218579da8', '2cca45a1d34f6963', '429c62a9c00903f2', '43c823571433b9e4', '45dfc5fd6fcc1142', '4cd2d04b32321dca', '4eb2ccac8ea76ff5', '4f66794ab00ca982', '5a84ab5d061ef595', '6e09acf4a33d53a9', '7b8f7259e411f46e', '7e0cf0e9425b7fc6', '7e2098203d8812f9', '7ff76e214d4bd809', '822da29f6ed5ec4d', '82882043f231de5e', '83879ba130d3c7a7', '892514d6101ac276', '9180b2a5aa3467d2', '96a86a13443dcecc', 'a5f27f0632396d6a', 'aaa22a5cc6dd5f19', 'ae1cc5524d277b12', 'b12636d8dcbccb69', 'b48f865cf7c70c38', 'bec11e0060d788f0', 'bf482edcd9affd4c', 'c034038c7a70d08a', 'c178d02f8206f3f3', 'c99000d6a2ab6607', 'd0ac2a92a6e66f67', 'e1fd813aeecdffcc', 'e3b1589325c3a17d', 'e88528191208f56c', 'ed1cfeb52fcb7559', 'f72dd26ef7d138e7', 'f840475f4bdb1b7f', 'fde784ff24e28d23', 'ff5b7caebbdda507')"
301,multi_start_hill_climb,A,301,1024,budget_exhausted,2.661990079641633,170beb34a5a70c88,1016,2,5.536,xgb_boot5_sklearn_gbm,0.9258589511754068,0.08860759493670886,2.7844897959183674,0.0,4.42,"('06957537db168195', '08d2d196702b7974', '0cdb9eba252c03e6', '0f6dc8a9e641b747', '13f58d51795e8e2b', '170beb34a5a70c88', '181570ef90a651d0', '24b15bafaf5f1d15', '2526a21c490f60a5', '25890b2348afe5ec', '27678d5556434ace', '281944b551607df6', '28f289c55cdb600b', '2de75c4d5adc1d07', '30cf0f50232b5d9d', '37bed4072158ddf1', '41ef89024f5c2862', '4214ea4ce5d8a531', '44c468eedf0cfe5c', '4693e2e64d35394f', '47450c18eb2e94e2', '4fa6bf45107adbd3', '6463e67ebb37dfc0', '6afe178c01bc8b71', '6e402f344eeae397', '716f149df15644bb', '71d3c5cc38ade04a', '7481386093c183db', '7dae3800754051a7', '835a7985dcda9f95', '94f79ad8574ae163', '9fd4331e238030cb', 'a03c24fab99ebe73', 'a47b793c4aaaeefc', 'bb562fd3b5a597e1', 'c1051744a2472625', 'c2d3aa9bf76a88fb', 'cd8e4a2841153540', 'cf0033d2f28c8d6f', 'd253958a09eb7b7d', 'd505b6585fdc078b', 'dbe6e91bc3362bd7', 'df181442d3df906f', 'df970204f9fccc13', 'e045a8c983057e41', 'e0acecc8645e7d70', 'efb64e2f4ea6e97c', 'f3b8181a34c08066', 'fd2157382a4b6f1c', 'fea3c500736d7080')"
301,multi_start_beam,A,301,1023,stagnation,7.0403134222370936,0735b859c8c8e288,1015,2,5.186,xgb_boot5_sklearn_gbm,0.9903194578896418,0.02516940948693127,4.341224489795918,0.0,2.12,"('0066e4f15e4f01e0', '064f2521b65ac98b', '0735b859c8c8e288', '096dcce601027f03', '0f409296f5ec081d', '13de390c8253827a', '1e6b074252091f89', '22a22c89f20154ab', '30d8998c7f5019b9', '373571fb21cc07db', '3a83224aa79f06e3', '3f94600e39b78a01', '4e8f1a4cad003219', '54121678d542abf1', '57e6d905ce14e4be', '5cfeffc63dcc7e7a', '64083560d5534044', '6780b5434ce57642', '6fad62c978093f27', '7453ab1f592f3252', '75a487a7f0e796ec', '760a6e6307619151', '771e7763c80d99b5', '7c1cea9eab1e9e93', '7f747edc50166a50', '854e74da7906b510', '85c15a36f9f93e80', '91425c864ca2dfcb', '950dc2ab0bf88bf0', '9a062adaa9a18e32', '9d20f029d52bd0ef', '9f0ea5b810d969b6', 'a51aafe517b751b1', 'ae1cc5524d277b12', 'b445046f8a170da0', 'bfc372a5122649d3', 'c44205aeb98d504a', 'c63b6c3701f7e8d7', 'c783214a2ed0c6ac', 'c7fe955dd44a9a61', 'c9e11595d065d0b1', 'cc4b4fbde8d1a6d1', 'd1b1f9c35ef3fb3f', 'd80f72219ca37f2d', 'def7c146d6c17eba', 'e21a906123d118a3', 'e3b1589325c3a17d', 'f0c0a1d11a2d9d01', 'f3d4bd532a4eb3f7', 'fde784ff24e28d23')"
302,matched_seed_random_walk,A,302,1024,budget_exhausted,3.939443516961446,91cbb02f58e83ffb,1016,2,5.279,xgb_boot5_sklearn_gbm,1.0158730158730158,0.0,7.485714285714286,0.0,1.96,"('08a33c311d63973b', '0a1fbfe8b8767347', '0b143e94e9208d55', '14e048993c67f05d', '19d61cee3ad4c119', '2136ae3b7c549ff2', '2259677d18c1ef0f', '250cf438cc4e967e', '25e3658d2ee34b00', '28624446e33e185d', '29d68395927969d7', '3038114d84d09fd8', '3d0296a4ac38f60f', '3e8c3aede143cb0c', '51123ddc1b6c35e5', '54121678d542abf1', '6241248096a43261', '6780b5434ce57642', '69a4de70fb2d5a3a', '6b736cb5a803b591', '6e5d58e234763a28', '7011614fb1b4f06d', '72e9ba7486943241', '75a487a7f0e796ec', '7637002f7c79620d', '77bd864cc32b87d8', '7a222859db3dfb31', '7a96e80a31a7c0df', '7d430141a37d2521', '8b51a0da626ea88a', '91cbb02f58e83ffb', '91f6b4fe0c65a20a', '9a062adaa9a18e32', '9ceca879a6be10bf', '9d5de478fdd0c8ad', 'a314a63df4e90678', 'a3b7c35bd13eb50d', 'b59f41a4cb01ec2e', 'b9ecc0c2d64f0124', 'baa99ca5b081934f', 'bfbd14a370b47714', 'ce7edd260439da14', 'cee55fb58136001c', 'd26472fc571b186e', 'e3074744ab353f10', 'ef04f38898c382fd', 'f24792e188d4596b', 'f385d3bd31f817c7', 'f4c4fb97330daf01', 'f8227837b883ba1d')"
302,multi_start_hill_climb,A,302,1024,budget_exhausted,2.9713756865806205,b81539b5839340e8,1016,2,5.266,xgb_boot5_sklearn_gbm,0.9326047358834244,0.08196721311475409,4.288163265306123,0.0,3.7,"('017d6b2242283f2d', '0229d3167df9cfaf', '06113aa353f6728d', '14c1591f5b48079f', '170f630e9f24b9cd', '1a222284219d87c5', '22efa8a181fcfc2b', '26494fa164b66445', '269f6c5e45598dc5', '27779c3d03cc2e95', '28c54fc512c975e7', '2a6f5af25d2bcba8', '2b46f017b0949564', '31994a44f1087f32', '3613be8cac2fd05d', '3697b3266badf0ae', '421d84902f4e1f4f', '43c78645550c3b1c', '4b64e33b9a6b0748', '53262916ddd1fde4', '54ad244025665511', '565478c32d1c8120', '57742d0716a70a8c', '57e6d905ce14e4be', '61effa05bc7d19e9', '65181f88e0e26cbf', '68ae6e5bdbe47890', '6acafaa09222a578', '726adcb188b6726b', '7fdf2ac9aaa49a9a', '81242a91ee7b59f7', '883ce73fb6f89eb9', '8dbd60a114d505cc', '8ebb11e2306b771e', '91cbb02f58e83ffb', '9d28d9c9c61a3e5b', '9f171edf24a53132', 'a2de85118b9cf14d', 'aa9608114b248ab4', 'ac60f97cc50fb74a', 'b2d67bc98bac0a89', 'b5ec241bbe91542e', 'b81539b5839340e8', 'bc3678e4b803c999', 'd52408b34b3712f1', 'dbe3a534b03e1407', 'e196eb17a632151c', 'f1bfbdadea52e89e', 'fd241a870eccb930', 'fd5fa5967e0644ed')"
302,multi_start_beam,A,302,1024,stagnation,2.55906667908516,28db429fdbb07fa7,1016,2,5.201,xgb_boot5_sklearn_gbm,0.983669548511047,0.03170028818443804,6.936326530612245,0.0,1.98,"('057284ee76504324', '0a1fbfe8b8767347', '0f615fbc06d46ca8', '1980e5beae772b66', '1e46ab652d24d365', '1e6b074252091f89', '1f719719a2d0c461', '2227e057a34f500d', '28db429fdbb07fa7', '2a96987bcec54293', '3140251740666e47', '38a05a8dcad89ce4', '45ca781ca46c3352', '4631d65f8bf870a9', '50aaeecd54ac06fe', '5104d299e0427641', '63da8d46121c624c', '6558e1dd7caaf624', '67ad0fb9677b6785', '7453ab1f592f3252', '85bd13d67a9384ba', '8b235915949dcdd9', '8d2420f709281a8b', '93992f19566201f6', '967cb90b8f50ccdf', '9a062adaa9a18e32', 'a0a9756b62e9c6a7', 'a22fe4b437660cba', 'ad733aa75a2c27e9', 'ae1cc5524d277b12', 'b3df71fec9c4a1d1', 'b5ec241bbe91542e', 'b7fee831a1fce2b6', 'b7ff21215ecd48f8', 'baa99ca5b081934f', 'be4e5053e8e255e3', 'c2ad4f0e2c2005a6', 'c2af9ff35f42007c', 'c3e37bb35bf24aef', 'c5f71d45d7b412cd', 'c6e6044418b25106', 'c783214a2ed0c6ac', 'c9e11595d065d0b1', 'cc1c2adf4f3308b1', 'ccb9ad59469386c9', 'df704979ac6c9282', 'e38a9e0249fc5e60', 'ef04f38898c382fd', 'f385d3bd31f817c7', 'f9fcba87c42008c9')"
303,matched_seed_random_walk,A,303,1024,budget_exhausted,6.925467055626557,16c8ed3507dd5659,1016,2,5.85,xgb_boot5_sklearn_gbm,1.0158730158730158,0.0,6.298775510204082,0.0,1.94,"('016cf6356beb70d8', '04ff6fdc3305f086', '09e574ca395d8045', '12ef6f8d0284b738', '16c8ed3507dd5659', '16e2f41778631448', '17ab720f38689c53', '17c49322e67ada24', '1a3eb7cebca1b6c9', '1b54f3bda87b5fb3', '1efa1467154d12ca', '296efc52b19180fa', '3aaedcc3523a38d0', '3b39530ce18173cb', '441b6797e084761b', '473648e44475c057', '4cd983d7475fdcfe', '4fb78a4ea1f50e70', '53e04fb04e88c3a7', '5862c9b8cac85a80', '58680852d721d8f5', '592e9329ddb5f699', '5a10ab25339327ec', '60c9f3938de723a9', '6e4f846465d94744', '776750b799e42963', '85e1c9a133a9a809', '8ae98ce971cbbf26', '8dca2c665dfe4e7b', '94c46e467ca7dece', 'a119e754674c2032', 'a279cae6efb39295', 'a316783b62cc7d69', 'a8393aa403e5ac2e', 'af0a4403f8f9e8f3', 'ba65074f13d63ad1', 'bbe150019f60bf4f', 'beb83357ab8c0f17', 'c4bcafab27408dc1', 'c80117d177f100c2', 'c9a3a045812fcf68', 'cba67b81e3599385', 'd24db2d789caff74', 'd42e0fda79267e79', 'e22cb0fe047d91f0', 'e8273f65388b962a', 'ecf5ee5f5b1d0eb0', 'f2767e081cd28293', 'f848cbda237fea43', 'fc517daa79ee82cb')"
303,multi_start_hill_climb,A,303,1024,budget_exhausted,2.3691705373050294,0d547bf76082297a,1016,2,5.315,xgb_boot5_sklearn_gbm,0.924187725631769,0.09025270758122744,3.4146938775510205,0.0,4.86,"('054b2e593c9d89a6', '0a755e22dd5fdf3e', '0d547bf76082297a', '14130a4fe555738c', '1b8016164d2c74f3', '1c7cebf057c88f7e', '236f6b26f965e30e', '2668fa8b852f96b5', '293a8e76b98e56f1', '2e37ca3eb2284187', '3076d5235fde9097', '32724c7ead8fb50a', '35951617a38329b2', '38da25614c434513', '4565c8c1a369a9c9', '4ebbd3532e813e6d', '516fa040c0a75cdb', '5571caf56b507f50', '593f3fe5d29fe058', '66e7ab9335fa4da4', '67e83cd7d289d2bf', '680d6bc5bc0c07c5', '700905f4af216e8b', '7561546b78ad6654', '77d102c67c05eb4e', '7c521b6293559b08', '890b756bda0816cc', '8a7115f75c747f7b', '963178f352bfeb76', '9885a471f9efcbd8', '9c163ad52abe1dcb', '9da3b15103b504d4', 'a18116daf0968ad1', 'ab881ca1fb4d0ec4', 'af4588ed5412754a', 'b229fb40457b0458', 'b2e1bd84393f0830', 'b56482db2afb381f', 'bb81a3d1812a1add', 'c62d8ec5ccfe9d51', 'cd9310aa81549d7b', 'd1692e791c741de3', 'd94668ef2025b15b', 'ddaf4f58308a91f8', 'ded0e160a527acd6', 'e5a88f40ac23a42f', 'e5c60c9e276f98a6', 'ef3f05b784482725', 'f8c30e289d8cf9cd', 'faa8661ea422215c')"
303,multi_start_beam,A,303,1023,stagnation,6.912230057880362,6ed5067652dfb026,1015,2,5.151,xgb_boot5_sklearn_gbm,0.9922405431619786,0.023278370514064017,5.557551020408163,0.0,2.12,"('0dc5cb73868a8b01', '10bc18f15a14d32e', '1940288762ee7eca', '19439bb56edf42cc', '1a36abb36ac4ed4b', '1aa04381ad132326', '1d4f2a75ead0cd0d', '1efa1467154d12ca', '2033a522c10120d7', '218b842834537ffd', '272dc9c7f16a66e9', '2daadaeaaf6a876a', '31c5834b6ad7864b', '3381b307c5665f1f', '3aaedcc3523a38d0', '3f26c4c6c69b977a', '4001a58c3ea5b50c', '455ad4239d13db78', '472a1b64567a5975', '541db808c52fb29a', '54462a98ba44f62f', '5638d00f8ac9a154', '57a3203a9bd565aa', '58d537ff68ef9c63', '6ed5067652dfb026', '7b886535e4a564db', '81bbf0765b8daa3a', '86f2d0c7b3e76acb', '88144c5517801e18', '8e1b75ecdf422fd9', '8faf17fd5e055a6d', '92d8982f24e52bb2', '985dbd065d4932c5', '997a4989eed2b634', '9d91842180700171', 'ba601c478b3a1053', 'bbd147e34dcbe68e', 'bbe150019f60bf4f', 'bd3284aac593e4c0', 'bff8a8ddbd6322b9', 'c159f986b733df8f', 'c66eb689cb2fc76b', 'd214f772d96d912d', 'd24db2d789caff74', 'd6746305b7e5c3cb', 'df1a07f5b3de7eed', 'eed284949328dbe5', 'fb39f6b1ad8b1165', 'fc0ff1dfbfbfc5bf', 'fedef5d88c471ecb')"
304,matched_seed_random_walk,A,304,1024,budget_exhausted,10.983800883757679,64d522df2175fb96,1016,2,5.245,xgb_boot5_sklearn_gbm,1.0158730158730158,0.0,7.685714285714286,0.0,2.8,"('01d317dc7e0c92c6', '06f0015c61ee5acf', '0bc996c3988c2659', '124890c11249fcbe', '1519b22996e2fdf1', '1bbf9e1c15ef3452', '1d950503995744fb', '1e1880df155619c7', '22e46c39a56714b4', '2a7088240954295b', '2c36fab425423dfd', '42cbcfafaaf6e071', '453f3064ae2c69a8', '4987dd6c2c4f242b', '4aa0ca72e88eaa6a', '4b9226294b561638', '4dd607bfec6d1303', '4e8f1a4cad003219', '4f44856b5e3eb327', '56da1a71b4fdd98e', '586be76710d2b5b0', '5cfeffc63dcc7e7a', '5d956a808ce1a2c6', '5faffd7c585dd678', '63da8d46121c624c', '64d522df2175fb96', '6f177031073accae', '7c03c29056060da7', '7e2098203d8812f9', '872e1486d18b2a1f', '8bf8ba218d2f0cbf', '8e79c09f22de86dd', '93992f19566201f6', '975f0b93bf3eb877', '988c4db7ae625f20', '9a062adaa9a18e32', '9a11eccf0a4f542d', '9ffa664bbb149963', 'a03f2ced27ecbe36', 'a58c317736a6f05c', 'aa0acefa4a5dc884', 'aace2bb7a2096b4e', 'b67b3c30d9c399aa', 'bc704f7d680b7b28', 'c322e6ec1db4e152', 'c898e9f7fa040cf9', 'cc4b4fbde8d1a6d1', 'ce2b14e1d1575998', 'e053338ae78d9aa6', 'f2dcadecf7c758e1')"
304,multi_start_hill_climb,A,304,1024,budget_exhausted,6.784432884130109,d8b68a18d8d0187c,1016,2,5.251,xgb_boot5_sklearn_gbm,0.9360146252285192,0.07861060329067641,4.7371428571428575,0.0,4.54,"('04340a0b06e399dc', '072608cadf134026', '0e68044019e395b0', '10847d9d5152970e', '135280208d96d620', '139e1c269422aebf', '22d75278fc4bd8db', '23ffbd367a661dfb', '2433196ff755c733', '252503dc760c9320', '33a78f58a8c6bbad', '3bbc80dec79e8a60', '3e78017049a94a9f', '43b513e9b3833e91', '4afa3bd76a88e7e9', '4b48c2a428b17791', '5a25c0389181139a', '5f5d0a20b2d69653', '64e800ff9ad58d16', '8624a578f37b2c71', '92629ded79d577bf', '974251e1208d1971', '9918c94bd023f437', '9b1a1e9cffa6d534', 'a1f91c9856457b78', 'a413df9a143c6b41', 'a482eaf8c3ff9255', 'a92d6de92392420e', 'a97d74368cfd0f4f', 'af6e5bd35b37a5cf', 'b728132b3c6a90fa', 'be130467ce15a54d', 'bf672fb543c0be81', 'c3d09ab9f85838f7', 'c774d5440f6e45de', 'cd5c3dce45b2feee', 'cea2f2e41c642955', 'd5ee779211e3aa36', 'd8b68a18d8d0187c', 'dbddf77ee8add204', 'e2d7fb5148c6d7eb', 'e6d8c42de8ab4e03', 'ec60a36e499d64c6', 'ec8ffd028afccf24', 'f002349708ed7cb8', 'f00291482774e5db', 'f07ae30a93a6a393', 'f1260b101d0a05ae', 'fc540071092bdebf', 'fd390b25574e9a82')"
304,multi_start_beam,A,304,1024,budget_exhausted,8.374646486577074,1f6c1702eb6799ac,1016,2,5.702,xgb_boot5_sklearn_gbm,0.9789674952198852,0.036328871892925434,7.616326530612245,0.0,2.82,"('01a9bb50e3f7629c', '08d5dbd4f7cd16a3', '0a1fbfe8b8767347', '0acec7a94c904764', '11dc08eb379265fb', '184201efa47f8d89', '1a2188cada68f355', '1de934dbcabe774e', '1f21e632c64ff1cc', '1f6c1702eb6799ac', '2a3c14d06359caeb', '34a6678283e5a080', '55d2ab49a69b6d2d', '55fa2dc998d1133f', '56da1a71b4fdd98e', '5f159288f75b1663', '64d522df2175fb96', '697038275f88bf89', '6aa85fcc79ec522b', '6cae599776df7335', '6f5dae1da94954cb', '70311f7ea9046711', '72db7be8c5ab6176', '7c3d1538514f38e9', '8efa2199b1b362d0', '912eb83607b4aff8', '988c4db7ae625f20', '9a062adaa9a18e32', '9aa5f8c474dafa26', 'a03f2ced27ecbe36', 'a06594e0d5c388e7', 'ae1cc5524d277b12', 'baa99ca5b081934f', 'bd67282b78507708', 'c8777d5d7b5f8d48', 'd2d2725951a5e6b0', 'd5ca1f19c6f63744', 'd64e8fe9c4bdfe8f', 'd7bc4cc2f920bf76', 'd7faef1a4bd59e96', 'd7fec989d595f72f', 'd93676e1811eeb26', 'db01a5016471a268', 'e3b1589325c3a17d', 'e88c73e44414043a', 'ec9d78c09d3bfce3', 'efa9f05b45a9d603', 'f7bc1f507d6e9efd', 'f8359baf1fbad8a8', 'f960fc813ec70875')"
305,matched_seed_random_walk,A,305,1024,budget_exhausted,5.773958336240733,20298162c42230da,1016,2,5.61,xgb_boot5_sklearn_gbm,1.0158730158730158,0.0,6.997551020408164,0.12,2.42,"('073c2b6ec384388a', '0b9a1c93feab2e8b', '1875c8b37f9ad639', '2003e2746662bb6c', '20298162c42230da', '218b842834537ffd', '2b2036705c0eb0c0', '2d830abe8dede759', '2e5956ed099df2dc', '35d73b2c6167914e', '3f5d42cc2f2bfef0', '42a4065efc7db902', '47d7808983b0873b', '52268f0a4a37c774', '527d480fd8778a2a', '52838381c6a790cc', '551600aa253134b0', '5936ce2e4a32a3a4', '5e3dc9d60f9e6409', '5f35ace943ffafea', '62659227eb9add84', '663d0cf99708a061', '79104e3047221bc9', '89756a497eea5d93', '8bb99d410dc1ec37', '8f6c763154967d5f', '982efd2ba4bb25f9', '9f434a7faae7433b', 'a074e37180054307', 'ab5418614f42e097', 'af0ff8f8b7fc884b', 'b10775e0c47ef78a', 'b40ce8ff8a0ef65d', 'b7ad2316c63047b6', 'be8aa57ab086457a', 'c783d9b5355d24b4', 'c9919d975ce9f131', 'c99d2f8ebd336693', 'cf512dee1a40377d', 'd166e71d7645a8f6', 'd29b4209421a61c5', 'd6721b836e87bd60', 'dce6e7106bc93376', 'e02ae80a7f356755', 'e376d455a6140a7a', 'ea9cf7a202718c7f', 'eb5d3ea8b0da1caf', 'eff6a4c540d2cfc7', 'f311710e5444213c', 'f91d4330b758bf06')"
305,multi_start_hill_climb,A,305,1024,budget_exhausted,2.3520554345836304,0a841507afc46cd5,1016,2,5.964,xgb_boot5_sklearn_gbm,0.9250225835591689,0.08943089430894309,6.1322448979591835,0.0,3.96,"('0012cfdefc91c0fc', '04efc3c7c136727a', '087789786032f069', '0a841507afc46cd5', '0b1874d480d489d3', '123ccfeb97152314', '16af3f4f9b74bcd6', '1fc74e9458347939', '22f0a38ba635ef9b', '25b13ecd50fca993', '260d4b3ec1305753', '3624ccb144f4bd2b', '3ca6d24a736cb01a', '3f418cfe79418531', '4183381b377b862a', '47fb8d323c9346fe', '4bafc12f2dfb0e6e', '4cace546a7ce39c2', '4f5948d70a306672', '505a9a353ba7a15d', '5715fbf38512bb0a', '5799d102226cffa7', '61ae9b3131723013', '6517e83b33f67ded', '66d2fffe42512408', '690146cd88641407', '6c0692fa4c036a21', '6edb95204da24e37', '73eb4e6d4f105c48', '7b2b59d4f67f5649', '82b16cfe63a9c9c0', '873b9d28dd94053a', '8a1f6450230dbed7', '8c36b8a8de95cda0', '8c6a20439781fadb', '8ef49c50c5e58f8d', '99f414197bb6a5c4', 'a84050b117f319fc', 'a882cfcb44bbd39c', 'ad5797e7f816c07b', 'b47330e57347c09d', 'bda85d2bc2109e51', 'c244798394d71594', 'c7b6b0e698f11f69', 'cee67b99d49fc8b6', 'd25aa705b376d89f', 'd7f19d20afbb796e', 'da239583e83ba4cb', 'f4602c666ddbc381', 'fd0b5c57b1dbedfa')"
305,multi_start_beam,A,305,1021,stagnation,4.672828668496339,865d68c98741d60a,1013,2,5.126,xgb_boot5_sklearn_gbm,0.9893410852713178,0.02616279069767442,6.200816326530612,0.02,1.86,"('06614cdc43756332', '091dfd574334e7c5', '0b233e748d06e75e', '0bb855eab3b45657', '10b31b4c436509c7', '1886dc4a223c9e03', '1c2cf37922cfa25a', '2028148ecd1e49e5', '2db1a65d778fad8c', '2fd4c4dc5a7706b0', '328a869b4864ec43', '33da5689d74e971f', '47d7808983b0873b', '492df0067cdfe57a', '4af9c18d19fc3b2b', '5972fb520a237301', '5bdc84b568f62ff0', '60a04753fe52161f', '703b96e6aabb9d90', '7112a8a52984c8d0', '718ac5e8f7d6b781', '71f8e8b6c7f816bf', '7506f26d40151fac', '75da4c8481d44d80', '7869c737a63fa00a', '7b73066212327c32', '7e57aa8a7a9cbbfe', '865d68c98741d60a', '8e0cdeaba0febb46', '8f526a95cc2ae622', '914c6a7d1203a44b', '9e2768e63198a813', '9f434a7faae7433b', 'a77865940d3cf97b', 'a9a29aaf179bea6a', 'ab5418614f42e097', 'abc4bc50a2226fc2', 'ad1fbc803645f972', 'b1efe774a4451181', 'b38b1d5830d10fe2', 'bf4c75fa30cf615f', 'c9919d975ce9f131', 'c99d2f8ebd336693', 'dab969fafefa4313', 'e449da9cde4a6d85', 'e8b38c8654b63609', 'e99ef9ceab6e72c1', 'ed8023627e5b47de', 'edf4dd1fd8bac36a', 'f1015a8e1f7038e4')"
306,matched_seed_random_walk,A,306,1024,budget_exhausted,4.801946889149219,e0ec1c737b64fd6e,1016,2,5.272,xgb_boot5_sklearn_gbm,1.0158730158730158,0.0,6.863673469387755,0.0,1.96,"('00d9754ecdf85d67', '031e92895aa8366f', '06cd785873c4d092', '1445b7797c025669', '1496c527957e6c25', '16864ed35b8f6dc3', '17a1cb427a3b6468', '18e158106b0cff8b', '1ad443039ecd7b1c', '239dd4ad4bb7537b', '23a165a1f2349803', '26f9c59ceb90e4a7', '2b1a60eb12571376', '30f0e4cc2d3afe5d', '333f8a63510fbffd', '337775f4180b375a', '39290b2b28a15e22', '3ad39d379f0e0957', '3c6124103089f0e9', '48ebfbb61c894c8c', '4ea6b00dc03dde27', '592c7b910ca094d3', '5a1576efbdf3e470', '5faee71331912f3e', '630933e047e737af', '663bd0aac10fc5ed', '765103c8ed1395a8', '7732a11d5f6c04f2', '8fe5cbeca6001193', '9275d587135d5f12', '967419ad5521eb62', 'a31b2251d593f482', 'a4662505ec4041a4', 'afe8e5fd966165a0', 'b19982dc9e5bd5fa', 'b41af65dc06ca718', 'b445046f8a170da0', 'be54ebb02a15cf75', 'bec9fef5c3aad0cf', 'c117e6945e26bd7a', 'c1d7d90c87fc4525', 'c4a74726af9e9228', 'd7743950ce34a3df', 'd9024f276ddd7338', 'da3bce5ad943cd08', 'df704979ac6c9282', 'e0ec1c737b64fd6e', 'ed1766af91cfb68c', 'ed54923eb75e4161', 'fdd9f0b8dc8d3a15')"
306,multi_start_hill_climb,A,306,1024,budget_exhausted,3.1241508115583194,ecb9941d3a2f6ca5,1016,2,5.59,xgb_boot5_sklearn_gbm,0.9351598173515981,0.07945205479452055,3.1983673469387757,0.0,2.96,"('084fd07e16a4fa91', '0a7444892e9256f4', '0aaef602c54382ef', '0e115642e7e82f1d', '13f9a0df9d44ebb5', '16864ed35b8f6dc3', '208ef9f827e99f49', '23a165a1f2349803', '26f9c59ceb90e4a7', '3021a4f2d8566206', '3d5e1752f8e60b4e', '3d8c9c7f7ca27ad2', '421ceb12451eb335', '4d72ff2b073188de', '52b53538e98cf67d', '5400446a648c0b5c', '5c233787bb5b7b03', '5ca8d944b3a0b10b', '66229dc02ebdf1d4', '7512bb02850d7cb2', '88e12b02f5c796ed', '8b51a0da626ea88a', '945ec9b86fc9090b', '94f0b3856dacf3cf', '99fdd250703be1a2', '9b836af5feb3d0bb', 'a4662505ec4041a4', 'a5a6a98c85c59ecf', 'ac02bdc0b9a8ec53', 'b2f335360b9b3d3c', 'b7669dfc8a809485', 'bd0aaed93157791c', 'c6c31d9700ad2a64', 'd09ccac5a3741b6c', 'd4bed592ec01b197', 'e0ec1c737b64fd6e', 'e310e581f054113e', 'e56f3fae92081e0e', 'ecb9941d3a2f6ca5', 'ecd048a9d0f5a5b8', 'f05e2dc6788bb7b0', 'f26a11da5f9a048c', 'f369c7ef042509a2', 'f428e5bddcbbf47b', 'f57f19dff4495ad9', 'f64b153a2e5a40d1', 'fc58597eab653227', 'fc622fe0c4d28cb5', 'feb96b31147ea72b', 'ff7d8b22fd41adfd')"
306,multi_start_beam,A,306,1024,budget_exhausted,5.566493313285304,26f9c59ceb90e4a7,1016,2,5.137,xgb_boot5_sklearn_gbm,0.982725527831094,0.03262955854126679,5.914285714285715,0.0,1.78,"('05590696018b1e91', '066d1834227c45d3', '08a33c311d63973b', '091b16a7f3875370', '0d2e8c3e611b2c64', '139453ec0aa120b4', '167f93959b792483', '16864ed35b8f6dc3', '1aef4e9e8eaeae55', '22b1fe6ff504b9a8', '23a165a1f2349803', '248eef14a624bde7', '26f9c59ceb90e4a7', '41bda6d68841bd14', '42787d0ec6bcf891', '4403af27d05658f9', '5024e899281b9f65', '503dbbaa7ff08d07', '51cc77c8ddb6fd9c', '58e8a4f86a3032bc', '60dda1ee6984be55', '68c253699bdc7a31', '6e4e65dbebbb2023', '72854ba4ff7d858f', '77a1699663899485', '840cc7deacb960c2', '872e1486d18b2a1f', '8b51a0da626ea88a', '99d45910c2b99b42', '9b349f606350d346', 'a212cb8ad95a7602', 'a2691b6db0311c8e', 'a4662505ec4041a4', 'b0624797e873a7e4', 'b2f335360b9b3d3c', 'c1411170a6876d37', 'c4a74726af9e9228', 'cc7f5b38f939f2a7', 'd482ba958af82dc6', 'd57851b6a7fa7f4d', 'd6f6706f48fadc12', 'db01a5016471a268', 'db087945d9516090', 'db738deeec9f1279', 'e5134956c4b5366b', 'e9e2b5298715e0bc', 'f54d86e7655e620f', 'f57f19dff4495ad9', 'fb86a54e59860739', 'fc622fe0c4d28cb5')"
307,matched_seed_random_walk,A,307,1024,budget_exhausted,7.84854930495346,085e221b8e6c3a82,1016,2,5.252,xgb_boot5_sklearn_gbm,1.0158730158730158,0.0,7.528163265306122,0.02,3.5,"('02cf6e3f3aff1fbb', '085e221b8e6c3a82', '0b49a44d7bf09eee', '0d21802635306621', '12d08ace98374998', '2623fb4f81f4b1ae', '298bff119567378e', '2a7d274265d7aaa4', '2e8831887aa0a8c8', '2e9e99a781a2febf', '2f44d93cd39ffa38', '37ca0c517f30d955', '40c087edf4d424b8', '41b3676a2b65eb17', '4313ba7723e80244', '49cb216989516e67', '4d1f60869695abdb', '52f7938a89dc2283', '565959a13a74eff1', '5939319d86d58ded', '66f09bd359209540', '6adebf725ade3c96', '715a8ad86c0d4888', '77402695a2db8f13', '82b75d9ecc0c2c12', '8681afd5ecff0952', '8ab582a76b10be4a', '8ba4a3e6319becf4', '8e38448e576dc384', '90aad110846d2abe', '988b2b0fa07ea6ba', '99d1ed92bd7c26f0', '9b5df529b218627f', '9fe854a028e6d9c7', 'a8831eaa6d9fc365', 'ab8c621fcd46383f', 'b180ff252e5478a6', 'b397512021163c22', 'b3f4a02b7c3d07da', 'b78e8cac32a01791', 'b8f80feec2efada6', 'c1afef884ca8f505', 'c61f1d9d295c42c0', 'db9be6e5fbfb7b52', 'ea2bcfd60119891f', 'ed7b934aff948624', 'ee6c0e43a8c81fcc', 'f41822af884e1efa', 'f70947c3bdf4e2a1', 'fd97cdf7e2d485d2')"
307,multi_start_hill_climb,A,307,1024,budget_exhausted,3.789830721441618,0c793a8dc90fa7ef,1016,2,5.235,xgb_boot5_sklearn_gbm,0.9343065693430657,0.08029197080291971,4.6236734693877555,0.0,4.3,"('009eca811edbc96d', '064e4307a2eacba9', '075c6bebd29c4d48', '0c793a8dc90fa7ef', '14a02af6b4081725', '25a4b9a7c85db30d', '2b93a08d9599a01c', '2d0f637f8e52d678', '42ec76e33d878ee7', '440a997e2359cd52', '461c6d02a48a16da', '4d34bd46e7f86257', '51158a8ab4d12faa', '57bda03aaa411e0e', '634f6984f921e769', '64ba204ee08249a7', '6b37ac13daef69bf', '6bad6c8753bd0a77', '72fc4f67f4ee6c05', '7a309c7254507c3b', '7f12fc57b399696c', '7f988a8116e3ed82', '800a1a6f5649f439', '83dcb81bb70d6556', '863a6deb43edac6d', '8665b71c33380f82', '96697d06373c5e8b', '9ab2a7314bca73db', '9bce7d3bd73a119e', '9c1da683c14b8164', 'a4f025629f4fdf4d', 'a8841add938b1911', 'af6cc3e84d839448', 'b2aca644084f5995', 'bc5c727e92aa7da4', 'c01584cba3ce4b90', 'c1ee1a7914c6ab04', 'c263963c3b15bf3c', 'c7b1fb7dfdfbbcb6', 'ca0c50cc12dfebef', 'e22f4c913cb08682', 'e42760a935846000', 'e4918260126792ea', 'edfd91eb76231d2e', 'eef14e44628fab44', 'ef46515554d686a1', 'f0867e2ee743b7f8', 'f1d10e15117c2ef1', 'f5f6a936267137e9', 'fa8082341f1db70c')"
307,multi_start_beam,A,307,1023,stagnation,7.231117310803972,1477a25346454a79,1015,2,5.857,xgb_boot5_sklearn_gbm,0.9855491329479769,0.029865125240847785,6.344489795918367,0.02,3.14,"('02cf6e3f3aff1fbb', '03731fb85d6c9ac2', '07742745bcf2cab9', '0bb015631ae3b96c', '1477a25346454a79', '18152539417f9659', '198009b302ed3a9b', '24b440e894d7107d', '2b1502cfe8697b18', '2b2978888b31d682', '2e8831887aa0a8c8', '338b255f7961702e', '49cb216989516e67', '54f98a42cb595596', '59805dfbd78e165a', '5d43c370ec604a0e', '69d35ac2a8530406', '6ad08975afd25bc9', '6b2132ec80b4800f', '72d174ef8f8fae7a', '7580b92aa420a5a6', '85d6453b463346d7', '8685d8884700f802', '8b8591d112c562c0', '9109c12edd4f3065', '99dd081b02cd77db', '9aad97d55af4acf2', '9ecd7c12f61e94d8', '9f71db5ef262184c', 'a5557f5386b45463', 'a783c9441f883d9d', 'b5ffa047ec1a6630', 'b827b81b85fcb158', 'bf988d3ba44ad82a', 'c0ae4d5566d8ca38', 'c0d34c9c3a6e013c', 'c1afef884ca8f505', 'c25e6d833ff0b034', 'c4f0fc43e9e18b2c', 'c6e5d63efdf0026d', 'cd5f3c2603550947', 'cf878fe74b61d6dc', 'd2d3ec76c302a26e', 'dc93dafb5654ca4d', 'de9fc75c064d1521', 'e45cd334580c59b9', 'ed0ef1ed82c58c8b', 'efc6998f2f0a7fbe', 'f5e9f73d377ad138', 'fd97cdf7e2d485d2')"
308,matched_seed_random_walk,A,308,1024,budget_exhausted,9.818950888346702,9bbd8883e0a67cd0,1016,2,5.622,xgb_boot5_sklearn_gbm,1.0158730158730158,0.0,8.01469387755102,0.0,1.64,"('00b81c88c33d02a6', '011b07d6085a4053', '086a4ba311b7adcb', '0a2a6d703dfdb28d', '0f72cfdbca324603', '0fca8f0221c4b6d1', '1138501b3055b7cd', '120b187182d262b5', '132e974b657aa097', '1468a3c7fb95fe00', '167819ceb411e8b2', '1d3a00564fc8f410', '1e94341e5c71f6f4', '214a77ae56076058', '221a38154e5ef5d7', '24319c0e1b586329', '2da949192d61dfe4', '314acf148eb1b634', '32c3105ff8b9d6fd', '3a4de65279254ffd', '3a4f92b4b79eb442', '3ba08b37b63dae62', '41565de8c21f7357', '41ca1777e094caa2', '45387738531dc7ac', '45d4b813f71022c3', '45f6f7479a869734', '46d930010184ced3', '4e50c1976f7f0104', '4ea902911c40c108', '4ec5fbd7305eb00b', '50e5ba19c717e960', '527e569732087d26', '5a4814798b83a8a0', '6815ef14e22a2b47', '74dbdb47945a7e0e', '89124e8dbbcd2765', '8d0b600fad1005e7', '8e761f5e5c98e18f', '9bbd8883e0a67cd0', 'ac415b2e5b241253', 'b1a031b24ecc454c', 'c244f832bc4567c0', 'cc893117c37252a3', 'd026effc7d29e03b', 'd06816a19545450b', 'd772632aa18aa4a7', 'ed8023627e5b47de', 'edc5c230f6ef0574', 'fa8f313170f5b816')"
308,multi_start_hill_climb,A,308,1024,budget_exhausted,7.490191087773717,65b66268d5da9321,1016,2,5.426,xgb_boot5_sklearn_gbm,0.9394495412844037,0.07522935779816514,5.1755102040816325,0.0,3.74,"('112b06ea3b07a977', '13257505729c772b', '18b5d62388fb2d37', '1ca2e7af193ce9dc', '1cfc899c55e49006', '1db7f806040693f7', '202aaabdd2130b8e', '25d717cc637de501', '297214e1f310ccbf', '3883ee1013bc857f', '3b10e460d8bc3d47', '3c440ba498f96ba3', '3d7455a59157ac59', '4614b880c4568b83', '494d9e3bdfc79558', '498415253c83552f', '4c112c9b0703ea36', '4d1c57d0230c3ba1', '52b7b8414e22afba', '54cac392d67300d1', '583caccfc5360e76', '5df187957d61d9c1', '612f7104787da90e', '61c1f5642f716a19', '644c94c0182db5c8', '65b66268d5da9321', '72ad7603e3d51639', '79b83d1aeb536c74', '7b6f48bdd86445d3', '8769d54022208073', '8cb81e40e56cd3bd', '9466b7537517d02c', '94f381b9f3bc3049', '9627fcea8edeaabe', '98971cca20365e89', '9b57a8bfd7fdb31f', 'a3305f0d9f93cfeb', 'aee7a21527797497', 'b02683c66b7ead72', 'bf54f14e5363f4cc', 'c0cab88a90bf6155', 'c246ea52cdc9176a', 'c9c2f6dd1b2235ad', 'd2a308bd5cb14e36', 'd81d5b72d90ce7e6', 'e086c1083e00ccce', 'e2a416a409202ad3', 'ea13ae625a131ac3', 'edd2ce99a3a2baba', 'f8493eaa9b2a61a0')"
308,multi_start_beam,A,308,1024,stagnation,8.927413352552946,d2a308bd5cb14e36,1016,2,5.183,xgb_boot5_sklearn_gbm,0.9980506822612085,0.017543859649122806,7.09795918367347,0.0,1.84,"('053f98ee90dfa3ad', '07487b1fb3fb2f83', '099c2b3836230306', '13257505729c772b', '1475ad7a0c41f1fb', '16feb2e53a46f0fe', '1d3a00564fc8f410', '2230e54719ef4082', '226d0eaa9d5d2721', '26b1eb21ace666e5', '38ae978c051dc064', '3a878a22ebb0b8be', '4246727933aa5b47', '442d6038ff54d21e', '45f6f7479a869734', '4897aba95b89b82b', '4cafe32097711112', '4ec5fbd7305eb00b', '50a233fa6365163c', '53e80ce172f20ce5', '613be8dba89f793c', '69a861323a22837b', '6fb22981b6f58e90', '7349855b33861cc1', '75fbb46b8f54ef62', '78819d1233015966', '7b6f48bdd86445d3', '7f48ac600e18da49', '8b7dda0476983bf1', '8c6a64eeb146136c', '8fc571c7c8404d67', '9e2485a558e2ea63', 'a4b55916c46c8970', 'a590bb72783cca0d', 'b3ae6b6be12fd51f', 'bb7e611f1dcaf5bf', 'bc949d8182db079c', 'bd1bd19136b59868', 'bdab97e0f77ed370', 'c9919d975ce9f131', 'd0901fca33c18a9b', 'd1d87094d60b324d', 'd2a308bd5cb14e36', 'd692f503ac89e6ad', 'def2b45cbaf47254', 'e42aafd23c3af8cc', 'f109386a9ddf3853', 'f6610baff6ae83de', 'f9e4c2d3d44ffaed', 'fe1fb627ffe37ace')"
309,matched_seed_random_walk,A,309,1024,budget_exhausted,11.036276844331079,c9c9ba588e3de498,1016,2,5.314,xgb_boot5_sklearn_gbm,1.0158730158730158,0.0,6.828571428571428,0.0,1.98,"('014e2cfda1a680bd', '0d8db051fb4d3238', '0ddb7ca2ad2125aa', '102585bbe2d02ed2', '20e0872e2fb07319', '221f71600a3ae860', '2570fef56064c070', '25f0d69d4dd53453', '34dfa9bc53247cd9', '451583b3103a51ec', '4a02f7af085ace3a', '4ba4718590272593', '4bf6546289fcc0be', '4ca55cff0854fced', '5353752fb102e463', '5b11f6b8f9940c70', '65a72e7f57d298e6', '66033cbec5167065', '6876c7dadea70673', '68be68cb9a337f34', '6e07b01579a1603c', '721228ba56ff2237', '72305bee01f76995', '752a8cad3e8fec4f', '75ef6ef04636daaf', '788612f060f7eb9a', '8ce690173ede80a2', '8efe35c50506af4a', '99f57a6d330a802e', '9dc0bedfe7c0f55e', 'a00066412dabe777', 'a661f17d56a5893a', 'aa29115639258230', 'abc57916ed4e8b5a', 'c23fe2515aba596b', 'c9c9ba588e3de498', 'cd80fc4474050089', 'd4083a8dcbf6ea64', 'd8e0e5a7d6e8c460', 'd952f01c4d5a3236', 'd9d51ab28a16930f', 'dc2a636f14f290cb', 'e4f9232ebbb681e8', 'ec7f34755b3a70b1', 'edf88f97fdb6b31c', 'ee1dfa8b7de8b588', 'f2a4c158cff9c7f3', 'f5ab94fe42be6d96', 'f8ef59487c75af15', 'f9bfc0128dbc0846')"
309,multi_start_hill_climb,A,309,1024,budget_exhausted,8.542082328708046,87dde6f88275d7ea,1016,2,5.227,xgb_boot5_sklearn_gbm,0.9300635785649409,0.08446866485013624,2.8783673469387754,0.0,4.44,"('0285f249bd7a34fe', '04a3f1ab6772d3f0', '0521366edfefeb35', '0903ab084504cd7a', '0d3dae99375e7819', '12f3a10f936cdfd2', '1351e87936996a3f', '1bbd345fa078cbbe', '1e87da8cc2098029', '287b051ba99c7680', '2b16b931d8236372', '3629ac23803e48e5', '382f4b4408134137', '3efcbcf85fac877f', '453a47bb9c7c667a', '4c24179dd38f103e', '4cb7c7bde703fc9b', '4ed9105c10b55ba0', '51891ae662978fae', '61e5938709b61591', '665bfa41f3ee9f44', '668a46032bf59c25', '6ce0337b0f555ef3', '6d66efbc126382c7', '6e04e814a02fd5e1', '6eff1d260150fc1e', '7fedb36620bbd092', '87dde6f88275d7ea', '8aec6e0d580b6197', '906dec5566275f64', '9a5e864a1b501c69', 'a7bc909ee0ead28b', 'acb9d18265234073', 'b7dbd10b7550b18f', 'bad992312425b7ee', 'bd6811668b72db13', 'c8e019ccd20abf7d', 'cdf7b0c9d6a07b0a', 'ce3c8e83b1e2643f', 'ce80a62e3f4dbd0e', 'cf5cd1cd825e9a02', 'cf777c88a4a74f94', 'd1d620a5a6881e5f', 'd306c01c39e0e92b', 'd38a02ebf5a012e3', 'de750ffca8005d2f', 'e9032996e468c6b6', 'f8d7389ee47761dc', 'fa9633afec88f675', 'fe8a281739cf3ecf')"
309,multi_start_beam,A,309,1024,stagnation,11.515540811120982,0f1fc261768c475a,1016,2,5.113,xgb_boot5_sklearn_gbm,0.9922480620155039,0.023255813953488372,5.511020408163265,0.0,2.06,"('0f1fc261768c475a', '12381e220d4d1bf3', '13b29bd7bce44e54', '16b5c75586766c7a', '21e57b56fb4ddb1c', '2570fef56064c070', '27c368a6217c61d2', '285f7e20d5dcf6de', '2c83a2a92e0c0df0', '2f4133c3105a1408', '31bd36d102cd4f94', '3a932f0c917c2e06', '3ed8448d6ffd2adc', '4099a7803d5f13ab', '429059aeccc3d1bf', '4976f699f339556e', '4ca55cff0854fced', '4ca8d831b0821c42', '5105491c5d856616', '525d0ffcd8b53bc3', '5f15fb3bac01fa60', '6d329251b86deac5', '6de73d344bc5cc70', '71107cc3d92265ee', '73429c76fd3c860b', '788612f060f7eb9a', '80bfdfd7a7bb1e2d', '8398d4cf02b507a4', '8abad6bb5047381d', '8ca5e1fe6810b5d0', '9a1f62018301d498', 'a031c0d115213ba3', 'a11a5efae7d7bd09', 'b72971ade340a79c', 'b72b21fd69e54732', 'b765751ba479c2a7', 'b8a42673097404e6', 'ba3d28707532d4d5', 'bf09c4ab71eed858', 'c2008f2b9ee0e6a4', 'cbab697f66e85f2b', 'cd80fc4474050089', 'ce85c383fc7ecfba', 'd055b881efe7b9b7', 'd18bff5064d6d9dc', 'd95a0c1654fdbe10', 'e155304d24f797dc', 'e2eb34dcdf96c56c', 'e9f598350c5fa799', 'ea0a77f8caf502f4')"
310,matched_seed_random_walk,A,310,1024,budget_exhausted,6.79485626912751,711906862ab5d19a,1016,2,5.208,xgb_boot5_sklearn_gbm,1.0158730158730158,0.0,6.955918367346939,0.0,1.66,"('086a611cda09a386', '112d669334a5021e', '1138501b3055b7cd', '120b187182d262b5', '13940aa3a92dcc5e', '13acb7842cbdf277', '2136ae3b7c549ff2', '28801592fd48f2a1', '2b2036705c0eb0c0', '3132ebed9eb22398', '37ebb0f206ff53a9', '38bbe06b8e784683', '3e836af97ce32518', '41f16f2903fc7c17', '458a768dae43ff04', '473648e44475c057', '487d674e2f92d93f', '4a22651fdeeb36b3', '4cd983d7475fdcfe', '4fb78a4ea1f50e70', '5b28403b77ded094', '5d8bd902c91cffa6', '619356c1dfa032d6', '711906862ab5d19a', '75a0df1a988f07f0', '773b9813755d7f61', '77a1556afc3290ed', '80eb9cf811d1a05c', '8f30577d2f9a6964', '954a3c2d2898d763', '9556866136a697eb', '9743b9a6cfcef954', '9e2485a558e2ea63', 'a40d57cd7ad7ef76', 'b33fc01027f1bf46', 'b428d502c933343b', 'ba41fd9d1d05886c', 'c1304cb03c068d49', 'c44b7822a2422b00', 'c4d02ba32712850f', 'c63ea3470d1598af', 'c6fbb74a72d04351', 'ca8450c6c9e857e0', 'd0901fca33c18a9b', 'd672ed00609059ae', 'de68408a8263a4df', 'ef7580d4c925ebd1', 'f109386a9ddf3853', 'fb3c353a98c782e6', 'fff95025c0e2c91b')"
310,multi_start_hill_climb,A,310,1024,budget_exhausted,6.79485626912751,711906862ab5d19a,1016,2,5.765,xgb_boot5_sklearn_gbm,0.9420423183072677,0.07267709291628335,5.648163265306122,0.0,3.88,"('02c5d29e6266fb09', '0abaf44b3011f1e2', '0efe53bfbaf2c8bf', '12006f5fcfa5e756', '15124c1fc29b4827', '1c44194c3b5e3317', '1ee218cef661a477', '1f7844f2633e79c2', '21fa70805a78bf2a', '29e23aa77f4a5553', '2c0b028bd065c5bd', '317b4c9c67a18f40', '3379be76d77d34bb', '33ac89097aaba97f', '3bab1e3ced653835', '3e99f71454d14f19', '403e6680557ad055', '536bb0291be485c5', '54b91c7ae1118b50', '6395e24dc02d0f03', '646afe55ea838263', '6848889478ddddea', '711906862ab5d19a', '730a5fbe49b22322', '7c05b9564807ccf8', '7c60d16b24a9a6a5', '827fc6d5ac45c836', '851b3b058a544df1', '8dac54bf2c0ad54f', '921e8a5a9fba9ded', '972831701f395d69', '9755994e15996181', 'aaafb95af6e71dad', 'ae46edec19e00103', 'ae8d27e641213f0c', 'b4d212b01afae006', 'bbb824e3c5812cc5', 'bcda2af8c2ec9ba9', 'ca5e5aa76f413576', 'cd21760d47d37a4d', 'd32cbab3196d7a47', 'd6def8e8886a236c', 'dd811d84d3e7936c', 'e6924aba6daecba6', 'ec56ade2f968821c', 'ee475833579e1527', 'f573167fb56af25a', 'f63f548e0a76f011', 'faca749e9e115ae8', 'fd4b4eb68b21582a')"
310,multi_start_beam,A,310,1022,stagnation,6.79485626912751,711906862ab5d19a,1014,2,5.204,xgb_boot5_sklearn_gbm,0.9970731707317073,0.018536585365853658,5.83265306122449,0.0,1.66,"('0085120fe840d1b9', '00b97335cf303d6b', '049494d5e69c0ee5', '088c71a2701d7231', '09c1bd49a7a7d9ed', '0d595d4ef5adf802', '0f617c6ff8148a43', '13257505729c772b', '17c54480c68d1d3e', '1f4725322227d96b', '2247162e7036ff7b', '237ec7bb58675262', '28801592fd48f2a1', '2a983f4024b17423', '2bcf240344c73b2f', '3140251740666e47', '3e836af97ce32518', '3eb5af2a2b62f416', '45f6f7479a869734', '473648e44475c057', '4a22651fdeeb36b3', '5a75a43327a03718', '648ab24f54da1d63', '6619a19d5621119a', '6848889478ddddea', '6d668facac968e6d', '6f2ae82a69dde1e9', '711906862ab5d19a', '74acbf8a16b894e3', '9d0e4bcfa779ff67', '9e2485a558e2ea63', 'a40d57cd7ad7ef76', 'ad8f1fc2a4ca2528', 'ae8d27e641213f0c', 'b3b24bb4b90047f7', 'b6201cd4e9c98d9e', 'bcde325dff2468e7', 'c1edcaad8d07924c', 'c4dc5dece382ed2f', 'ca5e5aa76f413576', 'd0f70a714c67603e', 'd672ed00609059ae', 'e15097134e01f493', 'e992c542d0490de7', 'f052208e0f88ffb4', 'f24792e188d4596b', 'f366ed04604b04a1', 'f573167fb56af25a', 'f591786a74081b87', 'ff59d87128d873e8')"
311,matched_seed_random_walk,A,311,1024,budget_exhausted,10.236416309684282,e562d45945f3d9f6,1016,2,5.235,xgb_boot5_sklearn_gbm,1.0158730158730158,0.0,7.828571428571428,0.0,1.8,"('014c435d9b9bb9c2', '01ded8b5fcd87670', '028ed61ab0cf3791', '1453334823009143', '1a2841b6da7f3dc0', '1ae230c57776bddc', '1d62dd69079c24e3', '1fe54969a91a9651', '2c666c8bc4e09be3', '2d866eeca17b4c69', '3053586be0b95f99', '356d73342b08f859', '3b28c5a90705f6ef', '3c36012be16845b2', '3eafb4e73f74a64b', '4ea7623bdd59044c', '54e6d64ec754b7b8', '557d07078f5f9ca4', '59b72167b201b89a', '633cebc2fa9929db', '64cfa15d2f9a9165', '6a195e95831631cf', '6e7f0e7f34d918c2', '7b36cf0d0fc9be67', '7bc9c801fe638aed', '7d3b1f17ba828321', '83bceb70303b1a8b', '8842e3bcf77791e4', '8cf25f65eae4effe', '8e763f8e25fd7671', '98639f225697bded', '9994bc2e2a0262ab', '9e7e6875bd5dee7c', 'a622adf44fa6df5a', 'adc4b4f68300947c', 'b824c39866aa3bb7', 'b8e7cf788fa82596', 'be96f6d0e7bc419e', 'be99e29f241899b4', 'cb0b5ffd8712fb4a', 'cf9aea8a04285d20', 'd60a5dc8493944f7', 'dee3213890b51f0e', 'e0e08fbda6cf1cc1', 'e562d45945f3d9f6', 'ea5929246903178e', 'ec428c0e32367104', 'ed7e83f0414cd65b', 'edb6291197d7b7a2', 'fa47216a5774f3fc')"
311,multi_start_hill_climb,A,311,1024,budget_exhausted,5.145365897475168,a4dee7c807dcaf68,1016,2,5.675,xgb_boot5_sklearn_gbm,0.9266968325791856,0.08778280542986425,5.793469387755102,0.0,4.38,"('008f0214d833b75e', '03948b5dc4cc0c54', '05e66e5483255c01', '0bf67d97b53a4af4', '0e3be6bb81db47ca', '0ffc6095a8a9a737', '12dba47bd046da8f', '1c183de6af8676a9', '1c23a84a054e7945', '1ca3442f140f8d62', '288db75d288df9f4', '292eadb5f8da4852', '2bb259ea922bb4c0', '328e0943cd9c85a5', '32c7880915c55556', '3482ac0c238f1b7b', '385d6a46911babf9', '3bff9d5f0dfc7a12', '4111a166b637a44c', '487df6440db61be4', '4dee92ccf01f80a0', '50b7490a28aaa0f9', '50c62d2cc690e065', '52c0c45dfeb62228', '56d5efab366560db', '57dbf4709f1f33ba', '589a89e91bde45c3', '68fc856a2d3d66e8', '695ad5eff6e6ca62', '76c642c94546ba1b', '810ba9d64425e17a', '82f3b2e676145e04', '93162e2ae4a1fa16', 'a4dee7c807dcaf68', 'a73c4c106e4ed5a0', 'acad587d9a5881c6', 'ace9ee693f2389bb', 'adf56c2e434b34c1', 'b2699ec0b590bb9d', 'bb84983c7c14ca0e', 'bdf22bd1467fa837', 'bf775cd63f431cc5', 'bfecb315d31aad93', 'c1208b986165aa46', 'cb2944d9f5633ff7', 'db0f87c90dec892a', 'dc87d73534df0c7c', 'e6fac7cec6ac68c4', 'f1a7b5985a9cf44c', 'fbf941f597616386')"
311,multi_start_beam,A,311,1024,stagnation,7.9479516839868465,42445f348f84b49e,1016,2,5.114,xgb_boot5_sklearn_gbm,0.9874638379942141,0.027965284474445518,6.87265306122449,0.0,2.3,"('0419b24af163e115', '041a64cf489d1acb', '0559d7bcce9e6163', '0d9f9d6b35fb9ad5', '156fc0ade8374cfd', '1ae230c57776bddc', '1f8bc07f84ffe9c0', '2bd784598c2d97f4', '2d635ada3143433d', '34ad036b36c256da', '4076606933df27b5', '42445f348f84b49e', '43195e00f11e1ac8', '46aac289fc5e9b1c', '4bd110f4d6c9bad8', '4dbbab3d58e982c8', '52bfed847d9e76eb', '619daf87326cf2e6', '61ef1df7ebeb704d', '6b0114392c9774e4', '6b675249104178ba', '6d9a22b251b99c9f', '7ff474d5a5cde0d9', '8c9911937e526622', '8cf25f65eae4effe', '9182065ba3ea9dc2', '95eb4cba0980c88d', '97d7742d42bb97de', '9b7c5dc82c98622e', '9cb877076b561c5d', '9cc2bdbfa495f601', '9e7e6875bd5dee7c', '9fa1dadae9b44d54', 'a3414076dc7aaacf', 'ad10ceb26f2d9f30', 'adc4b4f68300947c', 'b0478413fa29c7b2', 'be99e29f241899b4', 'c05840e3d31666a2', 'c718994a3f6cd77d', 'ca6287434edd2117', 'd568509c6bd0f1d2', 'd8dc5e0f4c696da7', 'dc55256854c56bf8', 'de418d806064389d', 'e400405cf18ebc45', 'e562d45945f3d9f6', 'e882a9b3bf201301', 'f616127e35fab3de', 'f9c305bf4f2406e1')"
312,matched_seed_random_walk,A,312,1024,budget_exhausted,11.319674134054335,1f039330eafe03a9,1016,2,5.404,xgb_boot5_sklearn_gbm,1.0158730158730158,0.0,7.045714285714285,0.02,2.16,"('03ea240148721ccc', '0a495e26fb038afd', '0ad852c0539ed9cf', '1468a3c7fb95fe00', '1913faaf697fb646', '193e7fa761891743', '1b9c008265ad1bd0', '1deea5ddee899c9d', '1f039330eafe03a9', '2136ae3b7c549ff2', '2c530f71871f7e5c', '2ce9652e473f17bc', '3364a32ac05916f0', '3a06ef553997373c', '3c090cf8ebd5739b', '3c3828634a2bea86', '3e836af97ce32518', '574c81c76e296c91', '579f0817e7d45bc0', '5972fb520a237301', '68447727755d8158', '714d1e7d374c5005', '733a24310931f605', '7f37e61ea0441529', '85b8798ee4288417', '8605113ebbd95837', '8b6f91c71f5c4fb5', '9d5de478fdd0c8ad', 'a53f36f326e7fb4a', 'a5e8289debeae908', 'abda3a7354f2729a', 'ad1b487ca401f6dd', 'ad28adca99ef943c', 'b21bb8e4a94fde6e', 'beb2fe1e41cab173', 'bf4c75fa30cf615f', 'd1bb460feb21f0e2', 'dc947df00d6e2b8e', 'dcaf758fed08143d', 'de0d927b800cb033', 'e0b0cbda4a55daab', 'e1c97e5e42b310e3', 'e3bfc37167030e96', 'e44da0f342237120', 'e74a46dc12135acd', 'e8a8179382ea980e', 'e8f855b1cdd72535', 'e91bd00da988bd6c', 'e9f0cfe9806a23ef', 'fcde80380eff9d05')"
312,multi_start_hill_climb,A,312,1024,budget_exhausted,5.678877357061479,69fad7554a28e866,1016,2,5.244,xgb_boot5_sklearn_gbm,0.927536231884058,0.08695652173913043,3.4424489795918367,0.0,4.52,"('01eaa3c07fc2778a', '020f7cc9027e909f', '0425330ac9365430', '083e6a306e7de0ca', '093e4837b1e35482', '0e2592e57bc733b9', '16aefd4bef7503d4', '22d9341e288cce8d', '23346b0a0d88fe69', '29aeb201473ea9c2', '2d4aec3bc785b567', '34db4390b968ed3c', '45db5ec43ee1fd07', '475625ab8fe526af', '4dd97cb021f3ce78', '50e522b07d4bfb91', '5e87648120e97387', '69fad7554a28e866', '701b0088bcba4d68', '70cd89b8eb4540d2', '7bcd3255ba700390', '842ed1c2bab05fd2', '8963d5805ed409ff', '8d6058fef9b9d1d9', '99376d4ca70e910f', 'a1d208804b65491b', 'a49098033ea24250', 'a8e6ff5fc7286270', 'aa41fb4507933fc7', 'ba9f02c74f4a2b38', 'bc60905b510a461b', 'c26dd36c82dd0a0a', 'c6e85173dd08e5fb', 'c6f3cbb3fc14486b', 'c7e0abffd4021d80', 'cc8a9c029084ffe6', 'd23509ed6f4f9313', 'd3aa3c56f010c020', 'e3f5c81b99bf3f76', 'e5ac7c8890e1e9f0', 'e655b5d6575716de', 'e955e77f214eeb63', 'ebec7ad1c331f461', 'efce93eee6fcfd88', 'effdb52bdea54d77', 'f08299fa235d33d9', 'f42f184fe8bccbdf', 'f7fa6ccaa9cc47f2', 'f8d68fb035cd3de1', 'fbd00ef73770536c')"
312,multi_start_beam,A,312,1024,budget_exhausted,7.79352518053435,27c5c3ceeacd701f,1016,2,5.302,xgb_boot5_sklearn_gbm,0.9808429118773946,0.034482758620689655,5.177142857142857,0.0,2.42,"('0c735d79b5258184', '0f15061d36f84a4b', '144b5988efd66ef0', '14bbbf7d43297a1c', '168d20e8abe30587', '219dbf11ce77e493', '27c5c3ceeacd701f', '28aa10d742081c3f', '28db7c5c8a03ff86', '37eba302b3b11bf4', '4d99013ea11ecb9f', '54add76e01871e25', '56cf515ac01877ac', '5fcb12db4f1ff17f', '65ecccb5da3f8b53', '6b75714acff417f1', '74abb625977443ee', '7e57aa8a7a9cbbfe', '812ec77b6c79be1f', '8245072bb8b2e972', '83b33007e6a042dc', '89c3a090d2cf4fdf', '9180b2a5aa3467d2', '9255570fadc8e59e', 'a9ec0a4633245685', 'ab63e3bfbde264da', 'af95a657615ecb91', 'afa8742fc391ca85', 'bc99a915430bc123', 'bd85067c6e0fbd24', 'c44b7822a2422b00', 'c522d79b3b378999', 'ca8450c6c9e857e0', 'cbf0e061a75e69dc', 'ce33e6e2ccf4a115', 'ce467437e5fc5fe9', 'cfe95d1b9e7e88e9', 'd1249ec8c32031d3', 'd2302558950b8678', 'd6990204655919f9', 'da64369264a642df', 'e3a6650e0b584cd4', 'e8f16edd5e09b994', 'eaa6bfde0b232ff3', 'eb5142a45fd44eef', 'eceaf715fd49fb04', 'f3164d9b3c506693', 'f3558945dd61872a', 'f4e914878861e6bd', 'fa6b116552115378')"
313,matched_seed_random_walk,A,313,1024,budget_exhausted,7.18303085360113,86a96af022325c4c,1016,2,5.22,xgb_boot5_sklearn_gbm,1.0158730158730158,0.0,7.233469387755102,0.0,2.3,"('06228385b8d68781', '0775226777800661', '0a4db7030fbb0b86', '0ce2a53807b4488d', '0f72cfdbca324603', '10b996645b8c717b', '18ab209992b31fb1', '199b0ecb22086b64', '19b80530d4abca9c', '1c762f325097ee07', '1d3a00564fc8f410', '2b69c824bda8389c', '2e3e5036b9ba5884', '3145205a7ebed7e1', '35473cafbfad8b62', '3609c4b3178e114f', '39ea55e4e771ad21', '3cd53ce123873f8c', '3d18e61452ec0a79', '50f2a6ef74009db9', '55fc1a2533f6707d', '597b4d933e255c3c', '5ca4193e042f69ca', '5e7ee0b97e401ab1', '66f31cdb23fbcf31', '67fbd109621c8e68', '7793d81bfcb98be5', '7cfdf788d2488f4f', '838e7b2fdefd93ff', '86a96af022325c4c', '8d0e58a7046651bd', '8e3db563c6b3fc98', '8e5cb1c9de9bd3ed', '907a3c4ff98bd54e', '9442e5bbc46879fb', 'a158d47ed9177c9f', 'a7c038ec120b869d', 'af87b095cea46c77', 'bf9b928f6c88f498', 'c76afa2a4ce4c41e', 'ca2d62576fd385fe', 'caa091343f47d468', 'e0ec81f857c969b5', 'e520bc448c8b09bb', 'e73be45dc1fb63f4', 'e956144464f81f6f', 'eb59de15cd3d7213', 'f12d953cf26fbb1e', 'fa1613b6e9e35d78', 'fad12accab5cb891')"
313,multi_start_hill_climb,A,313,1024,budget_exhausted,5.017047002805924,8c5158e60da4ad64,1016,2,5.383,xgb_boot5_sklearn_gbm,0.9403122130394858,0.0743801652892562,5.715918367346939,0.0,3.94,"('04450da9d1cd5900', '0e727fec6b4542c8', '1442014c7393b3cb', '1e204ec24f7f7350', '24d3403f752f3a9e', '275ef42bec965191', '2d7a65b0fc53b56e', '307b388024c1fe57', '345467b48803d211', '3514401f05c79fc8', '362707507f0bbd4e', '3949e462ea4665a2', '3c6694bedadb0eaa', '3c9268ba852bed58', '3ee078302455f343', '44767fa0dbb140bd', '4bfd61f27764cf84', '54d37752aa5db7c0', '68431615cad9c169', '756eb8c72cb063b7', '75d0fdbc919832dd', '7acb9bae895b20d8', '7b000ffe22ae0daa', '831a97c1cdb9a96b', '8c5158e60da4ad64', '8c6527c2f05a5334', '8d52f9c5a2f9cd87', 'a232e16ce9c467f8', 'a3d6286ccaa93cdc', 'a5e4b6a6f6c1570c', 'a900e701d5d0944c', 'af6c2cc1ce6de34f', 'b6129753f943b5e1', 'b6dcd5b22effc1f0', 'b903e2c593b54256', 'b9c020cabbfb002c', 'bab42a299a2a5ed8', 'c2dc62767c48a440', 'd1fdca9056369d47', 'd3ab4cbf57392a9a', 'd3f51fe2e991b1c6', 'd4a03304204ec7de', 'd8b359f4ee7a8bee', 'de75d92706f8f88e', 'e391264764c3e2a9', 'ea64d587f5a952da', 'f319759761fd88cd', 'f4422a86371974f6', 'febf3f6948efd154', 'ffbbeee64d87690e')"
313,multi_start_beam,A,313,1024,budget_exhausted,5.315515261272654,2e4998b0fc103146,1016,2,5.177,xgb_boot5_sklearn_gbm,0.9789674952198852,0.036328871892925434,4.7306122448979595,0.0,1.98,"('06ddaa42b8817fee', '07b852d78ca26731', '09b25f0c876bf6e7', '0c3a54608672e863', '0c81e3b558af07e6', '0d12643c3116397d', '15a36efa86c94ea7', '176947e703349551', '1b4e9515ce39da2d', '1be463ce30f4b50c', '2e4998b0fc103146', '345467b48803d211', '3954427d563a5cbd', '3cf3672a4487a232', '4517223d51ababe3', '4b46495c26c83d50', '5c5446329414e70d', '5f1a648fd91c2393', '67fbd109621c8e68', '6fc3a48280b5a522', '716b7ea34cad23cc', '7a76c252719e2e57', '7b10ed5f18df70c7', '7d573832ca655ff4', '8188ee767ba81b82', '8e941d0c40f8d747', '9393db3df1f3f5f0', '966b3b0c3595cef9', '9731e5963b64e635', '9afb0777d443c712', 'a119eed8afeab0f1', 'a3726211376cb341', 'af40dd82b21df172', 'b6d889457c19ff4a', 'baa5f0a612664dba', 'bc91ae170a580d4a', 'c2811803862113f9', 'c4c723c990f76380', 'd187c05f690a1e84', 'd250604d02d762d2', 'd456de3f07bad05f', 'd59709b153733ca5', 'e6849bbb9139f885', 'e6f8474c5b0aa396', 'ebbbc102953307f6', 'ec9660bf09846b3d', 'fad12accab5cb891', 'fd201c87a8465c6e', 'fde4fc580f8d2b44', 'ffa3649adfb02143')"
314,matched_seed_random_walk,A,314,1024,budget_exhausted,7.736575528596333,b9d4100963542f4d,1016,2,5.322,xgb_boot5_sklearn_gbm,1.0158730158730158,0.0,6.835918367346939,0.0,2.02,"('00215c47954f8c23', '018c5b0940382eda', '072ec58f5acad342', '0b4522005eab19f5', '1b6ed58ed0554ca8', '1e2161e0ae4ae30e', '2af1a71d26781786', '31a3a2df00a1dacc', '36b02d4c16bb049f', '37bf07654ae65c41', '3b57b663ceb4fa7b', '3cf3672a4487a232', '44d7bdb16a41f0e0', '46ee52520d5a7fe5', '47fff0842e5fcf01', '502f3c832ac27b4a', '527e569732087d26', '5514adfe91fad752', '596cc0f5ba969cc5', '67fbd109621c8e68', '69c450885f7c2bcb', '6bada3c1267d5ead', '742c1234fa14293c', '777706c53c9502db', '7b10ed5f18df70c7', '7cfdf788d2488f4f', '801c703235574497', '805372ec7f15a1f3', '869f852aeceb7425', '86a96af022325c4c', '8762eeb2198e6021', '89e2898823251adb', '909173a6ea9752ee', '98b1c701397a6635', 'a160e9fc4bb7548e', 'b1dfa4ec1b2487a2', 'b213c97099430bd6', 'b9d4100963542f4d', 'bafc9985438c897b', 'bbf5b4215ec164ba', 'c76afa2a4ce4c41e', 'c8b8f906783fe228', 'dbf092fb35a8ea25', 'dfa5b8febc826a7c', 'e3d3830d647c6b81', 'e9d5ed1430dbad45', 'ebbbc102953307f6', 'f4b98b0b8c750fb5', 'f7323eda0b32a3e1', 'fad12accab5cb891')"
314,multi_start_hill_climb,A,314,1024,budget_exhausted,3.5986950824432498,b464a420e9b8335e,1016,2,5.261,xgb_boot5_sklearn_gbm,0.9292196007259528,0.0852994555353902,2.8881632653061224,0.0,3.64,"('0ae1b8b946ae9014', '1d7ff424080fafad', '207123a6fe871768', '268e1813a55b174f', '2992760267306c50', '323f058a5dfcff3f', '3469321f26debbb5', '39b9884fca73c4cd', '3ae6c70b531bfdbe', '3b3312bdbafe4e96', '3e09c600288f8b7f', '40ca802f5aee71ff', '4241390ddd26b095', '43247aa20c929561', '49621beefb613e39', '4d3eca3a1c2a66d8', '58136984758f3c79', '5a600c85982fb9d7', '6c2b19cd8fff1424', '6e08c4a4a4a6eb64', '7194bd4d12d077bd', '775d6544e0d09230', '7eb599571ebb4649', '8175c4bd3c4ddaf6', '8c4f9de0b8524cd2', '8c58058978f3223b', '8d6dc2958937b26c', '90c4e7d207217b61', '9168bd729e33333c', '989c72fd38a610b9', '9a472667b1c87400', '9b2a7990e879899d', '9edc3dfeb0d142f1', 'a268b8f84d120235', 'ae3af0ff5d070ff4', 'b3195d051af704ff', 'b39df0925842dbbc', 'b464a420e9b8335e', 'b5a0886ad931e2bf', 'c2aaa557aa0bab38', 'c71b8ddac1578d47', 'c98661351c331f78', 'ca8bab5970e63007', 'dc83c08e98e748e5', 'eb3ada36dfcc8574', 'ef795735e4f6d088', 'f0a05a7a9ab36447', 'f6f0e8833061c601', 'f8f63c94f8e3ceaf', 'fcd4c8f4cab77de3')"
314,multi_start_beam,A,314,1024,stagnation,4.4560951931271475,3b3312bdbafe4e96,1016,2,5.126,xgb_boot5_sklearn_gbm,0.9808429118773946,0.034482758620689655,5.428571428571429,0.0,2.32,"('072655a608423102', '09b25f0c876bf6e7', '0a5b4f4d4c819a0f', '0e0f713ca8274821', '1a1799062843f8a3', '1b615d0c2379fd5d', '1e0a3045cb5b1d0e', '2c3e4bf2c4566b35', '30773138168800e0', '34df232467e44a0d', '376b58098693d847', '3b3312bdbafe4e96', '3b57b663ceb4fa7b', '3cf3672a4487a232', '407bc6b69637cc79', '4517223d51ababe3', '48f1fe1f61ce4103', '4c46eacadda8b395', '55fc1a2533f6707d', '584784be1a6992e7', '5cca6aed04144ad3', '67fbd109621c8e68', '6b00bd65ef2bbd8e', '6c93932a762bf503', '6d0253e1f15d6f86', '80b4573a53035f91', '8c291de9fd23f1e5', '90e57c4c10cb94f9', '92b54b1be3294ec9', '97c44622cfb4f84d', '98ec7df77281aed8', 'a160e9fc4bb7548e', 'b8640889b1085f28', 'b9d4100963542f4d', 'bc5e92dda00beb2c', 'c0e426293c9d5f63', 'c0e8453f13a1474a', 'c2811803862113f9', 'c5a36e292a6803f8', 'd92551273ca243e3', 'e0616f1199f397a6', 'e3b894ea60e02bd3', 'e6f8474c5b0aa396', 'e73d93739aa43aa3', 'ef795735e4f6d088', 'f4f494e4e0d52a6d', 'f5f11d592451a353', 'f633ad71434fe7d0', 'f7323eda0b32a3e1', 'f8f63c94f8e3ceaf')"
315,matched_seed_random_walk,A,315,1024,budget_exhausted,8.229953084251335,9a40e3c504e51f53,1016,2,5.256,xgb_boot5_sklearn_gbm,1.0158730158730158,0.0,6.173061224489796,0.02,1.76,"('03a2afdca3c72629', '0bf09f9dad0938cb', '10c41fc8b2b7b5c7', '1465dfa127c547f6', '149d930c524fe349', '197cb2e2c80572ae', '27862626a5451358', '2b4baf287a83b318', '34cefc998f3c0935', '35303b279c35de24', '3a69253bca9001ef', '3d9ee2ad78ce08af', '46bd44280364398a', '50f324c75d384d98', '529bc029f9ceb2ba', '52e6384292b7ebea', '536299d5a888ee7c', '546b223c5c2a7a1a', '555838eccca31e21', '5ad5d62f7d7fcfc5', '6270ccd320084b99', '6c2686df955c2dff', '76b162d79b3ae9bc', '7b4ceb42fc7526eb', '7f817710a6b56872', '813183aeb60ca739', '8615d89d5b564afa', '889a956b035dc975', '88bd62d1168e4087', '8d16da324abe4a31', '933acb69caae5bab', '958a3c7f1b62d69f', '9a40e3c504e51f53', '9fcd6ba061e9035a', 'a292ee41d07b3ae4', 'a643ebbc65c6a8b7', 'a8c9b4bb56bf38e5', 'ad25fdf5762e1197', 'b1db0733cb5c3c64', 'b9c0ab65153acd0b', 'bfc104c12f7d8efe', 'c1c1e51171fc126f', 'c895ee2b3db409bf', 'cf5741459bf5e1f9', 'd1eb0dc792b41a7e', 'd8460a1a7589b0c2', 'dc4b1c9e86b037fb', 'e1fa5d44ae9feb72', 'f77bfb4ea0309ca1', 'fec30b486d7fabe4')"
315,multi_start_hill_climb,A,315,1024,budget_exhausted,7.609781855736358,81a67f7a65c9a26e,1016,2,5.546,xgb_boot5_sklearn_gbm,0.9351598173515981,0.07945205479452055,5.113469387755102,0.0,3.02,"('091470cd17a1a471', '0af5ce81bded6119', '0b12d1cbb7e4e99f', '0bf09f9dad0938cb', '0c9a347ee8a7be87', '2325f619a595321e', '23301f8112665692', '23a5dca44ce2b6ed', '2691f5c71caafdbf', '2bfa42ae1fc6111c', '2d87dd3f0e5b0bf8', '31aa8737f6132753', '39ffc90fac435699', '3cae3316c1ff5f84', '4768c77ec9f149bc', '47d927ca95b310a1', '4847bc29e9e7fc5e', '4851e9a0794a28c8', '4889bb6c478bc116', '4a09f8901c72767b', '64d6154ce58646a3', '6c2686df955c2dff', '6e20bc615d53d302', '7056a2655e342375', '80e3ecb8ec23894f', '81a67f7a65c9a26e', '863c8fbe27a2f738', '865f6b480e679037', '8c89983a8b716960', '8ecf0554b4721f0f', '9a19727730086a16', '9a5b2d5bbe3d489a', '9fc52198ff252733', 'a20b09651d0217db', 'a7eaa0324361a0ae', 'a807af5b17f8f1b7', 'a9300d9e395c43af', 'aa1469201514552d', 'af9cb5166b8e4743', 'b9a2046637aaca16', 'ba59cae968146074', 'bfc104c12f7d8efe', 'c104249c51a0f6b5', 'c2f854765ef4a998', 'c348e3008b109397', 'ca6d58d9bfec93b0', 'd0f31d84af01ddd4', 'd8e5b396ff44ad4d', 'e330b9771268be3b', 'e46a19e2eca98319')"
315,multi_start_beam,A,315,1024,stagnation,7.691089139189165,ec28915d2cceb729,1016,2,5.118,xgb_boot5_sklearn_gbm,0.9808429118773946,0.034482758620689655,4.133061224489796,0.0,1.88,"('006fca48c7cdc504', '0bf09f9dad0938cb', '0c8a2f99c7e28d32', '0f6845bf3d2c5c7f', '16366ec1d07e6593', '16d7e5c09071d2e5', '1cb81823b5aad613', '20b5d3eaf6e63d3a', '2325f619a595321e', '27ccdeea4fdce183', '2d16a7274935b542', '35caf9622f65cc8f', '382b52dcf50f2cbf', '4768c77ec9f149bc', '48c026dfda1df6dc', '5afa3e7ac436ef55', '66c2690f1536114e', '6c2686df955c2dff', '6e20bc615d53d302', '704a829e7d2ad384', '7f8019c1d3e8a8b8', '7f817710a6b56872', '7fc4d943dbc3b941', '80e3ecb8ec23894f', '8b90db5095b2fdc7', '8c25894aafd809de', '8d16da324abe4a31', '95de556ef3174a94', '99cf3a1d66762c0d', 'a14678b2f106fca2', 'a1f25f54f0ec1bf5', 'a26d60613ee3a0b8', 'a4be0e59aca7666a', 'a643ebbc65c6a8b7', 'a69390bd2be9e9ef', 'a9b34507cfddaaae', 'af9cb5166b8e4743', 'bd4e927f54fd7cb0', 'c257d26bcd209cc5', 'c2b0ebe3f98ec88a', 'c3ddcc93d81d2bf7', 'c8d71c548e881665', 'cdee4593b85d28a9', 'd0c43f9acec4fcb5', 'dda8128b04bb9c26', 'e2dfd141724b8370', 'ec28915d2cceb729', 'ec4430809bd575a9', 'ef961a8acf54e748', 'f63c1a57f9bf3797')"
316,matched_seed_random_walk,A,316,1024,budget_exhausted,6.909660910625172,37e5bdebb8bf9656,1016,2,5.501,xgb_boot5_sklearn_gbm,1.0158730158730158,0.0,6.589387755102041,0.0,2.0,"('0351f98b9dde652b', '10cf832246265530', '14574376bcadd3c4', '2351abe0e2b3c77a', '2726d1c26ecadedf', '2b4f6a61810c99dc', '2b648d00d1ad9bfd', '31f96288a05e2a20', '355486fe75e5fd6b', '37e5bdebb8bf9656', '3a8e7b8ead95b093', '43038f7e73074b1e', '4b1dd9cf373ecd82', '5985620e5ed424b3', '59e5a51e7dd8f64e', '5b8acf06bf401722', '5fcad513f090a12f', '6239ab6a30422660', '69983dc039c3c69c', '7cd1245b3eb08de4', '82177c30fab75ce7', '8833912bb4449c0f', '885a97ff2487203f', '8d3f5cc905daa5ce', '90b90133ddaddabf', '90f6b27f127af949', '95a012bd3e7aa34a', '97c35db3d31e6716', '9df48e6ed52e73a1', '9eeb279f6237da7c', 'a89809aaeb16d438', 'a943b43d1b128af2', 'aa1339946e2afb5a', 'ac0b4ff9b5c91417', 'adc4b4f68300947c', 'b10d239fedf871bf', 'b3049d36250f754f', 'bdbda4bc01e6b1e0', 'bdc5fe7341c749f9', 'be99e29f241899b4', 'c055dbfd8b5a792b', 'c0f4e445e19c2eda', 'c74cf207c5e54437', 'd69c0f3b3142c20f', 'd915291637032d45', 'e192e5d125467327', 'e6b82defc77aed14', 'efc6998f2f0a7fbe', 'f41822af884e1efa', 'f56207f971af148f')"
316,multi_start_hill_climb,A,316,1024,budget_exhausted,4.485625365676489,252bd1cfe1f00083,1016,2,5.295,xgb_boot5_sklearn_gbm,0.9385884509624198,0.076076993583868,4.329795918367347,0.0,3.92,"('0a4366703e67e8fd', '10257efe87244b0f', '1477091288113255', '16744060c4401281', '17f0e24eea4ed575', '235e5b5fc31a9cb7', '24fa66b2f8e35006', '252bd1cfe1f00083', '264af08f24461221', '30d18ab0a98a4f53', '34aec4e3e200ff13', '3653d53338e72695', '37e5bdebb8bf9656', '3b5d74075a97d862', '41347e4200116bd8', '4e38f6a8035d68b1', '4eddae14485aeba7', '5a6afe2f1c488a31', '5eec29308090ba7b', '67475d00eda7dc2e', '6bb30fd3181c7643', '738b4b8fe7ed349d', '73d3dff10d144793', '7512b6d1c66c61a1', '76d64594edeb850e', '78504db3f3a4a018', '7c871f0960e5ccdd', '7d45b3fbf0b12e5a', '81856c207390b713', '920e69b1f95b8e7f', '99d33286ec4381ed', '9a858b401b31a1ab', 'a4dd492fa869e276', 'aa61142f70399f48', 'ad0b1cbbdf830abb', 'adb051a7221c2a46', 'adc4f0b0f9914aae', 'b0efdf8de665a64f', 'b5bcb4e628e8ecb7', 'b8beb797a86ca004', 'c7d59ff6a0dde193', 'd6c1fe77b335753b', 'd921a1fd8aa87b37', 'dbdd56bb75fa9623', 'de9c67e17eff52fc', 'eb2bca2b81030ae5', 'ebb2a11efa1d79af', 'ee6a7c9b167d3692', 'f635e01df1c65310', 'fa6db8197e18b397')"
316,multi_start_beam,A,316,1023,stagnation,6.359905061128175,0db42831e2015e04,1015,2,5.091,xgb_boot5_sklearn_gbm,0.9941690962099126,0.021379980563654033,5.213061224489796,0.0,2.32,"('09060063742948e0', '091dc1e6cf497aa3', '095c16ac5b74b843', '0b8e1fa4d419226f', '0db42831e2015e04', '0e95af8bb235c027', '10cf832246265530', '120b9b3170218eb8', '1755f2c28f5f89db', '17bfb561a0c5d89a', '1e08ccce17a69fce', '20f3942771700456', '2726d1c26ecadedf', '2d43e17466e6928b', '32e9cb1a4f91fab8', '37e5bdebb8bf9656', '3947cda465172508', '3b17ccc0bb908387', '3bdb6a659da120e1', '4666eebd83ca4266', '46928d13cedcc8fc', '5489856010b14b19', '548e5d12bbfb1909', '56049c3ef06403b0', '5c090e2e34f19ed2', '5c35ff1f39b04278', '5c71da354bf3bed4', '62a898b2396faba4', '62c69cab85988ba7', '63bcc51469bf62ed', '66217cd62e80a898', '6cf68e6566f0efed', '781fa49e4f2bf1a0', '7def6a443c590364', '86ef168304a52316', '93bb30c6cfb4e4e3', '9a8b5d3c3624e09f', '9d4c151abb8be64b', 'abea4c6d7c8cb17e', 'b2db73aee8cd2460', 'b729fff56eb00339', 'b731acf6dd14b845', 'b9dbca935486af44', 'bbfeb6474148c7f1', 'e279e48216a12ced', 'e34a753aae71fd7c', 'eaa3f925d9bcd7d3', 'f21d9b9f7e54971e', 'f9fb999f9c0a50eb', 'fc73a1b4a1e4c1f9')"
317,matched_seed_random_walk,A,317,1024,budget_exhausted,10.236244634815918,51123ddc1b6c35e5,1016,2,5.308,xgb_boot5_sklearn_gbm,1.0158730158730158,0.0,7.549387755102041,0.0,1.8,"('042e9ea4178292f1', '0666a1b5aef202ca', '08f418c3b628f3f3', '0efe24d7effe3b60', '1b38319d3520496d', '227870a58138c70b', '2b4f6a61810c99dc', '2b63368f00990e28', '2c77352f41c8ff8f', '2f3aec49b8ae8859', '34a6678283e5a080', '365f1c68309b722a', '3dde0a97868d3aa0', '51123ddc1b6c35e5', '54213fee8aa48374', '5489856010b14b19', '5b57b5feec889666', '5b8fd0cb311fae93', '60687115b59159cc', '6284aac8457f57cc', '6c85ede53260538e', '7205483cb987af09', '726122695c9cd472', '72e0d0026b7d3a22', '792b8a00e304eb61', '8848ff885a10cd24', '89758f5690b98995', '8b5a67b71192b609', '8e50f0fcf661145d', '91522848a316e049', '9f85306f0bb48709', 'a68752227390b206', 'b6e83665a1278d5d', 'b71433387844162f', 'b8d872c64ebfc59a', 'bd8a37de80167a3d', 'be99e29f241899b4', 'c0ca67120ed8684c', 'd52758a997468c27', 'd56f95e1c8cd1568', 'd76da4db0377d07a', 'd809456b0170e849', 'ddbe37656b35ed86', 'e140afe535d479a8', 'eba7c412fc8cabc3', 'ee3584b7110bda3c', 'f7df05b7a3c27d1f', 'f7e937eed6e924c7', 'fc476f7569a5a5d2', 'ffd9305e164cc229')"
317,multi_start_hill_climb,A,317,1024,budget_exhausted,4.215523432650305,fb0a131e615e5317,1016,2,5.225,xgb_boot5_sklearn_gbm,0.9394495412844037,0.07522935779816514,4.02204081632653,0.0,4.98,"('0c4d8b048b1162b6', '128df2f02e92fb20', '19f7a8b49b9a7ef6', '1e83f1ba2acec1b1', '1f5d8ca9ceecf44b', '2b4401a31fbba53d', '2b8d42cfd8640950', '32a12a1c39014920', '334f5e6542cc73d2', '34e89eeec66af234', '3aa5f363cfd34038', '3dd550d068c86ff6', '3f0597b74d03f674', '431c76dc78defde6', '4849e28a38f0a3ac', '4f38190c3cddbdbb', '4fda51df556165cb', '5ceab1b0a51c1b1a', '5df61a33776e19b3', '671e631ff016bce2', '684f22f97dc5110a', '708b579346d6288f', '768c4b7f200d2ec2', '7ad2bd1338e6b81c', '8277cb1295c76b85', '8689010556492a6c', '8f3679faeca1955e', '8f70468275ac94dc', '9121943086aa21c3', '9279210a8c85181c', '9701c4cc70db52cf', 'a070e19a9ade8912', 'a9f01c7a07fc3e6e', 'abc8f6818a5a82d3', 'ac0f766f5eca975f', 'b16839b535db6030', 'b909fe91ba745288', 'bf84305a76035897', 'cb5bb688b507b802', 'cf64d5a3f62d5437', 'd3152e16b36903fc', 'd7c9c94778c6f302', 'e57152c7d895f113', 'e59d56e5da97829a', 'e877cb37e88e81b3', 'eb132558645159bc', 'ef83737cd7b5383b', 'f1c1484a3c6fe413', 'f6e9bdf7f561c9e5', 'fb0a131e615e5317')"
317,multi_start_beam,A,317,1024,budget_exhausted,8.421098615195692,cc339d7cb8c91619,1016,2,5.073,xgb_boot5_sklearn_gbm,0.9808429118773946,0.034482758620689655,8.245714285714286,0.0,1.92,"('03afa65de2c89cfc', '048c3a888881d368', '0666a1b5aef202ca', '0a81fd478463d201', '0cb16e2235914003', '1e473ce95edc03b5', '23fe80e7f3f68880', '262283d5770bd9bf', '27e65f62310027ae', '2b2bb4ff1f0d9d35', '2c77352f41c8ff8f', '3053586be0b95f99', '31eaa4c65d5c7786', '37c2c2b8e565a8be', '3a26c4c40bfe447d', '47f237b4dfa396f2', '4ef820a32007bbb8', '5489856010b14b19', '56cf515ac01877ac', '60687115b59159cc', '738bf71c0b8780a2', '75e4c48bd045f789', '79dbcba68c897cfe', '7a0e2d1f4c416c5a', '7a925c3bd0c76242', '7fb22e792a5262ae', '8833912bb4449c0f', '903d2ade83c3d181', '9126155ff711b1fd', '981559229a574fb4', '9d5de478fdd0c8ad', 'a2351dd7f1bc15fb', 'a4e64bdf34a56966', 'b0ca6941c0d74cef', 'b1b8b57630c971b1', 'b7077c03cefe3a1e', 'b9135c304bab2912', 'be96f6d0e7bc419e', 'be99e29f241899b4', 'c2ba052b60555e4b', 'cc339d7cb8c91619', 'cf84d3a06a89f6cf', 'd0fef956bb205d3a', 'ddbe5f4f3acd954f', 'de63c67ef91c2a60', 'e34a753aae71fd7c', 'e645ac3c21d1e64c', 'eb2aacee80ee7752', 'fef8bf9ab0056c25', 'fff95025c0e2c91b')"
318,matched_seed_random_walk,A,318,1024,budget_exhausted,7.0136395752439515,0b5c5a829a107188,1016,2,5.205,xgb_boot5_sklearn_gbm,1.0158730158730158,0.0,7.8008163265306125,0.0,1.58,"('0b5c5a829a107188', '0c5b3e653e4e11c3', '0f611e1d26ae1704', '104966ce3f285aa2', '180c98113f2dc6f0', '19327d395096f752', '1ebf6720b619a6ac', '2136ae3b7c549ff2', '23032e2a3d83ed56', '24413b6facc99e9a', '2b366ceb41aef639', '2f05e06b5f48a907', '4049c5d1261b7468', '4112a36a51a43bd4', '4f910369943a302f', '5ca45b59586d342a', '5dbc3f1ddab4bc91', '60cd10e41bf6ad6e', '63a88f65e90d7cbc', '66cfdd35a6057481', '69c450885f7c2bcb', '6c5e9b584807ebed', '788c66fc0d2eb9a2', '7aa7304e3f56ae40', '7fbd5e450088c4a8', '8596e2f113d076ee', '875f3f7705575515', '8d2e9fbd33b79960', '959f1e283df84a00', 'af2a78fe95e37dec', 'b32e41f621435a9b', 'bb3c6c5428707113', 'bc9858f111824d2f', 'bf4e45d93af39b76', 'c154cd0895019f81', 'c2af9ff35f42007c', 'c7a5eb476f705898', 'c9a96b40b1d22112', 'cbfa5e4a1bc31765', 'ce22e8d51c2e56fc', 'ceba268e123157c2', 'd1cfea46b03e1514', 'd456de3f07bad05f', 'db7a47b51b6fb6fc', 'e5795d4f4dafa165', 'edf10b9a03574c90', 'f2b3d3c23a110e34', 'f7355cff2dece114', 'f82afa6549969a46', 'f9c70f80ac7d7922')"
318,multi_start_hill_climb,A,318,1024,budget_exhausted,1.3293686630990647,ba14051e986e4b6a,1016,2,5.516,xgb_boot5_sklearn_gbm,0.9351598173515981,0.07945205479452055,4.968979591836734,0.0,3.66,"('027e6f44e21ea5c5', '07f110946e7a93c4', '082a1a42d52ef5de', '13d6c858276f216f', '1cecd0eb9d7d6a67', '24857160e63bc585', '2b1a0bc63d9e1707', '2c6e74d4a279ad4b', '2f8e8c00c469074a', '329b2ac9c3de200f', '3341b77c1825f1b3', '3351a5fda61ff348', '3656e62bc0782c35', '44e752df5dbda1e4', '472f029bab4aff16', '4f6af64c0635c074', '55562092ae33d306', '5886a10c0a90c393', '5f8c918d2a60700c', '610dfb0ca25858b0', '677d88a284de4be3', '68548856c7a6aa8e', '6d61e298d71f7098', '71f26dc54a666252', '747b04c6321c6890', '782acc7c7e12dd72', '7c388034a5a17d89', '7f6c8ba5516de96c', '8a053a63d96b79b2', '8d91fa67b4a1fb7d', '8eadd421baf0b902', '8f6b95885cbc2f62', '9579eaef251d2668', '9b0cfe834f707e4a', '9bef24eaa7da7680', 'a4675a78b5097280', 'a51c1c5336374886', 'a9defe79ab6d132e', 'aa4e7429faed70e8', 'ba14051e986e4b6a', 'bdbcf6ce279f1bfc', 'cb68ed1571686d43', 'cc95765e1169388d', 'cca08658a8f629a0', 'ce2ee013c9ebae2d', 'd19afc953ee97b81', 'db738d2798989c79', 'ec80db1bf8706953', 'eeba57b1f1b90a29', 'fc9f69a937f333a2')"
318,multi_start_beam,A,318,1024,stagnation,5.077275540985402,e687b2888e47ece1,1016,2,5.181,xgb_boot5_sklearn_gbm,0.9780324737344794,0.03724928366762178,6.64734693877551,0.0,2.0,"('0202db2e2d81c184', '093bc12da40be827', '0b143e94e9208d55', '0f0ed5d8e8e39b17', '127e5cb758b93e10', '176947e703349551', '267dc1f0ac2daf8e', '299ebbd2e8947af3', '2f05e06b5f48a907', '31ef4814ecd347f1', '35ad127dd1ac1cab', '3770d2f97f7e7d49', '3cf0c37e172e4571', '42677c2e8b3f4232', '5698088fdd8d2ea4', '5989189ad753ff06', '60b35feb6777c9d3', '63a88f65e90d7cbc', '6706d1e2c2f34a62', '68b091b53de7accf', '693b999c3e117208', '6a081e21c4209baf', '82da3b050e4ba365', '8f97373cb9853a68', '9b83068e30cc2e24', '9c160507231df1d2', 'a1c947ffc41405a8', 'a542f3b1c24e2822', 'ad9d77055c7798d5', 'b8c39e0a533c0f5f', 'bb3c6c5428707113', 'bb9af7f91372bf7a', 'c2af9ff35f42007c', 'c551a6c32664fd47', 'd04a9db1589fa7a0', 'd456de3f07bad05f', 'd6a7fad43a1e6e0c', 'da34f8e17786c9b0', 'dbf092fb35a8ea25', 'ddb09dfa46bd181c', 'e0970e410e7bd742', 'e45166463ceabd3f', 'e511f9850850ffd9', 'e687b2888e47ece1', 'e73be45dc1fb63f4', 'ebd2ff4594754189', 'f0bcd3e66278fe50', 'f3c675a9d4e1a78e', 'f82afa6549969a46', 'fc821c4e304c97b3')"
319,matched_seed_random_walk,A,319,1024,budget_exhausted,10.955043185554382,54f38bfb7a06bd3d,1016,2,5.217,xgb_boot5_sklearn_gbm,1.0158730158730158,0.0,7.575510204081633,0.0,1.8,"('031e92895aa8366f', '0a79a24239d4dd29', '0b9f978fada6ea0e', '0dc09e09e1e831fc', '0ec44052857115c9', '114abe3625e18958', '1dea344f62cdc7b1', '1ee0881ef0cae21d', '20c29f219c78ea22', '2c44376bc1eb3b7e', '2cb717379c887283', '2f514487c3479033', '344e817417517064', '36140209a4c36d56', '3c9285de5ca4f987', '536ed641c416aa79', '54f38bfb7a06bd3d', '5879de9fb1b8b9cc', '59f9af2c2aee96e2', '681fef6fbabcde96', '6f0fb5816c811fce', '732ed7decba716ae', '732fb61e997c8ed1', '7f8d13f5e0ed16ed', '96d5c674c1ac779e', '9d21f715cca84ad6', 'a577ee556cf92b27', 'a5ea09f291ee2dbb', 'ac7feb83a807e643', 'afb2b0739df50652', 'b8773001987431ff', 'b9e2d5e790b1af74', 'ba678fafb22c9bb1', 'bae3f1c31131d4bf', 'be46ae34a8742707', 'c626451151c21a4f', 'c78cd2858ddddfe6', 'ce9e58aa79d4d605', 'd783b507d840aa9c', 'd7fa3101a8556dfa', 'def688615d3a4fe0', 'e2e06c3a36274bfc', 'e92b79ee52e791a2', 'eaab30433f1bf39f', 'f292cb87c29be4c6', 'f3d40db579434e93', 'f5f259b2d395d02f', 'f678c65879868a8d', 'f7af28833e70fedc', 'fd58551f3504665a')"
319,multi_start_hill_climb,A,319,1024,budget_exhausted,7.65868594885233,973d096be929cc7c,1016,2,5.403,xgb_boot5_sklearn_gbm,0.928377153218495,0.08612873980054397,4.344489795918367,0.0,4.9,"('01a42ec8f1ce13b2', '0b3dc7c4cb7b2b97', '0cbf29cd94d5d8b3', '0f2ecb96c1d43ac9', '11411016056d3f04', '122b46ecc2d13cb3', '2293cc4d92f9a957', '23d8d5003b552447', '2728f20937825743', '3339010e6f079456', '36c2953acfe1aaeb', '386f4969d2439638', '3e521a568e36793b', '456b952e2dbcd3bc', '45926e00c1045658', '586c2f9e94584697', '5f454e23271e35fe', '6036a71aea9936bc', '618d500cc392eea9', '6b234124579f1e30', '705c4307aeb09681', '73c4193098deeb6e', '79f1b02ef6757b20', '7d11ed6faff82938', '7e1aae96a5d42f02', '7f57eb3cff3c33e4', '802d8cc2fdcf5fc1', '81186e58e53beeeb', '829c5d737b39e034', '913c94c1e82b280a', '915a6520691ed75b', '973d096be929cc7c', 'a1318404cd0196df', 'ac01846b63fa876d', 'af3a0037edaa9a48', 'b39f44bf73ba8b9e', 'c95ef5a21916998f', 'ccf496d080a6bf85', 'cf871297d9ee0f93', 'd3bb4fda1c534a31', 'd5a7798ee4bcd1ab', 'd9d6e5045b9cf601', 'dcdee55187ebb8a3', 'de2d4cc0f985ed45', 'e518ea0036ac378f', 'e9feb964b0d2344f', 'f80f7c023426c433', 'fa8e0c44e836f23d', 'fc5cdf74d370e9db', 'ff415273d9dc8f89')"
319,multi_start_beam,A,319,1022,stagnation,10.7747425260965,55adad053483a09e,1014,2,5.059,xgb_boot5_sklearn_gbm,0.9705603038936372,0.0446343779677113,6.5869387755102045,0.0,1.78,"('0124a924e551088e', '0276935db36f4865', '02c91c5c9bc1d982', '032a67104e4d6c40', '0d3a87d4351f10e0', '183002e3a8bbd967', '18609652c4e92939', '1fa2d12c797519f6', '20aa826f34fa2c6a', '26c83343a4c56b89', '2b0cbaa516cf992b', '2fad761b28a12a5c', '3b19d4b298bf017b', '3e0db03645a04516', '3e5fedd4f83f54f4', '407a21e06b464f5f', '4895760041f766cf', '499790c5aaa81af6', '4e56309a7c6ef3ea', '503c04e2a0f5651a', '54f38bfb7a06bd3d', '55adad053483a09e', '57a4a5c9fa8b1b43', '6ecabea930437cf4', '7d17b951b644cbb0', '841bfd22aaa64d96', '8a8843e92b3af8e5', '8f54aace0127d5fb', '953bed87cf3b7fee', '95d403908356b54b', '97a838c98722c774', '9815efca7dbdf76c', '983ebfb66a7be1f4', '9a30fae046e1aade', '9e2a7f2df1fea0e1', 'a1d43d53251c489c', 'a4a9839a3d1fe6b5', 'a5ea09f291ee2dbb', 'a91fdcc4f529fe9d', 'ade047c9a7693700', 'b0552e09e7129e93', 'b31cdb49ce5b81b7', 'b4c223ac216b4bea', 'd1367e2cd841a080', 'd250bc02f5d2ff99', 'd27fdca85ec5030b', 'ef5544763eb0a18d', 'f0bf26ec9a7fe568', 'f515e337223a0693', 'f7e266ae616cf3fa')"
320,matched_seed_random_walk,A,320,1024,budget_exhausted,6.923156654689516,19404cc643512ed7,1016,2,5.433,xgb_boot5_sklearn_gbm,1.0158730158730158,0.0,7.780408163265306,0.0,1.94,"('03afa65de2c89cfc', '070e424ad3ba864a', '1322b1f6912b5139', '141122b2c37786c7', '18e9e7664940aa6e', '19404cc643512ed7', '1a59cd01783f730f', '1fa0eb9f7df2703e', '21323f0d75fb1371', '306885c94fd5f0da', '335b496dc42d5e88', '34ca38fae8367324', '4c7e821408ceefcc', '4e8f1a4cad003219', '51123ddc1b6c35e5', '51d1b99441f3f4aa', '54add76e01871e25', '57cc320407c966f8', '58efb8ab7648d2ed', '5eb911581ed01630', '5fc77faaca2da75b', '6573c4a18e3a8069', '681c3a1c2a8366d3', '6871cf421b27fa1f', '6a8c6e2d265cf057', '7453ab1f592f3252', '7504c0391618469d', '7e2098203d8812f9', '815a310e431bb17f', '91522848a316e049', '989a7686b0f3755c', '9c50ef01914089e4', 'a44ecea1f817df8e', 'a6be1758c6422c26', 'ae1cc5524d277b12', 'b7077c03cefe3a1e', 'c37c90ec41e040e0', 'c783214a2ed0c6ac', 'ca2d62576fd385fe', 'd2555e48c1c2de76', 'd3cd93363205a52c', 'd560cb64784c8f3c', 'd5d7fb688fc4e6d9', 'd8bf53e106593e8c', 'e38ad832ae12bd20', 'e3ef480a6f4c283b', 'ede6abee1dab1aec', 'f46bf4b5ee2bef6a', 'ff2e8c044a902786', 'fff81708a0ad9ffa')"
320,multi_start_hill_climb,A,320,1024,budget_exhausted,3.512049246554909,2f06a08de9a9df6e,1016,2,5.247,xgb_boot5_sklearn_gbm,0.928377153218495,0.08612873980054397,5.3093877551020405,0.0,4.4,"('07db3afe4440f654', '0997d51f86aaeef4', '09ad738857315be0', '183ce61da1c5b429', '1f57192890c5b53d', '1fd04c0133ceb5e6', '2aa8288229d6eb73', '2bab678a6979e9f6', '2d5d97181616a589', '2ecd1b2428ffd1cc', '2f06a08de9a9df6e', '2fbdcfd28f2a15b5', '327c3e9f570f85a9', '342d41a69f0c4bac', '375e781b7202f711', '467a5da4bd50b56e', '487590c0056d4170', '4bf83f210044c00a', '56a9a9794926bedf', '5d425e0039cbe2a1', '5efef624cd441316', '72d67dcee01adb7f', '7f1a446ec62bc929', '7ff025ad01bc3a15', '7ff7abfd9b3d2212', '810bb13140fc1ad2', '8adb9d85679094f9', '912489fcc1b07215', '95ddae2b7903972e', '97d35848138ca3f3', 'a421c3a23d770ff9', 'a601fa1118644e8a', 'a7a788691c70163a', 'a860b49c0ced1bd3', 'ab0578f63dde3046', 'abf1927329712a8b', 'af9f39f99270b527', 'b62b3ab9ee354884', 'c26881133380405a', 'c8dc964949fe0f69', 'c9d873250912b936', 'cacdf06d2783fae7', 'd6760ad87b6c3d5e', 'dba732ab1e1fa2ba', 'dd51d04271fd47a9', 'dfb1c3da3ce0a473', 'e8d22d83db31870a', 'eec9c29a4d658558', 'ef18add178105d29', 'f2581eb9a304d1e0')"
320,multi_start_beam,A,320,1024,stagnation,7.280426680241296,9cab3c8295137cc5,1016,2,5.667,xgb_boot5_sklearn_gbm,0.9770992366412213,0.03816793893129771,5.498775510204082,0.0,2.08,"('0640dc52f8a2b479', '0a1fbfe8b8767347', '0a37636c7307fbf1', '0bc039c42936d739', '0dda5108d26cde96', '0eadb790f0bd3e96', '18c71c23a66e2ce7', '1a2188cada68f355', '1fcd9830afcb655a', '2136ae3b7c549ff2', '293b4dc13bd6d99a', '2bbc1cf2f464f1f4', '2c130ae15aa41aca', '2d9e4d42f08bcdd0', '2f87c98d8870db9b', '48f855a3d52df31f', '4e8f1a4cad003219', '51123ddc1b6c35e5', '535a78727622af95', '5588a271bd6e857d', '5877057109893dec', '5cbca61e2d0c42d7', '5df149b84688be2b', '5fcb12db4f1ff17f', '6241248096a43261', '6780b5434ce57642', '733a24310931f605', '7840a7d3d9ed672a', '7b31e082e0eca685', '854e74da7906b510', '94d26b1caa1832fb', '97cf22b538008069', '9cab3c8295137cc5', '9d5de478fdd0c8ad', '9f0dc007d519762b', '9ffa664bbb149963', 'a5f638f423f67808', 'a8d95b06dadfc9f9', 'abf2b1396b89d254', 'ad521180a5a76619', 'b16cb3166f7840fd', 'c316ba42f208593a', 'c3bd762f2d939436', 'd7fa3101a8556dfa', 'e4b5482fe43f1555', 'e4e23c9bb8f85517', 'e76fa7ff9952087a', 'e8f16edd5e09b994', 'e91bd00da988bd6c', 'f6ecb30ba1d5b4cf')"
321,matched_seed_random_walk,A,321,1024,budget_exhausted,10.739949422720313,120222a2a28ac619,1016,2,5.43,xgb_boot5_sklearn_gbm,1.0158730158730158,0.0,7.841632653061224,0.0,2.38,"('010f5d555e588235', '01fe8f9673d2267a', '050bbcb7b88c3181', '05f46f0f47f30b6c', '0b143e94e9208d55', '0b2a6a852b4853a0', '0f8d94d7f89bd449', '120222a2a28ac619', '19be58922ac52d2e', '26e28f25e1db486f', '27a421c922afb4af', '341e61488db254ef', '37e31e8e7b6d9bca', '463e1ecee201261d', '4d2f6b690aa59cf8', '4f3a1651bd9e0f2f', '5db9c18677b11a02', '5ef07def0fdf3d5f', '6178bc1e76b4dbc5', '69c450885f7c2bcb', '6a576f56b83b31e9', '7427adfbd3eea607', '76cfc438e827683b', '7bcad1abc02bfe71', '7dc370fd713096fe', '8233fbe290d2e612', '8465ce68f0330a8c', '9793433e6f3a0fc4', '9a4d93fb7aa9d1cc', 'aa5fb16306458510', 'c0b86b4e80f19072', 'c1d20b0e4d82d032', 'c4b1246c7668b2e3', 'c551a6c32664fd47', 'c5a95d8dd2bfd1f7', 'c620fe3caa27ef53', 'c6747bcea68f6399', 'd38f07cad56f55f5', 'd40b42e6a81329a3', 'd492d744a80ef42f', 'd69134a79a396afc', 'd693c8b68db383ee', 'd95c91c9cd8f0fb2', 'da6298b4b0b0cb94', 'deeb983ab7ba8a72', 'e6ff2be36f91b777', 'ebe93fcca786a7d2', 'f1d7c41c20e1ee01', 'f3bc3ef6abe70d1c', 'fe2f841cd2fb39bc')"
321,multi_start_hill_climb,A,321,1024,budget_exhausted,7.457422400833271,9e7efa6a7825cb8e,1016,2,5.326,xgb_boot5_sklearn_gbm,0.9266968325791856,0.08778280542986425,3.5510204081632653,0.0,4.74,"('0114299fb677f1d4', '082989bb237ea1f4', '0d4699db35e002e8', '1bc49999b59d23e7', '1c3d6712d0508601', '229b2f83efb2f54e', '2da0a3f114f68a45', '2dc160257878c1ef', '2fb3bd4b8790008a', '3e9e4c7ba2f3e211', '3ec6f142dc2532a3', '41bc7fe0feed7022', '4eadcbf5a457e33d', '524bbb923e1fdba9', '56e2188390e5f190', '75a828587b1508ff', '768e48ff64288da8', '77d9af4a4bc11657', '830f4be0551e8a53', '84664f224a0905fe', '8e3827c972913fb2', '946c8ef585afcd0c', '94afef94a8320b1e', '9e7efa6a7825cb8e', 'ac47955121cb4ec3', 'b41caa6cee0608ff', 'b7570df1ba0d98d4', 'b7e44f8767196bd3', 'ba323a06dafeb1f9', 'c05218ae1f04e854', 'c2ac9e72249a7a34', 'c37b2083c5bebee8', 'cbbc223f36940b43', 'cc24cabb7c138829', 'cf84397d4836e4a4', 'd0f2ec462a53c91a', 'd138778b997c73fb', 'd1a5161ee07e640e', 'd1b4ff52c6648dd1', 'd4a0d86218cb451a', 'd523588460f7ae8e', 'd74929223925861c', 'db34e0f2dfa2e433', 'e55c755c184e6b3f', 'ea495903b6a91cfa', 'ee25dc83b99f13e9', 'f5bb461a084250cc', 'f65d3cddb8b1176b', 'f938835dc13803ff', 'ff475ff2d7e3c32e')"
321,multi_start_beam,A,321,1024,stagnation,7.950884015984639,94c5dc73cd3582c2,1016,2,5.343,xgb_boot5_sklearn_gbm,0.9865125240847784,0.028901734104046242,6.469387755102041,0.0,2.12,"('0657d0a224c2ce48', '0b143e94e9208d55', '1c7e605a20c9f23e', '1cd4301d5c68766a', '1f22e714ce22f2dc', '1fcf264f53a1f4c3', '248d82fcbf585ffe', '2679d38b94fdecb9', '2a2e99a7b8d0272e', '2a38105c177cbd94', '2a5e469f44036a21', '328e2791baff1bd1', '35ad127dd1ac1cab', '419e206ede58dec8', '4854a663f247b930', '51ec5dd13000b7c0', '5578fc6f68048d6c', '55a25ce4b09eef62', '5d864f01e0a136d2', '62caa42d2c0093f1', '65ba1c9ba3d9f5e6', '6d389cd5eab56b93', '7c44e26b6fd45c80', '7fb729da702f02dd', '86cebf530ccf672e', '89827ddc48b7d06a', '8d1e4bbc01301f82', '8fa72aca427249d8', '93a3d43423537660', '94c5dc73cd3582c2', '9793433e6f3a0fc4', '9ba222c984827b23', '9f34e77f015cab31', 'a14200817f54af85', 'a812a5e1e09f2f08', 'afffda0f120b4a92', 'b10b88220b3904a9', 'b17842317c90e3ac', 'bb26693d6813775d', 'bda03dcb11541535', 'be31f4cd11db8ec7', 'c27cf8d394819c2e', 'cb3bfe4d56dadf05', 'cbd76163c89e7524', 'd69134a79a396afc', 'd6d6cf645a8d2677', 'db4aa4afe816f254', 'ea867daf3f5ee01a', 'eccbc2cefc5f7359', 'fef79b5e4955c339')"
322,matched_seed_random_walk,A,322,1024,budget_exhausted,7.5413038416793015,e9f010fb5db6f552,1016,2,5.201,xgb_boot5_sklearn_gbm,1.0158730158730158,0.0,7.12734693877551,0.08,1.84,"('0419e5b060249878', '0aceb620fecbfa4d', '1739080fa1bf83e3', '18586028cf498351', '1b9c008265ad1bd0', '1bf5161074fe9144', '1ef6ac3bd669f1c9', '26b50a28451787c8', '28dcc258e41ec35e', '2cf9c20bdc29ff20', '2d6529102dd9098f', '2ddbb0be775cdee4', '2dfba790d887e5ae', '399f10461f360448', '422f191dc910cc73', '448c2794dfe0495a', '473f40f4518468bb', '56f9bcceda536539', '5972fb520a237301', '69c450885f7c2bcb', '6a2d03d1e78286ed', '6c3092643f8d3234', '714d1e7d374c5005', '76ee565bd5ed7c69', '79e11e39607203a9', '7e57aa8a7a9cbbfe', '812ec77b6c79be1f', '8142ad93c462aa02', '82aeb4734b08be46', '8ec989ef70d3b911', 'a2164ddf8a6e906e', 'a9a29aaf179bea6a', 'a9bdf3e2d6aafb1e', 'ab2debfbee572a65', 'af1754b677b2f70d', 'be3ecd771a68c201', 'cb4a3a89eecbcf59', 'cdac9436a0b08197', 'cdb801450456f43e', 'd05459a62af94e20', 'd26f915aee7eefb2', 'da64369264a642df', 'dc55256854c56bf8', 'df44e7047dd0aab6', 'e562d45945f3d9f6', 'e9f010fb5db6f552', 'eb19cf6721a9b352', 'ed8023627e5b47de', 'fa0faf1eed652bdb', 'fe416cd66f1a55d0')"
322,multi_start_hill_climb,A,322,1024,budget_exhausted,3.251911703977364,06113aa353f6728d,1016,2,5.715,xgb_boot5_sklearn_gbm,0.924187725631769,0.09025270758122744,3.6016326530612246,0.0,3.88,"('0111c1156497d895', '06113aa353f6728d', '06ce763e391655db', '092c6a909485d0c9', '15816c073c84b4b2', '27ede842ab13af04', '29be36c1e4cbb1a0', '2aeb165e498c952b', '2dd7254a42302744', '30677e4014cb8ca3', '345c4c4f6448dc89', '3697b3266badf0ae', '3d2115e56460eba8', '4533bcde0b83469a', '4a0617ea30b9b111', '5203f70e9fa1cd4e', '55e0d07d1bab66c3', '6a7e374767b24534', '6e33c69359001d22', '7017aae9c1a6548b', '733aa6b6777cc22f', '73d0d8222c3445eb', '7444dad4c4cc944e', '800cfd5966e8080c', '8519cc5957047e0e', '8692aa6ae7390a17', '884da727fd0689dd', '93ecc35ef1a33481', '9554060e8a136b2a', '9d27fb8433a6f87f', 'a085a4d0531866b2', 'a206adab5ca004e5', 'af525427639a9202', 'b37435b7892f8c79', 'b5da30c85d0c3fc8', 'b89dbc95d0d5542b', 'bbceeac6f6735214', 'be5cc3977eb0d1dc', 'bef0e7c75f43670f', 'bf4c75fa30cf615f', 'c1a755c91eb3e559', 'c37abf97a90bc74f', 'c99d2f8ebd336693', 'ce793d704c70410f', 'd5efbf667cf14885', 'e15e6a1bbb857019', 'e25c82f56cf3d9f2', 'e7c7cf5f7ac487b0', 'e8fe65c35f6d7ce5', 'fcf1c67b4b444125')"
322,multi_start_beam,A,322,1023,stagnation,6.130820383049088,df27120376f663a1,1015,2,5.172,xgb_boot5_sklearn_gbm,0.9836538461538461,0.03173076923076923,5.244897959183674,0.0,2.0,"('03ea240148721ccc', '0ae0c0e314f04462', '0e950c49ae596cfd', '167819ceb411e8b2', '16c72bfc2507044f', '184e7c0ef8f23017', '1ee3fe4c663b4046', '2dff0532eb8c0cfe', '361115bb8892373c', '399f10461f360448', '42ff3aa9c67b6892', '4300938f04b87965', '4533bcde0b83469a', '47aff134e254b0ec', '4eab639ba77194de', '55132f57932eff5b', '582f62afa5dccc01', '598b781f4ec98f37', '6596cc39ff5a86b8', '69e9ec0d3a9b7789', '6eb039c12f3b216c', '716015a34f4b99b7', '72a66b4b3cc3b6bb', '7444dad4c4cc944e', '74477f9f6565b204', '7472f9ce79f1077d', '74f8327953d6bcad', '7787b249350aea4e', '7e57aa8a7a9cbbfe', '7e70bcc750fd50bf', '91cdc3ea3875fdbe', '922acb8f067d413f', '940e43b17615ee47', '9430ac863e80b7bd', 'a4b55916c46c8970', 'b89dbc95d0d5542b', 'bf4c75fa30cf615f', 'c074402835706284', 'c9919d975ce9f131', 'd1ee5884945410fa', 'da70a1c31ecacd18', 'df27120376f663a1', 'e0acecc8645e7d70', 'e449da9cde4a6d85', 'eca865de17148be1', 'f75faa1ac18af177', 'fba648c81336ffa1', 'fcf1c67b4b444125', 'fe416cd66f1a55d0', 'fe8f967beca23195')"
323,matched_seed_random_walk,A,323,1024,budget_exhausted,9.561101977239858,5aaa1a489c965044,1016,2,5.21,xgb_boot5_sklearn_gbm,1.0158730158730158,0.0,7.355918367346939,0.0,2.14,"('0a698fe5488426ec', '0dc09e09e1e831fc', '1a6c27143e7c8ac8', '2365848a887474c4', '25bc3085ff6932ee', '2859b816ec1af9a9', '28624446e33e185d', '2a4d3364a7bf98c0', '2e88cbc4d2fd4d23', '2fe2a843b5b65022', '3904fc08038f269f', '39f0d47fbc3ba30a', '3e0db03645a04516', '46a31235768064d8', '4816d2b66cdad081', '4c6afc069ec46d71', '4d094ca3f0282f71', '566d25897a18cb27', '5aaa1a489c965044', '5cfeffc63dcc7e7a', '63e08a632214cd21', '6953ce29b3ed5a4c', '69a7c0995f3de141', '6cdedc54830e2ff6', '7e2a678d7c9fd250', '7faab1199efc4a8c', '8233eba83bdd063f', '855309939d56e4b3', '86075b1d6250886c', '878260071fff05ee', '934b0fd5b3e3dc00', '9a8ce03a9ad9cdae', '9b60db86e4c9133c', '9b73f6773eb89174', '9ddfbc24074c858b', 'a2c0378a3ec6c257', 'ae1cc5524d277b12', 'b0e1458d7a18946e', 'b38e41f083fa5e70', 'b563f469e0e87352', 'c5796d3ba84eadf9', 'c75afb55047a2608', 'c8b8e7af82410737', 'c991388e50edf1c7', 'cc2f0612987b3a04', 'cc320031b4ce8e6d', 'd553a028f005ad86', 'e044c0dc0f0534ac', 'f9926d220184245a', 'f99f513c87f23f01')"
323,multi_start_hill_climb,A,323,1024,budget_exhausted,3.0152008945850834,8b02bf7033052b45,1016,2,5.356,xgb_boot5_sklearn_gbm,0.9258589511754068,0.08860759493670886,3.024489795918367,0.0,4.88,"('04c9ab645e4895f1', '07b8319ae28eff53', '1494ac6af8f02bab', '17cc71bb9c4c2ac0', '1e93a8c81baa8957', '20482612c3bd9cc9', '239ab04fc7361ab8', '2627493f9b873883', '296c20f807adab0c', '29920bb360277f3c', '3382b87aab4d1bfa', '38c5436779723da6', '4b29bc585e03b1a5', '4dc30c0de5073cbe', '56bf2145f2a34702', '5e6be2e9788ec3b1', '6b33f5a6b13e15cd', '6f683f60d47fe714', '7729837071e99dda', '79586ba01779037e', '7a72e674d09dc467', '7e76c2e0fa17adc3', '7f16b09bb0a4498e', '823126b0442e6332', '8745c17de4d71c8e', '8b02bf7033052b45', '95066d4fbe729713', '953923b00962e9e9', '9a6423755945a0f2', '9fc98f7540831bf2', 'a5760cd469e98f29', 'ab06d6fbd13ac098', 'aeb970f8b8eea201', 'b12f83b4403c0085', 'bec79cc3f28efa54', 'c9803f5837b4767d', 'cb2adc736ca667f5', 'ce7481e2a80f4f7a', 'cebfed3cc0245e5e', 'cf2bb8d16e23c02f', 'd345036054aa80e7', 'd382da30eb66ffe6', 'd781a97a9e906303', 'd7e7dfa1c99f89d8', 'e5bd017528d59671', 'e9444af7b57dfecc', 'eb58ccb087b32558', 'ee920a0baf261456', 'f38e5c3585141450', 'fefab3e9304a3060')"
323,multi_start_beam,A,323,1024,budget_exhausted,6.255006697319984,395ec120ebecc02e,1016,2,5.135,xgb_boot5_sklearn_gbm,0.9846153846153847,0.03076923076923077,4.719183673469388,0.0,2.22,"('008af71ffe806ad0', '02ff8c1222388a61', '088e42849db71b27', '0bbd14fd61a7b41c', '0d7d0db512501252', '119081c2834ac45a', '183002e3a8bbd967', '1c3b009bf97a1d74', '1fc7e3123bdcb328', '24ace7c17f35b620', '2641356841b94a45', '2726d1c26ecadedf', '2b0cbaa516cf992b', '2d451be8d9bd7c08', '33fc209fc4026677', '353349c6e557b56a', '36e7a1eb009ecbc9', '395ec120ebecc02e', '3a4c077137e4c3ed', '4595efeff523ba96', '476a5ac2e0736aa9', '4b026b6d718cb86e', '4ed3bf59ad61533a', '5aa7b3636f37fcf2', '5fa8a8f6520c9d96', '63d57adf7960e848', '6c689203d73dfb58', '6ecabea930437cf4', '7011614fb1b4f06d', '71f5ff7e5300ed5b', '74349fa687fc6639', '7b98bed126927dd0', '7faab1199efc4a8c', '9433981f13844dfd', '94f0df62428a2440', '9598cb4a4701889e', '9b5df529b218627f', 'a91d5d48b51dda63', 'aff2eb111cec5a5e', 'b362f7705f79287a', 'c80683a09a99c9f4', 'c991388e50edf1c7', 'ca74c230e9cfb375', 'cf62eb87b6981b57', 'd21e2b85f4a98451', 'd27fdca85ec5030b', 'dd26b4091e604382', 'e19b0cb14fd16ab2', 'e8832f0399b069fd', 'f0925dbdf327d65a')"
324,matched_seed_random_walk,A,324,1024,budget_exhausted,9.92578406518059,7c1cea9eab1e9e93,1016,2,5.387,xgb_boot5_sklearn_gbm,1.0158730158730158,0.0,7.943673469387755,0.0,1.9,"('05f34a619c1885be', '0765953672693ee2', '0e62efdff0c375b4', '121d92a712343eff', '12b9c7ac3b7a6fa8', '19596aed20843cb1', '1e4655bb063d6502', '1eb514159aec039d', '1f9be1a7c0529926', '22c5926c1853f8fc', '255de63d834c3d1d', '25b20d5afa85b576', '2f487750e8b7b436', '3191dc0a4d06aae7', '35528e4249f69534', '3a93673bf1016acc', '3bf2d4130be0b95b', '450b1cb6a4b29860', '46474329d20601a5', '4a489d18f1250a3b', '5a0dce86dfcc7491', '687e726234fdab48', '6cd3bc314838db7d', '765103c8ed1395a8', '7b73066212327c32', '7bd15bc202cbe7b8', '7c1cea9eab1e9e93', '8b2b3e8d4e4cd49f', '97924de86ab0c69c', '97ec9d3e525fb0a7', '99429969214e9b7f', '9c2ff11be5bd47c5', 'adc4b4f68300947c', 'afac3bb767563b98', 'b2a0d9e4c6a4544d', 'b7ad2316c63047b6', 'bb50a65b8993e4d1', 'c19ba88a6acb9ea2', 'c308d432931dbbcf', 'cb6da7ae763a210b', 'cba2afd7e010ef82', 'ccbdc1b426cb5a5a', 'cee4a1bbe4c4f343', 'd40b42e6a81329a3', 'edf4dd1fd8bac36a', 'f16e6b8a55229b3d', 'f39c17d1ecb2e898', 'fab96d8531b1a479', 'fc73a1b4a1e4c1f9', 'fde784ff24e28d23')"
324,multi_start_hill_climb,A,324,1024,budget_exhausted,3.5502562730461937,90678fa849f008bb,1016,2,5.386,xgb_boot5_sklearn_gbm,0.9351598173515981,0.07945205479452055,5.197551020408163,0.0,4.44,"('02910edfc7f58b75', '0ed36e91c6c2b7cc', '1bada984fcc4daf5', '1d97e61a4876fe68', '1dfc20d079ec6811', '1f5e409400d226fe', '2948c2872c2773ad', '2b97faa0f852c78e', '2c788586d641e021', '2ff35a3b42c09b50', '30122ac2e62e7744', '326fc844266f5664', '3397c90f441f37dd', '37e45c73320ff3ed', '3a5b1ab3350496e4', '442caf542bfc419e', '4c60cfbf8869e89d', '4d3dc985e3c17b10', '4eefbadede02dc81', '5334fe309a1e82af', '5e6d6b0949c14aa7', '5fc4b63dd3a48d15', '6d6832bdd5c21048', '6f8f12aae27fe2f5', '75d1de5706f6115c', '78bdb80c3bbe2932', '7c68bc44eed32995', '7e5c5812e746cedb', '80de5904e68adf60', '90678fa849f008bb', '97ca07fb2b4f841c', '99ccff6e4b901c0a', '99d7d31c4c09be64', 'ac278041f42b343b', 'b4e2af81b969a2a5', 'bb80970db31f6c2c', 'bcd8aa03ae42586b', 'beda3061876370be', 'c31e785f7f79131b', 'c36636ad22980005', 'c7dfafad06377087', 'd0dc40126dd3f244', 'd1c07dd595df118d', 'd27813a883f92136', 'dce6e8c3ced22d26', 'e90216c4d8fdd0c0', 'f4ded000fe13ab59', 'fa9d07a5e503d553', 'fba0030234832882', 'fe2dc27a8f2ad0c9')"
324,multi_start_beam,A,324,1024,budget_exhausted,7.321612287403998,f16dfb62cad232be,1016,2,5.171,xgb_boot5_sklearn_gbm,0.9884169884169884,0.02702702702702703,6.929795918367347,0.0,2.12,"('130ef80dc376890e', '135b556015977207', '14bf11d7bc798dcb', '18cdc6c3a09d982a', '1d9b090294555367', '205db6c6dd72c138', '21fafc999c2b0fd3', '231a9e7758571fae', '2628c9c6c223449e', '2d6e64572c450c1e', '2eb335d9c35b9c69', '3191dc0a4d06aae7', '340f3a16b1d9ad86', '3764d822fdd9d15e', '463e1ecee201261d', '46e69dcc7c48b1e1', '473b8137d184530f', '56c377346340e169', '5dd69a6ab9dfc17e', '60efbf67e02cb059', '6b7843ecf4c13f3c', '71c241d9688911c2', '73ffada6570b61c5', '7629ddfde38e38dc', '77bdefa183453b3a', '7b9202939c3c1ef4', '8359855c53a51535', '898e5eb25ce20599', '8aa4976dd8778045', 'a417a1a35aff9447', 'a7e7f1c343f989b4', 'ac6097870c00ce71', 'ae99ad6a10f2f837', 'b671392fad8eb545', 'bd93939bd3985918', 'be404a139931dcfe', 'be9c290556f95b0d', 'c19ba88a6acb9ea2', 'd055809f9f7280ae', 'd1c44d0d5ff6db88', 'd1d081ed6d53cda1', 'd268ba1400b8723c', 'dc853f3db61b9076', 'df24d3b20c14ff8a', 'e2498864aa23d8a1', 'e2573438064f6e3b', 'f16dfb62cad232be', 'f4db9185192873c3', 'f758c985116d0c15', 'f7f0fcee6280aacd')"
325,matched_seed_random_walk,A,325,1024,budget_exhausted,7.514860393141087,cb82f91dfea4d5e2,1016,2,5.191,xgb_boot5_sklearn_gbm,1.0158730158730158,0.0,6.795918367346939,0.0,1.86,"('09d309c7c58feadd', '0c91cead0012060b', '145f7ded98e0b471', '244afae9053f1af0', '2ae48027c11bbd42', '33ce595d8b35109a', '3957020f250329f2', '44594476859864d0', '4c46eacadda8b395', '528e413d3059e3f6', '5657e6d6b8417214', '59be525527eb2d3e', '5db860509ad1adfd', '61801fba80b3799b', '639d16ebf501c4cc', '6edef461e3ea9c45', '74ff16a6a16a9faa', '805372ec7f15a1f3', '82020840acf67a09', '83a93cdcef927f8a', '8423d2b023f827e5', '86e4cb4d6b81941a', '88d0de6e0d26c088', '93fe8e77d73eae9b', '95024056e5a9839a', '985a549a3d8dd539', 'a00346e69d101ed2', 'a19060e6f29fd75f', 'a2bdeb2955ce5072', 'aedaf88083eb8964', 'af274d651701aa7f', 'b08de71066d218bd', 'b4034d5e6e082754', 'b7555f6b45275a77', 'b9d4100963542f4d', 'c29c866a95c5e632', 'cb82f91dfea4d5e2', 'cb98662b11248e4f', 'cc8f1b046a03cbf1', 'cd439a01ad1a71f2', 'da294d89c448571d', 'dd4f3881e02d2403', 'e65873e13ef98c1c', 'e88d33c75ff11b10', 'ea40a258299c5822', 'ee9f6925fd533c32', 'ef4cd7eacae0852b', 'f5808f6a5bbadeb8', 'fe79b3a3990d50b6', 'ff589c9425aa3b86')"
325,multi_start_hill_climb,A,325,1024,budget_exhausted,1.693494402922117,91c19e00cfbf1cfc,1016,2,5.547,xgb_boot5_sklearn_gbm,0.9300635785649409,0.08446866485013624,3.6808163265306124,0.0,4.06,"('039e8266c0a02ae4', '05995293769c5016', '05b5a641d32854f8', '08fff5cdced1e997', '11cf370ca71e9f94', '136871a90ea2ddc0', '15d5db0f4674f292', '182ad6be47ae50aa', '1942dbcf458711f1', '2984149a950d6052', '2be47c8ae7734686', '2cd6a43583facb0b', '2d87dd3f0e5b0bf8', '396450bcc0fa5f2b', '3b299890df1701d0', '3c4fae357c3d5001', '4d7a9be2bd064005', '581b420690b22e64', '60099cc66d074d86', '61406470e572f2dd', '6c6ba6119abeea3d', '74296af4e30cdfc3', '789db10b85cf2e84', '7a4c3b8e14f47247', '7c2d0260fd2db318', '7dffccd5b924277f', '7e62f8d3566f0925', '7e67a9b7a8728c68', '84f04cee872344d4', '89bd7ef0800c0342', '91c19e00cfbf1cfc', '926319ae0ffc3100', '92f0c00f3b86e3f4', '97ca4a80b41a390c', '997c6c9ae530d70b', '9bd60be204bd60e3', 'af0185a424929d71', 'bebe9ef0745c04e6', 'c2acbaf7239b69ed', 'd63f3ac836f30977', 'da6f091a41fa8b60', 'dee2ffe52de643d8', 'e0e53b51e05ede93', 'e5326557b1277486', 'e5ce3dc9729ebc42', 'e6fba5f39360b5c5', 'eb2dc6f1c27be9de', 'f7221b785f9f4ea1', 'f820d4582ab1922e', 'fa951930e46c6b4b')"
325,multi_start_beam,A,325,1024,stagnation,5.7102326645219765,ed7c1b367811c35d,1016,2,5.206,xgb_boot5_sklearn_gbm,0.9912875121006777,0.02420135527589545,6.90204081632653,0.0,2.0,"('0e0ea1214d610764', '1486fd69aa5d2210', '20d55b210b62c46a', '245fe1f906693051', '270d021ad0b8fabc', '2e8bf54351c40546', '30099d5958218fea', '3957020f250329f2', '3a4b7abb99297942', '3b0b630693c3fb5c', '3cb788cd7f2c5a0e', '45d5afc90571c6e7', '47d927ca95b310a1', '4b4b50d14a5e39de', '528e413d3059e3f6', '5a141f233cb957af', '5d290a123f8f4299', '64156b3f2557657b', '73b5173bdf26230d', '7a73432807d67ea0', '7c09d30eed817722', '8263176e42a0c86b', '82c3a82ba0243cac', '83ac3f13c5ee8657', '88d0de6e0d26c088', '8b68a88239117413', '8ea6e2a915ce46a4', '98936075bec0d333', 'a70c0bfb6ea72f5c', 'a8e5508e41ecbfd1', 'ab013fc7f1281e36', 'bb76e9fa140c2c1c', 'cae728f643d657f1', 'cb82f91dfea4d5e2', 'd7b821124d366994', 'e7420486feaed0fd', 'ec801f49a74139e3', 'ed05d759ddb207e8', 'ed7c1b367811c35d', 'f05f3a5be2968b6d', 'f0bd1c4190793b4f', 'f1f87084731e0226', 'f44f80cee90b8f6d', 'f65f44397dc5cdb0', 'f80ef41bffb16600', 'f8b16b2f42c62da4', 'f8cb7c20747b6665', 'fd5d8f9a27806ff5', 'fe447c29bced4b4d', 'fe79b3a3990d50b6')"
326,matched_seed_random_walk,A,326,1024,budget_exhausted,8.778972468207522,0287c000161f5223,1016,2,5.286,xgb_boot5_sklearn_gbm,1.0158730158730158,0.0,7.604081632653061,0.0,2.26,"('0287c000161f5223', '0db9b360f01ce036', '0f9057f647228092', '129870c5503da7b9', '1a56435be5c9b2d0', '1b809682a063f3ff', '1df2b655163b4cfa', '2abf0dddd9dd613d', '3495e023e326632e', '3b416312272e4cbd', '4300e9e3ecf6d71d', '441b6797e084761b', '50fb9dac2cdf1768', '5c916eafe7f13df7', '6195867774397a68', '639dcb09d5f21d2e', '67e09e2c6e0b240b', '6c0fb5c18bc5430d', '730ab21a59821de4', '737d7d4da6402bd5', '773bf69c9d8d007b', '796753022dfeaa6e', '82705eed80ddd2ab', '84aa836abdb3b8aa', '871a828029cbe4a3', '88f81b947e466199', '8cb49658c12b2174', '9589c2efd1a12f2e', '9765c13a8cad7107', '9ad078b0990f4448', '9b742bb6e0fa9113', '9c1acc47453bc4af', 'a0f42977c80b34fc', 'a117ab522938c7ff', 'a21a21998dcd2db1', 'a469cf034493dd29', 'a8163e9763322ded', 'ab3e6c35759de053', 'bb75084211ae15aa', 'bcb7e5b349049353', 'bccd3502ea06aa79', 'c4ba8d3e0fcf2103', 'c9a12cfd08f3b1a6', 'ca3a53f22d32d507', 'e37296a4241a3363', 'e38dd2d6b930376c', 'edd00f3266c61150', 'f4e7b3516e331ea6', 'f6e93a648a8e0309', 'f82afa6549969a46')"
326,multi_start_hill_climb,A,326,1024,budget_exhausted,1.1853190264321471,b94d6c64972d4c4b,1016,2,5.314,xgb_boot5_sklearn_gbm,0.9200359389038635,0.09433962264150944,2.9648979591836735,0.0,4.66,"('02c8d958d4feb6d3', '0517fb381183f4aa', '0560130b9ca752f3', '07e072ff1c0e4044', '07f01e38856f84f9', '10e6db7e4d4d5fbd', '16f6cee5255a0e13', '19cad826ced9eeb6', '1a62c68d6006bee7', '1fc0a1da6a6ba0ce', '20fe6bb6723e2653', '22735e98fcd0b283', '28f043ed9e9effd5', '2e27d2901fa197ef', '2f2f0ea718804b77', '3b46f3a423cfaaad', '3caea1abaf0749cd', '47446fa442b78834', '4d66c0c3c6dcc069', '4ddf181e653c0f54', '5058fb06099bcfd7', '632f97230550c19e', '67086782339d0898', '687ecbf066bf6307', '740a369aff2f02c3', '7a9176fd076fee32', '7aee5e9929c0ca8c', '7c88a3b3fcccab09', '8fa1c00495de01ec', '91627a821e1a08f4', '9390541738e519f2', '949df48127a75f14', '949f88a5cbae9895', '9cfdeb4514f4581b', '9ff3e28efa5d824f', 'a6bc9ec1c5bb30db', 'a8968c8c298accad', 'b94d6c64972d4c4b', 'bca3237c3f188080', 'ccc0ade23f4691d6', 'd1ddd248a644430d', 'd3aa15f4e9cedfc7', 'd8d54020e08d2e89', 'df535f71060d073a', 'e594a6c7980860e3', 'e692e5ec3ff3df9d', 'e7d796ce423f567c', 'ebc7aa366b5e03e1', 'f64b5315763e024c', 'fe8ef85b1e08f040')"
326,multi_start_beam,A,326,1024,stagnation,5.182734506814737,70f07bd31aaf0932,1016,2,5.095,xgb_boot5_sklearn_gbm,0.9922480620155039,0.023255813953488372,6.604897959183673,0.0,2.26,"('05de2daebd38e0f5', '0db9b360f01ce036', '0ee059eae4155749', '12b7b96dd9c98e25', '1b809682a063f3ff', '2010906c440f08bb', '244471caa59e5c01', '27f9327738823656', '325d5c092a92b711', '3485528268b1f8da', '3b7bacfd9ec553fa', '3ba5f5cc299e67ca', '422f191dc910cc73', '474cdb933740abcf', '4b108e1fe8f086c9', '4e8d0cbb811e2aa4', '57e8404de035c38c', '5a0a586caa067d36', '5daba13e0666487e', '62176bb5a5bac784', '63dd57b019ce883b', '69d1f54ab7a9aeb2', '6c3f6ae8346641df', '6c5e9061cff4164c', '70f07bd31aaf0932', '76465e1161b50ee1', '77e41118fed6e75d', '79e704bc2453f3f9', '7aa44741be97313d', '7baa10988e3bf928', '7ebe534554876154', '8822f35f3cb2bb0a', '89d83bc73d6fe366', '9a8184201cc764b3', '9bfb73b5656ed3ee', 'a176f52a1d39ba8a', 'a80d7abdaf362bc2', 'b565949094752a10', 'c08e458c8a405cbd', 'c1a95d017dc6733b', 'c9d9b1043c2295a3', 'cb2d7f64e79c67c9', 'cdd2f716f9461553', 'd226ea78626af1e0', 'd57c14369f2ca0b7', 'd7f66ff733139395', 'f1752846e275f9d0', 'f8c3af0912352645', 'fa3a8144b06703db', 'ff63fb8e710e6d3d')"
327,matched_seed_random_walk,A,327,1024,budget_exhausted,8.39262279680344,b5ae1acb94bfe8bc,1016,2,5.213,xgb_boot5_sklearn_gbm,1.0158730158730158,0.0,6.576326530612245,0.0,1.78,"('00b8d395dd9ca6bf', '0666a1b5aef202ca', '07487b1fb3fb2f83', '14bbbf7d43297a1c', '193135672db1b248', '19b208c555eb35bc', '1deaf94ec0228ef0', '28aa10d742081c3f', '29812a6bf0317b11', '2a7e57d10492f9ea', '2eb775647e4c72c2', '34927326336bb3a0', '481c682dd19e1205', '5c71da354bf3bed4', '5c829cd7212d0349', '625d8de67cef49bb', '63a88f65e90d7cbc', '63ebe76cfbd42efc', '656be541257af78e', '6b75714acff417f1', '6c281c0c29b8390a', '6f2ebe6e5ce03e8d', '7053a752b396fa8d', '714d1e7d374c5005', '77084ce652ff8b38', '7df91925c07b67ec', '7e57aa8a7a9cbbfe', '7fc4f40326a956c3', '811d583df7b042b1', '82705eed80ddd2ab', '89b4167ec8f36b13', '8ac4a58f6b572ddb', '8dd1a9b04c10702d', '8e6b0d9a0a9f1983', '9e53e5d1b5e80e5d', 'a2287407431fa40f', 'a63adcf59c6dbb03', 'ab74988f382649d8', 'ac415b2e5b241253', 'b4b67ec803bde9ea', 'b5ae1acb94bfe8bc', 'bb3c6c5428707113', 'be96f6d0e7bc419e', 'cb6681db44a13bb9', 'cf6eef2a14e40e8d', 'd42f565e943bb978', 'e050bb2af48a895b', 'e140afe535d479a8', 'ec635a6e02074c54', 'f20468a6f0fcb9d7')"
327,multi_start_hill_climb,A,327,1024,budget_exhausted,5.740730243240403,8c7cd46278c5b835,1016,2,5.271,xgb_boot5_sklearn_gbm,0.9300635785649409,0.08446866485013624,4.18530612244898,0.0,3.56,"('17fc3032679ae496', '18c75bacc8ad56ab', '2032b45fbe9caf88', '25654323607af27f', '2e24b8f0ede3d57f', '33a63e2a5dcf19c6', '40c06e894b9e516f', '49e3970f22f129bb', '4a224c040d63b07c', '4b8c8093605d2726', '4cc1f10050b7007b', '508f74519332f70a', '55aae6777e1f8d81', '5efba30de38e9932', '6ad1be1d75b790ad', '6b62d1faa829f583', '7751e3f72e7dcd34', '80416ed3bba67895', '86fed5ccda1c4e3d', '87bbcdaca5653a94', '8966b6e7086e7567', '8c7cd46278c5b835', '8fa72aca427249d8', '9d2f0fc1a8b254d0', '9d9200d9b6397ac5', '9e69b90379540aa1', '9fc02faf57278a6d', 'a117c4289dcc074d', 'a11d6d47994a5efe', 'a4fd2070bfdc065c', 'a69e478cd141b549', 'a83d358504ead685', 'abe01eafb28772b8', 'ac5458901f1b1f22', 'b13f50077aed9867', 'b1796aa9a50a0c40', 'b405af6a5574fcc6', 'b4e554eccc7e5bac', 'b846bb8305897cd0', 'c5d79b08da101689', 'c6e44cd29c13a7c2', 'd7cdab54bc083514', 'dbe490a85e01adee', 'e149190a1f8178b3', 'ea9b527d348e9937', 'ecb8fd3f329c0155', 'ece2abc8ee7fb3df', 'facd26e56f76ce3b', 'fcde7be025843d10', 'fe3f9bf6de9c8188')"
327,multi_start_beam,A,327,1024,stagnation,7.710877608449456,4cc1f10050b7007b,1016,2,5.096,xgb_boot5_sklearn_gbm,0.9922480620155039,0.023255813953488372,5.223673469387755,0.0,1.76,"('0387dd168262634c', '042e9ea4178292f1', '05e2067b2941efa2', '0a3e0e295fd968dd', '0fac26e62df08d4d', '195a7f2036a8c41b', '1d85f4f6ca0f42f0', '27c78523e4af682f', '2eb775647e4c72c2', '3178f6a5d677aade', '35473cafbfad8b62', '35f610d2d9140b2c', '37e5bdebb8bf9656', '3990dcb796e0e3c3', '45552320aecba812', '478e13482d28d58a', '4cc1f10050b7007b', '561d4046cf008535', '5f06514516eea94e', '62caa42d2c0093f1', '64120b15e4937b23', '6815ef14e22a2b47', '7c1a74b8b0d3b3fb', '818c29cce0663b05', '82705eed80ddd2ab', '898a5226b831f817', '8dd1a9b04c10702d', '9330b739a8d05f70', '9a307224a6d08493', '9b742bb6e0fa9113', 'a5e74fe70b730904', 'aa71f436b82c2a2b', 'abd5cf3524384c88', 'b9d48cafea94d758', 'bcf136d010b05234', 'bdafe77a5b8ac589', 'c6e865be455ba897', 'cbd76163c89e7524', 'ce4d572a252658f6', 'd3dcd63e04b4ff3e', 'd4f367e5897c94e5', 'd786b1dae848e79e', 'da4bc5d76b54d6ea', 'dc4b1c9e86b037fb', 'dc88f047119e52e8', 'dd1dd4f1605f2cfc', 'e25f5ca6afe682e0', 'e6733e8e50a8ccdb', 'eb204768d3cbba5e', 'fe2f841cd2fb39bc')"
328,matched_seed_random_walk,A,328,1024,budget_exhausted,12.02512433553552,dde0067bb0f1b389,1016,2,5.24,xgb_boot5_sklearn_gbm,1.0158730158730158,0.0,7.702040816326531,0.0,2.16,"('0274af7f06a4d8b0', '09b8d912c80594db', '0a8d6a0dd6edab4c', '0b5197527c89ca8b', '0fd662b63bf34a99', '1089ac8874d6d7ea', '168f0fa82a4e42c8', '21174a62d034eaa0', '26f71566c72b27dd', '29a6ff9299cec4d6', '29bac0706f2045ed', '2a4cc852c640a40f', '31542a1f8f688490', '3528887a7452a9fe', '399f10461f360448', '441b6797e084761b', '442be8b6ff0cfd26', '46474329d20601a5', '485a6be68172146c', '4d45cb3e52f3e1b4', '6b9348aa1b7580f0', '73c65a63517f315b', '76089fa42f6f72a2', '7cee5c9d844bc8ea', '7fa697882fa4f3cd', '82946fa2625c4d56', '84b9df79b74550e0', '91f03d1598dff935', '932ff29e1d516f40', '9eb3ab7ba85ff8e1', 'a68752227390b206', 'a8e5151d5456e7c6', 'adb51ace7e86fe4a', 'aebf7d011dae8ab2', 'b596eb1fd2e8f2a0', 'b77004e1c6f12ea8', 'bcf325169e41f90f', 'bd93939bd3985918', 'c19ba88a6acb9ea2', 'c37c90ec41e040e0', 'c77d3e564099af82', 'cd6af2ea416d7574', 'd1d081ed6d53cda1', 'd60a0b062701a2cb', 'd8bf53e106593e8c', 'd8ce6e2e535d3ff9', 'dde0067bb0f1b389', 'e1de8eb8f83e978d', 'ee8570200bd10d52', 'f60996a62b682755')"
328,multi_start_hill_climb,A,328,1024,budget_exhausted,6.716692637308531,8e0d84d2377820c5,1016,2,5.339,xgb_boot5_sklearn_gbm,0.9351598173515981,0.07945205479452055,5.680816326530612,0.0,4.84,"('008e15855ad10882', '0625ad8de45b600e', '0c23c046056c3916', '107b0c5b2aff037a', '14383f1bf59ece30', '14de6b27f7dc2d24', '1581421de4f35e9b', '26680e5657316a79', '3c01781e00c4eccc', '3c8700f604711797', '3ccdbcd821628ddd', '49ae8de37ef3ddda', '4e1f0e71abfce0d4', '4f19948a19e38f18', '5331b30b0fe2599f', '5972fb520a237301', '5ac19196cd7e3d22', '5b2164e6fceffbd4', '5f28778e83ad6fd2', '5fc33f30cb18fa4a', '6a4a6f8dd305fc30', '6c8ce2bf0ed91774', '72ddff915c84b9d4', '85b8798ee4288417', '8e0d84d2377820c5', '8f73ba0c42e351fb', '97bcb6d10e51a40f', '9865b317ac309a4d', '98c1ba092f45f384', '9a7d18458c13ed11', '9f8f7aa523b9f269', 'a115bf1451734abe', 'aeb011193182f042', 'b3ca91ad53d7f185', 'b7c5d436188b8691', 'c4d09b5f1345fefa', 'c775f0f956c03452', 'cd5598b520e20779', 'ce4196ed5d30c386', 'd408ace35f98a775', 'd6a01e6d03f87001', 'dc2bb86f18038375', 'e52cdc4f2de39dff', 'e564c8bbabac5dac', 'e5a4e10586251c94', 'e6cb5cb02862db17', 'f0103a2f12dfa409', 'f2824f949cf6bef3', 'fc866e1b42ce1c82', 'feb00d86932959fd')"
328,multi_start_beam,A,328,1024,budget_exhausted,10.524423161985657,7462d3d8c45c46d4,1016,2,5.181,xgb_boot5_sklearn_gbm,0.9817833173537871,0.03355704697986577,7.221224489795919,0.0,2.48,"('09f11d05589a4a1b', '0f14ba92d65cb614', '11dd0de26cd85e0c', '123bd4228f2467a3', '16e3eff22b3be3bd', '2106c364fe025e8b', '25a5217a0a711274', '2bb765a846e54992', '3191dc0a4d06aae7', '365f90480fb891b8', '3bb880e1190ad968', '3f312b07b8293736', '463e1ecee201261d', '497db0d9f963a154', '582f62afa5dccc01', '5956f6b339140f41', '5b92ae1a56c6af00', '5d6a69a798d18f75', '6105b1ac60c5f0f7', '62b0f075aa9a060a', '6463951bbe9422e5', '6a6498b5e1afb0f5', '7462d3d8c45c46d4', '77fe9548a240ba2c', '83b3524347dff03b', '947f30c5d5e5ac8b', '968a317be1da9961', '969f0592cad58587', '972c73331c49a429', 'a0f87526ad4b0b24', 'a8d95b06dadfc9f9', 'a8e3aaae26a5eda3', 'aa720fe22ef44e2f', 'abd67a39dc50420b', 'ba79cba7a71676e1', 'c0b349593db086c7', 'c19ba88a6acb9ea2', 'cdb23db2633b41f2', 'ce4f6fbafd2194bc', 'cf19dc24b68ee2c7', 'd1ee5884945410fa', 'd6721b836e87bd60', 'd8e3b1072ef6429c', 'ef012338a5271866', 'efcc32e3b978fa7f', 'f60996a62b682755', 'f684d81aeebb690a', 'f9d0c9fc4d58c36b', 'fad2e4b5aed72aef', 'ff7111b6f815debf')"
329,matched_seed_random_walk,A,329,1024,budget_exhausted,9.666297234433868,5acf54c38865b266,1016,2,5.237,xgb_boot5_sklearn_gbm,1.0158730158730158,0.0,6.413877551020408,0.0,1.88,"('0124a924e551088e', '0259371d65288182', '05053e042b9aa9f2', '067016a87c9c0832', '067a01c187318d39', '0fc16a98c62a3051', '183002e3a8bbd967', '1c41b456c7e027ab', '1d9fd15973d25d0a', '236c4fdadbe6ec94', '238b13c426c3281f', '28b87e24557e8efd', '296efc52b19180fa', '29db1d27f4ace9a2', '2a77ddfc5e46a36d', '3246e3cc9857de60', '3b1ffed7b2c17730', '450e87aa055c1bf7', '47d8c2d62b69716f', '49bab9371467d40a', '49d4d2a95d776d67', '4a95d8e327d4db96', '505f9923be6efe28', '55bbe450d4eefafa', '5a58a09148af54d9', '5acf54c38865b266', '5fcb12db4f1ff17f', '60a35b156d5be74e', '611d374122c4f5a1', '64596da4d6607e13', '66f86f0c0793eab4', '7150b43399fc4865', '751ca2b0aa1c18d0', '85b1ef2c78ab4cea', '8a45ef2d08ca2802', '8c9bea1d88e3372a', '92ad939c29e45195', '986ce74729a9f249', 'b5341e40a8be6cd0', 'bcde325dff2468e7', 'c22c661fd641eeed', 'c5d49fc67b26fe4e', 'cf1556189a2439bf', 'd598377448fafbee', 'd60e0d048c059ea6', 'd847da74bbcb2406', 'e8f16edd5e09b994', 'e91bd00da988bd6c', 'efa640b6cb23496e', 'fc0ff1dfbfbfc5bf')"
329,multi_start_hill_climb,A,329,1024,budget_exhausted,8.440540581510572,deb284a8a336bfa2,1016,2,5.253,xgb_boot5_sklearn_gbm,0.9420423183072677,0.07267709291628335,4.88,0.0,3.64,"('0479a228c4d75e39', '07eb75d0b02e405e', '18c50afe64410ed9', '1a224d379a773d46', '20e29981978b4f16', '210479ed2b0781fa', '2ba32ace37836012', '33277b16eedc202a', '34ac7d9c177ef81b', '34fa871c5aba516e', '39101d3d8ff1f57e', '45b96695a5842582', '47b03b3aba60913a', '4a95d8e327d4db96', '4ab3dc0c1a24cc8e', '4c8cbc2d3e90656b', '4ea705cfa3ec15d5', '524ca1cb24c12277', '563d45ee7a6c3ce7', '5acf54c38865b266', '5c85ec574c715888', '6052ed1a70e8ff8f', '6171b2b91a7d20b5', '6247c336f1bf9359', '68562ae5699ba748', '692d572c4a7fc20a', '6d9d6932509df955', '6e098ac93da6d78b', '78fa57bec02d69d4', '82d5b020c83972d5', '90d66048370a65c2', 'a3f003d2f009b408', 'ab2debfbee572a65', 'af8bd4e82c8577b9', 'bf9cd7b78660308f', 'c3523b93a3e3d027', 'c52eed23e82e4e46', 'c60025a17334b289', 'c6da2374d9331ac9', 'd17adba30cf05e88', 'd1a34feb15c0121e', 'da0f6e8bf0b69de4', 'deb284a8a336bfa2', 'e38955f9048d2151', 'e45ac2ecde23a4c3', 'e95eeff8643b7b07', 'f82312320c594428', 'fa331b94aa84114e', 'ff161e594f3b0ab3', 'ffc6fe8e893cd5c0')"
329,multi_start_beam,A,329,1024,stagnation,9.296038150346641,090af29c547406e6,1016,2,5.101,xgb_boot5_sklearn_gbm,0.9780324737344794,0.03724928366762178,4.978775510204081,0.0,2.22,"('0374ae3089fa7a5f', '0748d39c6f9b2cf2', '090af29c547406e6', '0df0408240a133c6', '0f717e9f5c6b955f', '15d1a0ec8b5ab49b', '1a73090a90ce9bda', '238b13c426c3281f', '2d22da1d89a7d531', '3246e3cc9857de60', '39101d3d8ff1f57e', '43098a180a0ee169', '49311a6a0793572c', '4a4af1474a1d5065', '4a95d8e327d4db96', '4d9cb713069ebe32', '4e2d7b6218b29637', '5253c7cc22839a6f', '5f8f44a62af8a34c', '611d374122c4f5a1', '64a09712bd8383f2', '6588c7d648688883', '6a8ed363238867c4', '6df8c41d52bcc6a6', '6f946d592767a4b1', '7d1d02333178bb90', '807f5a480763984d', '829effa3b210cfbe', '87a7488b7247342d', '9bf6d2bcfdb8fb9f', '9eca911d450d7d6d', 'a39e4b15b24e85bb', 'ab2debfbee572a65', 'bbd7a706dae3904f', 'c2e720cf746cc9f8', 'c3505ee490062361', 'c54dcda3989c57cc', 'cb2c83c687c64edc', 'cc825e398a583ad0', 'd3da4f50c23ff7c5', 'daccbafe417d9208', 'ea4b073b48973a5e', 'ebefb5fea9bde4cf', 'eec2f03f550f9a80', 'f0845329a2130f5f', 'f09f325f7bd12e1e', 'f66972f5411c4b63', 'fcfb82e1aa6c01fd', 'fe416cd66f1a55d0', 'ff167e36ce3794ff')"
330,matched_seed_random_walk,A,330,1024,budget_exhausted,8.26466255281107,dc670a52ef83518b,1016,2,5.222,xgb_boot5_sklearn_gbm,1.0158730158730158,0.0,5.866938775510204,0.0,1.62,"('001b99f6fb35836c', '0066e4f15e4f01e0', '0470a1b72f2c6202', '0c5b3e653e4e11c3', '1046b8a36e7761fd', '123fd252e27e9964', '1b59723777a3b8b4', '1bfe6731bb4b9226', '20d7e90d9a5a864d', '25542b95efcb3328', '2ebd9b5581647932', '33d42f1a53b7bfab', '36d53a244f2a62b6', '3e3356d9dccbb3aa', '491f995c8ced7a54', '50ca8b766fe1780b', '5c3b6628332a75bc', '5f48eaf592704fb4', '658acc30c4ff49e4', '79515aabe11e1f56', '7d9d1528439210c4', '8bdc8bc5ffca81fc', '8c1257b90ec52cea', '8cd23d9676c6d28a', '8d8f5fd97df19a42', '91bc0028ba4eaa5e', '93c701caf28ade7b', 'a2d9aeaf568c07ae', 'a44f177a89099f27', 'a4d8e921d2b84820', 'a8c03891b5b43f90', 'b09498fa4d5ba8f7', 'bf1ba5e989fa3a2c', 'bfe6c0f57e6c5b60', 'c2e3ac0b1be0b880', 'c48bccc44c3cb187', 'cb857680be44ced4', 'cc9dbce15faf452d', 'cd539f6239c4076e', 'ce2b4f93e4b10519', 'd08fdc649ccbb868', 'db975968d08b8a71', 'dc2a636f14f290cb', 'dc670a52ef83518b', 'e1a84ab5d8764b66', 'e4511f3f79e276ed', 'e9d5280bdb1c4450', 'eb6ed12b454374c6', 'edf88f97fdb6b31c', 'f6b4cc7830396397')"
330,multi_start_hill_climb,A,330,1024,budget_exhausted,6.905815225816447,93799d0f7bea10c0,1016,2,5.277,xgb_boot5_sklearn_gbm,0.9300635785649409,0.08446866485013624,3.27265306122449,0.0,5.12,"('01b5ffd1d22e3521', '0a7a612c832ec065', '0ad0790c3b911b49', '14c85b7b90821ef8', '168a2210df937f44', '185e082f5f73b0be', '1ad4f8a67d7a347d', '1ad77e222d29e59b', '1ff772ac05f7e893', '27c8185734d8ea87', '375d53ad9df1318d', '3843b85f12ee628f', '472f5aca6e24ac4d', '4bed8fc22c8465ad', '4c2ec95b9143391e', '52851850702317cf', '5599028fcdd5b971', '5a88d793e289d75a', '6970ed848d8df604', '6c8d28b864a584ff', '6e12b4084a3eaf31', '72be99091ee14346', '76c354ae7dcaf323', '7cfc568c94a88a55', '7fd52a1045e7ce8d', '803c79b56077f04a', '863d669b7d347bc2', '882fcee5a45d7905', '88b055cf9bf7fa6e', '8dda20c5a7376919', '8e27a0f53cfeadac', '9133862b82dfe2fd', '93799d0f7bea10c0', '98a241426f687e62', '997ecfbf5934b179', '9ff8a201ae77166e', 'a23d5ee236534efa', 'ad8df7f53cf4076c', 'ae261999119aed5c', 'b423058fbf12aedf', 'bf4250964c1f6c94', 'c56b6c7953788038', 'c6a42cd02a57d4b5', 'dd5602907c11d088', 'e4ed9881b8db1a43', 'e6c41c1e5bb2f1c3', 'e7713333af19f0f9', 'f58645497ee05e48', 'fa65a6d3c2b528a7', 'fdf3f58c9f6552f4')"
330,multi_start_beam,A,330,1024,stagnation,7.496834470807817,9911963810490dc4,1016,2,5.141,xgb_boot5_sklearn_gbm,0.9884169884169884,0.02702702702702703,5.932244897959183,0.0,2.0,"('0470a1b72f2c6202', '0e325029fe866b7b', '1e6b074252091f89', '20d7e90d9a5a864d', '21b312c15d241398', '2f7b20dd671ee7d6', '31748c3dd19f4deb', '33d42f1a53b7bfab', '3c1bb3e2be26ffb8', '3e3356d9dccbb3aa', '3ef9084c0aa710d7', '42cb132421eb3176', '473d3c9432a2d439', '49abb55abc2f8b6d', '4aa99df56fb731be', '4d79de1644e8150c', '50ca8b766fe1780b', '59b66190a0151856', '5b7e920854a46491', '5c22fa4f82cdffce', '5dc64222a1a838cf', '71910669365b9099', '79f1f546a52f4334', '7d9d1528439210c4', '8a0e3b53d3e66e5d', '8cd23d9676c6d28a', '8e9f7596e9b836c8', '9574ce66ff1031b9', '9911963810490dc4', 'a1ba574a5ec5c636', 'a699b37f8c2fd6cb', 'ad8d35bcd785f401', 'b040ba8a3547ff92', 'b6dd9030199db8d4', 'b9c1a20b39f92219', 'ba1ce35ad6280135', 'bdc668e8fe736dea', 'c7ff16c37d3e50c2', 'cb92ba7ad22ecc7d', 'cbe3ec62379a6906', 'cd179af23e2ea7c2', 'cf5c9eb999586344', 'd0b4692ed001d7cc', 'db975968d08b8a71', 'dc670a52ef83518b', 'e0aefd286bef33bd', 'ef8effb57200d033', 'f4755af6890a765e', 'f54f94db8528f6b2', 'f6b4cc7830396397')"
